index,count,mean,std,min,25%,50%,75%,max,spearman_vs_frailty
deai_knowledge_weighted,5000.0,1.9895196601282805e-17,1.0,-3.8105864676001135,-0.6408516213764045,0.022716712663768786,0.6713845966950104,3.5272410254011115,0.34257391777427987
deai_pca,5000.0,1.6342482922482304e-17,1.0,-3.938405455614615,-0.6827760549736064,0.03334596803148469,0.7113573015580347,2.7467318661940956,0.4062651096338736
deai_elastic_net,5000.0,3.382183422218077e-16,1.0,-3.777418397772592,-0.6781514213545481,0.025987543287211222,0.7010168435274146,2.65849770425412,0.44893050292028663
deai_xgboost,5000.0,1.28555299738764e-07,0.9999999403953552,-2.311858892440796,-0.7324121445417404,-0.13521108031272888,0.6063772439956665,3.90751576423645,0.6841347765110377
deai_age_acceleration,5000.0,-2.55084842137876e-16,0.972066573673958,-2.2443062065659687,-0.7016749554469732,-0.11135599609478708,0.6011289259924085,3.747378620319896,0.5352987755416613
