index,deai_knowledge_weighted,deai_pca,deai_elastic_net,deai_xgboost
deai_knowledge_weighted,1.0,0.7542259050490362,0.7420410772016431,0.6492347075053883
deai_pca,0.7542259050490362,1.0,0.8996000859680034,0.7802779050351162
deai_elastic_net,0.7420410772016431,0.8996000859680034,1.0,0.8606085540083421
deai_xgboost,0.6492347075053883,0.7802779050351162,0.8606085540083421,1.0
