subgroup,level,n,auc
Sex,Female,2646,0.9252603962789349
Sex,Male,2354,0.9184236164111103
Age,40–54,1478,0.862821160028695
Age,55–69,1496,0.8684069611780454
Age,70+,2026,0.8849520988983869
SES,Low SES (Q1-2),2565,0.921860169475957
SES,High SES (Q4-5),1378,0.9269274894055397
