pmid,pmcid,doi,title,authors,year,journal,abstract,source,url,dedupe_key,screen_decision,reason,fulltext_priority,priority_reason
39024000,PMC11294767,10.2196/59468,Assessing the Clinical Effectiveness of an Exergame-Based Exercise Training Program Using Ring Fit Adventure to Prevent and Postpone Frailty and Sarcopenia Among Older Adults in Rural Long-Term Care Facilities: Randomized Controlled Trial.,Tuan SH; Chang LH; Sun SF; Li CH; Chen GB; Tsai YJ,2024,Journal of medical Internet research,"Frailty and sarcopenia are geriatric syndromes of increasing concern and are associated with adverse health outcomes. They are more prevalent among long-term care facility (LTCF) users than among community dwellers. Exercise, especially multicomponent and progressive resistance training, is essential for managing these conditions. However, LTCFs, particularly in rural areas, face challenges in implementing structured exercise programs due to health care professional shortages. Moreover, older adults often become bored with repetitive exercise training and may lose interest over time. The Nintendo Switch Ring Fit Adventure (RFA) exergame is a novel exergame that combines resistance, aerobic, and balance exercises and offers a potential solution by boosting motivation in an immersive manner and reducing staff intervention needs. We aimed to evaluate the clinical effectiveness of an exergame-based exercise training program delivered via RFA (exergame-RFA) in improving muscle mass and functional performance among older adult LTCF users. This was a randomized controlled trial conducted from August 2022 to September 2023 and involved older adult LTCF users (aged ≥60 y) in rural southern Taiwan. Participants were randomized into an intervention group (exergame-RFA plus standard care) or a control group (standard care alone). The intervention, conducted seated with arm fit skills and trunk control exercises using the RFA, lasted 30 minutes twice weekly over 12 weeks. The primary outcomes measured were the Study of Osteoporotic Fractures index (serving as an indicator of frailty status) and the diagnostic criteria for sarcopenia (appendicular skeletal muscle mass index, handgrip strength, and gait speed). The secondary outcomes included functional performance (box and block test as well as maximum voluntary isometric contraction of the dominant upper extremity), muscle condition (muscle thickness measured using ultrasonography), activities of daily living (Kihon checklist), health-related quality of life (Short Form Health Survey-36), and cognitive function (brain health test). We used an intention-to-treat analysis, incorporating a simple imputation technique in statistical analysis. A mixed ANOVA, with time as a within-participant factor and intervention as a between-participant factor, was used to compare the training effects on outcomes. We recruited 96 individuals, of whom 60 (62%) underwent randomization. Of these 60 participants, 55 (92%) completed the study. Significant group×time interactions were observed in the intervention group in all primary outcomes (all P<.001, except P=.01 for handgrip strength) and most secondary outcomes, including maximum voluntary isometric contraction of the biceps (P=.004) and triceps brachii (P<.001) muscles, biceps muscle thickness measured using ultrasonography (P<.001), box and block test (P<.001), Kihon checklist (physical function: P=.01, mood status: P=.003, and total: P=.003), and brain health test (P<.001). The exergame-RFA intervention significantly improved muscle mass, strength, and functional performance among older adult users of rural LTCFs, offering a novel approach to addressing frailty and sarcopenia. ClinicalTrials.gov NCT05360667; https://clinicaltrials.gov/study/NCT05360667. RR2-10.3389/fmed.2022.1071409.",PubMed,https://pubmed.ncbi.nlm.nih.gov/39024000/,doi:10.2196/59468,include_title_abs,Potential eligible RCT at title/abstract stage,B_secondary_fulltext,"Frailty RCT candidate, setting or delivery less directly Indian-primary-care relevant"
34197791,,10.1016/j.jamda.2021.05.037,Impact of Tailored Multicomponent Exercise for Preventing Weakness and Falls on Nursing Home Residents' Functional Capacity.,Courel-Ibáñez J; Buendía-Romero Á; Pallarés JG; García-Conesa S; Martínez-Cava A; Izquierdo M,2022,Journal of the American Medical Directors Association,"We aimed to determine whether the benefits of long (24 weeks) and short (4 weeks) training programs persisted after short (6 weeks) and long (14 weeks) periods of inactivity in older adult nursing home residents with sarcopenia. Multicenter randomized trial. The Vivifrail tailored, multicomponent exercise program (http://vivifrail.com) was conducted to individually prescribe exercise for frail older adults, depending on their functional capacity. The training included 4 levels combining strength and power, balance, flexibility, and cardiovascular endurance exercises. Twenty-four institutionalized older adults (87.1 ± 7.1 years, 58.3% women) diagnosed with sarcopenia were allocated into 2 groups: the Long Training-Short Detraining (LT-SD) group completed 24 weeks of supervised Vivifrail training followed by 6 weeks of detraining; the Short Training-Long Detraining (ST-LD) group completed 4 weeks of training and 14 weeks of detraining. Changes in functional capacity and strength were evaluated at baseline, and after short and long training and detraining periods. Benefits after short and long exercise interventions persisted when compared with baseline. Vivifrail training was highly effective in the short term (4 weeks) in increasing functional and strength performance (effect size = 0.32-1.44, P < .044) with the exception of handgrip strength. Continued training during 24 weeks produced 10% to 20% additional improvements (P < .036). Frailty status was reversed in 36% of participants, with 59% achieving high self-autonomy. Detraining resulted in a 10% to 25% loss of strength and functional capacity even after 24 weeks of training (effects size = 0.24-0.92, P < .039). Intermittent strategies such as 4 weeks of supervised exercise 3 times yearly with no more than 14 weeks of inactivity between exercise periods appears as an efficient solution to the global challenge of maintaining functional capacity and can even reverse frailty in vulnerable institutionalized older adults.",PubMed,https://pubmed.ncbi.nlm.nih.gov/34197791/,doi:10.1016/j.jamda.2021.05.037,include_title_abs,Potential eligible RCT at title/abstract stage,B_secondary_fulltext,"Frailty RCT candidate, setting or delivery less directly Indian-primary-care relevant"
40036319,PMC11878527,10.1093/ageing/afaf041,Impact of frailty status on the effect of a multidomain lifestyle intervention on cognition.,Pöyhönen J; Lehtisalo J; Roitto HM; Levälahti E; Strandberg T; Kivipelto M; Kulmala J; Antikainen R; Soininen H; Tuomilehto J,2025,Age and ageing,"Frailty often precedes and co-occurs with dementia. A multidomain lifestyle intervention has shown favourable effects on cognition. We aimed to investigate if frailty status modifies this intervention effect. The Finnish Geriatric Intervention Study to Prevent Cognitive Impairment and Disability (FINGER) recruited 1259 participants aged 60-77 years who were at risk of dementia. They were randomised to receive a multidomain intervention (diet, exercise, cognitive training and vascular risk monitoring) or regular health advice for two years. The outcome was a change in cognition (neuropsychological test battery composite score). Frailty and prefrailty were defined according to the Fried phenotype. Mixed models were used to investigate if frailty status at baseline modified the intervention effect on cognition. Frailty status (prefrail/frail n = 520, robust n = 625) at baseline did not modify the effect of intervention on global cognition during the 2-year follow-up (P-value for frailty × intervention × time interaction > .05). Concerning cognitive subdomains, similar results were found. Among prefrail/frail persons, within-group analyses suggested a beneficial intervention effect on executive function and processing speed and also on global cognition when frail participants (n = 15) were excluded from the analyses. Being prefrail/frail was related to less improvement in global cognition, memory and executive function domains compared with being robust when intervention was not taken into consideration. A multidomain intervention is likely to be beneficial to cognition regardless of frailty status. Prefrail participants seemed particularly responsive to preventive intervention. Thus, an optimal time for a multidomain lifestyle intervention may be at the prefrailty stage.",PubMed,https://pubmed.ncbi.nlm.nih.gov/40036319/,doi:10.1093/ageing/afaf041,include_title_abs,Potential eligible RCT at title/abstract stage,B_secondary_fulltext,"Frailty RCT candidate, setting or delivery less directly Indian-primary-care relevant"
40613666,PMC12231580,10.1093/ageing/afaf184,The effect of qigong on frailty in older cancer survivors: a randomised controlled trial.,Cheung DST; Chan WL; Chau PH; Soong IS; Yeung WF; Lee SF; Siu PM; Woo J; Yu DSF; Lin CC,2025,Age and ageing,"Frailty predicts increased cancer recurrence and mortality among older cancer survivors. Qigong has been shown to improve physical and mental well-being, as well as inflammation, which are closely linked with frailty in the cancer population. This study aims to evaluate the effect of qigong on frailty among older cancer survivors. An assessor-blind multi-centre randomised controlled trial. Post-treatment cancer survivors aged 65+ screened as pre-frail or frail based on the Fried frailty phenotype were recruited and randomised to an intervention (16-week qigong Baduanjin) or an active control group (16-week light flexibility exercise). The primary outcome was the reversal of frailty status. The secondary outcomes included physical frailty severity, multidimensional frailty severity, physical performance, psychological well-being and quality of life. Analysis was based on the intention-to-treat principle. Two hundred twenty-six older cancer survivors were randomised, 113 to the qigong group and 113 to the light flexibility exercise group. At 16 weeks, the difference in the rates of frailty reversal in the qigong group (28.7%) and the light flexibility exercise group (22.5%) was insignificant (adjusted odds ratio = 1.39, 95% CI, 0.65 to 2.95). While both groups had significant improvement in physical frailty severity, physical performance, psychological well-being and quality of life, only the qigong group had significant improvement in multidimensional frailty severity. The group × time interaction was not significant. Qigong was not superior to an active control in its effect on improving frailty in older cancer survivors. Researchers should include routine care as control and examine the underlying mechanisms driving the change in frailty.",PubMed,https://pubmed.ncbi.nlm.nih.gov/40613666/,doi:10.1093/ageing/afaf184,include_title_abs,Potential eligible RCT at title/abstract stage,B_secondary_fulltext,"Frailty RCT candidate, setting or delivery less directly Indian-primary-care relevant"
39742890,PMC11703011,10.1080/07853890.2024.2446699,Effects of multidomain lifestyle intervention on frailty among older men and women - a secondary analysis of a randomized clinical trial.,Saarela L; Lehtisalo J; Ngandu T; Kyrönlahti S; Havulinna S; Strandberg T; Levälahti E; Antikainen R; Soininen H; Tuomilehto J,2025,Annals of medicine,"Frailty is a common geriatric syndrome associated with poor clinical outcomes. Effectiveness of lifestyle intervention programmes among frail older people has been examined earlier, but effects of interventions on prevention of frailty have been rarely studied. The aim of this study was to investigate to what extent the multidomain lifestyle intervention in the Finnish Geriatric Intervention Study to Prevent Cognitive Impairment and Disability (FINGER) affected changes in frailty status among older men and women at risk of cognitive disorders. The 2-year multidomain lifestyle intervention trial including simultaneous nutritional counseling, physical exercise, cognitive training and social activity, and management of metabolic and vascular risk factors, was conducted among 1259 older people (mean age 68.9 years). A modified Fried's frailty phenotype (weight loss, exhaustion, weakness, slowness, and low physical activity) was used to assess frailty at baseline and after the 2-year intervention. Participants with one or more components of the frailty phenotype were classified as pre-frail or frail. A multinomial regression model was applied to investigate efficacy of the intervention on frailty. We observed a favorable trend in reversing frailty among older men with the intervention. Pre-frail or frail men in the intervention group had higher probability of being non-frail after the intervention (44%) than pre-frail or frail men in the control group (30%) (p = 0.040). Among men, the intervention was especially beneficial in terms of increasing physical activity. Among women, multidomain lifestyle intervention did not affect the frailty status. Modifying lifestyle-related factors may have potential to reverse first signs of frailty among older men. However, the intervention lasted only two years, therefore, research with longer follow-up is needed to see possible long-term effects of lifestyle management on the development of frailty.",PubMed,https://pubmed.ncbi.nlm.nih.gov/39742890/,doi:10.1080/07853890.2024.2446699,include_title_abs,Potential eligible RCT at title/abstract stage,B_secondary_fulltext,"Frailty RCT candidate, setting or delivery less directly Indian-primary-care relevant"
40393201,,10.1016/j.archger.2025.105892,Rationale and study design of multicomponent exercise intervention for frail older patients with acutely decompensated heart failure: Pilot of the randomized controlled trial J REHAB-HF trial.,Kono Y; Hamazaki N; Katano S; Yamamoto S; Ishihara K; Iwatsu K; Okamura M; Ogawa M; Kasai KI; Takeuchi M,2025,Archives of gerontology and geriatrics,"In Japan, a growing number of older adults with heart failure (HF) are experiencing physical frailty. Healthcare providers recommend multicomponent exercise program for frail patients; however, their effectiveness in older Japanese adults with HF, who differ physiologically from their Western counterparts, remains unclear. In this study, we will compare the feasibility and efficacy of a multicomponent exercise program with those of conventional exercise therapy as pilot study of the randomized controlled trial, Japanese REHAB-HF (J REHAB-HF) trial. In this multicenter study, frail older adults hospitalized with worsening HF will be randomly assigned to participate in a program of either multicomponent or conventional exercise therapy. We developed a multicomponent exercise program to target characteristics of physical frailty: poor gait performance, balance ability, muscle strength, and exercise tolerance. The primary outcome is the total score on the Short Physical Performance Battery; additional outcome measures include feasibility and safety of the programs. The pilot study of the J REHAB-HF trial is an evaluation of whether a multicomponent exercise program enhances physical function more effectively than does conventional exercise therapy in frail older adults with HF. The findings will guide the design of the main J REHAB-HF trial and improve care for these individuals.",PubMed,https://pubmed.ncbi.nlm.nih.gov/40393201/,doi:10.1016/j.archger.2025.105892,include_title_abs,Potential eligible RCT at title/abstract stage,B_secondary_fulltext,"Frailty RCT candidate, setting or delivery less directly Indian-primary-care relevant"
41246478,PMC12619544,10.2147/CIA.S552924,Effects of Multicomponent Otago Exercise Program with Added Resistance Training on Sarcopenia in Pre-Frailty Older Adults in Nursing Homes: A Randomized Controlled Trial.,Pan N; Chen Y; Wang Z; Liu C; Tong J; He Y; Ossowski ZM,2025,Clinical interventions in aging,"The Otago Exercise Program (OEP) is suitable for frail older adults but has limited effect on sarcopenia. Resistance training (RT) is commonly used for sarcopenia. This study evaluated the effects of 12 weeks of OEP combined with RT on body composition, physical function, quality of life, and frailty in older adults with pre-sarcopenia in nursing homes. Sixty-one pre-frail elderly (aged 65-89 years) with sarcopenia were randomly divided into experimental group (EG) and control group (CG). EG received OEP+RT training three times a week for 12 weeks, and CG maintained daily activities. The InBody 770 was used to assess body composition, Jamar Plus was used to measure grip strength, and international standard scales were used to assess physical function, quality of life and frailty. Compared to the CG, the EG showed significant improvements in Skeletal Muscle Index (SMI: 5.79 vs 5.43, p=0.037), Skeletal Muscle Mass (21.8 vs 19.5, p=0.017), hand grip strength (19.31 vs 16.92, p=0.029), gait speed (0.9 vs 0.81, p<0.001), and the Five-Times-Sit-to-Stand Test (13 vs 14.35, p<0.001). Within the EG, both SMI and hand grip strength increased significantly compared to baseline levels (p<0.001), whereas in the CG, they decreased significantly (p<0.05). There was no significant improvement in frailty status observed in either group. OEP combined with RT can improve the sarcopenia-related parameters of the elderly in nursing homes. Short-term unreversed frailty may be related to insufficient intervention intensity or single dimension. Improved muscle and physical function may contribute to future improvements in quality of life and frailty.",PubMed,https://pubmed.ncbi.nlm.nih.gov/41246478/,doi:10.2147/cia.s552924,include_title_abs,Potential eligible RCT at title/abstract stage,B_secondary_fulltext,"Frailty RCT candidate, setting or delivery less directly Indian-primary-care relevant"
37997729,PMC12877264,10.1007/s12603-023-2031-9,Effect of Multicomponent Intervention on Functional Decline in Chinese Older Adults: A Multicenter Randomized Clinical Trial.,Chen B; Li M; Zhao H; Liao R; Lu J; Tu J; Zou Y; Teng X; Huang Y; Liu J,2023,"The journal of nutrition, health & aging","To confirm whether multicomponent exercise following vivifrail recommendations was an effective method for improving physical ability, cognitive function, gait, balance, and muscle strength in Chinese older adults. This was a multicenter and randomized clinical trial conducted in Jiangsu, China, from April 2021 to April 2022. Intervention lasted for 12 weeks and 104 older adults with functional declines were enrolled. All participants were randomly assigned to a control (usual care plus health education) or exercise group (usual care plus health education plus exercise). Primary outcomes were the change score of Short Physical Performance Battery (SPPB) and activities of daily living (ADL). The secondary outcomes included instrumental activities of daily living, Tinetti scores, Frailty score, short-form Mini Nutritional Assessment, Mini-Mental State Examination, Geriatric Depression Scale-15, the 12-item Short Form Survey, 4-meter gait speed test, 6-min walking distance, grip strength, and body composition analysis. Among the participants, the average age was 85 (82, 88) years. After 12 weeks of follow-up, the exercise group showed a significant improvement in SPPB, with a change of 2 points (95% confidence interval [0, 3.5], P<0.001) compared to control. In contrast, SPPB remained stable in the control group. Compared to the control group, ADL improved in the exercise group, as did instrumental activities of daily living, Tinetti, Frailty, Short Form Survey, 4-meter gait speed test, and 6-min walking distance. Although there was no significant difference between groups in body composition analysis after post-intervention, the exercise group still improved in soft lean mass (P=0.002), fat-free mass (P=0.002), skeletal muscle mass index (P<0.001), fat-free mass index (P=0.004), appendicular skeletal muscle mass (P<0.001), and leg muscle mass (P<0.001), while the control group had no significant increase. No difference was observed in adverse events during trial period. The multicomponent exercise intervention following vivifrail recommendations is an effective method for older adults with functional decline and can reverse the functional decline and improve gait, balance, and muscle strength. Additionally, the 12-week multicomponent exercise method provides guidance for Chinese medical professionals working in the field of geriatrics and is a promising method to improve physical function in the general population.",PubMed,https://pubmed.ncbi.nlm.nih.gov/37997729/,doi:10.1007/s12603-023-2031-9,include_title_abs,Potential eligible RCT at title/abstract stage,B_secondary_fulltext,"Frailty RCT candidate, setting or delivery less directly Indian-primary-care relevant"
40926079,,10.1007/s11357-025-01877-2,"Resistance training, but not leucine, increased basal muscle protein synthesis and reversed frailty in older women consuming optimized protein intake.",Jacob KJ; Hajj-Boutros G; Sonjak V; Leduc-Gaudet JP; Broering F; Flynn CR; Chevalier S; Lamarche M; Hussain SNA; Morais JA,2025,GeroScience,"Frailty, often linked to sarcopenia, involves reduced muscle strength and mass. While sarcopenia has multiple causes, impaired muscle protein synthesis may contribute. Leucine and resistance training (RT) are anabolic stimuli, but the long-term effects of leucine combined with RT in pre/frail older women remain unclear. This double-blind, placebo-controlled study aimed to assess their impact on muscle anabolism and characteristics in women consuming adequate protein. Pre/frail elderly women (n = 19, 77.5 ± 1.3 y, BMI: 25.1 ± 0.9 kg/m2), underwent 12 weeks of RT with protein-optimized diet (1.2 g⋅kg BW-1⋅d-1) and were randomized to 7.5 g/d of leucine (Leu) or placebo 5.1 g/d alanine (Ala). The primary outcome was myofibrillar fractional synthesis rate (MyoFSR) in the postabsorptive and postprandial states. Secondary outcomes are changes in protein content and expression, 1-repetition maximum, body composition (DXA), and myofiber profiles were investigated. Overall MyoFSR increased by 47%, with a concomitant increase in type 1 and 2a myofiber cross sectional area (CSA) (16% and 28%, respectively), and total lean mass (2%). Total AKT, S6, and AMPKα levels were unchanged. However, AKT and S6 phosphorylation increased postprandially before RT, with no change following RT. The number of Frailty Criteria was reduced by 64%, with improvements in physical function and strength. Leucine had no added anabolic benefit. RT with optimal protein intake significantly improved the Frailty Phenotype and increased basal MyoFSR along with type 1 and 2a myofiber CSA and total lean mass, with no added benefit of leucine supplementation.",PubMed,https://pubmed.ncbi.nlm.nih.gov/40926079/,doi:10.1007/s11357-025-01877-2,include_title_abs,Potential eligible RCT at title/abstract stage,B_secondary_fulltext,"Frailty RCT candidate, setting or delivery less directly Indian-primary-care relevant"
30891748,,10.1111/jgs.15824,Effects of Multicomponent Exercise on Frailty in Long-Term Nursing Homes: A Randomized Controlled Trial.,Arrieta H; Rezola-Pardo C; Gil SM; Virgala J; Iturburu M; Antón I; González-Templado V; Irazusta J; Rodriguez-Larrad A,2019,Journal of the American Geriatrics Society,"To determine the effect of multicomponent exercise on frailty and related adverse outcomes in residents of long-term nursing homes (LTNHs). A single-blind randomized controlled trial. Ten LTNHs in Gipuzkoa, Spain. The study sample comprised 112 men and women aged 70 years or older who scored 50 or higher on the Barthel Index, 20 or higher on the MEC-35 test (an adapted and validated version of the Mini-Mental State Examination in Spanish), and who were capable of standing up and walking independently for at least 10 m. Subjects in the control group (CG) participated in routine activities. The intervention group (IG) participated in a 6-month program of individualized and progressive multicomponent exercise at moderate intensity. Frailty was assessed by four different scales at baseline and at 6 months. The Barthel Index was measured at baseline and at 12 months. Frailty-related adverse outcomes were recorded from 12 months before to 12 months after starting the intervention. A lower prevalence of frailty was observed in the IG compared with the CG according to Fried's frailty phenotype, Short Physical Performance Battery, and Tilburg Frailty Indicator after 6 months (p < .05). There was a decline in the CG on the Barthel Index after 12 months (p < .05), whereas score was maintained in the IG. Both groups experienced a similar number of falls before and after the intervention (p > .05), but during the 6-month intervention period, fewer falls were observed in the IG than the CG (p < .05). Lower overall mortality was observed 12 months after starting the intervention for the IG than the CG (1 vs 6, respectively; p = .05). Individualized and progressive multicomponent exercise at moderate intensity seems to be effective to prevent falls and reduce frailty and mortality.",PubMed,https://pubmed.ncbi.nlm.nih.gov/30891748/,doi:10.1111/jgs.15824,include_title_abs,Potential eligible RCT at title/abstract stage,B_secondary_fulltext,"Frailty RCT candidate, setting or delivery less directly Indian-primary-care relevant"
30741081,,10.1080/09593985.2018.1548673,Effects of elastic band exercise on the frailty states in pre-frail elderly people.,Chen R; Wu Q; Wang D; Li Z; Liu H; Liu G; Cui Y; Song L,2020,Physiotherapy theory and practice,"To discuss the effects of elastic band exercise on the frailty states in pre-frail elderly people. This study was a randomized controlled trial. Trial registration number is ChiCTR-IOC-17012579. Seventy pre-frail elderly people were randomly divided into elastic band group (n = 35) and control group (n = 35). Elastic band exercise was applied to elastic band group, 45-60 min per time for 8 weeks by 3 days a week; no exercise was applied to the control group. The frailty states, grip strength (female/male), walking speed, and physical activity were measured by the Fried frailty phenotype at pre-intervention, 4, and 8 weeks after intervention to assess the effects of exercise. The elastic band group showed significant improvements in the frailty states, grip strength (female) and walking speed both after 4-week and 8-week intervention (P< 0.001), and significant improvements in grip strength (male) and physical activity after 8-week intervention (P< 0.05). Within-group analysis (pre-intervention vs. after 4-week, after 4-week vs after 8-week, pre-intervention vs after 8-week) showed significant improvements (P< 0.001) in grip strength (female/male) and walking speed in the elastic band group over time, while no significant differences in the control group (P > 0.05). Elastic band exercise can improve frailty states in pre-frail elderly people, make them broke away from pre-frailty and restore them to non-frailty through improving the grip strength, walking speed and physical activity, and the effects after 8 weeks are better than those after 4 weeks.",PubMed,https://pubmed.ncbi.nlm.nih.gov/30741081/,doi:10.1080/09593985.2018.1548673,include_title_abs,Potential eligible RCT at title/abstract stage,B_secondary_fulltext,"Frailty RCT candidate, setting or delivery less directly Indian-primary-care relevant"
39416863,PMC11479928,10.3389/fmed.2024.1450494,Effects of multicomponent exercise nursing intervention in elderly stroke patients with frailty: a randomized controlled trial.,Luo Y; Hao J; Zhu L; Huang Y; Liu Z; Chen Y; Qiu Y; Su Z; Sun R,2024,Frontiers in medicine,"This study examines how multicomponent exercise nursing interventions affect the state of frailty, daily activities, and quality of life in elderly stroke patients with frailty. A total of 125 elderly stroke patients with frailty were randomly assigned to either a control group (n = 62) or an intervention group (n = 63). The control group received standard nursing care, while the intervention group received a multicomponent exercise nursing intervention in addition to standard care. Patients were assessed using the FRAIL Frailty Scale, Modified Barthel Index (MBI), and Short Form Health Survey (SF-36) before the intervention, 4 weeks after the intervention, and 12 weeks after the intervention. Significant differences were observed between the two groups in terms of frailty status, activities of daily living, and quality of life (p < 0.05). The intervention group had lower scores on the FRAIL Frailty Scale and higher scores on the MBI and SF-36 compared to the control group at both 4 and 12 weeks after the intervention (p < 0.05). These findings suggest that multicomponent exercise nursing interventions can effectively reduce frailty and improve activities of daily living and quality of life in elderly stroke patients with frailty.",PubMed,https://pubmed.ncbi.nlm.nih.gov/39416863/,doi:10.3389/fmed.2024.1450494,include_title_abs,Potential eligible RCT at title/abstract stage,B_secondary_fulltext,"Frailty RCT candidate, setting or delivery less directly Indian-primary-care relevant"
37886571,PMC10602129,10.21203/rs.3.rs-3425168/v1,Can strength training or tai ji quan training reduce frailty in postmenopausal women treated with chemotherapy? A secondary data analysis of the GET FIT trial.,Winters-Stone KM; Stoyles S; Dieckmann N; Eckstrom E; Luoh SW; Horak F; Roeland EJ; Li F,2023,Research square,"To determine whether strength training or tai ji quan can reduce frailty in older, postmenopausal women treated with chemotherapy for cancer. We conducted a secondary data analysis from a 3-arm, single-blind, randomized controlled trial where older (50+ years), postmenopausal women cancer survivors were randomized to supervised group exercise programs: tai ji quan, strength training, or stretching control for 6 months. We assessed frailty using a 4-criteria model consisting of weakness, fatigue, inactivity, and slowness. Using logistic regression, we determined whether the frailty phenotype (pre-frailty or frailty) decreased post-intervention, how many and which frailty criteria decreased, and what characteristics identified women most likely to reduce frailty. Data from 386 women who completed baseline and 6-month testing were used (mean age of 62.0 ± 6.4 years). The odds of improving overall frailty phenotype over 6 months was significantly higher in the strength training group compared to controls (OR [95%CI]: 1.86 [1.09, 3.17]), but not for for tai ji quan (1.44 [0.84, 2.50]). Both strength training (OR 1.99 [1.10, 3.65]) and tai ji quan (OR 2.10 [1.16, 3.84]) led to significantly higher odds of reducing ≥1 frailty criterion compared to controls. Strength training led to a three-fold reduction in inactivity (p <0.01), and tai ji quan to a two-fold reduction in fatigue (p=0.08) versus control. Higher baseline BMI, comorbidity score, and frailty status characterized women more likely to reduce frailty than other women. Strength training appears superior to tai ji quan and stretching with respect to reducing overall frailty phenotype among postmenopausal women treated with chemotherapy for cancer, but tai ji quan favorably impacted the number of frailty criteria. Supervised, group exercise training that emphasizes strength training and/or tai ji quan may help combat accelerated aging and reduce frailty after cancer treatment.",PubMed,https://pubmed.ncbi.nlm.nih.gov/37886571/,doi:10.21203/rs.3.rs-3425168/v1,include_title_abs,Potential eligible RCT at title/abstract stage,B_secondary_fulltext,"Frailty RCT candidate, setting or delivery less directly Indian-primary-care relevant"
31629355,,10.1123/japa.2018-0363,"Effects of Home- and Center-Based Exercise Programs on the Strength, Function, and Gait of Prefrail Older Women: A Randomized Control Trial.",Costa SN; Vieira ER; Bento PCB,2020,Journal of aging and physical activity,"The aims of this study were to compare the effects of a multicomponent exercise program provided at a center (CB) versus done part at home and part at a center (H+CB) on frailty status, strength, physical function, and gait of prefrail older women. Twenty-five women were randomly allocated into the CB (n = 14; 69 ± 6 years) and the H+CB (n = 11; 69 ± 7 years) groups. Both groups completed an exercise program including strengthening, balance, and gait exercises. The program was 12 weeks long, done three times per week, for 60 min per session. Frailty, knee and hip muscle strength, spatiotemporal parameters of the usual and maximum speed dual-task gait, and physical function were assessed at baseline and after program completion. The exercise program reversed the prefrail status of most participants independently of the mode of delivery. Strength increased in both groups, but the CB group had more pronounced improvements in gait and physical function. H+CB exercise programs are good options for prefrail older women.",PubMed,https://pubmed.ncbi.nlm.nih.gov/31629355/,doi:10.1123/japa.2018-0363,include_title_abs,Potential eligible RCT at title/abstract stage,B_secondary_fulltext,"Frailty RCT candidate, setting or delivery less directly Indian-primary-care relevant"
38642204,,10.1007/s11764-024-01592-5,Can strength training or tai ji quan training reduce frailty in postmenopausal women treated with chemotherapy? A secondary data analysis of the GET FIT trial.,Winters-Stone KM; Stoyles SA; Dieckmann NF; Eckstrom E; Luoh SW; Horak FB; Roeland EJ; Li F,2024,Journal of cancer survivorship : research and practice,"To determine whether strength training or tai ji quan can reduce frailty in older, postmenopausal women treated with chemotherapy for cancer. We conducted a secondary data analysis from a 3-arm, single-blind, randomized controlled trial where older (50-75 years), postmenopausal women cancer survivors were randomized to supervised group exercise programs: tai ji quan, strength training, or stretching control for 6 months. We assessed frailty using a 4-criteria model consisting of weakness, fatigue, inactivity, and slowness. Using logistic regression, we determined whether the frailty phenotype (pre-frailty or frailty) decreased post-intervention, how many and which frailty criteria decreased, and what characteristics identified women most likely to reduce frailty. Data from 386 women who completed baseline and 6-month testing were used (mean age of 62.0 ± 6.4 years). The odds of reducing overall frailty over 6 months were significantly higher in the strength training group compared to controls (OR [95%CI] 1.86 [1.09, 3.17]) but not for tai ji quan (1.44 [0.84, 2.50]). Both strength training (OR 1.99 [1.10, 3.65]) and tai ji quan (OR 2.10 [1.16, 3.84]) led to significantly higher odds of reducing ≥ 1 frailty criterion compared to controls. Strength training led to a three-fold reduction in inactivity (p < 0.01) and tai ji quan to a two-fold reduction in fatigue (p = 0.08) versus control. Higher baseline BMI, comorbidity score, and frailty status characterized women were more likely to reduce frailty than other women. Strength training appears superior to tai ji quan and stretching with respect to reducing overall frailty phenotype among postmenopausal women treated with chemotherapy for cancer, but tai ji quan favorably reduced the number of frailty criteria. ClinicalTrials.gov identifier: GET FIT was registered as a clinical trial in clinicaltrials.gov: NCT01635413. Supervised, group exercise training that emphasizes strength training and/or tai ji quan may help combat accelerated aging and reduce frailty after cancer treatment.",PubMed,https://pubmed.ncbi.nlm.nih.gov/38642204/,doi:10.1007/s11764-024-01592-5,include_title_abs,Potential eligible RCT at title/abstract stage,B_secondary_fulltext,"Frailty RCT candidate, setting or delivery less directly Indian-primary-care relevant"
39289825,,10.1080/13685538.2024.2403519,Testosterone and resistance training improved physical performance and reduced fatigue in frail older men: 1 year follow-up of a randomized clinical trial.,Rasmussen RS; Midttun M; Zerahn B; Pedersen M; Rashid A; Østergren PB; Paulin TK; Pødenphanth TW; Karlsson LK; Rosendahl E,2024,The aging male : the official journal of the International Society for the Study of the Aging Male,"To improve health conditions among hypogonadal men ≥70 years of age using testosterone undecanoate (TU) injections, progressive strength training, and oral supplements of vitamin D, calcium, and protein. This study is a 1-year follow-up of a double-blind RCT lasting 20 weeks, including 148 older men ≥70 years old with low testosterone levels and mobility problems. During 52 weeks, 4 groups received either testosterone therapy (TU) or progressive resistance training (Training), both (Combo), or no intervention (Controls). Physiotherapists supported the training groups until week 20, while these participants continued trained on their own during weeks 21 to 52. The main outcome measure was the 30-s chair stand test. The following numbers of participants completed the trial: 20 (Combo), 20 (Controls), 24 (TU), and 14 (Training). When examining 30-s chair stand test performance within each group at baseline, and at weeks 4, 20 and 52, only the Combo group improved (p = 0.001, Friedman Test). Compared to controls, only the Combo group experienced reduced fatigue and tiredness (p < 0.05). Fifty-two weeks of testosterone supplementation combined with progressive resistance training may enhance physical performance, alleviate fatigue, and had no notable detrimental impacts among males aged ≥70 suffering from mobility issues and testosterone insufficiency.Trial registration - Clinical Trials NCT02873559.",PubMed,https://pubmed.ncbi.nlm.nih.gov/39289825/,doi:10.1080/13685538.2024.2403519,include_title_abs,Potential eligible RCT at title/abstract stage,B_secondary_fulltext,"Frailty RCT candidate, setting or delivery less directly Indian-primary-care relevant"
35524833,,10.1007/s11255-022-03205-5,Effect of intradialytic exercise on geriatric issues in older patients undergoing hemodialysis: a single-center non-randomized controlled study.,Yabe H; Kono K; Yamaguchi T; Yamada N; Ishikawa Y; Yamaguchi Y; Azekura H,2022,International urology and nephrology,"This study investigated the effect of 1 year of intradialytic exercise on older hemodialysis patients with geriatric issues. Forty-six patients aged ≥ 70 years were non-randomly assigned to two groups (exercise group: 27, control group: 19). Intradialytic exercise consisted of 30 min of aerobic exercise using a cycle ergometer, and resistance training comprising four exercises using an elastic tube three times per week for 1 year. Handgrip strength, leg extremity muscle strength, 10-m walk speed, short physical performance battery, serum albumin, Geriatric Nutritional Risk Index (GNRI), geriatric depression scale, frailty, and mobility were each assessed before and after the intervention. The control group exhibited a significant reduction in handgrip strength, 10-m walking speed, serum albumin, and GNRI after intervention compared to baseline (p < 0.05). Conversely, no significant reductions were observed in the exercise group. The ΔGNRI (effect size, 0.69; 95% confidence interval [CI] - 5.21, - 0.1; p < 0.05) and Δserum albumin (effect size, 0.72; 95% CI - 0.31, - 0.02; p < 0.05) before and after the intervention declined significantly less in the exercise group than in the control group. Other between-group values were not significantly different. The number of frail patients and patients requiring walking assistance exhibited no significant intra-group or between-group differences before and after the intervention. Intradialytic exercise prevented the worsening of nutritional status and physical function in the exercise group compared to the control group. Exercise therapy during dialysis is an important aspect of patient care that helps prevent functional decline in older patients.",PubMed,https://pubmed.ncbi.nlm.nih.gov/35524833/,doi:10.1007/s11255-022-03205-5,include_title_abs,Potential eligible RCT at title/abstract stage,B_secondary_fulltext,"Frailty RCT candidate, setting or delivery less directly Indian-primary-care relevant"
36465917,PMC9713022,10.3389/fmed.2022.955785,Effectiveness and usability of the system for assessment and intervention of frailty for community-dwelling pre-frail older adults: A pilot study.,Tan RS; Goh EF; Wang D; Chan RCL; Zeng Z; Yeo A; Pek K; Kua J; Wong WC; Shen Z,2022,Frontiers in medicine,"Effective multicomponent interventions in the community targeted at preventing frailty in at-risk older adults can promote healthy ageing. However, there is a lack of studies exploring the effectiveness of technology-enabled autonomous multi-domain community-based interventions for frailty. We developed a novel end-to-end System for Assessment and Intervention of Frailty (SAIF) with exercise, nutrition, and polypharmacy components. This pilot study aimed to explore SAIF's effectiveness in improving frailty status, physical performance and strength, and its usability in pre-frail older adults. This is a single arm 8-week pilot study in 20 community-dwelling older adults who were pre-frail, defined using the Clinical Frailty Scale (CFS) as CFS 3 + (CFS 3 and FRAIL positive) or CFS 4. For outcomes, we assessed frailty status using the modified Fried Frailty Phenotype (FFP) and CFS; physical performance using Short Physical Performance Battery (SPPB); and Hand Grip Strength (HGS) at baseline and 8-week. User experience was explored using the System Usability Scale (SUS), interest-enjoyment subscale of the Intrinsic Motivation Inventory and open-ended questions. We analyzed effectiveness using repeated-measures tests on pre-post scores, and usability using a convergent mixed-method approach via thematic analysis of open-ended responses and descriptive statistics of usability/interest-enjoyment scales. Sixteen participants (71.8 ± 5.5 years) completed the 8-week study. There was a significant improvement in FFP score (-0.5, p < 0.05, effect size, r = 0.43), but not CFS (-1.0, p = 0.10, r = 0.29). Five (31.3%) improved in frailty status for both FFP and CFS. SPPB (+1.0, p < 0.05, r = 0.42) and HGS (+3.5, p < 0.05, r = 0.45) showed significant improvements. Three themes were identified: ""Difficulty in module navigation"" (barriers for SAIF interaction); ""User engagement by gamification"" (facilitators that encourage participation); and ""Perceived benefits to physical health"" (subjective improvements in physical well-being), which corroborated with SUS (68/100) and interest-enjoyment (3.9/5.0) scores. Taken together, user experience results cohere with the Senior Technology Acceptance and Adoption Model. Our pilot study provides preliminary evidence of the effectiveness of SAIF in improving frailty status, physical performance and strength of pre-frail older adults, and offers user experience insights to plan the follow-up large-scale randomized controlled trial.",PubMed,https://pubmed.ncbi.nlm.nih.gov/36465917/,doi:10.3389/fmed.2022.955785,include_title_abs,Potential eligible RCT at title/abstract stage,B_secondary_fulltext,"Frailty RCT candidate, setting or delivery less directly Indian-primary-care relevant"
39098361,,10.1016/j.exger.2024.112536,Efficacy of exercise with the hybrid assistive limb lumbar type on physical function in mobility-limited older adults: A 5-week randomized controlled trial.,Saito Y; Nakamura S; Kasukawa T; Nagasawa M; Oguma Y; Narimatsu H,2024,Experimental gerontology,"Sarcopenia and frailty often worsen in older adults because of declines in activities of daily living and social connections that are associated with chronic diseases and traumatic injuries such as falls and fractures. Exercise intervention for sarcopenia can take >3 months to improve muscle mass, muscle strength, and walking speed. Thus, a specialized intervention system for shorter periods of time is needed. In this study, we aimed to evaluate the short-term efficacy of an exercise program using the wearable cyborg Hybrid Assistive Limb (HAL) lumbar type in physical function in mobility-limited older adults who do not require transition to long-term care. This randomized, single-blind, parallel-group study involved 79 community-dwelling older adults with physical frailty or locomotive syndrome assigned to an intervention group (n = 40) with the HAL lumbar type exercise program or a control group (n = 39) without the exercise program. The intervention group underwent trunk training (including trunk and hip flexion, standing and sitting from a single sitting position, and squats) and gait training (treadmill and parallel bars) twice a week for 5 weeks while wearing the HAL lumbar type. The 10-m usual and maximum walking speeds, Timed Up and Go test results, 5-times chair-standing test results, 5-question Geriatric Locomotive Function Scale (GLFS-5) scores, body-fat percentage, and muscle mass were measured before and after the intervention and analyzed using the intention-to-treat method. The intervention (23 % male; mean age, 74.7 ± 4.7 years) and control (21 % male; mean age, 75.1 ± 4.1 years) groups did not differ significantly in baseline characteristics. Seventy-seven participants completed the program; two withdrew for personal reasons. The mean difference (standard error) between the groups for the primary outcome (usual walking speed) was 0.35 (0.04) m/s; the time-by-group interaction was significant (p < 0.001). Secondary outcomes (maximum walking speed, Timed Up and Go test results, 5-times chair-standing test results, and GLFS-5 scores) significantly improved in the intervention group. Body composition was unchanged in both groups. A 5-week exercise program using the HAL lumbar type is a promising option for community-dwelling older adults with limited mobility who do not require nursing care, resulting in clinically meaningful improvements in most physical functions within a short period.",PubMed,https://pubmed.ncbi.nlm.nih.gov/39098361/,doi:10.1016/j.exger.2024.112536,include_title_abs,Potential eligible RCT at title/abstract stage,B_secondary_fulltext,"Frailty RCT candidate, setting or delivery less directly Indian-primary-care relevant"
23883636,,10.3143/geriatrics.49.726,[Interventions for frailty and sarcopenia in community-dwelling elderly women].,Kim H,2012,Nihon Ronen Igakkai zasshi. Japanese journal of geriatrics,"To investigate the effectiveness of exercise alone in improving frailty, and exercise with nutritional supplementation in improving sarcopenia. Frailty: 131 community-dwelling elderly people over 75 years of age were randomly assigned to either the exercise group (n=66) or the control group (n=65). The exercise group was provided with a 60-minute comprehensive exercise program twice a week for 3 months. Sarcopenia: 155 community-dwelling elderly people over 75 years of age were randomly assigned to the exercise + amino acid group (n=39), exercise group (n=39), amino acid group (n=39) or control group (n=38). The exercise intervention included a comprehensive training program for 60 minutes, provided twice a week for 3 months. The amino acid group ingested a leucine-rich essential amino acid supplementation (6 g/day) for 3 months. Frailty: in comparison to the non-frail elderly, muscle mass, bone mineral density, knee extension strength, and walking speed were significantly lower in the frail elderly; however, pain, fall rate, and osteoporosis history were greater in the frail elderly. The exercise intervention significantly improved bone mineral content and grip strength. Sarcopenia: appendicular skeletal muscle mass and walking speed were significantly improved by exercise or amino acid supplementation. However, muscle strength improved significantly only in the exercise + amino acid intervention. In the frail elderly, exercise was effective in enhancing bone mineral content and muscle strength; however, in order to increase leg muscle mass and strength in sarcopenic elderly, both exercise and amino acid supplementation may be necessary.",PubMed,https://pubmed.ncbi.nlm.nih.gov/23883636/,doi:10.3143/geriatrics.49.726,include_title_abs,Potential eligible RCT at title/abstract stage,B_secondary_fulltext,"Frailty RCT candidate, setting or delivery less directly Indian-primary-care relevant"
38374742,,10.14283/jpad.2024.20,Roles of Baseline Intrinsic Capacity and its Subdomains on the Overall Efficacy of Multidomain Intervention in Promoting Healthy Aging among Community-Dwelling Older Adults: Analysis from a Nationwide Cluster-Randomized Controlled Trial.,Liang CK; Lee WJ; Chou MY; Hwang AC; Lin CS; Peng LN; Hsiao FY; Loh CH; Chen LK,2024,The journal of prevention of Alzheimer's disease,"Impaired intrinsic capacity (IC), which affects approximately 90% of older adults, is associated with a significantly heightened risk of frailty and cognitive decline. Existing evidence suggests that multidomain interventions have the potential to enhance cognitive performance and yield positive effects on physical frailty. To examine roles of baseline IC and its subdomains on the efficacy of multidomain interventions in promoting healthy aging in older adults. a cluster-randomized controlled trial. 1,054 community-dwelling older adults from 40 community-based clusters across Taiwan. A 12-month pragmatic multidomain intervention of exercise, cognitive training, nutritional counseling and chronic condition management. Baseline IC was measured by 5 subdomains, including cognition (Montreal Cognitive Assessment, MoCA), sensory (visual and hearing impairment), vitality (handgrip strength or Mini-Nutritional Assessment-short form), psychological well-being (Geriatric Depression Scale-5), and locomotion (6m gait speed). Outcomes of interest were cognitive performance (MoCA scores) and physical frailty (CHS frailty score) over a follow-up period of 6 and 12 months. Of all participants (mean age:75.1±6.4 years, 68.6% female), about 90% participants had IC impairment at baseline (2.0±1.2 subdomains). After covariate adjustment using a generalized linear mixed model (GLMM), the multidomain intervention significantly prevented cognitive declines and physical frailty, particularly in those with IC impairment ≥ 3 subdomains (MoCA: coefficient: 1.909, 95% CI: 0.736 ~ 3.083; CHS frailty scores: coefficient = -0.405, 95% CI: -0.715 ~ -0.095). To assess the associations between baseline poor capacity in each IC subdomain and MoCA/CHS frailty scores over follow-up, a 3-way interaction terms (time*intervention*each poorer IC subdomains) were added to GLMM models. Significant improvements in MoCA scores were shown for participants with poorer baseline cognition (coefficient= 1.138, 95% CI: 0.080 ~ 2.195) and vitality domains (coefficient= 1.651, 95% CI: 0.541 ~ 2.760). The poor vitality domain also had a significant modulating effect on the reduction of CHS frailty score after the 6- and 12-month intervention period (6 months: coefficient= -0.311, 95% CI: -0.554 ~ -0.068; 12 months: coefficient= -0.257, 95% CI: -0.513 ~ -0.001). A multidomain intervention in community-dwelling older adults improves cognitive decline and physical frailty, with its effectiveness influenced by baseline IC, highlighting the importance of personalized strategies for healthy aging.",PubMed,https://pubmed.ncbi.nlm.nih.gov/38374742/,doi:10.14283/jpad.2024.20,include_title_abs,Potential eligible RCT at title/abstract stage,B_secondary_fulltext,"Frailty RCT candidate, setting or delivery less directly Indian-primary-care relevant"
37513691,PMC10383836,10.3390/nu15143275,"A Randomized, Double-Blind, Controlled Trial Assessing If Medium-Chain Triglycerides in Combination with Moderate-Intensity Exercise Increase Muscle Strength in Healthy Middle-Aged and Older Adults.",Kojima K; Ishikawa H; Watanabe S; Nosaka N; Mutoh T,2023,Nutrients,"An adequate nutritional intake is recommended for the prevention of physical frailty and sarcopenia. In particular, medium-chain fatty acids (MCFAs) are reportedly important for muscle strength in nursing home residents. However, the effects of MCFAs on healthy adults at risk for frailty remain unknown. Hence, a randomized, placebo-controlled study was conducted to investigate the effects of 12 weeks of medium-chain triglycerides (MCTs) intake and walking on muscle mass and function in healthy, sedentary, middle-aged and older adults with a low body mass index. Three MCT intake groups with different amounts of octanoic and decanoic acid intake were compared with a control group. After 12 weeks, knee extension strength increased in all groups, with the increases in all MCT intake groups being significantly higher than those in the control group (p < 0.05). Grip strength significantly increased from baseline in the MCT 6 g/day intake group (p < 0.05). The combination of aerobic exercise and MCT intake may be effective in preventing decline in muscle strength and promoting increase in muscle strength as they can improve muscle energy production, thereby contributing to the maintenance of good health for middle-aged and older adults at high risk for frailty and sarcopenia.",PubMed,https://pubmed.ncbi.nlm.nih.gov/37513691/,doi:10.3390/nu15143275,include_title_abs,Potential eligible RCT at title/abstract stage,B_secondary_fulltext,"Frailty RCT candidate, setting or delivery less directly Indian-primary-care relevant"
41500629,PMC12781993,10.1136/bmjopen-2025-102411,Mobility and strength training with and without protein supplements for pre-frail/frail older people with low protein intake: maximising mobility and strength training (MMoST) feasibility randomised controlled trial.,Williamson E; Biggin K; Morris A; Marian IR; Mwema C; Carver A; Lamb SE,2026,BMJ open,"The first objective was to establish the feasibility of conducting a definitive trial to evaluate the effectiveness of mobility and strength training with or without protein supplements for pre-frail/frail older people with low protein intake. The second objective was to finalise outcome measures for a definitive trial. Multicentre feasibility randomised controlled trial. Four National Health Service (NHS) community trust physiotherapy departments. We recruited via clinical caseloads, an existing cohort study and community advertising. Participants were adults aged ≥60 years, frail or pre-frail, reporting walking difficulties or slow walking and low protein intake (<1 g protein/kg of body weight (kgBW)/day). The recruitment target was 50 participants. All participants undertook two times a week mobility and strength training supported by a physiotherapist for 24 weeks. Half of the participants were randomised (1:1) to receive 24 weeks of daily protein supplements to increase protein intake up to 1.6 g/kgBW/day. Feasibility outcomes assessed recruitment, intervention fidelity, adherence, tolerance and study retention. We assessed clinical data collection at baseline and 5-8 month follow-up including the short physical performance battery (SPPB), 6 min walk test (6MWT) and participant-reported outcomes. Outcome assessors were blinded. All participants were analysed in the groups as randomised provided they were not withdrawn from the study before their treatment started and contributed outcome data (modified intention to treat). Our primary feasibility and secondary outcome measures were summarised using descriptive statistics such as mean and SD, median and IQR or counts with percentages. Secondary objectives were exploratory, and mean between group differences at follow-up were estimated for each continuous outcome using linear regression models adjusted for baseline outcome score and frailty status, and presented with associated 95% CIs. Initially, recruitment focused on existing caseloads, but patients were more unwell and disabled than anticipated and ineligible. No participants were recruited from the cohort. A community recruitment strategy was implemented. We screened 952 older adults and 20 participants were randomised. We ran out of time to reach our target.We achieved good intervention fidelity for both interventions. The median number of exercise sessions completed was 10.5/16 (IQR 7-13). Six participants received supplements which they tolerated well and took regularly. 14 participants (70%) attended follow-up assessments with no difference in retention between arms.The median age of participants was 76 years (IQR 68.5-80.0) and 15/20 (75%) were frail. All clinical outcomes showed a trend towards larger improvements in the exercise and protein arm, but these were not statistically significant. For example, SPPB scores (mean difference 0.93, 95% CI (-2.70 to 4.56)) and 6MWT (mean difference 41.92 m, 95% CI (-39.05 to 122.89)) were both higher in the exercise and protein arm compared to control. The study was not feasible based on the original protocol. Recruitment was the biggest challenge. We established a more efficient route to recruitment (community advertising) which requires further refinement. Clinical outcomes consistently favoured the exercise and protein group, which should be interpreted cautiously but suggest this question is worthy of further investigation. ISRCTN30405954.",PubMed,https://pubmed.ncbi.nlm.nih.gov/41500629/,doi:10.1136/bmjopen-2025-102411,include_title_abs,Potential eligible RCT at title/abstract stage,B_secondary_fulltext,"Frailty RCT candidate, setting or delivery less directly Indian-primary-care relevant"
33491027,PMC12876761,10.1007/s12603-020-1548-4,Effect of a Multicomponent Exercise Program (VIVIFRAIL) on Functional Capacity in Elderly Ambulatory: A Non-Randomized Clinical Trial in Mexican Women with Dynapenia.,Romero-García M; López-Rodríguez G; Henao-Morán S; González-Unzaga M; Galván M,2021,"The journal of nutrition, health & aging","During aging, loss of muscle strength (dynapenia) combined with unhealthy lifestyles and sedentarism can lead to functional limitations and dependency; currently there is still limited evidence about multicomponent training as a treatment for dynapenia and dependence in ambulatory older women. To evaluate the effect of a multicomponent physical exercise program (VIVIFRAIL) on physical functionality in elderly ambulatory women with dynapenia. A non-randomized clinical trial was realized in 61 ambulatory older women (65-80 years old) with dynapenia that belonged from two Integral Gerontological Centers (IGC) of Hidalgo, Mexico, from June to December 2019. The control group (CG) received the physical daily training applied in the IGC (yoga, cardio-dance or tai chi) and the intervention group (IG) participated in a multicomponent program training (resistance, flexibility, balance and gait) called ""VIVIFRAIL"" for 12 weeks, minimum 3 weekly sessions of 45-60 minutes. All participants were evaluated at baseline (0 weeks), intermediate (6 weeks) and final (12 weeks), evaluations included glucose, blood pressure (SBP and DBP), anthropometric test, body composition evaluation and functional performance test with Short Physical Performance Battery (SPPB), Timed Up and Go Test (TUGT), muscle strength and a falls risk short test. 52 older women completed the study, mean age was 71.9 ± 4.46. According to SPPB passport classification was 1 Type A, 1 Type B+, 9 Type C, 7 Type C+ and 9 Type D. After 12 weeks of intervention, statistical analysis showed that multicomponent exercise significantly improved strength (p=<0.001), gait speed (p<0.001), standing from a chair (p<0.001) and TUGT (p<0.001). About falls risk, intervention group went from 70% to 12.5% while control group went from 52.4% to 63.6% (p<0.05). Older women who completed the 12 weeks multicomponent exercise program significantly improved their functionality in muscle strength, gait speed (3mt and 6mt), standing from a chair and TUGT tests. Also, it showed a significantly decrease in falls risk, therefore, this type of intervention can reduce the risk of frailty in the elderly.",PubMed,https://pubmed.ncbi.nlm.nih.gov/33491027/,doi:10.1007/s12603-020-1548-4,include_title_abs,Potential eligible RCT at title/abstract stage,B_secondary_fulltext,"Frailty RCT candidate, setting or delivery less directly Indian-primary-care relevant"
29252150,,10.1080/21551197.2017.1391732,"Whey Protein Supplementation Improves Rehabilitation Outcomes in Hospitalized Geriatric Patients: A Double Blinded, Randomized Controlled Trial.",Niccoli S; Kolobov A; Bon T; Rafilovich S; Munro H; Tanner K; Pearson T; Lees SJ,2017,Journal of nutrition in gerontology and geriatrics,"Whey protein supplementation (WPS) has been shown to improve functional outcomes in populations that are able to participate in high-intensity resistance training. The purpose of the study was to evaluate the efficacy of WPS on rehabilitation outcomes in a frail, hospitalized elderly population. Men and women (n = 47) were randomly assigned to either a control group or WPS group for the length of their hospital stay. Several functional and serum measures were determined pre- and post-intervention. WPS significantly increased average daily protein intake and was well tolerated. The WPS group exhibited significant improvements in grip strength and knee extensor force over the control group, and a significant positive correlation was found between change in prealbumin and percent-increase knee extensor force. These findings support the use of WPS to improve protein nutritional status and rehabilitation outcomes in a clinical setting involving a frail, elderly population.",PubMed,https://pubmed.ncbi.nlm.nih.gov/29252150/,doi:10.1080/21551197.2017.1391732,include_title_abs,Potential eligible RCT at title/abstract stage,B_secondary_fulltext,"Frailty RCT candidate, setting or delivery less directly Indian-primary-care relevant"
34179932,PMC12876737,10.1007/s12603-021-1621-7,"Oral Nutritional Supplement with β-hydroxy-β-methylbutyrate (HMB) Improves Nutrition, Physical Performance and Ameliorates Intramuscular Adiposity in Pre-Frail Older Adults: A Randomized Controlled Trial.",Peng LN; Cheng YC; Yu PC; Lee WJ; Lin MH; Chen LK,2021,"The journal of nutrition, health & aging","Supplementation of high protein oral nutrition shakes supplemented with β-hydroxy-β-methylbutyrate (HP-HMB) has been shown to improve muscle mass, muscle strength, and physical performance in older adults, but the roles of HP-HMB supplementation on the intramuscular adiposity remained unknown. This 12-week randomized controlled trial evaluated the changes of muscle mass, muscle strength, physical performance and intramuscular adiposity among community-dwelling pre-frail older persons. This was an open-label, parallel group, randomized controlled trail that enrolled 70 community-dwelling pre-frail older persons without active or uncontrolled conditions, disability or dementia. The intervention group was provided with two services of HP HMB (Ensure® Plus Advance containing 3g HMB) per day for 12 weeks, and the control group was provided with professional nutritional counselling for sufficient protein intake. All participants received functional assessments, laboratory tests and magnetic resonance imaging (MRI) of the dominant leg before and after study. Intramuscular adipose tissue (IMAT) and the mid-thigh cross-sectional area (CSA) of muscle were obtained by MRI, and the IMAT-to-CSA ratio was calculated to evaluate intramuscular adiposity. Overall, 62 participants (mean age: 71.1±3.8 years, 69.4% female) completed the study (HP-HMB group: 29, control group: 33) and comparisons of baseline characteristics between groups were not statistically different. For the primary outcome, HP-HMB group showed significant improvements in the CSA of mid-thigh muscle (mean increase of CSA: 149.1±272.3 for HMB group vs -22.9±309.1 mm2 for control group, P=0.045). The improvement of MNA-SF was borderline (0.28±0.75 vs. -0.15±0.94, P=0.064), but serum levels of Vit D were significantly increased in the HMB group (3.83±8.18 vs. -1.30±4.81 ng/mL, P=0.002). Moreover, the body weight and BMI were significantly increased in the HMB group (1.10±1.18 vs. 0.24±1.13 kg, P=0.005; 0.56±0.68 vs. 0.22±0.47 kg/m2, P=0.019). In particular, the IMAT-to-CSA ratio was reduced in the HMB group (-0.38±1.21 vs. -0.02±2.56 %, P=0.06). Using the generalized estimating equation, we found that SPPB score in chair rise test was significantly improved (β=0.71, 95% C.I.0.09-1.33, P=0.026). The 12-week supplementation with high protein oral nutrition shake supplemented with 3g HMB per day significantly increased muscle mass, as well as nutritional status and physical performance, and ameliorated the intramuscular adiposity of pre-frail older persons. Further study is needed to explore the long-term benefits of HP-HMB supplementation on muscle and metabolic health for older adults.",PubMed,https://pubmed.ncbi.nlm.nih.gov/34179932/,doi:10.1007/s12603-021-1621-7,include_title_abs,Potential eligible RCT at title/abstract stage,B_secondary_fulltext,"Frailty RCT candidate, setting or delivery less directly Indian-primary-care relevant"
33882026,PMC8064206,10.18632/aging.202705,Effects of multi-domain lifestyle interventions on sarcopenia measures and blood biomarkers: secondary analysis of a randomized controlled trial of community-dwelling pre-frail and frail older adults.,Lu Y; Niti M; Yap KB; Tan CTY; Nyunt MSZ; Feng L; Tan BY; Chan G; Khoo SA; Chan SM,2021,Aging,"Few studies have comprehensively described changes in blood biomarkers of the physiological responses underlying sarcopenia reduction associated with lifestyle interventions. In this study, we performed secondary analyses of data in a randomized controlled trial of multi-domain lifestyle interventions (6-month duration physical exercise, nutritional enrichment, cognitive training, combination and standard care control) among 246 community-dwelling pre-frail and frail elderly, aged ≥65 years, with and without sarcopenia. Appendicular lean mass (ALM), lower limb strength, gait speed, and blood levels of markers of muscle metabolism, inflammation, anti-oxidation, anabolic hormone regulation, insulin signaling, tissue oxygenation were measured at baseline, 3-month and 6-month post-intervention. Multi-domain interventions were associated with significant (p < 0.001) reduction of sarcopenia at 3-month and 6-month post-intervention, improved gait speed, enhanced lower limb strength, and were equally evident among sarcopenic participants who were slower at baseline than non-sarcopenic participants. Active intervention was associated with significantly reduced inflammation levels. Sarcopenia status and reduction were associated with blood biomarkers related to muscle metabolism, steroid hormone regulation, insulin-leptin signaling, and tissue oxygenation. Physical, nutritional and cognitive intervention was associated with measures of sarcopenia reduction, together with changes in circulating biomarkers of anabolic and catabolic metabolism underlying sarcopenia.",PubMed,https://pubmed.ncbi.nlm.nih.gov/33882026/,doi:10.18632/aging.202705,include_title_abs,Potential eligible RCT at title/abstract stage,B_secondary_fulltext,"Frailty RCT candidate, setting or delivery less directly Indian-primary-care relevant"
12473001,,10.1046/j.1532-5415.2002.50601.x,"Effects of exercise training on frailty in community-dwelling older adults: results of a randomized, controlled trial.",Binder EF; Schechtman KB; Ehsani AA; Steger-May K; Brown M; Sinacore DR; Yarasheski KE; Holloszy JO,2002,Journal of the American Geriatrics Society,"Although deficits in skeletal muscle strength, gait, balance, and oxygen uptake are potentially reversible causes of frailty, the efficacy of exercise in reversing frailty in community-dwelling older adults has not been proven. The aim of this study was to determine the effects of intensive exercise training (ET) on measures of physical frailty in older community-dwelling men and women. Randomized controlled trial. Medical school research center. One hundred fifteen sedentary men and women (mean age +/- standard deviation = 83 +/- 4) with mild to moderate physical frailty, as defined by two of the following three criteria: Modified Physical Performance Test (modified PPT) score between 18 and 32, peak oxygen uptake (VO2 peak) between 10 and 18 mL/kg/min, and self-report of difficulty or assistance with one basic activity of daily living (ADL), or two instrumental ADLs. Participants were randomly assigned to a control group that performed a 9-month low-intensity home exercise program (control) or an exercise-training program (ET). The control intervention primarily consisted of flexibility exercises. ET began with 3 months of flexibility, light-resistance, and balance training. During the next 3 months, resistance training was added, and, during the next 3 months, endurance training was added. Modified PPT score, VO2 peak, performance of ADLs as measured by the Older Americans Resources and Services instrument, and the Functional Status Questionnaire (FSQ). ET resulted in significantly greater improvements than home exercise in three of the four primary outcome measures. Adjusted 95% confidence bounds on the magnitude of improvement in the ET group compared with the control group were 1.0 to 5.2 points for the modified PPT score, 0.9 to 3.6 mL/kg/min for VO2 peak, and 1.6 to 4.9 points for the FSQ score. Our results show that intensive ET can improve measures of physical function and preclinical disability in older adults who have impairments in physical performance and oxygen uptake and are not taking hormone replacement therapy better than a low-intensity home exercise program.",PubMed,https://pubmed.ncbi.nlm.nih.gov/12473001/,doi:10.1046/j.1532-5415.2002.50601.x,include_title_abs,Potential eligible RCT at title/abstract stage,B_secondary_fulltext,"Frailty RCT candidate, setting or delivery less directly Indian-primary-care relevant"
28144914,,10.1007/s40520-016-0715-2,"The ""Sarcopenia and Physical fRailty IN older people: multi-componenT Treatment strategies"" (SPRINTT) randomized controlled trial: design and methods.",Landi F; Cesari M; Calvani R; Cherubini A; Di Bari M; Bejuit R; Mshid J; Andrieu S; Sinclair AJ; Sieber CC,2017,Aging clinical and experimental research,"The sustainability of health and social care systems is threatened by a growing population of older persons with heterogeneous needs related to multimorbidity, frailty, and increased risk of functional impairment. Since disability is difficult to reverse in old age and is extremely burdensome for individuals and society, novel strategies should be devised to preserve adequate levels of function and independence in late life. The development of mobility disability, an early event in the disablement process, precedes and predicts more severe forms of inability. Its prevention is, therefore, critical to impede the transition to overt disability. For this reason, the Sarcopenia and Physical fRailty IN older people: multi-componenT Treatment strategies (SPRINTT) project is conducting a randomized controlled trial (RCT) to test a multicomponent intervention (MCI) specifically designed to prevent mobility disability in high-risk older persons. SPRINTT is a phase III, multicenter RCT aimed at comparing the efficacy of a MCI, based on long-term structured physical activity, nutritional counseling/dietary intervention, and an information and communication technology intervention, versus a healthy aging lifestyle education program designed to prevent mobility disability in 1500 older persons with physical frailty and sarcopenia who will be followed for up to 36 months. The primary outcome of the SPRINTT trial is mobility disability, operationalized as the inability to walk for 400 m within 15 min, without sitting, help of another person, or the use of a walker. Secondary outcomes include changes in muscle mass and strength, persistent mobility disability, falls and injurious falls, disability in activities of daily living, nutritional status, cognition, mood, the use of healthcare resources, cost-effectiveness analysis, quality of life, and mortality rate. SPRINTT results are expected to promote significant advancements in the management of frail older persons at high risk of disability from both clinical and regulatory perspectives. The findings are also projected to pave the way for major investments in the field of disability prevention in old age.",PubMed,https://pubmed.ncbi.nlm.nih.gov/28144914/,doi:10.1007/s40520-016-0715-2,include_title_abs,Potential eligible RCT at title/abstract stage,B_secondary_fulltext,"Frailty RCT candidate, setting or delivery less directly Indian-primary-care relevant"
16608136,,10.1007/BF03324640,Effects of a group-based exercise program on functional abilities in frail older women after hospital discharge.,Timonen L; Rantanen T; Mäkinen E; Timonen TE; Törmäkangas T; Sulkava R,2006,Aging clinical and experimental research,"An acute illness may place older frail people at increased risk of losing independence in functional abilities. Physical exercise may reduce the risk by improving muscle strength and balance. However, the effects of physical training on functional abilities have not been studied among frail, very old people recovering from an acute illness. The aim of this study was to determine the effects of a group-based exercise program on their ability to carry out self-care (ADL) and instrumental activities (IADL) relevant to daily life after discharge from hospital. This randomized controlled trial examined 68 community-dwelling women aged 75 years or older (mean age 83.0, SD 3.9) who were hospitalized due to an acute illness, and were mobility-impaired at admission. Participants were recruited from the geriatric ward of a primary-care health-center hospital, and were randomized into group-based strength training (n=34) and control (n=34) groups. The 10-week group-based intervention included strength training and functional exercises. The control group received instructions for a home exercise training program, including functional exercises but no further encouragement to exercise. The level of independence in ADL and IADL was evaluated, using a 13-item scale with stepwise grading from fully independent to fully dependent. Measurements took place immediately before and after the intervention, and three and nine months later. The intervention did not have any significant main effect (p = 0.407), nor was there any significant interaction between follow-up time and intervention (p = 0.854). The multicomponent outpatient strength training program did not improve autonomy in expert-evaluated ADL/IADL functions.",PubMed,https://pubmed.ncbi.nlm.nih.gov/16608136/,doi:10.1007/bf03324640,include_title_abs,Potential eligible RCT at title/abstract stage,B_secondary_fulltext,"Frailty RCT candidate, setting or delivery less directly Indian-primary-care relevant"
31617926,PMC6806429,10.1001/jamanetworkopen.2019.13346,Assessment of Sarcopenia Among Community-Dwelling At-Risk Frail Adults Aged 65 Years and Older Who Received Multidomain Lifestyle Interventions: A Secondary Analysis of a Randomized Clinical Trial.,Lu Y; Niti M; Yap KB; Tan CTY; Zin Nyunt MS; Feng L; Tan BY; Chan G; Khoo SA; Chan SM,2019,JAMA network open,"There is little understanding of the outcomes associated with active lifestyle interventions for sarcopenia among older persons. To determine the association of 6-month multidomain lifestyle interventions (physical exercise, nutritional enhancement, cognitive training, combined treatment, and standard care) with change in sarcopenia status and physical function among adults 65 years and older. Post hoc secondary analysis of a parallel-group randomized clinical trial conducted from September 1, 2012, to September 1, 2014, at community centers providing services to elderly individuals in Singapore. Participants included a subsample of 92 community-dwelling prefrail or frail older persons with sarcopenia aged 65 years and older. Data were analyzed from June 1, 2017, to January 1, 2018. The 5 intervention groups were a 6-month duration of physical exercise that included resistance and balance training, nutritional enhancement with a commercial oral nutrition supplement formula, cognitive training, a combination of the preceding 3 interventions, and standard care (control). Primary outcomes were changes in sarcopenia status and its components, appendicular skeletal muscle index (ASMI), knee extension strength (KES), and gait speed (GS) at 3 months and 6 months following the intervention. Sarcopenia was defined as the presence of both low ASMI and low KES and/or GS. In 92 participants with sarcopenia, the mean (SD) age was 70.0 (4.7) years and 59 (64.1%) were female. Seventy-eight participants received active interventions and 14 received standard care. Of 92 total participants, the number who remained sarcopenic was reduced to 48 (of 73) after 3 months and 51 (of 75) after 6 months of intervention, indicating that 25 of 92 participants (27.2%) experienced sarcopenia reduction at 3 months and 24 of 92 (26.1%) had sarcopenia reduction at 6 months. Low KES was present in 88 of 92 patients (95.6%), and low GS in 30 of 92 patients (32.6%) at baseline. Among the components of sarcopenia, GS had the greatest change associated with active interventions, with 22 of 30 participants (73.3%) free of low GS at 6 months; in comparison, 17 of 88 participants (19.3%) were free of low KES at 6 months and 7 of 92 participants (7.6%) were free of low ASMI at 6 months. Men experienced greater reduction in sarcopenia than women (χ2 = 5.925; P = .02), as did those with younger age (t = -2.078; P = .04) or higher ASMI (mean [SD] ASMI, 5.74 [0.77] vs 5.14 [0.77] kg/m2; P = .002). Participants in the active intervention group experienced statistically significant decreases in sarcopenia score and its components at 3 months and 6 months from baseline (F = 14.138; P < .001), but the intervention was not associated with significant differences in ASMI, KES, and GS vs standard care. This study suggests that older persons with sarcopenia are responsive to the effects of multidomain lifestyle interventions. Sarcopenia reduction was most pronounced through improved gait speed, and occurred more among those who were male, were younger, or had greater muscle mass.",PubMed,https://pubmed.ncbi.nlm.nih.gov/31617926/,doi:10.1001/jamanetworkopen.2019.13346,include_title_abs,Potential eligible RCT at title/abstract stage,B_secondary_fulltext,"Frailty RCT candidate, setting or delivery less directly Indian-primary-care relevant"
39815171,PMC11734348,10.1186/s12877-024-05539-4,Continuous high-soy protein soymilk intake affects ordinary walking speed in the Japanese pre-frail and frail elderly: a randomized controlled trial.,Sato N; Terashima Y; Sugawara M; Unno R; Asao H; Iwasaki M; Watanabe T; Uno T; Maruyama M,2025,BMC geriatrics,"To investigate whether continuous intervention using soymilk containing high soy protein improves physical frailty, a randomized controlled trial was conducted among the Japanese pre-frail and frail elderly. Japanese pre-frail and frail elderly participants (n = 73) were randomly assigned to the high-soy protein and control groups, who then ingested soymilk containing 14.5 g/200 ml and 3.2 g/200 ml of soy protein, respectively. Before and after the 12-week intervention, walking speed, skeletal muscle mass, grip strength, and the revised Japanese CHS questionnaire regarding fatigue and physical activity were examined to evaluate the impact of each soymilk on physical frailty and compare the variation between the two groups. Physical activity (monitored using a pedometer), dietary intake (determined by questionnaire), and estimated protein intake (determined by casual urine testing) were also recorded before and after the intervention. For the final analysis of the entire cohort (n = 70), there were no significant differences in the endpoints between the two groups. In the subgroup analysis, among participants with a walking speed of at least 1 m/s (n = 35, P = 0.012) and at least 5,000 steps/day before intervention (n = 27, P = 0.0083), the variation in walking speed after the 12-week intervention was significantly higher in the high-soy protein group than in the control group. Estimated protein intake was also significantly higher in the high-soy protein group than in the control group after the intervention. Regarding physical activity and dietary intake, no significant differences were observed between the groups before or after the intervention. The continuous 12-week intervention of high soy protein increased the walking speed among the Japanese pre-frail and frail elderly participants who had an ordinarily high walking speed and high step counts. UMIN Clinical Trials Registry, UMIN000044999. Registered July 29, 2021; https://center6.umin.ac.jp/cgi-open-bin/ctr/ctr_view.cgi?recptno=R000051409 .",PubMed,https://pubmed.ncbi.nlm.nih.gov/39815171/,doi:10.1186/s12877-024-05539-4,include_title_abs,Potential eligible RCT at title/abstract stage,B_secondary_fulltext,"Frailty RCT candidate, setting or delivery less directly Indian-primary-care relevant"
27075909,,10.3945/jn.115.228965,Medium-Chain Triglycerides in Combination with Leucine and Vitamin D Increase Muscle Strength and Function in Frail Elderly Adults in a Randomized Controlled Trial.,Abe S; Ezaki O; Suzuki M,2016,The Journal of nutrition,"Sarcopenia, the loss of skeletal muscle mass, strength, and function, is common in elderly individuals but difficult to treat. A combination of nutrients was investigated to treat sarcopenia in very frail elderly adults. We enrolled 38 elderly nursing home residents (11 men and 27 women with a mean ± SD age of 86.6 ± 4.8 y) in a 3-mo randomized, controlled, single-blind, parallel group trial. The participants were randomly allocated to 3 groups. The first group received a daily l-leucine (1.2 g) and cholecalciferol (20 μg)-enriched supplement with 6 g medium-chain triglycerides (TGs) (MCTs) (LD + MCT); the second group received the same leucine and cholecalciferol-enriched supplement with 6 g long-chain TGs (LD + LCT); and the third group did not receive any supplements (control). The supplement and oils were taken at dinner, and changes in muscle mass, strength, and function were monitored. The increase in body weight in the LD + MCT (1.1 ± 1.0 kg) and LD + LCT (0.8 ± 1.1 kg) groups was greater than that in the control group (-0.5 ± 0.9 kg) (P < 0.05). After 3 mo, participants in the LD + MCT group had a 13.1% increase in right-hand grip strength (1.2 ± 1.0 kg, P < 0.01), a 12.5% increase in walking speed (0.078 ± 0.080 m/s, P < 0.05), a 68.2% increase in a 10-s leg open-and-close test performance (2.31 ± 1.68 n/10 s, P < 0.001), and a 28.2% increase in peak expiratory flow (53 ± 59 L/min, P < 0.01). No significant improvements in muscle mass, strength, or function were observed in the LD + LCT or control groups. The combined supplementation of MCTs (6 g), leucine-rich amino acids, and cholecalciferol at dinner may improve muscle strength and function in frail elderly individuals. This trial was registered at the University Hospital Medical Information Network Clinical Trials Registry as UMIN000017567.",PubMed,https://pubmed.ncbi.nlm.nih.gov/27075909/,doi:10.3945/jn.115.228965,include_title_abs,Potential eligible RCT at title/abstract stage,B_secondary_fulltext,"Frailty RCT candidate, setting or delivery less directly Indian-primary-care relevant"
30272850,,10.6133/apjcn.032018.02,Dietary education with customised dishware and food supplements can reduce frailty and improve mental well-being in elderly people: A single-blind randomized controlled study.,Wu SY; Hsu LL; Hsu CC; Hsieh TJ; Su SC; Peng YW; Guo TM; Kang YW; Pan WH,2018,Asia Pacific journal of clinical nutrition,"The elderly population is increasing rapidly worldwide, and frailty is a common geriatric syndrome. Comprehensive dietary management strategies may have beneficial effects on frailty prevention and reversal. This 3-month single-blind, paralleled, randomized controlled trial compared the effects of micronutrients and/or protein supplements, and a personalised diet on frailty status in elderly individuals. Between 2014 and 2015, 40 prefrail or frail subjects aged >=65 years were recruited at Miaoli General Hospital, Taiwan. Of these, 37 completed the study, and 36 were included in the analysis. Participants were randomly assigned to one of four treatment groups: (1) the control (2) multiple micronutrient supplements, (3) multiple micronutrients plus isolated soy protein supplement, and (4) individualised nutrition education with customised dishware and food supplements (mixed nuts and skimmed milk powder). Dietary intake, protein biomarkers, frailty score, and geriatric depression score were assessed. Individualised nutrition education with customised dishware and food supplements significantly increased the participants' intake of vegetables, dairy, and nuts, in addition to increasing the concentration of urinary urea nitrogen. It yielded a significant reduction in frailty score (p<0.05) and a borderline reduction (p=0.063) in geriatric depression score. No significant beneficial changes were observed for the other two intervention groups. Our study indicated that a dietary approach with easy-to-comprehend dishware and food supplements to optimize the distribution of the consumption of six food groups improved frailty status and, potentially, psychological well-being in elderly people.",PubMed,https://pubmed.ncbi.nlm.nih.gov/30272850/,doi:10.6133/apjcn.032018.02,include_title_abs,Potential eligible RCT at title/abstract stage,B_secondary_fulltext,"Frailty RCT candidate, setting or delivery less directly Indian-primary-care relevant"
16339329,,10.1093/gerona/60.11.1425,"Effects of progressive resistance training on body composition in frail older adults: results of a randomized, controlled trial.",Binder EF; Yarasheski KE; Steger-May K; Sinacore DR; Brown M; Schechtman KB; Holloszy JO,2005,"The journals of gerontology. Series A, Biological sciences and medical sciences","Progressive resistance exercise training (PRT) has been shown to increase muscle strength and fat-free mass (FFM) in elderly persons. Limited information is available regarding the effects of PRT on lean and fat mass in frail elderly persons. Ninety-one community-dwelling sedentary men and women, 78 years and older with physical frailty (defined using standardized objective criteria) were enrolled in a 9-month trial of exercise training (ET). Physical frailty was defined as having 2 of the 3 following criteria: modified Physical Performance Test score between 18 and 32, peak aerobic power between 10 and 18 ml/kg/min, or self-report of difficulty or assistance with two instrumental activities of daily living or one basic activity of daily living. Participants were randomly assigned to either a control (CTL) group that performed a low intensity home exercise program or a supervised ET group that performed 3 months of low intensity exercise and 3 months of PRT. After completion of PRT, ET participants had greater improvements than did CTL participants in maximal voluntary force production for knee extension (mean Delta +5.3 +/- 13 ft/lb vs +1.1 +/- 11 ft/lb, p =.05), measured using isokinetic dynamometry. Total body FFM (measured using dual energy x-ray absorptiometry) increased in the ET group, but not in the CTL group (mean Delta +0.84 +/- 1.4 kg vs +0.01 +/- 1.5 kg, p =.005). Total, trunk, intra-abdominal, and subcutaneous fat mass (measured using dual energy x-ray absorptiometry and (1)H-magnetic resonance imaging) did not change in response to PRT. Three months of supervised PRT induced improvements in maximal voluntary thigh muscle strength and whole body FFM in frail, community-dwelling elderly women and men. This supervised exercise program may not be sufficient to reduce whole-body or intra-abdominal fat area in this population.",PubMed,https://pubmed.ncbi.nlm.nih.gov/16339329/,doi:10.1093/gerona/60.11.1425,include_title_abs,Potential eligible RCT at title/abstract stage,B_secondary_fulltext,"Frailty RCT candidate, setting or delivery less directly Indian-primary-care relevant"
27093202,,10.14283/jfa.2012.22,Design of a Physical Activity Program to Prevent Functional Decline in Onco-Geriatric Patients (CAPADOGE): A Randomized Multicenter Trial.,Durrieu J; Doussau A; Rieger A; Terrebonne E; Bouabdallah K; Zwolakowski MD; Maget B; Dauba J; Mariette C; Trager S,2012,The Journal of frailty & aging,"Cancer in older patient favours the development of frailty: feeling of exhaustion, loss of weight, decreased muscle strength, slow gait speed, and low physical activity. To evaluate the efficacy of adapted physical activity phone advices in limiting the cancer-induced loss of autonomy and frailty phenotype development. Multicenter randomized controlled trial. Patients (>70y) undergoing curative treatment for cancer (n=400) will be recruited from 12 centres. The intervention consists in phoned personalized physical activity advices related to strength, aerobic, balance, proprioception, and flexibility. The contacts are performed twice a month during six months and then monthly until 1 year. The intervention complements the PNNS booklet advices (National Nutritional Health Program). The trial compares «individualized phone advices + PNNS» to «usual care + PNNS». Functional, cognitive, clinical and self-reported data are assessed before treatment and at 3, 6, 12, 18, and 24 month follow-up. The primary outcome is the proportion of subjects with a one-year decreased SPPB (Short Physical Performance Battery) score of one point or more, as compared to baseline. The secondary outcomes include quality of life items, rate of hospitalizations, institutionalizations, mortality, Fried phenotype at 1 and 2 years, and the SPPB score at 2 years. This large trial will provide clinical data of the effects of an exercise advices intervention in older patients during cancer therapy on function and cognition evolution, and quality of life. The possibilities of minimizing the development of frailty phenotype due to these advices will be explored.",PubMed,https://pubmed.ncbi.nlm.nih.gov/27093202/,doi:10.14283/jfa.2012.22,include_title_abs,Potential eligible RCT at title/abstract stage,B_secondary_fulltext,"Frailty RCT candidate, setting or delivery less directly Indian-primary-care relevant"
27547746,PMC4991881,10.14283/jpad.2016.94,"Neuropsychological Profile of ""Cognitive Frailty"" Subjects in MAPT Study.",Delrieu J; Andrieu S; Pahor M; Cantet C; Cesari M; Ousset PJ; Voisin T; Fougère B; Gillette S; Carrie I,2016,The journal of prevention of Alzheimer's disease,"An international group proposed the existence of ""cognitive frailty"", a condition defined by simultaneous presence of physical frailty and cognitive impairment in the absence of dementia. The objective was to compare the neuropsychological profiles in subgroups of elders differentiated across their physical frailty (Fried phenotype) and cognitive status (Clinical Dementia Rating score) to characterize the ""cognitive frailty"" entity. We studied baseline characteristics of 1,617 subjects enrolled in Multidomain Alzheimer Disease Preventive Trial (MAPT). Included subjects were aged 70 years or older and presented at least 1 of the 3 following clinical criteria: (1) Memory complaint spontaneously reported to a general practitioner, (2) limitation in one instrumental activity of daily living, (3) slow gait speed. Subjects with dementia were not included in the trial. ""Cognitive frailty individuals"" significantly differed from ""individuals with cognitive impairment and without physical frailty"", scoring worse at executive, and attention tests. They presented subcortico-frontal cognitive pattern different of Alzheimer Disease. Cognitive performance of subjects with 3 criteria or more of the frailty phenotype are cognitively more impaired than subjects with only one. The characterization of ""cognitive frailty"" must be done in frail subjects to set up specific preventive clinical trials for this population.",PubMed,https://pubmed.ncbi.nlm.nih.gov/27547746/,doi:10.14283/jpad.2016.94,include_title_abs,Potential eligible RCT at title/abstract stage,B_secondary_fulltext,"Frailty RCT candidate, setting or delivery less directly Indian-primary-care relevant"
41931963,PMC13087472,10.1016/j.jnha.2026.100838,Effect of a protein intervention during resistance training with varying training intensities on muscle outcomes in frail community-dwelling older adults: a randomized controlled trial.,Biersteker EJM; Benali M; den Helder JV; Twisk J; Tieland M; Weijs PJM; Schoufour JD,2026,"The journal of nutrition, health & aging","Optimising nutritional and exercise strategies is essential to preserve muscle health and physical function in frail older adults. This study aims to investigate the effects of a protein intervention during progressive resistance training (PRT) with varying training intensities on muscle strength, muscle mass, and physical performance in frail community-dwelling older adults. We were particularly interested in whether these effects differed according to variations in habitual protein intake and resistance training intensity. Secondary analysis of a randomized controlled trial. This 12-week RCT randomized 295 frail community-dwelling older adults into PRT-only or PRT with a protein intervention (PRT-Pro). Frailty was defined by receipt of in-home care services or a Tilburg Frailty Indicator score ≥5. All participants performed under one-to-one supervision, twice-weekly full-body resistance training performed until muscle failure with varying training intensities (20-80% of one-repetition maximum (1RM)). Participants in the protein intervention group received dietary counselling and tailored daily provision of whey protein supplements (20 g) to support achieving a protein intake of 1.2-1.5 g/kg/day. To prevent over-feeding, for participants with a BMI > 30 kg/m2, bodyweight was adjusted using a BMI of 27.5 kg/m2. Primary outcome was leg press muscle strength (1RM). Secondary outcomes included appendicular lean mass and physical performance. Participants had a mean age of 73.9 ± 6.0, with 69% being female. Protein intake increased in PRT-Pro compared to PRT-only (0.4 g/kg, 95%CI: 0.3-0.5, p < 0.001). Overall, the protein intervention did not result in significantly greater gains in leg press muscle strength, appendicular lean mass, or physical performance compared to PRT-only (p > 0.05). In exploratory subgroup analyses, participants with baseline habitual protein intake <1.2 g/kg showed greater improvements in leg press strength with protein intervention (6.4 kg, 95% CI: 1.3-11.4, p = 0.013), with the largest effect observed in those <0.8 g/kg (10.9 kg, 95% CI: 1.5-20.4, p = 0.025) compared with PRT-only. Training intensity did not modify the effects of the protein intervention. A protein intervention during resistance training did not enhance overall muscle strength, muscle mass, or physical performance in frail older adults. The protein intervention was associated with greater strength gains in exploratory analyses among participants with lower baseline protein intake (<1.2 g/kg/day), with the most pronounced associations observed in those consuming <0.8 g/kg/day. These findings highlight the potential importance of baseline protein status, although they require confirmation in larger trials involving frail older populations. NL-OMON54919 (at ICTRP Search Portal), date of registration: 09-02-2021.",PubMed,https://pubmed.ncbi.nlm.nih.gov/41931963/,doi:10.1016/j.jnha.2026.100838,include_title_abs,Potential eligible RCT at title/abstract stage,B_secondary_fulltext,"Frailty RCT candidate, setting or delivery less directly Indian-primary-care relevant"
42038818,PMC13108446,10.1093/jbmrpl/ziag052,Effect of leucine-enriched essential amino acid supplementation combined with different exercise regimen on appendicular skeletal muscle mass and muscle performance in older adults: an open label randomized controlled trial.,Thavonlun C; Limsapjaroen J; Yoosuk P; Mahaisavariya C,2026,JBMR plus,"Sarcopenia in older adults increases fall risk and frailty. Improving muscle mass and function enhances balance and supports basic activities of daily living. Leucine-enriched essential amino acid supplementation combined with resistance training has been shown to enhance muscle performance. The present study evaluated muscle performance outcomes after 6 mo of these treatments. In an open-label randomized controlled trial, 66 participants were randomized equally to control and intervention groups (n = 33 each). Both groups consumed daily leucine-enriched essential amino acid supplements after exercise. The intervention group performed resistance training, and the control group followed regular walking and strengthening exercises. Primary outcomes were appendicular skeletal muscle mass index (ASMI), gait speed, and hand grip strength. Safety was assessed by adverse event reporting and laboratory tests. The results of this study show no significant improvement in ASMI in either group after 6 mo. Both groups demonstrated significant gait speed improvements, with no between-group difference. Hand grip strength improved only in the non-dominant hand of the control group. No serious adverse events occurred, and kidney function remained stable. In conclusion, 6 mo of daily leucine-enriched essential amino acid supplementation combined with exercise did not increase ASMI among healthy older adults. Gait speed showed a positive association with supplementation and daily exercise regardless of regimen. Improvement in hand grip strength was observed only in the non-dominant hand, warranting further investigation to clarify the effect of supplementation combined with exercise. Additional clinical studies are required to establish the effectiveness of this regimen in preserving muscle mass and enhancing functional performance. Clinical trial registration: This study has been registered with the Thai Clinical Trials Registry (ID: TCTR20210824002).",PubMed,https://pubmed.ncbi.nlm.nih.gov/42038818/,doi:10.1093/jbmrpl/ziag052,include_title_abs,Potential eligible RCT at title/abstract stage,B_secondary_fulltext,"Frailty RCT candidate, setting or delivery less directly Indian-primary-care relevant"
30379302,PMC12275579,10.1007/s12603-018-1101-x,The Effectiveness of a PRoactive Multicomponent Intervention Program on Disability in Independently Living Older People: A Randomized Controlled Trial.,van Lieshout MRJ; Bleijenberg N; Schuurmans MJ; de Wit NJ,2018,"The journal of nutrition, health & aging","There is an increase in functional limitations and a decline in physical and mental well-being with age. Very few effective lifestyle interventions are available to prevent adverse outcomes such as disability in (pre-) frail older people. The effectiveness of an interdisciplinary multicomponent intervention program to prevent disability in older people in the community was tested. A randomized controlled trial (RCT) with a one-year follow-up was conducted in the Netherlands. Community-dwelling pre-frail older people aged 65 years and over were invited to participate. Frailty was measured with the Groningen Frailty Indicator (GFI) and categorized into non-frail (GFI=0), pre-frail (GFI = 1-3) and frail (GFI ≥ 4). The intervention program consisted of four components: a medication review, physical fitness, social skills, and nutrition. The primary outcome was activity of daily living (ADL) measured with the Katz-6. Secondary outcomes were quality of life (SF-12) and healthcare consumption such as hospital admission, nursing home admission and primary care visits. Additional outcomes measured in the intervention group were physical fitness, Instrumental Activities of Daily Living (IADL), muscle strength, walking speed, functional capacity, mobility, feelings of depression and loneliness and nutritional status. The data were collected at baseline, after each intervention component and at a 12-month follow-up. An intention to treat analysis was used. In total, there were 290 participants, and 217 (74.8%) completed the study. The mean age was 74 (SD: 7.2), most were pre-frail (59.9%), the majority were female (55.2%), and the individuals were not living alone (61.4%). After the 12-month follow-up, the median Katz-6 score did not change significantly between the two groups; adjusted Odds Ratio (OR) = 0.96 (95% Confidence Interval (CI): 0.39-2.35, p-value 0.92). No statistically significant differences were observed between the groups for quality of life and healthcare consumption. Among the participants in the intervention group, IADL (Friedman's test p <=0.04, X2 =6.50), walking speed (Friedman's test p <0.001, X2 =19.09) and functional capacity (Friedman's test p <0.001, X2 =33.29) improved significantly after the one-year follow-up. Right-hand grip strength improved immediately after completion of the intervention (Wilcoxon signed-rank test p=0.00, z= -3.39) but not after the 12-month follow-up. The intervention program did not significantly improve daily functioning, quality of life and healthcare consumption among (pre) frail community-dwelling older persons at the one-year follow-up. Participants in the intervention group experienced improvements in walking speed, functional capacity and instrumental activities of daily living. More research is needed to better understand why may benefit and how to identify the target population.",PubMed,https://pubmed.ncbi.nlm.nih.gov/30379302/,doi:10.1007/s12603-018-1101-x,include_title_abs,Potential eligible RCT at title/abstract stage,B_secondary_fulltext,"Frailty RCT candidate, setting or delivery less directly Indian-primary-care relevant"
37720080,PMC10502309,10.3389/fspor.2023.1171220,Empowering frail older adults: multicomponent elastic-band exercises and BCAA supplementation unleash physical health and preserve haematological biomarkers.,Caldo-Silva A; Furtado GE; Chupel MU; Letieri RV; Neves RS; Direto F; Barros MP; Bachi ALL; Matheu A; Martins F,2023,Frontiers in sports and active living,"The effectiveness of Branched Chain Amino Acids (BCAAs) supplementation on enhancing exercise performance in both young and older adults remains a topic of debate. Recent research suggests that BCAAs combined with regular exercise might have an impact on human erythropoiesis, blood dynamics, and iron homeostasis. Given the increasing longevity of the global population, it is crucial to investigate the potential benefits of BCAA supplementation and regular exercise as non-pharmacological interventions for improving the overall health of frail older adults. To assess the influence of a 40-week multicomponent exercise intervention (MEP) combined BCCA supplementation on the haematological indicators of frail older adults (83-93 years old) residing in nursing homes. A prospective, naturalistic, controlled clinical trial employing an intervention-washout-intervention was conducted for this purpose. The study included four experimental groups: MEP plus BCAA supplementation (MEP + BCAA, n = 8), MEP only (n = 7), BCAA supplementation only (n = 7), and control group non exercising (CG, n = 13). Fried's physical frailty (PF) protocol was employed to stratify the participants. Additionally, the assessment included the evaluation of nutritional status, comorbidities, and anthropometric measurements. Among the several haematological markers examined, only mean cellular Haemoglobin Concentration (MCH) [F = 4.09; p < 0.03] and Mean Cell haemoglobin Concentration (MCHC) [F = 10, 323; p < 0,0001] showed significant effects of time group. Our findings demonstrate that a long-term intervention with BCAA plus MEP did not lead to significant alterations in the haematological profile. An 8-week withdrawal from interventions did not affect the frailty status in the MEP and MEP + BCAA groups, whereas the control group exhibited an increase in PF status. The findings, demonstrating the potential pro-immune effect and maintenance of MCH and MCHC levels, highlight the relevance of incorporating exercise and nutritional strategies to promote healthy aging. This study contributes to the achievement of the United Nations Sustainable Development Goals 3 (good health and well-being) and 10 (reduced Inequalities) for all.",PubMed,https://pubmed.ncbi.nlm.nih.gov/37720080/,doi:10.3389/fspor.2023.1171220,include_title_abs,Potential eligible RCT at title/abstract stage,B_secondary_fulltext,"Frailty RCT candidate, setting or delivery less directly Indian-primary-care relevant"
18851754,PMC2579913,10.1186/1471-2318-8-27,Frailty Intervention Trial (FIT).,Fairhall N; Aggar C; Kurrle SE; Sherrington C; Lord S; Lockwood K; Monaghan N; Cameron ID,2008,BMC geriatrics,"Frailty is a term commonly used to describe the condition of an older person who has chronic health problems, has lost functional abilities and is likely to deteriorate further. However, despite its common use, only a small number of studies have attempted to define the syndrome of frailty and measure its prevalence. The criteria Fried and colleagues used to define the frailty syndrome will be used in this study (i.e. weight loss, fatigue, decreased grip strength, slow gait speed, and low physical activity). Previous studies have shown that clinical outcomes for frail older people can be improved using multi-factorial interventions such as comprehensive geriatric assessment, and single interventions such as exercise programs or nutritional supplementation, but no interventions have been developed to specifically reverse the syndrome of frailty.We have developed a multidisciplinary intervention that specifically targets frailty as defined by Fried et al. We aim to establish the effects of this intervention on frailty, mobility, hospitalisation and institutionalisation in frail older people. A single centre randomised controlled trial comparing a multidisciplinary intervention with usual care. The intervention will target identified characteristics of frailty, functional limitations, nutritional status, falls risk, psychological issues and management of chronic health conditions. Two hundred and thirty people aged 70 and over who meet the Fried definition of frailty will be recruited from clients of the aged care service of a metropolitan hospital. Participants will be followed for a 12-month period. This research is an important step in the examination of specifically targeted frailty interventions. This project will assess whether an intervention specifically targeting frailty can be implemented, and whether it is effective when compared to usual care. If successful, the study will establish a new approach to the treatment of older people at risk of further functional decline and institutionalisation. The strategies to be examined are readily transferable to routine clinical practice and are applicable broadly in the setting of aged care health services. Australian New Zealand Clinical Trails Registry: ACTRN12608000250336.",PubMed,https://pubmed.ncbi.nlm.nih.gov/18851754/,doi:10.1186/1471-2318-8-27,include_title_abs,Potential eligible RCT at title/abstract stage,B_secondary_fulltext,"Frailty RCT candidate, setting or delivery less directly Indian-primary-care relevant"
23134737,PMC3538686,10.1186/1471-2318-12-68,Residual effects of muscle strength and muscle power training and detraining on physical function in community-dwelling prefrail older adults: a randomized controlled trial.,Zech A; Drey M; Freiberger E; Hentschke C; Bauer JM; Sieber CC; Pfeifer K,2012,BMC geriatrics,"Although resistance exercise interventions have been shown to be beneficial in prefrail or frail older adults it remains unclear whether there are residual effects when the training is followed by a period of detraining. The aim of this study was to establish the sustainability of a muscle power or muscle strength training effect in prefrail older adults following training and detraining. 69 prefrail community-dwelling older adults, aged 65-94 years were randomly assigned into three groups: muscle strength training (ST), muscle power training (PT) or controls. The exercise interventions were performed for 60 minutes, twice a week over 12 weeks. Physical function (Short Physical Performance Battery=SPPB), muscle power (sit-to-stand transfer=STS), self-reported function (SF-LLFDI) and appendicular lean mass (aLM) were measured at baseline and at 12, 24 and 36 weeks after the start of the intervention. For the SPPB, significant intervention effects were found at 12 weeks in both exercise groups (ST: p = 0.0047; PT: p = 0.0043). There were no statistically significant effects at 24 and 36 weeks. In the ST group, the SPPB declined continuously after stop of exercising whereas the PT group and controls remained unchanged. No effects were found for muscle power, SF-LLFDI and aLM. The results showed that both intervention types are equally effective at 12 weeks but did not result in statistically significant residual effects when the training is followed by a period of detraining. The unchanged SPPB score at 24 and 36 weeks in the PT group indicates that muscle power training might be more beneficial than muscle strength training. However, more research is needed on the residual effects of both interventions. Taken the drop-out rates (PT: 33%, ST: 21%) into account, muscle power training should also be used more carefully in prefrail older adults. This trial has been registered with clinicaltrials.gov (NCT00783159)",PubMed,https://pubmed.ncbi.nlm.nih.gov/23134737/,doi:10.1186/1471-2318-12-68,include_title_abs,Potential eligible RCT at title/abstract stage,B_secondary_fulltext,"Frailty RCT candidate, setting or delivery less directly Indian-primary-care relevant"
36328878,,10.1016/j.jgo.2022.09.011,Physical exercise program to older frail patients receiving chemotherapy for colorectal cancer - feasibility and experiences from the GERICO study.,Olsen AP; Vinther A; Ragle AM; Dolin TG; Johansen JS; Vistisen K; Nielsen DL; Lund CM,2023,Journal of geriatric oncology,"Older and frail patients with cancer are at high risk of physical and functional decline during chemotherapy. Exercise interventions can often counteract chemotherapy related toxicity and may help patients to improve or retain physical function and quality of life. Studies evaluating feasibility and the effect of exercise in older patients are lacking. The aim of this study was to investigate the feasibility and effect of an exercise intervention in older frail patients during chemotherapy for colorectal cancer (CRC). This is a secondary analysis from the GERICO study investigating the effect of geriatric interventions in frail patients ≥70 years receiving chemotherapy for CRC. All patients in the present analysis were patients randomized to geriatric interventions and who were found physically frail (low handgrip strength or slow 10 m gait speed) and therefore offered referral to the exercise program for twelve weeks. We evaluated reasons for dropping out and feasibility of an individually tailored exercise program twice a week for twelve weeks. Each 60 min session comprised warm-up followed by progressive resistance training and cool-down followed by an oral protein supplement. Baseline characteristics and the effect of exercise for patients with high and low adherence (attendance of <50% of exercise sessions) were compared. Of 71 patients in the intervention group, 47 (66%) were found physically frail and were offered referral to the exercise program. Seven patients were referred to municipal physiotherapy before study start. In the remaining population (N = 40) 19 had exercise adherence >50% and 21 had no or low exercise adherence. Baseline characteristics were similar between patients with high and low/no adherence, except for sex (68% and 33% were men in high and low/ no adherence group, respectively). Patients with >50% attendance had significant improvements in physical tests after twelve weeks of exercise. Low adherence to the exercise program was seen due to lack of energy and/or treatment related adverse events. Patients with high adherence benefitted from exercise during chemotherapy but did not differ from patients with low adherence at baseline. Consequently, exercise should be offered to all older frail patients receiving chemotherapy for CRC.",PubMed,https://pubmed.ncbi.nlm.nih.gov/36328878/,doi:10.1016/j.jgo.2022.09.011,include_title_abs,Potential eligible RCT at title/abstract stage,B_secondary_fulltext,"Frailty RCT candidate, setting or delivery less directly Indian-primary-care relevant"
37887975,PMC10606811,10.3390/geriatrics8050102,Can Leucine Supplementation Improve Frailty Index Scores?,Buigues C; Theou O; Fonfría-Vivas R; Martínez-Arnau FM; Rockwood K; Cauli O,2023,"Geriatrics (Basel, Switzerland)","Sarcopenia and frailty are important conditions that become increasingly prevalent with age. There is partial overlap between the two conditions, especially in terms of the physical aspects of the frailty phenotype: low grip strength, gait speed, and muscle mass. This study examined whether administration of the essential branched-chain amino acid leucine, besides improving sarcopenia, may reduce frailty assessed by frailty index (FI) in older institutionalized people living in nursing homes. We conducted a secondary analysis of a placebo-controlled, randomized, double-blind design study (ClinicalTrials.gov NCT03831399). The study included fifty males and females aged 65 and over who were living in nursing homes and did not have dementia. The participants were randomized to a parallel group intervention of 13 weeks' duration, with a daily intake of leucine (6 g/day) or placebo (lactose, 6 g/day). The outcome of this study was to evaluate whether there was a change in the level of a 95 item FI compared to the baseline and to compare the effect of the leucine group versus the placebo group. A significant inverse correlation was found between FI and performance of the activities of daily life, cognitive function, gait and balance, muscle function parameters, and nutritional status (p < 0.001 in all cases). There were no statistically significant differences in FI levels at baseline (placebo group FI 0.27 ± 0.08 and leucine group FI 0.27 ± 0.10) and at the 13 week follow-up (placebo group FI 0.28 ± 0.10 and leucine group FI 0.28 ± 0.09). There were also no significant differences between the leucine and placebo groups in the mean FI difference between baseline and follow-up (p = 0.316, Cohen's d: 0.04). This pilot study showed that a nutritional supplementation with leucine did not significantly modify the frailty index in older nursing home residents.",PubMed,https://pubmed.ncbi.nlm.nih.gov/37887975/,doi:10.3390/geriatrics8050102,include_title_abs,Potential eligible RCT at title/abstract stage,B_secondary_fulltext,"Frailty RCT candidate, setting or delivery less directly Indian-primary-care relevant"
35390490,,10.1016/j.exger.2022.111799,Physical fitness and frailty status of frail older adults in long-term care facilities after acupunch exercises: A cluster-randomized controlled trial.,Chou CP; Chen KM; Tung HT; Belcastro F; Hsu HF,2022,Experimental gerontology,"Frailty is a complex geriatric syndrome and serves as an indicator for functional degradation in older adults. Regular exercise intervention could reduce the level of frailty and improve general physical fitness. The aim of this study was to test the effects of the Vitality Acupunch (VA) exercise on the promotion of physical fitness and the improvement of frailty status among frail older adults in long-term care facilities. This study was a cluster-randomized controlled trial adopted a pretest-posttest design. Using convenience sampling, 81 frail adults older than 65 years of age from 10 long-term care facilities participated in this study. The older adults were cluster-randomized by facility into an intervention group (5 long-term care facilities, n = 40) and a control group (5 long-term care facilities, n = 41). The intervention group engaged in the VA exercise 3 times a week, each lasting 40 min, for 24 weeks. The control group maintained regular activities of daily living. The outcome measures for physical fitness were assessed before study began (pretest), at the 12th week (posttest 1), and at the 24th week (posttest 2) in the study. After a 24-week intervention, the frail older adults who engaged in the VA exercise program showed significant improvements in handgrip strength, upper-limb muscle endurance, lung function, shoulder flexibility, forward flexion, shoulder joint flexion, and shoulder joint abduction (all p < 0.05) but not in lower-limb muscle endurance (p = 0.502) compared against their pretest data. The intervention group had significantly better physical fitness and positive changes in frailty status than the control group (all p < 0.001), except for the lower-limb muscle endurance (p = 0.557). Regular engagement in the VA exercise program for 24 weeks significantly improved the physical fitness and frailty status of frail older adults in long-term care facilities.",PubMed,https://pubmed.ncbi.nlm.nih.gov/35390490/,doi:10.1016/j.exger.2022.111799,include_title_abs,Potential eligible RCT at title/abstract stage,B_secondary_fulltext,"Frailty RCT candidate, setting or delivery less directly Indian-primary-care relevant"
42072882,PMC13116427,10.3390/healthcare14080981,Effects of Dual-Task Versus Multicomponent Exercise Programs on Fear of Falling and Fall Risk in Institutionalized Older Adults: A Randomized Controlled Trial.,Pereira D; Rodrigues F,2026,"Healthcare (Basel, Switzerland)","Background/Objectives: Institutionalized aging is associated with severe physical deconditioning, a high risk of falls, and a pervasive fear of falling. Physical exercise mitigates these factors, but the comparative efficacy of different training methodologies in this specific population remains unclear. The objective of this study was to compare the impact of a multicomponent exercise program versus a dual-task (cognitive-motor) training program on reducing fall risk, decreasing the fear of falling, and improving physical performance in institutionalized older adults. Methods: A randomized, parallel group controlled trial involving 21 older adults residing in a nursing home (Mean age = 83.67 ± 6.17 years). Participants were allocated to either a Multicomponent Group (n = 11) or a Dual-Task Group (n = 10) for a 12-week intervention (2 sessions/week). Fall risk, fear of falling, and global physical performance were assessed at baseline and post-intervention. Results: No significant improvements were observed in fall risk assessment execution time for either group. The Multicomponent Group showed a significant reduction in the fear of falling (-29.1%; 95% CI [-17.27, -1.27], p = 0.025) and a clinically significant improvement in physical performance (+40.9%; 95% CI [1.11, 3.43], p < 0.001), supported by large time effects (FES-I: F(1, 19) = 4.52, η2p = 0.192; SPPB: F(1, 19) = 13.68, η2p = 0.419). The Dual-Task Group achieved no significant changes in these dimensions. Furthermore, a marginally significant time-by-group interaction was observed for physical performance, favoring the multicomponent approach (F(1, 19) = 3.83, p = 0.065, η2p = 0.168 [large effect]). Conclusions: Multicomponent training proved superior in improving physical performance and reducing the fear of falling. In a frail, institutionalized population, the attentional cost demanded by dual-task training appears to limit the physical and psychological benefits of exercise.",PubMed,https://pubmed.ncbi.nlm.nih.gov/42072882/,doi:10.3390/healthcare14080981,include_title_abs,Potential eligible RCT at title/abstract stage,B_secondary_fulltext,"Frailty RCT candidate, setting or delivery less directly Indian-primary-care relevant"
37220521,PMC10200110,10.2147/CIA.S405144,"Individualized Hospital to Home, Exercise-Nutrition Self-Managed Intervention for Pre-Frail and Frail Hospitalized Older Adults: The INDEPENDENCE Randomized Controlled Pilot Trial.",Han CY; Sharma Y; Yaxley A; Baldwin C; Woodman R; Miller M,2023,Clinical interventions in aging,"Pre-frailty and frailty in older adults are associated with poor health outcomes and increase health-care costs, and further worsening during hospitalization. This study aimed to examine the effect of an individualized hospital to home, exercise-nutrition self-managed intervention for pre-frail and frail hospitalized older adults. Older adults admitted to an acute medical unit of a tertiary hospital in South Australia who were pre-frail or frail were recruited from September 2020 to June 2021, randomized to either control or intervention group and followed up at 3 and 6 months. The outcome variables were program adherence, frailty status by the Edmonton Frail Scale (EFS) score, lower extremity physical function, handgrip strength, nutritional status, cognition, mood, health-related quality of life, risk of functional decline, unplanned readmissions. Participants were 79.2 ±6.6 years old, 63% female, mostly frail (67%), with EFS of 8.6±1.9. Adherence to the inpatient and home visits/telehealth intervention were high (91±13% and 92±21%, respectively). Intention-to-treat analysis using linear regression models showed that participants in the intervention group had significantly greater reduction in EFS at 3 (-3.0; 95% CI: -4.8 to -3.0) and 6 months (-2.5; 95% CI: -3.8 to -1.0, P<0.001 for both) compared to the control group; particularly the functional performance component. There were also improvements in overall Short Physical Performance Battery score at 3 (4.0; 95% CI: 1.3 to 6.6) and 6 months (3.9; 95% CI: 1.0 to 6.9, P<0.05 for both), mini-mental state examination (2.6; 95% 0.3-4.8, P=0.029) at 3 months and handgrip strength (3.7; 95% CI: 0.2-7.1, P=0.039) and Geriatric Depression Scale, at 6 months (-2.2; 95% CI: -4.1 to -0.30, P=0.026) in the intervention group as compared to control. This study provided evidence of acceptability to a patient self-managed exercise-nutrition program that may benefit and alleviate pre-frailty and frailty in hospitalised older adults.",PubMed,https://pubmed.ncbi.nlm.nih.gov/37220521/,doi:10.2147/cia.s405144,include_title_abs,Potential eligible RCT at title/abstract stage,B_secondary_fulltext,"Frailty RCT candidate, setting or delivery less directly Indian-primary-care relevant"
41872868,PMC13134337,10.1186/s13063-026-09640-4,Effect of multicomponent exercise intervention on older adults with mild cognitive impairment based on HAPA-TPB theory (MIND-STEP): trial design and baseline data for a randomized controlled trial.,Zhang N; Hong C; Sheng J; Yao S; Xu J; Wang Q; Li J; Lu Y; Chen H; Luo Y,2026,Trials,"Physical exercise has emerged as a promising non-pharmacological approach for improving cognitive and physical function in older adults with mild cognitive impairment (MCI). However, most existing interventions in nursing homes lack a strong theoretical foundation, standardized delivery, and evidence-based practice. This study aims to develop and evaluate a multicomponent exercise program grounded in the Health Action Process Approach-Theory of Planned Behavior theory (HAPA-TPB) to improve adherence and cognitive outcomes in older adults with MCI living in nursing homes. This is a randomized, single-blind, parallel-group controlled trial conducted in nursing homes in Huzhou, China. A total of 156 older adults with MCI were randomly assigned to either a 12-week, group-based multicomponent exercise intervention or a control group receiving usual care. The intervention, theoretically grounded in an integrated HAPA-TPB framework, integrates aerobic, resistance, and mind-body training with structured behavioral change strategies designed to enhance motivation, adherence, and sustained engagement, including peer interaction. The primary outcome is cognitive function assessed by the Montreal Cognitive Assessment-Basic (MoCA-B). Secondary outcomes include physical performance, sleep quality, intrinsic capacity, frailty, social support, and intervention feasibility. A total of 1351 participants completed preliminary eligibility screening, of whom 156 were eligible and randomized (78 per group). The mean (SD) age was 69.19 years (SD = 8.97), and 69.23% of participants were female. Baseline characteristics were comparable across groups in terms of demographic, socioeconomic, and health status indicators. Baseline cognitive function, assessed using the MoCA-B, showed no significant between-group difference (intervention: mean = 17.29, SD = 2.32; control: mean = 16.74, SD = 2.19; F = 2.320, p = 0.130), indicating comparability prior to the intervention. This MIND-STEP study will provide high-quality evidence on the effectiveness and implementation of a theory-based, multicomponent exercise intervention for older adults with MCI in nursing homes. Findings will inform future intervention design and policy development to promote cognitive and functional health in institutionalized older populations. Chinese Clinical Trial Registry ChiCTR2400088301. Registered on 15 August 2024.",PubMed,https://pubmed.ncbi.nlm.nih.gov/41872868/,doi:10.1186/s13063-026-09640-4,include_title_abs,Potential eligible RCT at title/abstract stage,B_secondary_fulltext,"Frailty RCT candidate, setting or delivery less directly Indian-primary-care relevant"
30475969,,10.1093/ajcn/nqy214,"Protein supplementation improves muscle mass and physical performance in undernourished prefrail and frail elderly subjects: a randomized, double-blind, placebo-controlled trial.",Park Y; Choi JE; Hwang HS,2018,The American journal of clinical nutrition,"Age-related loss of muscle mass and function is a major component of frailty. Nutrition supplementation with exercise is an effective strategy to decrease frailty by preventing sarcopenia, but the effect of protein alone is controversial. The present study was performed to investigate a dose-dependent effect of protein supplementation on muscle mass and frailty in prefrail or frail malnourished elderly people. A 12-wk double-blind randomized controlled trial was conducted in elderly subjects aged 70-85 y with ≥1 of the Cardiovascular Health Study frailty criteria and a Mini Nutritional Assessment score ≤23.5 (n = 120). Participants were randomly assigned to 1 of 3 groups: 0.8, 1.2, or 1.5 g protein · kg-1 · d-1, with concealed allocation and intention-to-treat analysis. Primary outcomes were appendicular skeletal muscle mass (ASM) and skeletal muscle mass index (SMI) measured by dual-energy X-ray absorptiometry. After the 12-wk intervention, the 1.5-g protein · kg-1 · d-1 group had higher ASM (mean ± SD: 0.52 ± 0.64 compared with 0.08 ± 0.68 kg, P = 0.036) and SMI (ASM/weight: 0.87% ± 0.69% compared with 0.15% ± 0.89%, P = 0.039; ASM/BMI: 0.02 ± 0.03 compared with 0.00 ± 0.04, P = 0.033; ASM:fat ratio: 0.04 ± 0.11 compared with -0.02 ± 0.10, P = 0.025) than the 0.8-g protein · kg-1 · d-1 group. In addition, gait speed was improved in the 1.5-g protein · kg-1 · d-1 group compared with the 0.8-g protein · kg-1 · d-1 group (0.09 ± 0.07 compared with 0.04 ± 0.07 m/s, P = 0.039). There were no significant differences between the 1.2- and 0.8-g protein · kg-1 · d-1 groups in muscle mass and physical performance. No harmful adverse effects were observed. The present study indicates that protein intake of 1.5 g · kg-1 · d-1 has the most beneficial effects in regard to preventing sarcopenia and frailty compared with protein intakes of 0.8 and 1.2 g · kg-1 · d-1 in prefrail or frail elderly subjects at risk of malnutrition. This trial was registered at cris.nih.go.kr as KCT0001923.",PubMed,https://pubmed.ncbi.nlm.nih.gov/30475969/,doi:10.1093/ajcn/nqy214,include_title_abs,Potential eligible RCT at title/abstract stage,B_secondary_fulltext,"Frailty RCT candidate, setting or delivery less directly Indian-primary-care relevant"
34289524,PMC8447213,10.1111/jocn.15964,Otago exercise programme for physical function and mental health among older adults with cognitive frailty during COVID-19: A randomised controlled trial.,Chen X; Zhao L; Liu Y; Zhou Z; Zhang H; Wei D; Chen J; Li Y; Ou J; Huang J,2025,Journal of clinical nursing,"Quarantine during the COVID-19 pandemic resulted in longer-term sedentary behaviours and mental health problems. Our study aimed to evaluate the impact of the Otago exercise programme (OEP) on physical function and mental health among elderly with cognitive frailty during COVID-19. Lockdowns and restrictions during the COVID-19 pandemic result in longer-term sedentary behaviours related disease and mental problem. Older people with cognitive frailty are more vulnerable to be influenced. Timely intervention may achieve better outcomes, OEP exercise was designed as a balance and muscle-strengthening programme for elderly people. A parallel-group, assessor-blinded randomised controlled trial was performed according to CONSORT guidelines. This study was conducted from July 2020 to October 2020 among 62 elderly people with cognitive frailty from a nursing home. Participants were randomly divided into an OEP group (n = 31) or a control group (n = 31). Both groups received sleep- and diet-related health education. The OEP group also received a 12-week group exercise programme. The Five Times Sit to Stand Test (FTSST), Berg Balance Scale (BBS), and Timed Up and Go Test (TUGT) were used to assess physical function. The Geriatric Depression Scale-15 (GDS-15) and the 12-Item Short Form Health Survey Mental Component Summary (SF-12 MCS) were used to assess mental health. Outcomes were measured at 6 and 12 weeks. Physical function and mental health were similar in the two groups at baseline. At 12 weeks, the OEP group (difference in change from baseline: FTSST, -2.78; TUGT, -3.73; BBS, 2.17; GDS-15, -0.72; SF-12 MCS, 2.58; all p < .001) exhibited significantly greater improvements than the control group (difference in change from baseline: FTSST, 1.55; TUGT, 1.66; BBS, -0.10; GDS-15, 1.07; SF-12 MCS, -5.95; all p < .001). Our findings showed the OEP group had better physical function and mental health outcomes than the control group. OEP can be used to improve the physical and mental function among elderly people with cognitive frailty during the COVID-19 pandemic. Otago exercise program intervention programmes should be implemented to improve physical function for cognitive frailty elderly to reduce the harm of longer-term sedentary behaviours, and to ruduce depression symptom and improve mental health, particularly during COVID-19 pandemic period.",PubMed,https://pubmed.ncbi.nlm.nih.gov/34289524/,doi:10.1111/jocn.15964,include_title_abs,Potential eligible RCT at title/abstract stage,B_secondary_fulltext,"Frailty RCT candidate, setting or delivery less directly Indian-primary-care relevant"
34076569,,10.1080/09593985.2021.1926023,Effects of a short eight Tai Chi-forms for the pre-frail elderly people in senior living communities.,Ge Y; Liu H; Wu Q; Chen A; Gao Z; Xing F; Liu G,2022,Physiotherapy theory and practice,"To investigate effects of a short 8-form Tai Chi exercise on physical function, fear of falling, and depression in pre-frail elderly people living in senior communities. This 8-week randomized controlled trial was conducted in senior living communities with qualified pre-frail elderly subjects in a Tai Chi group (TCG, n= 32) and a control group (CG, n = 33). The TCG received TC intervention: three times/week, 60 min each; while the CG did usual care only. Assessments of the 30-s chair rise test (CRT), 4.5-m walking speed (WS), fear of falling (FOF), and Geriatric Depression Scale (GDS), were all applied at baseline, end of 4th week, and end of 8th week. Between-group comparison at the 4th week showed significantly better outcomes in CRT (TCG: 14.56 ± 1.87; CG: 11.48 ± 2.83; P< .001) and WS (TCG: 4.28 ± 0.69; CG: 5.11 ± 1.16; P = .001) in the TCG than those in the CG, but not in FOF (TCG: 0.56 ± 0.56; CG: 0.79 ± 0.89; P = .228) and GDS (TCG: 7.91 ± 5.54; CG: 9.58 ± 6.85; P = .285). However, at the 8th week, significant differences (P< .001) were found in all four assessments: (1) CRT: TCG vs CG: 17.28 ± 2.00 vs 11.36± 2.94; (2) WS: TCG vs CG: 3.94 ± 0.59 vs 5.17 ± 1.22; (3) FOF: TCG vs CG: 0.16 ± 0.37 vs 1.00 ± 0.90; and (4) GDS: TCG vs CG: 3.84 ± 3.60 vs 9.97 ± 6.80, and the intervention effect of 8 weeks was better than at 4 weeks. For within-group comparison of the TCG, significant improvements were identified in CRT (P< .001), WS (P = .008), and FOF (P = .002); but not in GDS, P = .121 at the 4th week, and also in CRT (P< .001), WS (P< .001), FOF (P< .001), and GDS (P< .001) at the 8th week. On the other hand, there were no significant differences in the CG for pre- and post-comparison (CRT: P = .891; WS: P = .984; FOF: P = .636; GDS: P = .822). This short-form TC exercise could improve physical function (the lower limbs' strength and gait speed), fear of falling, and depression.",PubMed,https://pubmed.ncbi.nlm.nih.gov/34076569/,doi:10.1080/09593985.2021.1926023,include_title_abs,Potential eligible RCT at title/abstract stage,B_secondary_fulltext,"Frailty RCT candidate, setting or delivery less directly Indian-primary-care relevant"
33517882,PMC7847572,10.1186/s12877-021-02016-0,Factors associated with improved walking in older people during hospital rehabilitation: secondary analysis of a randomized controlled trial.,Said CM; McGinley JL; Szoeke C; Workman B; Hill KD; Wittwer JE; Woodward M; Liew D; Churilov L; Bernhardt J,2021,BMC geriatrics,"Older people are often admitted for rehabilitation to improve walking, yet not everyone improves. The aim of this study was to determine key factors associated with a positive response to hospital-based rehabilitation in older people. This was a secondary data analysis from a multisite randomized controlled trial. Older people (n= 198, median age 80.9 years, IQR 76.6- 87.2) who were admitted to geriatric rehabilitation wards with a goal to improve walking were recruited. Participants were randomized to receive additional daily physical therapy focused on mobility (n = 99), or additional social activities (n = 99). Self-selected gait speed was measured on admission and discharge. Four participants withdrew. People who changed gait speed ≥0.1 m/s were classified as 'responders' (n = 130); those that changed <0.1m/s were classified as 'non-responders' (n = 64). Multivariable logistic regression explored the association of six pre-selected participant factors (age, baseline ambulation status, frailty, co-morbidities, cognition, depression) and two therapy factors (daily supervised upright activity time, rehabilitation days) and response. Responding to rehabilitation was associated with the number of days in rehabilitation (OR 1.04; 95% CI 1.00 to 1.08; p = .039) and higher Mini Mental State Examination scores (OR 1.07, 95% CI 1.00 - 1.14; p = .048). No other factors were found to have association with responding to rehabilitation. In older people with complex health problems or multi-morbidities, better cognition and a longer stay in rehabilitation were associated with a positive improvement in walking speed. Further research to explore who best responds to hospital-based rehabilitation and what interventions improve rehabilitation outcomes is warranted. Australian New Zealand Clinical Trials Registry ACTRN12613000884707; ClinicalTrials.gov Identifier NCT01910740 .",PubMed,https://pubmed.ncbi.nlm.nih.gov/33517882/,doi:10.1186/s12877-021-02016-0,include_title_abs,Potential eligible RCT at title/abstract stage,B_secondary_fulltext,"Frailty RCT candidate, setting or delivery less directly Indian-primary-care relevant"
19328438,,10.1016/j.jalz.2009.01.008,"Commentary on ""A roadmap for the prevention of dementia II. Leon Thal Symposium 2008."" The Multidomain Alzheimer Preventive Trial (MAPT): a new approach to the prevention of Alzheimer's disease.",Gillette-Guyonnet S; Andrieu S; Dantoine T; Dartigues JF; Touchon J; Vellas B; MAPT Study Group,2009,Alzheimer's & dementia : the journal of the Alzheimer's Association,"Because no effective curative approaches are available, preventive approaches in the field of Alzheimer's disease (AD) are needed. We present the design of the ongoing Multidomain Alzheimer Preventive Trial (MAPT) Study. Several previous studies suggested that many factors may be involved in the occurrence of AD at late ages. Because of the probable multifactorial nature of AD, it seems logical to initiate multidomain interventions to examine their potential synergistic effects. The MAPT Study aims to evaluate the efficacy of a multidomain intervention (nutritional, physical, and cognitive training) and omega 3 treatment in the prevention of cognitive decline in frail elderly persons aged 70 years or over. The study also collects imaging and biological data that could be used in future AD prevention and treatment trials. The MAPT Study is a 3-year, randomized, controlled trial conducted by university hospital practitioners specializing in memory disorders in four French cities (Bordeaux, Limoges, Montpellier, and Toulouse). The study plans to enroll 1200 frail elderly subjects on the basis of at least one of the following criteria: subjective memory complaint spontaneously expressed to a general practitioner, limitation in one instrumental activity of daily living (IADL), and slow walking speed. To demonstrate the protective effect of interventions, subjects are randomized into one of the following four groups: omega 3 alone, multidomain intervention alone, omega 3 plus multidomain intervention, or placebo (n = 300 each). The principal outcome measure is a change in cognitive function at 3 years, as determined by the Grober and Buschke Test. The MAPT Study is the first preventive trial involving multidomain interventions. Final results should be available in 2013.",PubMed,https://pubmed.ncbi.nlm.nih.gov/19328438/,doi:10.1016/j.jalz.2009.01.008,include_title_abs,Potential eligible RCT at title/abstract stage,B_secondary_fulltext,"Frailty RCT candidate, setting or delivery less directly Indian-primary-care relevant"
38479928,,10.1016/j.clnesp.2024.01.004,Effect of multicomponent intervention on malnutrition in older adults: A multicenter randomized clinical trial.,Chen B; Zhao H; Li M; Zhao T; Liao R; Lu J; Zou Y; Tu J; Teng X; Huang Y,2024,Clinical nutrition ESPEN,"Malnutrition is a significant geriatric syndrome (GS) prevalent in older adults and seriously affects patient prognosis and quality of life. We assessed the impact of the multicomponent intervention of health education, dietary advice, and exercise with oral nutritional supplementation (ONS) on nutritional status, body composition, physical functions, and quality of life. This multicenter randomized clinical trial (RCT) was performed from April 2021 to April 2022. The intervention lasted for 12 weeks, and 99 older adults with malnutrition or at risk of malnutrition were enrolled in six nursing homes. All participants were randomly assigned to the control (health education plus standard diet plus exercise) or research (health education plus standard diet plus exercise plus ONS) group. The research group consumed ONS (244 kcal, 9.8g protein, and 9.6g fat per time) twice a day between meals. The primary outcomes were changes in the nutritional status and body composition from baseline to 12 weeks. The secondary outcomes were changes in physical function, quality of life and nutritional associated other blood markers. For primary outcomes, after 12 weeks, body weight increased similarly in both treatment arms (time × treatment effect, P > 0.05). There were no between-group differences in body mass index (BMI) or mini nutritional assessment tool-short form (MNA-SF) scores (time × treatment effects, P > 0.05). The MNA-SF score from 11.0 (10.5, 12.0) to 13.0 (11.0, 13.0) in the research group and from 11.0 (10.0, 12.0) to 12.0 (11.0, 13.0) in the control group (both P < 0.05). There were no between-group differences in the skeletal muscle mass index (SMI), fat-free mass index (FFMI), appendicular skeletal muscle mass (ASMM), fat mass (FAT), or leg muscle mass (LMM) (time × treatment effects, P > 0.05). Both groups showed similar and highly significant increases in SMI, FFMI, and LMM after (P < 0.05). The research group showed an increase in fat-free mass (FFM) and ASMM and a decrease in the percent of body fat (PBF) and waist circumference (WC) (P < 0.05). For secondary outcomes, There were no between-group differences in grip strength, short physical performance battery (SPPB), 6-min walking distance (6MWD), activities of daily living (ADL), instrumental activities of daily living (IADL), frailty status (FRAIL), mini-mental state examination (MMSE), Tinetti, geriatric depression scale-15 (GDS-15), or 12-item short form survey (SF-12) (time × treatment effects, P > 0.05). Although there was no significant difference, the 6MWD changed differentially between the two treatment arms during the study period in favor of the research group. Although not significant, SF-12 scores improved after 12 weeks in both groups. No between-group differences were observed in prealbumin (PRE), c-reactive protein (CRP), vitamin D (VIT-D), insulin-like growth factor 1 (IGF-1), alanine transaminase (ALT), aspartate aminotransferase (AST), serum creatinine (Scr), interleukin-6 (IL-6), interleukin-10 (IL-10), tumor necrosis factor-α (TNF-α), insulin, and adiponectin levels (time × treatment effects, P > 0.05). Insulin and adiponectin levels were significantly higher in the control group (P < 0.05). The twelve-week multicomponent intervention improved the nutritional status of older people in China at risk of malnutrition. ONS may enhance the effects of exercise on muscle mass. This clinical trial was registered (https://www. gov). The trial number is ChiCTR2000040343.",PubMed,https://pubmed.ncbi.nlm.nih.gov/38479928/,doi:10.1016/j.clnesp.2024.01.004,include_title_abs,Potential eligible RCT at title/abstract stage,B_secondary_fulltext,"Frailty RCT candidate, setting or delivery less directly Indian-primary-care relevant"
16719029,,10.1191/0269215506cr942oa,Nutritional supplementation and resistance training in nutritionally at risk older adults following lower limb fracture: a randomized controlled trial.,Miller MD; Crotty M; Whitehead C; Bannerman E; Daniels LA,2006,Clinical rehabilitation,"To describe the independent and combined effects of oral nutrition supplementation and resistance training on health outcomes in nutritionally at risk older adults following lower limb fracture. Randomized controlled trial with 12-week masked outcome assessment. Teaching hospital. One hundred nutritionally at risk older adults hospitalized following a fall-related lower limb fracture. Commenced seven days after injury. Consisted of daily multinutrient energy-dense oral supplement (6.3 kJ/mL) individually prescribed for six weeks (n = 25), tri-weekly resistance training for 12 weeks (n = 25), combined treatment (n = 24) or attention control plus usual care and general nutrition and exercise advice (n = 26). Weight change, quadriceps strength, gait speed, quality of life and health care utilization at completion of the 12-week intervention. At 12 weeks, all groups lost weight: nutrition -6.2% (-8.4, -4.0); resistance training -6.3% (-8.3, -4.3); nutrition and resistance training -4.7% (-7.4, -2.0); attention control -5.2% (-9.0, -1.5). Those receiving resistance training alone lost more weight than those receiving the combined treatment (P= 0.029). Significant weight loss was prevented if supplement was consumed for at least 35 days. Groups were no different at 12 weeks for any other outcome. Frail, undernourished older adults with a fall-related lower limb fracture experience clinically significant weight loss that is unable to be reversed with oral nutritional supplements. Those receiving a programme of resistance training without concurrent nutrition support are at increased risk of weight loss compared with those who receive a combined nutrition and resistance training intervention. In this high-risk patient group it is possible to prevent further decline in nutritional status using oral nutritional supplements if strategies are implemented to ensure prescription is adequate to meet energy requirements and levels of adherence are high.",PubMed,https://pubmed.ncbi.nlm.nih.gov/16719029/,doi:10.1191/0269215506cr942oa,include_title_abs,Potential eligible RCT at title/abstract stage,B_secondary_fulltext,"Frailty RCT candidate, setting or delivery less directly Indian-primary-care relevant"
37357324,PMC12880082,10.1007/s12603-023-1924-y,The Effectiveness of Frailty Intervention for Older Patients with Frailty during Hospitalization.,Wang YC; Liang CK; Chou MH; Chiu CF; Lin HC; Hsu YH; Liao MC; Yin CH; Chou MY; Lin YT,2023,"The journal of nutrition, health & aging","This study aims to assess the effectiveness of a multidomain intervention program on the change in functional status of hospitalized older adults. This single-arm, prospective, non-randomized interventional study investigates the efficacy of a multidomain interventional program including cognitive stimulation activity, simple exercises, frailty education, and nutrition counseling. At a tertiary hospital in southern Taiwan, 352 eligible patients were sequentially enrolled. Included patients were aged ≥65 years (mean age, 79.6 ± 9.0 years; 62% male), scored 3-7 on the Clinical Frailty Scale (CFS), and were hospitalized in the geriatric acute ward. Those receiving standard care (physical rehabilitation and nutrition counseling) during January-July 2019 composed the historical control group. Those receiving the multidomain intervention during August-December 2019 composed the intervention group. The primary outcome was the change in activities of daily life (ADL) and frailty status, as assessed by Katz Index and Clinical Frailty Scale, with using the generalized estimating equation model. The length of hospital stay, medical costs, and re-admission rates were secondary outcomes. Participants undergoing intervention (n = 101; 27.9%) showed greater improvements in the ADL and CFS during hospitalization (ADL adjusted estimate, 0.61; 95% CI, 0.11-1.11; p = 0.02; CFS adjusted estimate, -1.11; 95% CI, -1.42- -0.80; p < 0.01), shorter length of hospital stay (adjusted estimate, -5.00; 95% CI, -7.99- -2.47; p < 0.01), lower medical costs (adjusted estimate, 0.58; 95% CI, 0.49-0.69; p < 0.01), and lower 30- and 90-day readmission rates (30-day adjusted OR [aOR], 0.12; 95% CI, 0.27-0.50; p < 0.01; 60-day aOR, 0.04; 95% CI, 0.01-0.33; p < 0.01) than did controls. Participation in the multidomain intervention program during hospitalization improved the functional status and decreased the hospital stay length, medical costs, and readmission rates of frail older people.",PubMed,https://pubmed.ncbi.nlm.nih.gov/37357324/,doi:10.1007/s12603-023-1924-y,include_title_abs,Potential eligible RCT at title/abstract stage,B_secondary_fulltext,"Frailty RCT candidate, setting or delivery less directly Indian-primary-care relevant"
35272982,,10.1016/j.jgo.2022.02.014,A pilot randomized controlled trial using Baduanjin qigong to reverse frailty status among post-treatment older cancer survivors.,Cheung DST; Chau PH; Lam TC; Ng AYM; Kwok TWH; Takemura N; Woo J; Yu DS; Lin CC,2022,Journal of geriatric oncology,"To evaluate the feasibility and potential effects of qigong Baduanjin for reversing frailty status among older cancer survivors. Twenty-eight older cancer survivors screened as pre-frail or frail were recruited. They were randomly assigned (1:1) to receive a sixteen-week Baduanjin intervention or an active control condition (light flexibility exercise). Frailty status (primary outcome) and secondary outcomes (physical performance, activities of daily living performance, psychological well-being, and health-related quality of life) were measured by physical performance tests and questionnaires. Qualitative interviews were conducted to explore participants' perspectives on the intervention. Twenty-one participants (75%) completed the study, with reasons of withdrawal mainly relating to the COVID-19 pandemic. Attendance at Baduanjin sessions and adherence to self-practice were satisfactory, with all retained participants attending all sessions and 81.8% practicing Baduanjin for more than 90 min per week. Qualitative findings demonstrated that participants accepted Baduanjin. The proportion of improvement in frailty status at post-intervention appeared to be higher in the intervention group (26.7%; 95% confidence interval [CI], 10.1% to 54.0%) than the control group (15.4%; 95% CI, 3.7% to 46.0%); yet the difference was not statistically significant (p = 0.461). Baduanjin qigong appears to be feasible and acceptable among older cancer survivors. To confirm the intervention effect, an adequately powered trial is warranted. ClinicalTrials.gov, NCT04694066. Retrospectively registered 5 January 2021, https://clinicaltrials.gov/ct2/show/NCT04694066.",PubMed,https://pubmed.ncbi.nlm.nih.gov/35272982/,doi:10.1016/j.jgo.2022.02.014,include_title_abs,Potential eligible RCT at title/abstract stage,B_secondary_fulltext,"Frailty RCT candidate, setting or delivery less directly Indian-primary-care relevant"
28267466,PMC5341700,10.1016/j.ahj.2016.12.012,Rehabilitation Therapy in Older Acute Heart Failure Patients (REHAB-HF) trial: Design and rationale.,Reeves GR; Whellan DJ; Duncan P; O'Connor CM; Pastva AM; Eggebeen JD; Hewston LA; Morgan TM; Reed SD; Rejeski WJ,2017,American heart journal,"Acute decompensated heart failure (ADHF) is a leading cause of hospitalization in older persons in the United States. Reduced physical function and frailty are major determinants of adverse outcomes in older patients with hospitalized ADHF. However, these are not addressed by current heart failure (HF) management strategies and there has been little study of exercise training in older, frail HF patients with recent ADHF. Targeting physical frailty with a multi-domain structured physical rehabilitation intervention will improve physical function and reduce adverse outcomes among older patients experiencing a HF hospitalization. REHAB-HF is a multi-center clinical trial in which 360 patients ≥60 years hospitalized with ADHF will be randomized either to a novel 12-week multi-domain physical rehabilitation intervention or to attention control. The goal of the intervention is to improve balance, mobility, strength and endurance utilizing reproducible, targeted exercises administered by a multi-disciplinary team with specific milestones for progression. The primary study aim is to assess the efficacy of the REHAB-HF intervention on physical function measured by total Short Physical Performance Battery score. The secondary outcome is 6-month all-cause rehospitalization. Additional outcome measures include quality of life and costs. REHAB-HF is the first randomized trial of a physical function intervention in older patients with hospitalized ADHF designed to determine if addressing deficits in balance, mobility, strength and endurance improves physical function and reduces rehospitalizations. It will address key evidence gaps concerning the role of physical rehabilitation in the care of older patients, those with ADHF, frailty, and multiple comorbidities.",PubMed,https://pubmed.ncbi.nlm.nih.gov/28267466/,doi:10.1016/j.ahj.2016.12.012,include_title_abs,Potential eligible RCT at title/abstract stage,B_secondary_fulltext,"Frailty RCT candidate, setting or delivery less directly Indian-primary-care relevant"
41763617,,10.1016/j.jep.2026.121444,"Efficacy and safety of medicine-food homology Shenqi paste in older adults with diabetic sarcopenia: A randomized, double-blind, placebo-controlled trial.",Hua L; Wang Y; Yuan X; Wang R; Li X; Fan Y; Hou Z; Yang L; Liu T; Sun Q,2026,Journal of ethnopharmacology,"Diabetic sarcopenia (DS), an emerging diabetes complication, poses an increasing challenge to the elderly population. Shenqi paste (SQP) consists of 8 medicine-food homology substances: Astragalus membranaceus (Fisch.) Bge., Codonopsis pilosula (Franch.) Nannf., Polygonatum sibiricum Red., Dioscorea opposita Thunb., Poria cocos (Schw.) Wolf, Eucommia ulmoides Oliv., Hordeum vulgare L., and Ophiopogon japonicus (L.f.) Ker Gawl. SQP has shown potential benefits for sarcopenia in clinical practice. Its efficacy and safety in DS have not been validated in a randomized controlled trial. This study aimed to evaluate the efficacy, safety, and limitations, and provide insights into methods and strategies for utilizing SQP in DS management. In this randomized, double-blind, placebo-controlled trial, community-dwelling older adults (≥60 years) with DS and spleen-kidney deficiency syndrome were allocated 1:1 to receive either SQP or placebo paste for 12 weeks. Primary outcomes were skeletal muscle mass index (SMI), handgrip strength, and five-time chair stand test (FCST) duration. Secondary outcomes included health-related scales and biochemical indicators. Assessments were conducted at the baseline (T0), week 6 (T1), and week 12 (T2). Safety evaluation included blood routine, liver and kidney function tests. Intention-to-treat analysis was applied to the primary outcomes data from all participants, with per-protocol analysis for sensitivity. Generalized estimating equations with covariate adjustment and t-tests or Wilcoxon rank-sum tests were used for statistical analysis. Of 90 randomized participants, the SQP group showed greater improvements in handgrip strength (T2: interact p < 0.001), SMI (T2: interact p < 0.001), and FCST (T2: interact p < 0.001) versus control. Secondary outcome measures of 74 participants, including frailty, nutrition, physical activity, sleep quality, depression, and TCM syndrome scores, significantly improved (p < 0.05), with significant fasting blood glucose reduction (T2: interact p = 0.018) and C-reactive protein decrease (T2: interact p < 0.001). There was no statistically significant difference in the change in the difference between the two groups in fasting insulin, glycated hemoglobin and insulin resistance index before and after intervention (p > 0.05). Within-group analysis demonstrated significant reductions of SQP group in inflammatory cytokines, and sarcopenia-related biomarkers (p < 0.001) post-intervention. No serious adverse events occurred. A 12-week SQP intervention enhanced muscle mass, strength, function, and metabolic and inflammatory profiles in older adults with DS, with good tolerability, supporting its potential as a safe, complementary therapy.",PubMed,https://pubmed.ncbi.nlm.nih.gov/41763617/,doi:10.1016/j.jep.2026.121444,include_title_abs,Potential eligible RCT at title/abstract stage,B_secondary_fulltext,"Frailty RCT candidate, setting or delivery less directly Indian-primary-care relevant"
41454251,PMC12849344,10.1186/s12877-025-06672-4,The effect of perioperative multimodal rehabilitation on the frailty state of older people patients with frailty gastrointestinal surgery: a randomized controlled trial.,Yan YL; Yao TQ; Gu CH; Wang XL; Xin Y; Quan YJ; Luo Y,2025,BMC geriatrics,"Intervention plans for frail older people patients with gastrointestinal tumors often involve three aspects: nutritional support, exercise, and psychological care. However, interventions are mostly concentrated before surgery, and there is less research focusing on postoperative frailty management. Therefore, this study proposes a hypothesis that a multimodal rehabilitation program, combining nutritional support, exercise, and psychological care, will be applied to the perioperative frailty management of patients to explore the impact of perioperative multimodal rehabilitation on the frailty status of older people gastrointestinal surgery patients. This study is a two-arm, single-blind, parallel clinical randomized controlled trial. It involves the selection of frail older people patients with gastrointestinal tumors admitted to Tongren Hospital affiliated with Shanghai Jiao Tong University from April to September 2024. Patients were randomly divided into an Intervention Group (IG) and a Control Group (CG). Participants in the IG received multimodal rehabilitation management during the perioperative period, while those in the CG received routine perioperative care. The patients' frailty status changes were assessed using the Fried Frailty Phenotype (FFP) at admission, on the first postoperative day, on the day of discharge, and one week after discharge. This study ultimately included 96 participants, with 48 in each of the Intervention Group (IG) and Control Group (CG). Among them, 66 (68.75%) patients underwent colorectal surgery, and 30 (31.25%) underwent gastric surgery; there were no intergroup differences in the baseline characteristics of all variables (P > 0.05), indicating adequate randomization. The primary outcome measures showed no significant difference in frailty status between the IG and CG at admission and on the first postoperative day. On the day of discharge, the proportion of pre-frail patients in the IG (39.58%) was significantly higher than that in the CG (8.33%), and the proportion of frail patients (60.41%) was significantly lower than that in the CG (91.66%), with a meaningful difference (P < 0.001). One week after discharge, the proportion of pre-frail patients in the IG increased to 87.50%, and the proportion of frail patients decreased to 12.50%, with an even more significant difference compared to the CG (P < 0.001). The results indicate that the proportion of pre-frail patients in the IG increased over time, while the proportion of frail patients decreased, suggesting that the intervention measures may effectively slow the progression of frailty, with particularly noticeable effects one week after discharge. In terms of secondary outcome measures, the IG performed significantly better than the CG in the 6-minute walk Distance (P = 0.004 < 0.05). Additionally, the IG had significantly higher scores on the Barthel Index (BI) compared to the control group (P < 0.001), and on the Geriatric Depression Scale-15 (GDS-15), the IG scored lower than the CG (P = 0.011 < 0.05). The IG also had significantly higher EQ-5D scores than the CG (P < 0.001). There were no differences in the remaining secondary outcome measures. Perioperative multimodal rehabilitation can slow the progression of frailty in older people patients undergoing gastrointestinal surgery, thereby promoting postoperative recovery. This trial was registered in the Chinese Clinical Trials Registry (ChiCTR2500096968). The date of first registration, 02/10/2025.Retrospectively registered.",PubMed,https://pubmed.ncbi.nlm.nih.gov/41454251/,doi:10.1186/s12877-025-06672-4,include_title_abs,Potential eligible RCT at title/abstract stage,B_secondary_fulltext,"Frailty RCT candidate, setting or delivery less directly Indian-primary-care relevant"
15213472,,10.1097/01.phm.0000130025.54168.91,New intervention program for preventing falls among frail elderly people: the effects of perturbed walking exercise using a bilateral separated treadmill.,Shimada H; Obuchi S; Furuna T; Suzuki T,2004,American journal of physical medicine & rehabilitation,"To determine the effects of a perturbed walking exercise using a bilateral separated treadmill in physically disabled elderly. Participants of the study were 32 long-term care facility residents and outpatients aged 66-98 yrs. Participants were randomly assigned to a usual exercise group or to a treadmill exercise group. Perturbed gait exercise on a treadmill continued for 6 mos. Number of falls and time to first fall during a 6-mo period, balance and gait functions, and reaction time were evaluated before and after intervention. The treadmill exercise group showed significant improvement in balance and reaction time when compared with the usual exercise group. Number of falls in the treadmill exercise group was 21% lower than that in the usual exercise group. However, this difference was not significant. No significant differences were seen in time to first fall. Gait training with unexpected perturbation seems to have a beneficial impact on physical function in disabled elderly individuals. The results suggest that this program may be used as an exercise intervention to reduce falls in institutional settings.",PubMed,https://pubmed.ncbi.nlm.nih.gov/15213472/,doi:10.1097/01.phm.0000130025.54168.91,include_title_abs,Potential eligible RCT at title/abstract stage,B_secondary_fulltext,"Frailty RCT candidate, setting or delivery less directly Indian-primary-care relevant"
28694204,PMC5639896,10.1016/j.cct.2017.07.005,The Mind Body-Wellness in Supportive Housing (Mi-WiSH) study: Design and rationale of a cluster randomized controlled trial of Tai Chi in senior housing.,Wayne PM; Gagnon MM; Macklin EA; Travison TG; Manor B; Lachman M; Thomas CP; Lipsitz LA,2017,Contemporary clinical trials,"Supporting the health of growing numbers of frail older adults living in subsidized housing requires interventions that can combat frailty, improve residents' functional abilities, and reduce their health care costs. Tai Chi is an increasingly popular multimodal mind-body exercise that incorporates physical, cognitive, social, and meditative components in the same activity and offers a promising intervention for ameliorating many of the conditions that lead to poor health and excessive health care utilization. The Mind Body-Wellness in Supportive Housing (Mi-WiSH) study is an ongoing two-arm cluster randomized, attention-controlled trial designed to examine the impact of Tai Chi on functional indicators of health and health care utilization. We are enrolling participants from 16 urban subsidized housing facilities (n=320 participants), conducting the Tai Chi intervention or education classes and social calls (attention control) in consenting subjects within the facilities for one year, and assessing these subjects at baseline, 6months, and 1year. Physical function (quantified by the Short Physical Performance Battery), and health care utilization (emergency visits, hospitalizations, skilled nursing and nursing home admissions), assessed at 12months are co-primary outcomes. Our discussion highlights our strategy to balance pragmatic and explanatory features into the study design, describes efforts to enhance site recruitment and participant adherence, and summarizes our broader goal of post study dissemination if effectiveness and cost-effectiveness are demonstrated, by preparing training and protocol manuals for use in housing facilities across the U.S.",PubMed,https://pubmed.ncbi.nlm.nih.gov/28694204/,doi:10.1016/j.cct.2017.07.005,include_title_abs,Potential eligible RCT at title/abstract stage,B_secondary_fulltext,"Frailty RCT candidate, setting or delivery less directly Indian-primary-care relevant"
29620558,,10.1097/MRR.0000000000000285,Effect of low-intensity versus high-intensity resistance training on the functioning of the institutionalized frail elderly.,Sahin UK; Kirdi N; Bozoglu E; Meric A; Buyukturan G; Ozturk A; Doruk H,2018,International journal of rehabilitation research. Internationale Zeitschrift fur Rehabilitationsforschung. Revue internationale de recherches de readaptation,"Frailty has emerged as an important risk factor for disability. Age-related declines in physical and physiological function lead to increased risk of loss of independence and poor quality of life. Recent evidence has shown the effectiveness of physical exercise programmes in preventing or reversing frailty. The aim of this study was to evaluate changes in the functioning of frail elderly individuals after undergoing resistance training for 3 days a week for 8 weeks. The effectiveness of exercise training was investigated in 48 frail elderly individuals who were randomly assigned to the following intervention groups: high-intensity (HI; n=16; age: 69-96 years) or low-intensity (LI; n=16; age: 77-93 years) strength training groups or a control group (n=16; age: 76-93 years) with no specific exercise programme. Participants were assessed for muscle strength, physical function, activities of daily living, depression and quality of life. The HI group had significantly better results (P<0.05) on the Short Physical Performance Test than the LI group; however, the LI group did show a significant improvement in those scores, whereas the scores of the control group worsened. Results for the other evaluations were similarly favourable in both exercise groups (P>0.05). The study showed that LI exercise was as effective as HI exercise for most parameters tested. Exercise training is useful for the prevention or treatment of frailty, as it improves functioning by contributing positively to muscle strength, gait, balance and quality of life.",PubMed,https://pubmed.ncbi.nlm.nih.gov/29620558/,doi:10.1097/mrr.0000000000000285,include_title_abs,Potential eligible RCT at title/abstract stage,B_secondary_fulltext,"Frailty RCT candidate, setting or delivery less directly Indian-primary-care relevant"
24281373,,10.1097/MCO.0000000000000008,Frailty: role of nutrition and exercise.,Kelaiditi E; van Kan GA; Cesari M,2014,Current opinion in clinical nutrition and metabolic care,"The scope of the current study is to provide an updated, comprehensive review of the recent literature (past 12 months), examining the role of nutrition and exercise on frailty. Over the past 12 months, seven studies with different designs explored the relationship between nutrition and frailty, four examined the role of exercise on frailty, and only one study investigated the combination of the two interventions. The only study combining an exercise program with a nutritional consultation reported a short-term (3 months) improvement of the frailty status. Nevertheless, this study (a feasibility pilot trial) was characterized by a relatively small sample size, low response rates, and poor compliance. Notably, available evidence shows considerable variability in participants' selection, assessment methods, and outcomes of interest, so it is difficult to draw direct comparisons. Size effects or magnitude of associations across the different studies cannot also be determined. The present findings suggest the need of long-term, adequately powered, randomized controlled trials testing nutrition, exercise or both interventions for the treatment of frailty in the elders. Such evidence will greatly support the future design of preventive strategies against disability in older persons.",PubMed,https://pubmed.ncbi.nlm.nih.gov/24281373/,doi:10.1097/mco.0000000000000008,include_title_abs,Potential eligible RCT at title/abstract stage,B_secondary_fulltext,"Frailty RCT candidate, setting or delivery less directly Indian-primary-care relevant"
39798519,,10.1016/j.ejon.2024.102774,Formative evaluation of a mobile chat-based intervention (ChatEx) for promoting exercise behaviour in older cancer survivors.,Ting Cheung DS; Chan CK; Rhodes RE; Chau PH; Chiang CL; Tse M; Wang MP; Yu DSF; Lin CC,2025,European journal of oncology nursing : the official journal of European Oncology Nursing Society,"To conduct a formative evaluation of ChatEx to increase and maintain exercise among older cancer survivors. ChatEx is a blended intervention involving 12 weeks of theory-based instant messages and two in-person training sessions. This pilot study comprises three phases: (1)intervention development: developing a message library reviewed by experts; (2)message library pretesting: exploring the views of older cancer survivors toward the message library and making modifications (n = 20); and (3)intervention pilot testing: piloting the ChatEx using a non-randomized quasi-experimental design using quantitative and qualitative methods among cancer survivors aged 65+ who do not meet current exercise guidelines and have completed treatment (n = 40). Feasibility, Acceptability, aerobic and resistance exercise, exercise capacity, grip strength, frailty, quality of life, exercise self-efficacy were assessed as the main outcomes. ChatEx had a retention rate of 80%, with most participants having moderate/high levels of engagement with messaging, and 100% attendance at in-person sessions. Compared to wait-list control, the intervention group significantly increased the time spent in aerobic exercise at 24 weeks, as well as resistance exercise at both 12 weeks and 24 weeks. The intervention group also had significantly greater improvement in exercise capacity and exercise self-efficacy than control at 24 weeks. Participant interviews revealed five major themes: positive feedback, facilitators of exercise adherence, barriers to exercise adherence, negative feedback, and suggestions for improvement. The findings support the feasibility, acceptability, and potential efficacy of ChatEx in increasing exercise behaviour among older cancer survivors. A full-scale trial with a larger and more diverse sample is now warranted.",PubMed,https://pubmed.ncbi.nlm.nih.gov/39798519/,doi:10.1016/j.ejon.2024.102774,include_title_abs,Potential eligible RCT at title/abstract stage,B_secondary_fulltext,"Frailty RCT candidate, setting or delivery less directly Indian-primary-care relevant"
28042985,,10.1016/j.archger.2016.12.009,Enhancing elderly health examination effectiveness by adding physical function evaluations and interventions.,Li CM; Chang CI; Yu WR; Yang W; Hsu CC; Chen CY,2017,Archives of gerontology and geriatrics,"This study aimed to assess the benefit of adding physical function evaluations and interventions to routine elderly health examination. This is a Quasi-experimental controlled trial. 404 elderly adults (aged 70 and over) scoring 3-6 on the Canadian Study of Health and Aging Clinical Frailty Scale Chinese In-Person Interview Version (CSHA-CFS) in a 2012 annual elderly health examination were enrolled. Both the control and experimental groups received the routine annual health examination with the latter further provided with functional evaluations, exercise instruction, and nutrition education. 112 (84.8%) persons in the experiment group and 267 (98.2%) in the control group completed the study. CSHA-CFS performance of the experimental group was more likely to improve (odds ratio=9.50, 95% confidence interval (CI)=4.62-19.56) and less likely to deteriorate (OR=0.04, 95% CI=0.01-0.31) one year after intervention. Within the experimental group, Fried Frailty Index improvement percentage surpassed the deterioration percentage (29.5% vs. 0.9%, p<0.001), five-meter walk speed rose from 1.0±0.2 to 1.2±0.2m/s (p<0.001), grip strength escalated from 22.3±7.1 to 24.8±6.7kg (p<0.001), Short-form Physical Performance Battery increased from 10.0±1.6 to 11.6±0.9 (p<0.001), and timed up and go test decreased from 10.9±2.9 to 8.9±2.7s (p<0.001). However, no statistical difference was detected in composite adverse endpoints, including hospitalization, emergency department visit and falls, between the two groups, though the incidence was higher in the control group. Adding functional evaluations, exercise and nutrition interventions to the annual elderly health examination appeared to benefit the health of adults aged 70 years and older.",PubMed,https://pubmed.ncbi.nlm.nih.gov/28042985/,doi:10.1016/j.archger.2016.12.009,include_title_abs,Potential eligible RCT at title/abstract stage,B_secondary_fulltext,"Frailty RCT candidate, setting or delivery less directly Indian-primary-care relevant"
41808069,PMC13088668,10.1186/s12883-026-04791-y,Effects of different modes of computerised cognitive training in older adults with reversible cognitive frailty: a randomised controlled trial in nursing homes.,Li M; Zhang Y; Lin Y; Li H; Deng L; Liu J; Gao Y,2026,BMC neurology,"We aimed to evaluate the effects of computerised cognitive training (CCT) on cognitive functions in older adults with reversible cognitive frailty (RCF) and compare memory-focused training (MT) with multi-domain cognitive training (MDCT). In this double-blind, CONSORT-compliant randomised controlled trial (RCT), 52 older adults with RCF living in a nursing home were stratified by frailty status (pre-frail/frail) and randomly allocated to MT (active control) or MDCT for 12 weeks (two sessions per week). Outcomes were assessed at baseline and 3 months (post-intervention), and 4 months (1-month follow-up), using generalised estimating equations (GEE) with intention-to-treat analysis. Both groups demonstrated substantial and statistically significant improvements across all cognitive measures over time (Time effect: P < 0.001). Montreal Cognitive Assessment (MoCA) scores increased significantly (Wald χ² = 20.211, P < 0.001), with a mean gain of 1.02 points from baseline to 4 months (95% CI: 0.46–1.58, P < 0.001, effect size r = 0.369), with no significant between-group differences (P = 0.568). Subjective Cognitive Decline (SCD) scores also improved significantly (Wald χ² = 73.374, P < 0.001), with a mean reduction of 2.71 points (95% CI: 2.03–3.39, P < 0.001). STT-A and B completion times decreased markedly by averages of 27.57 and 92.99 s, respectively. Notably, for STT-A, performance was significantly faster in the MT group compared to the MDCT group (64.79 vs. 80.46 s, P = 0.038). regarding STT-B, although the interaction was not significant, the MDCT group showed a substantial magnitude of recovery. Clock Drawing Test (CDT) scores improved (Wald χ² = 11.229, P = 0.004), with a mean increase of 0.21 points (95% CI: 0.06–0.36, P = 0.002). The MDCT group showed marginally higher CDT scores, though not statistically significant (P = 0.068). Both MT and MDCT were feasible and yielded comparable short-term global cognitive gains. However, they exhibited distinct therapeutic profiles where MT facilitated transfer effects in processing speed while MDCT effectively restored executive function. Concurrent improvements in sleep and mood were also observed. These findings support a flexible implementation strategy based on available resources, allowing clinicians to select the modality that best targets an individual’s specific cognitive profile. This study was registered with the Chinese Clinical Trial Registry on 8 February 2023 (ChiCTR2300068132). The online version contains supplementary material available at 10.1186/s12883-026-04791-y.",PubMed,https://pubmed.ncbi.nlm.nih.gov/41808069/,doi:10.1186/s12883-026-04791-y,include_title_abs,Potential eligible RCT at title/abstract stage,B_secondary_fulltext,"Frailty RCT candidate, setting or delivery less directly Indian-primary-care relevant"
39407850,PMC11476499,10.3390/jcm13195790,"Impact of Reactive Balance Training on a Perturbation Treadmill on Physical Performance in Geriatric Patients:Results of a Single-Center, Assessor Blinded Randomized Controlled Trial.",Petrovic A; Wirth R; Klimek C; Lueg G; Daubert D; Giehl C; Trampisch US,2024,Journal of clinical medicine,"Background/Objectives: Falls and related injuries are a frequent and serious health problem in older persons. Among the various strategies, different forms of active physical training, in particular, have demonstrated success in reducing fall risk. A task-specific training approach is perturbation-based training of reactive balance. Performing this training modality on a perturbation treadmill, secured with a safety harness, is an innovative new approach facilitating task-specific training with unannounced perturbations in a safe environment. The aim of this study was to investigate the feasibility and effectiveness of this specific training in multimorbid older hospitalized patients with prefrailty and frailty. Methods: The trial was conducted as a prospective single-center, assessor-blinded randomized controlled trial. A total of 127 acute-care geriatric hospitalized patients were enrolled in a program either involving a minimum of 60 min perturbation-based treadmill training or treadmill training without perturbations on the identical device and for a comparable training period. Results: Participants were 81 ± 6 years old (64% female) with a baseline FRAIL Scale, SPPB, and MoCA scores of 3.5 ± 1.6, 8.3 ± 2.6, and 21 ± 5 points, respectively. The training was performed on six occasions with an average total training period of 89 min during a mean hospital stay of 17 ± 3 days. Between the baseline and up to 2 days after the last training, the Short Physical Performance Battery score, which was considered the primary endpoint, improved by 1.4 ± 2.1 points in the intervention group compared to 0.5 ± 1.7 in the control group, with a 0.9-point difference between the groups (p < 0.001). Conclusions: a relatively short training period of approximately 90 min on a perturbation treadmill led to a significant and clinically meaningful increase in the physical performance of frail and prefrail hospitalized geriatric patients. However, its effectiveness in reducing fall risk is yet to be proven in this population.",PubMed,https://pubmed.ncbi.nlm.nih.gov/39407850/,doi:10.3390/jcm13195790,include_title_abs,Potential eligible RCT at title/abstract stage,B_secondary_fulltext,"Frailty RCT candidate, setting or delivery less directly Indian-primary-care relevant"
32145279,,10.1016/j.apmr.2020.02.009,"Effects of Whole-Body Vibration Training on the Physical Function of the Frail Elderly: An Open, Randomized Controlled Trial.",Wadsworth D; Lark S,2020,Archives of physical medicine and rehabilitation,"To investigate the feasibility and benefits of whole-body vibration (WBV) exercise as a safe and effective training tool for countering sarcopenia and age-related declines in mobility and function in the frail elderly. An open, randomized controlled trial. Residential care facilities. Male and female volunteers (N=117; 82.5±7.9y). After prescreening for contraindications, participants were randomly allocated to a control, simulated WBV (SIM), or WBV exercise group. All participants received regular care, whereas WBV and SIM participants also underwent thrice-weekly exercise sessions for 16 weeks. Delivered by overload principle, WBV training began with 5 × 1-minute bouts at 6 Hz/2 mm (1:1 min exercise:rest), progressing to 10 × 1 minute at up to 26 Hz/4 mm, maintaining knee flexion. Training for SIM participants mimicked WBV exercise stance and duration only. The timed Up and Go, Parallel Walk, and 10-m Timed Walk (10mTW) tests performance were assessed, in addition to the Barthel Index Questionnaire, at baseline, 8, and 16 weeks of exercise, and 3, 6, and 12 months postexercise. High levels of compliance were reported in SIM (89%) and WBV training (93%), with ease of use and no adverse effects. In comparison to baseline levels, WBV training elicited clinically important treatment effects in all parameters compared to SIM and control groups. Treatment effects remained apparent up to 12 months postintervention for Parallel Walk Test and 6 months for 10mTW Test. Functional test performance declined during and postintervention in non-WBV groups. Findings indicate that 16 weeks of low-level WBV exercise provides easily accessible, adequate stimulus for the frail elderly to attain improved levels of physical functionality.",PubMed,https://pubmed.ncbi.nlm.nih.gov/32145279/,doi:10.1016/j.apmr.2020.02.009,include_title_abs,Potential eligible RCT at title/abstract stage,B_secondary_fulltext,"Frailty RCT candidate, setting or delivery less directly Indian-primary-care relevant"
37644985,PMC10461448,10.3389/fmed.2023.1204198,"Impact of exercise and leucine-enriched protein supplementation on physical function, body composition, and inflammation in pre-frail older adults: a quasi-experimental study.",Merchant RA; Chan YH; Anbarasan D; Seetharaman S; Au L; Nachammai V; Lai A; Ho V; Wong BLL; Pang E,2023,Frontiers in medicine,"Exercise and a protein-enriched diet are essential for muscle protein synthesis, cellular growth, mitochondrial function, and immune function. The U.S. Food and Nutrition Board's current guideline on recommended dietary allowance for protein in older adults is 0.8 g/kg per day, which may not be sufficient in vulnerable pre-frail older adults. This study aimed to evaluate the impact of leucine-enriched protein supplementation with or without exercise over 3 months in pre-frail older adults who consumed ≤1 g/kg/day of protein on improving (i) physical function, (ii) body composition measures, and (iii) inflammatory biomarkers such as interleukin-6 (IL-6) and tumor necrosis factor alpha (TNF-α). A non-randomized cluster quasi-experimental study guided by the Strengthening the Reporting of Observational Studies in Epidemiology (STROBE) checklist of 178 pre-frail older adults [112 control, 44 nutrition (Nu), and 22 in the nutrition with exercise (Nu+Ex) group] comparing the effect of Nu+Ex and Nu on physical function, body composition, and inflammation. At 0, 3, and 6 months, questionnaires on demographics, depression, perceived health, and cognition were administered. Physical function assessment (short physical performance battery [SPPB] test, gait speed, handgrip strength, 5× sit-to-stand [STS]) was conducted, and body composition analysis was performed using a bioelectrical impedance analysis machine. IL-6 and TNF-α were measured at 0 and 3 months. At 3 months, there were significant improvements in gait speed, 5× STS, SPPB scores, depression, perceived health, fat-free mass, and appendicular skeletal muscle mass indices in the Nu+Ex group. Both Nu+Ex and Nu groups had improvements in body cell mass and reductions in IL-6 and TNF-α. The improvements were not sustained after 6 months. Our study results need to be validated in future longitudinal randomized studies with a larger sample size focusing on populations at risk.",PubMed,https://pubmed.ncbi.nlm.nih.gov/37644985/,doi:10.3389/fmed.2023.1204198,include_title_abs,Potential eligible RCT at title/abstract stage,B_secondary_fulltext,"Frailty RCT candidate, setting or delivery less directly Indian-primary-care relevant"
39374829,,10.1016/j.arr.2024.102532,Nutritional factors and physical frailty: Highlighting the role of functional nutrients in the prevention and treatment.,Ziaei R; Shahdadian F; Bagherniya M; Karav S; Sahebkar A,2024,Ageing research reviews,"Physical frailty, an age-related decline in the physiological capacity and function of various organs, is associated with higher vulnerability to unfavorable health outcomes. The mechanisms proposed for physical frailty including increased inflammation and oxidative stress are closely related to nutritional status. In addition to traditional nutritional factors such as protein malnutrition and nutrient deficiencies, emerging evidence has focused on the role of functional nutrients including polyphenols, carotenoids, probiotics, prebiotics, omega-3 long-chain polyunsaturated fatty acids (n-3 PUFAs), β-hydroxy-β-methylbutyrate (HMB), coenzyme Q10 (CoQ10), and L-carnitine in modifying the risk of physical frailty syndrome. Although several clinical trials have suggested the beneficial effects of supplementation with polyphenols, HMB, and prebiotics on frailty indices, the current evidence is still not robust to support recommendations on the routine clinical use of such functional nutrients for the management of frailty. Similarly, the association between CoQ10 and frailty was mainly assessed in observational studies, and more randomized controlled trials are needed in this regard. A limited number of studies have reported the beneficial effect of L-carnitine supplementation on frailty indices. Since carnitine is mainly found in skeletal muscle and its measurement is thus challenging due to ethical constraints, it is necessary to examine the effect of different doses of L-carnitine on frailty and its indices in future studies. A large number of interventional studies evaluated the impact of n-3 PUFA supplementation on physical frailty in the elderly and many of them reported improved physical performance following supplementation, especially when combined with resistance training programs. Although promising findings from experimental and observational studies have been reported on functional nutrients, high-quality evidence from randomized controlled trials as well as detailed mechanistic studies are still required to affirm their role in the prevention and/or treatment of physical frailty. This review aims to describe the current state of research on functional nutrients that may modify the development or prognosis of frailty syndrome.",PubMed,https://pubmed.ncbi.nlm.nih.gov/39374829/,doi:10.1016/j.arr.2024.102532,include_title_abs,Potential eligible RCT at title/abstract stage,B_secondary_fulltext,"Frailty RCT candidate, setting or delivery less directly Indian-primary-care relevant"
28248418,PMC5478439,10.1111/jgs.14798,Defeating Urinary Incontinence with Exercise Training: Results of a Pilot Study in Frail Older Women.,Talley KMC; Wyman JF; Bronas U; Olson-Kellogg BJ; McCarthy TC,2017,Journal of the American Geriatrics Society,"To determine whether combining behavioral urinary incontinence (UI) treatments with physical activity improves UI in frail older women. Single-blind, two-arm pilot randomized controlled trial. Senior apartments. Frail women (mean age 84.9 ± 6.4) without dementia (n = 42). Twelve-week program of customized behavioral UI treatments: 150 minutes of weekly walking and twice weekly strength training classes. UI was measured using 3-day bladder diaries, the International Consultation on Incontinence Questionnaire (ICIQ), and UI global improvement questions. Toileting skills were measured using the Performance Oriented Timed Toileting Instrument (POTTI) and the Minnesota Toileting Skills Questionnaire (MTSQ). Physical function was measured using the Short Physical Performance Battery. UI-related quality of life was measured using the Incontinence Impact Questionnaire and Urogenital Distress Inventory. The treatment group reported a 50% reduction in daily leaks using bladder diaries, and the control group reported no change (P = .04). Although there were no group differences in total ICIQ scores (P = .66), the treatment group reported significantly greater improvement on the ICIQ item for urine leakage (P = .01). More than 81% of the treatment group and 36% of the control group reported improvement in UI (χ2 = 4.84, P = .01), with mean estimated percentage improvement of 65.3 ± 32.0 versus 34.1 ± 41.3 (P = .03). Although the difference was not statistically significant, treatment group participants improved their toileting skills, whereas those of the control group declined (P = .42 POTTI, P = .11 MTSQ). Balance (P = .33) and gait (P = .24) improved more in the treatment group, whereas chair stands improved more in the control group (P = .14). UI may be improved in frail older women by combining behavioral strategies for UI with physical activity, but larger trails are needed to determine whether these findings can be replicated and sustained.",PubMed,https://pubmed.ncbi.nlm.nih.gov/28248418/,doi:10.1111/jgs.14798,include_title_abs,Potential eligible RCT at title/abstract stage,B_secondary_fulltext,"Frailty RCT candidate, setting or delivery less directly Indian-primary-care relevant"
24679341,,10.2174/1874609807666140328095544,Effect of exercise on dual-task and balance on elderly in multiple disease conditions.,Zanotto T; Bergamin M; Roman F; Sieverdes JC; Gobbo S; Zaccaria M; Ermolao A,2014,Current aging science,"Investigations on how exercise and physical activity affect dual-task (DT) performance in the elderly are growing rapidly due to the fact that DT activities are commonplace with activities of daily living. Preliminary evidence has shown the benefit in exercise on DT balance, though it is unclear to what extent the effect exercise has on DT performance in elderly subjects with disease conditions, including subjects with a high risk of falls. Hence, the objective of this study was to critically review the existing evidence of a potential relationship between exercise and improvement of static and dynamic balance during DT conditions as well as secondary outcomes in elderly subjects with different disease conditions. A systematic search using online databases was performed to source documents. Inclusion criteria sourced articles classified as randomized controlled trials (RCT), controlled trials (CT) and uncontrolled trials (UT). Moreover, the studies had to administrate an exercise or physical activity protocol in the intervention. Seventeen studies met the eligibility criteria and were comprised of 12 RCTs, 3 CTs, and 2 UTs. Overall, 13 studies supported exercise being effective to improve parameters of static and dynamic balance during single or DT conditions. Despite the heterogeneity of pathologic conditions, exercise showed similar benefits to improve function in two main areas: neurological conditions and frailty conditions. The lack of a common method to assess DT performance limited the ability to compare different interventions directly. Future research is warranted to study the optimal dose and exercise modalities to best reduce the risk of falls in the elderly with multiple disease conditions.",PubMed,https://pubmed.ncbi.nlm.nih.gov/24679341/,doi:10.2174/1874609807666140328095544,include_title_abs,Potential eligible RCT at title/abstract stage,B_secondary_fulltext,"Frailty RCT candidate, setting or delivery less directly Indian-primary-care relevant"
35180287,,10.1093/ageing/afac028,The impact of an exercise intervention on frailty levels in hospitalised older adults: secondary analysis of a randomised controlled trial.,Pérez-Zepeda MU; Martínez-Velilla N; Kehler DS; Izquierdo M; Rockwood K; Theou O,2022,Age and ageing,"physical activity reduces frailty in community-dwelling older adults. How exercise influences frailty in hospitalised older adults requires additional investigation. (i) to examine the impact of an exercise intervention on frailty in older adults admitted to an acute care ward, and (ii) to determine the impact of baseline frailty on the effectiveness of this intervention. this is a secondary analysis of a randomised controlled clinical trial that tested an intensive exercise intervention in ≥75-year-old adults admitted to an acute care ward. the intervention included two daily sessions of moderate-intensity exercises (control received usual care). A 63-item Frailty Index (FI) was constructed, and three groups were formed: <0.2, 0.2-0.29 and ≥0.3. Other outcomes included Short Physical Performance Battery (SPPB) and Barthel Index (BI). a total of 323 individuals were included. The mean age was 87.1 years (± 4.8 standard deviation [SD]) and 56.3% were females. The intervention group improved FI from 0.26 (± 0.10 SD) to 0.20 (± 0.10 SD), whereas the control group FI worsened from 0.25 (± 0.1 SD) to 0.27 (± 0.10 SD). After stratifying by baseline FI, SPPB and depression improved in the intervention group across all levels of frailty; FI, BI and quality of life only improved in individuals with a baseline FI ≥ 0.2. frailty improves with an intensive individualised exercise intervention, especially in those with high baseline levels of frailty. In addition, frailty is a useful outcome when examining the impact of an intervention of hospitalised older adults.",PubMed,https://pubmed.ncbi.nlm.nih.gov/35180287/,doi:10.1093/ageing/afac028,include_title_abs,Potential eligible RCT at title/abstract stage,B_secondary_fulltext,"Frailty RCT candidate, setting or delivery less directly Indian-primary-care relevant"
36598761,PMC9857661,10.1001/jamacardio.2022.4903,Frailty and Effects of a Multidomain Physical Rehabilitation Intervention Among Older Patients Hospitalized for Acute Heart Failure: A Secondary Analysis of a Randomized Clinical Trial.,Pandey A; Kitzman DW; Nelson MB; Pastva AM; Duncan P; Whellan DJ; Mentz RJ; Chen H; Upadhya B; Reeves GR,2023,JAMA cardiology,"Frailty is common among older patients with acute decompensated heart failure (ADHF) and is associated with worse quality of life (QOL) and a higher risk of clinical events. Frailty can also limit recovery and response to interventions. In the Rehabilitation Therapy in Older Acute Heart Failure Patients (REHAB-HF) trial, a 3-month innovative, early, transitional, tailored, multidomain physical rehabilitation intervention improved physical function and QOL (vs usual care) in older patients with ADHF. To evaluate whether baseline frailty modified the benefits of the physical rehabilitation intervention among patients with ADHF enrolled in the REHAB-HF trial and to assess the association between changes in frailty with the risk of adverse clinical outcomes on follow-up. This prespecified secondary analysis of the REHAB-HF trial, a multicenter randomized clinical trial, included 337 patients 60 years and older hospitalized for ADHF. Patients were enrolled from September 17, 2014, through September 19, 2019. Participants were stratified across baseline frailty strata as assessed using modified Fried criteria. Data were analyzed from July 2021 to September 2022. Physical rehabilitation intervention or attention control. Primary outcome was the Short Physical Performance Battery (SPPB) score at 3 months. Clinical outcomes included all-cause hospitalization or mortality at 6 months. This prespecified secondary analysis included 337 participants; 181 (53.7%) were female, 167 (49.6%) were Black, and the mean (SD) age was 72 (8) years. A total of 192 (57.0%) were frail and 145 (43.0%) were prefrail at baseline. A significant interaction was observed between baseline frailty status and the treatment arm for the primary trial end point of overall SPPB score, with a 2.6-fold larger improvement in SPPB with intervention among frail patients (2.1; 95% CI, 1.3-2.9) vs prefrail patients (0.8; 95% CI, -0.1 to 1.6; P for interaction = .03). Trends consistently favored a larger intervention effect size, with significant improvement among frail vs prefrail participants for 6-minute walk distance, QOL, and the geriatric depression score, but interactions did not achieve significance. In this prespecified secondary analysis of the REHAB-HF trial, patients with ADHF with worse baseline frailty status had a more significant improvement in physical function in response to an innovative, early, transitional, tailored, multidomain physical rehabilitation intervention than those who were prefrail. Clinical Trials.gov Identifier: NCT02196038.",PubMed,https://pubmed.ncbi.nlm.nih.gov/36598761/,doi:10.1001/jamacardio.2022.4903,include_title_abs,Potential eligible RCT at title/abstract stage,B_secondary_fulltext,"Frailty RCT candidate, setting or delivery less directly Indian-primary-care relevant"
31367728,PMC12280675,10.1007/s12603-019-1229-3,Frailty and Brain-Muscle Correlates in Older People With Type 2 Diabetes: A structural-MRI Explorative Study.,Bourdel-Marchasson I; Catheline G; Regueme S; Danet-Lamasou M; Barse E; Ratsimbazafy F; Rodriguez-Manas L; Hood K; Sinclair AJ,2019,"The journal of nutrition, health & aging","Muscle alterations, mainly functional alterations are frequently observed in older people with type 2 diabetes (T2DM). Sarcopenia may be one mechanism of transition to frailty in these people. Thus, we aim to explore the characteristics of muscle and its association with cerebral grey matter volumes within this group. Single center study nested within the international MID-Frail (a randomized clinical trial to evaluate the effectiveness of a multi-modal intervention in older people with T2DM on frailty and quality of life) trial participants underwent both brain and muscle T1 MRI, nutritional and functional assessments. Muscle areas were measured in rectus femoris (RF). Relationships between MRI grey matter volumes and muscle areas or function tests were described using positive and negative regressions. Twenty-six subjects (7 female, mean age 78.2 y, SD 5.0), 6 frail and 20 pre-frail were explored in this sub-study. Frail subjects had lower Mini Nutritional Assessment (MNA), Short Physical Performance Battery (SPPB), hip flexor strength than pre-frail ones but similar BMI and balance. Total SPPB was positively related with hip flexor strength and maximal RF area. Balance SPPB sub-score was unrelated to strength or RF area. MNA score was correlated with hip flexor strength and to global grey matter but not to SPPB. Hip flexor strength was correlated with grey matter areas involved in motor control. Walking time was negatively and rising chair sub-score was positively associated with grey matter volumes of motor areas. Sarcopenia features were more frequent in frail than prefrail subjects and were associated with decrease in grey matter volumes involved in motor control.",PubMed,https://pubmed.ncbi.nlm.nih.gov/31367728/,doi:10.1007/s12603-019-1229-3,include_title_abs,Potential eligible RCT at title/abstract stage,B_secondary_fulltext,"Frailty RCT candidate, setting or delivery less directly Indian-primary-care relevant"
14687345,,10.1046/j.1532-5415.2003.51551.x,"The effect of group exercise on physical functioning and falls in frail older people living in retirement villages: a randomized, controlled trial.",Lord SR; Castell S; Corcoran J; Dayhew J; Matters B; Shan A; Williams P,2003,Journal of the American Geriatrics Society,"To determine whether a 12-month program of group exercise can improve physical functioning and reduce the rate of falling in frail older people. Cluster randomized, controlled trial of 12 months duration. Retirement villages in Sydney and Wollongong, Australia. Five hundred fifty-one people aged 62 to 95 (mean+/-standard deviation=79.5+/-6.4) who were living in self- and intermediate-care retirement villages. Accidental falls, choice stepping reaction time, 6-minute walk distance postural sway, leaning balance, simple reaction time, and lower-limb muscle strength. Two hundred eighty subjects were randomized to the weight-bearing group exercise (GE) intervention that was designed to improve the ability of subjects to undertake activities for daily living. Subjects randomized to the control arm (n=271) attended flexibility and relaxation (FR) classes (n=90) or did not participate in a group activity (n=181). In spite of the reduced precision of cluster randomization, there were few differences in the baseline characteristics of the GE and combined control (CC) subjects, although the mean age of the GE group was higher than that of the CC group, and there were fewer men in the GE group. The mean number of classes attended was 39.4+/-28.7 for the GE subjects and 31.5+/-25.2 for the FR subjects. After adjusting for age and sex, there were 22% fewer falls during the trial in the GE group than in the CC group (incident rate ratio=0.78, 95% confidence interval (CI)=0.62-0.99), and 31% fewer falls in the 173 subjects who had fallen in the past year (incident rate ratio=0.69, 95% CI=0.48-0.99). At 6-month retest, the GE group performed significantly better than the CC group in tests of choice stepping reaction time, 6-minute walking distance, and simple reaction time requiring a hand press. The groups did not differ at retest in tests of strength, sway, or leaning balance. These findings show that group exercise can prevent falls and maintain physical functioning in frail older people.",PubMed,https://pubmed.ncbi.nlm.nih.gov/14687345/,doi:10.1046/j.1532-5415.2003.51551.x,include_title_abs,Potential eligible RCT at title/abstract stage,B_secondary_fulltext,"Frailty RCT candidate, setting or delivery less directly Indian-primary-care relevant"
41108598,PMC12719127,10.1111/ggi.70226,Pre-Operative Resistance Training and Amino Acid Supplementation in Frail Patients With Gastrointestinal Cancer: A Randomized Clinical Trial.,Fujimoto T; Akasaka H; Yasunobe Y; Yoshida S; Onishi Y; Minami T; Terashima K; Shirai M; Isaka M; Tanaka M,2025,Geriatrics & gerontology international,"To investigate the impact of preoperative exercise and nutritional interventions on postoperative complications, physical function, and activities of daily living (ADL) 1 year postoperatively in frail older patients with gastrointestinal cancer. This single-center, randomized controlled trial enrolled 62 patients aged ≥ 70 years scheduled to undergo elective surgery for gastrointestinal cancer with decreased grip strength or walking speed between October 2017 and December 2022. Participants were randomly assigned to control (n = 33) and intervention (n = 29) groups; the latter performed resistance exercises and consumed amino acid-containing jelly daily at home for 14 days. All participants were followed-up for 1 year. After exclusion, 27 and 18 patients were enrolled in the control and intervention groups, respectively. The average age was 80.4 years, and 37.8% were male. Postoperative complications were observed in 51.9% and 44.4% of the control and intervention groups, respectively (95% confidence interval [CI] 0.62-2.19), with postoperative delirium observed in 25.9% and 33.3%, respectively (95% CI 0.31-1.94). There were no significant inter-group differences in grip strength, walking speed, or skeletal muscle index. However, the intervention group showed superior knee extension strength maintenance (preoperatively: 100.2% ± 18.3% vs. 119.1% ± 68.8%, p = 0.19; discharge: 86.7% ± 22.0% vs. 119.3% ± 72.0%, p = 0.044), and lower rates of decreased ADLs or death 1 year postoperatively (42.3% vs. 23.5%; RR 0.56, 95% CI 0.08-1.92). This 14-day preoperative exercise and nutritional intervention program did not significantly reduce postoperative complications in frail older patients with gastrointestinal cancer; however, it aided in maintaining knee extension strength at discharge.",PubMed,https://pubmed.ncbi.nlm.nih.gov/41108598/,doi:10.1111/ggi.70226,include_title_abs,Potential eligible RCT at title/abstract stage,B_secondary_fulltext,"Frailty RCT candidate, setting or delivery less directly Indian-primary-care relevant"
17233681,,10.1111/j.1532-5415.2006.01010.x,"Effects of muscle strength training and megestrol acetate on strength, muscle mass, and function in frail older people.",Sullivan DH; Roberson PK; Smith ES; Price JA; Bopp MM,2007,Journal of the American Geriatrics Society,"To determine the independent and combined effects of progressive resistance muscle strength training (PRMST) and megestrol acetate (MA) on strength, muscle mass, and function in older recuperative care patients. Double-blind, randomized, controlled intervention using a two-by-two factorial design and conducted between 1999 and 2001. University-affiliated Department of Veterans Affairs hospital. Twenty-nine patients (mean age 79.4 +/- 7.4, 90% white) aged 65 and older and had recent functional decline. After randomization to one of four treatment groups (low-resistance exercises plus 800 mg per day of MA or a placebo or high-intensity PRMST plus 800 mg/d of MA or placebo), subjects received training and the drug or placebo for 12 weeks. Change in muscle strength, mid-thigh muscle area, and aggregate functional performance score as assessed using analysis of covariance. Five subjects withdrew from the study before its completion. Based on intent-to-treat analyses, subjects who received high-intensity PRMST and placebo experienced the greatest strength gains. The addition of MA was associated with worse outcomes than with high-intensity exercise training alone, especially with regard to the leg exercises. Post hoc analysis demonstrated that subjects who received high-intensity PRMST and placebo experienced significantly greater percentage increases in leg strength than subjects in either of the MA treatment groups (P<.05 for each comparison). There was also a significant negative effect of MA on physical function. In general, subjects who received MA experienced a deterioration in aggregate physical function scores, whereas the remaining subjects improved (-0.80+/-0.40 vs 0.48+/-0.41, P=.04). There was not a significant interaction between exercise and MA for any outcome. High-intensity PRMST is a safe and well-tolerated exercise regimen for frail elderly patients. The addition of MA appears to blunt the beneficial effects of PRMST, resulting in less muscle strength and functional performance gains.",PubMed,https://pubmed.ncbi.nlm.nih.gov/17233681/,doi:10.1111/j.1532-5415.2006.01010.x,include_title_abs,Potential eligible RCT at title/abstract stage,B_secondary_fulltext,"Frailty RCT candidate, setting or delivery less directly Indian-primary-care relevant"
40898138,PMC12406349,10.1186/s12877-025-06311-y,The effect of resistance training for older adults with cognitive frailty: a randomized controlled trial.,Wu T; Wang X; Xu Y; Zhang C; Huang M; Li H,2025,BMC geriatrics,"Cognitive decline and the progression to dementia are hastened in individuals with cognitive frailty. Exercise interventions benefit cognitive function in patients with Mild Cognitive Impairment (MCI) or frailty. While the optimal implementation of resistance training for cognitive frailty is still being explored. The aims of this study were to develop and evaluate the effect of a novel, hybrid online-offline resistance training regimen for the cognitive frailty cohort. In this single-blind, randomized controlled trial, 68 individuals with MCI and frailty or pre-frailty were enrolled and allocated to either a resistance training program or a standard senior fitness exercise regimen. The resistance training, designed based on the intervention mapping framework, comprised a 12-week hybrid intervention, blending online and offline sessions, conducted three times a week. The primary outcomes measured were global cognitive function and physical function. Data analysis was conducted meticulously using covariance analysis, with a commitment to the intention-to-treat principle. The hybrid online-offline resistance training regimen was both safe and feasible. Participants in the resistance training group exhibited significantly greater improvements in global cognitive function as measured by MoCA (F = 6.289, p = 0.011) and 4-meter walk time (F = 10.951, P = 0.002), with least squares mean difference of 1.299 (95% CI: 0.306 to 2.291) and - 0.576 (95% CI: -0.924 to -0.228), and with effect size of 0.095, 1.114, respectively. Furthermore, resistance training proved more effective in boosting attention and enhancing quality of life. Between the groups, no significant differences were noted in executive, language, and memory functions, as well as in measures of anxiety, depression, and self-efficacy, among other aspects. Our study demonstrated that a hybrid online-offline resistance training model is safe and effective for older people with cognitive frailty, providing modest benefits over traditional exercises in enhancing global cognitive function, attention, physical function, and quality of life. ChiCTR2100043826 was registered on 4 March 2021.",PubMed,https://pubmed.ncbi.nlm.nih.gov/40898138/,doi:10.1186/s12877-025-06311-y,include_title_abs,Potential eligible RCT at title/abstract stage,B_secondary_fulltext,"Frailty RCT candidate, setting or delivery less directly Indian-primary-care relevant"
31249834,PMC6582369,10.3389/fnut.2019.00091,Whey Protein Supplementation Post Resistance Exercise in Elderly Men Induces Changes in Muscle miRNA's Compared to Resistance Exercise Alone.,D'Souza RF; Zeng N; Markworth JF; Figueiredo VC; Hedges CP; Petersen AC; Della Gatta PA; Cameron-Smith D; Mitchell CJ,2019,Frontiers in nutrition,"Progressive muscle loss with aging results in decreased physical function, frailty, and impaired metabolic health. Deficits in anabolic signaling contribute to an impaired ability for aged skeletal muscle to adapt in response to exercise and protein feeding. One potential contributing mechanism could be exerted by dysregulation of microRNAs (miRNAs). Therefore, the aim of this study was to determine if graded protein doses consumed after resistance exercise altered muscle miRNA expression in elderly men. Twenty-three senior men (67.9 ± 0.9 years) performed a bout of resistance exercise and were randomized to consume either a placebo, 20 or 40 g of whey protein (n = 8, n = 7, and n = 8, respectively). Vastus lateralis biopsies were collected before, 2 and 4 h after exercise. Expression of 19 miRNAs, previously identified to influence muscle phenotype, were measured via RT-PCR. Of these, miR-16-5p was altered with exercise in all groups (p = 0.032). Expression of miR-15a and-499a increased only in the placebo group 4 h after exercise and miR-451a expression increased following exercise only in the 40 g whey supplementation group. Changes in p-P70S6KThr389 and p-AktSer473 following exercise were correlated with alterations in miR-208a and-499a and-206 expression, irrespective of protein dose, suggesting a possible role for miRNA in the regulation of acute phosphorylation events during early hours of exercise recovery.",PubMed,https://pubmed.ncbi.nlm.nih.gov/31249834/,doi:10.3389/fnut.2019.00091,include_title_abs,Potential eligible RCT at title/abstract stage,B_secondary_fulltext,"Frailty RCT candidate, setting or delivery less directly Indian-primary-care relevant"
32471657,,10.1016/j.jamda.2020.03.030,Effect of Sit-to-Stand Exercises Combined With Protein-Rich Oral Supplementation in Older Persons: The Older Person's Exercise and Nutrition Study.,Grönstedt H; Vikström S; Cederholm T; Franzén E; Luiking YC; Seiger Å; Wimo A; Faxén-Irving G; Boström AM,2020,Journal of the American Medical Directors Association,"Nursing home (NH) residents are often undernourished and physically inactive, which contributes to sarcopenia and frailty. The Older Person's Exercise and Nutrition Study aimed to investigate the effects of sit-to-stand exercises (STS) integrated into daily care, combined with a protein-rich oral nutritional supplement (ONS), on physical function, nutritional status, body composition, health-related quality of life, and resource use. Residents in 8 NHs were randomized by NH units into an intervention group (IG) or a control group (CG) (n = 60/group). The IG was a combination of STS (4 times/day) and ONS (2 bottles/day providing 600 kcal and 36 g protein) for 12 weeks. The participants resided in NH units (dementia and somatic care), were ≥75 years of age, and able to rise from a seated position. The 30-second Chair Stand Test was the primary outcome. Secondary outcomes were balance, walking speed, dependence in activities of daily living, nutritional status and body composition, health-related quality of life, and resource use. Altogether, 102 residents (age 86 ± 5 years, 62% female) completed the study. No improvement in the physical function assessments was observed in the IG, whereas body weight increased significantly (2.05 ± 3.5 kg, P = .013) vs the CG. Twenty-one (of 52) participants with high adherence to the intervention (ie, at least 40% compliance to the combined intervention) increased their fat free mass (2.12 kg (0.13, 4.26 interquartile range), P = .007 vs CG). Logistic regression analyses indicated that the odds ratio for maintained/improved 30-second Chair Stand Test was 3.5 (confidence interval 1.1, 10.9, P = .034) among the participants with high adherence compared with the CG. Twelve-week intervention of daily STS combined with ONS in NH residents did not improve physical function, but increased body weight. Subgroup analyses indicated that high adherence to the combined intervention was associated with maintained or improved physical function and a gain of fat free mass.",PubMed,https://pubmed.ncbi.nlm.nih.gov/32471657/,doi:10.1016/j.jamda.2020.03.030,include_title_abs,Potential eligible RCT at title/abstract stage,B_secondary_fulltext,"Frailty RCT candidate, setting or delivery less directly Indian-primary-care relevant"
29423259,PMC5789623,10.1186/s40814-018-0228-1,Comprehensive geriatric assessment pilot of a randomized control study in a Swedish acute hospital: a feasibility study.,Westgård T; Ottenvall Hammar I; Holmgren E; Ehrenberg A; Wisten A; Ekdahl AW; Dahlin-Ivanoff S; Wilhelmson K,2018,Pilot and feasibility studies,"Comprehensive geriatric assessment (CGA) represent an important component of geriatric acute hospital care for frail older people, secured by a multidisciplinary team who addresses the multiple needs of physical health, functional ability, psychological state, cognition and social status. The primary objective of the pilot study was to determine feasibility for recruitment and retention rates. Secondary objectives were to establish proof of principle that CGA has the potential to increase patient safety. The CGA pilot took place at a University hospital in Western Sweden, from March to November 2016, with data analyses in March 2017. Participants were frail people aged 75 and older, who required an acute admission to hospital. Participants were recruited and randomized in the emergency room. The intervention group received CGA, a person-centered multidisciplinary team addressing health, participation, and safety. The control group received usual care. The main objective measured the recruitment procedure and retention rates. Secondary objectives were also collected regarding services received on the ward including discharge plan, care plan meeting and hospital risk assessments including risk for falls, nutrition, decubitus ulcers, and activities of daily living status. Participants were recruited from the emergency department, over 32 weeks. Thirty participants were approached and 100% (30/30) were included and randomized, and 100% (30/30) met the inclusion criteria. Sixteen participants were included in the intervention and 14 participants were included in the control. At baseline, 100% (16/16) intervention and 100% (14/14) control completed the data collection. A positive propensity towards the secondary objectives for the intervention was also evidenced, as this group received more care assessments. There was an average difference between the intervention and control in occupational therapy assessment - 0.80 [95% CI 1.06, - 0.57], occupational therapy assistive devices - 0.73 [95% CI 1.00, - 0.47], discharge planning -0.21 [95% CI 0.43, 0.00] and care planning meeting 0.36 [95% CI-1.70, -0.02]. Controlling for documented risk assessments, the intervention had for falls - 0.94 [95% CI 1.08, - 0.08], nutrition - 0.87 [95% CI 1.06, - 0.67], decubitus ulcers - 0.94 [95% CI 1.08, - 0.80], and ADL status - 0.80 [95% CI 1.04, - 0.57]. The CGA pilot was feasible and proof that the intervention increased safety justifies carrying forward to a large-scale study. Clinical Trials ID: NCT02773914. Registered 16 May 2016.",PubMed,https://pubmed.ncbi.nlm.nih.gov/29423259/,doi:10.1186/s40814-018-0228-1,include_title_abs,Potential eligible RCT at title/abstract stage,B_secondary_fulltext,"Frailty RCT candidate, setting or delivery less directly Indian-primary-care relevant"
33413144,PMC7792183,10.1186/s12877-020-01964-3,The impact of additional resistance and balance training in exercise-based cardiac rehabilitation in older patients after valve surgery or intervention: randomized control trial.,Tamulevičiūtė-Prascienė E; Beigienė A; Thompson MJ; Balnė K; Kubilius R; Bjarnason-Wehrens B,2021,BMC geriatrics,"To evaluate the short- and mid-term effect of a specially tailored resistance and balance training provided in addition to usual cardiac rehabilitation (CR) care program in older patients after valve surgery/intervention. Single-center (inpatient CR clinic in Lithuania) randomized controlled trial. Two hundred fifty-two patients were assessed for eligibility on the first day of admittance to CR early after (14.5 ± 5.9 days) valve surgery/intervention between January 2018 and November 2019. Participants were coded centrally in accordance with randomization 1:1 using a computerized list. Control group (CG) patients were provided with usual care phase-II-CR inpatient multidisciplinary CR program, while intervention group (IG) patients received additional resistance and balance training (3 d/wk). Patients participated in a 3-month follow-up. Main outcome measures were functional capacity (6 min walk test (6MWT, meters), cardiopulmonary exercise testing), physical performance (Short Physical Performance Battery (SPPB, score) and 5-m walk test (5MWT, meters/second)), strength (one repetition maximum test for leg press), physical frailty (SPPB, 5MWT). One hundred sixteen patients (76.1 ± 6.7 years, 50% male) who fulfilled the study inclusion criteria were randomized to IG (n = 60) or CG (n = 56) and participated in CR (18.6 ± 2.7 days). As a result, 6MWT (IG 247 ± 94.1 vs. 348 ± 100.1, CG 232 ± 102.8 vs. 333 ± 120.7), SPPB (IG 8.31 ± 2.21 vs. 9.51 ± 2.24, CG 7.95 ± 2.01 vs. 9.08 ± 2.35), 5MWT (IG 0.847 ± 0.31 vs. 0.965 ± 0.3, CG 0.765 ± 0.24 vs 0.879 ± 0.29) all other outcome variables and physical frailty level improved significantly (p < 0.05) in both groups with no significant difference between groups. Improvements were sustained over the 3-month follow-up for 6MWT (IG 348 ± 113 vs. CG 332 ± 147.4), SPPB (IG 10.37 ± 1.59 vs CG 9.44 ± 2.34), 5MWT (IG 1.086 ± 0. 307 vs CG 1.123 ± 0.539) and other variables. Improvement in physical frailty level was significantly more pronounced in IG (p < 0.05) after the 3-month follow-up. Exercise-based CR improves functional and exercise capacity, physical performance, and muscular strength, and reduces physical frailty levels in patients after valve surgery/intervention in the short and medium terms. SPPB score and 5MWT were useful for physical frailty assessment, screening and evaluation of outcomes in a CR setting. Additional benefit from the resistance and balance training could not be confirmed. NCT04234087 , retrospectively registered 21 January 2020.",PubMed,https://pubmed.ncbi.nlm.nih.gov/33413144/,doi:10.1186/s12877-020-01964-3,include_title_abs,Potential eligible RCT at title/abstract stage,B_secondary_fulltext,"Frailty RCT candidate, setting or delivery less directly Indian-primary-care relevant"
22056537,,10.1159/000332207,Effects of strength training versus power training on physical performance in prefrail community-dwelling older adults.,Drey M; Zech A; Freiberger E; Bertsch T; Uter W; Sieber CC; Pfeifer K; Bauer JM,2012,Gerontology,"It has been unclear which training mode is most effective and feasible for improving physical performance in the risk group of prefrail community-dwelling older adults. The purpose of the present study was to compare the effects of strength training (ST) versus power training (PT) on functional performance in prefrail older adults. This study was registered at clinicaltrials.gov as NCT00783159. 69 community-dwelling older adults (>65 years) who were prefrail according to the definition of Fried were included in a 12-week exercise program. The participants were randomized into an ST group, a PT group and a control group. All participants were supplemented with vitamin D(3) orally before entering the intervention period. The primary outcome was the global score on the Short Physical Performance Battery (SPPB). Secondary outcomes were muscle power, appendicular lean mass (aLM) measured by dual energy X-ray absorptiometry and self-reported functional deficits (Short Form of the Late-Life Function and Disability Instrument, SF-LLFDI). Regarding changes in the SPPB score during the intervention, significant heterogeneity between the groups was observed (p = 0.023). In pair-wise comparisons, participants in both training groups significantly (PT: p = 0.012, ST: 0.009) increased their SPPB score (PT: Δ(mean) = 0.8, ST: Δ(mean) = 1.0) compared to the control group, with no statistical difference among training groups (p = 0.301). No statistical differences were found in changes in aLM (p = 0.769), muscle power (p = 0.308) and SF-LLFDI (p = 0.623) between the groups. Muscle power significantly increased (p = 0.017) under vitamin D(3) intake. In prefrail community-dwelling adults, PT is not superior to ST, although both training modes resulted in significant improvements in physical performance. With regard to dropout rates, ST appears to be advantageous compared to PT. The high prevalence of vitamin D(3) deficiency and the slight improvement of physical performance under vitamin D(3) supplementation among study participants underline the relevance of this approach in physical exercise interventions.",PubMed,https://pubmed.ncbi.nlm.nih.gov/22056537/,doi:10.1159/000332207,include_title_abs,Potential eligible RCT at title/abstract stage,B_secondary_fulltext,"Frailty RCT candidate, setting or delivery less directly Indian-primary-care relevant"
33800577,PMC8066027,10.3390/nu13041106,Effect of Training-Detraining Phases of Multicomponent Exercises and BCAA Supplementation on Inflammatory Markers and Albumin Levels in Frail Older Persons.,Caldo-Silva A; Furtado GE; Chupel MU; Bachi ALL; de Barros MP; Neves R; Marzetti E; Massart A; Teixeira AM,2021,Nutrients,"Nowadays, it is accepted that the regular practice of exercise and branched-chain amino acids supplementation (BCAAs) can benefit the immune responses in older persons, prevent the occurrence of physical frailty (PF), cognitive decline, and aging-related comorbidities. However, the impact of their combination (as non-pharmacological interventions) in albumin and the inflammatory markers is not fully understood. Therefore, we investigated the effect of a 40-week multifactorial intervention [MIP, multicomponent exercise (ME) associated or not with BCAAs] on plasma levels of inflammatory markers and albumin in frail older persons (≥75 years old) living at residential care homes (RCH). This study consisted of a prospective, naturalistic, controlled clinical trial with four arms of multifactorial and experimental (interventions-wahshout-interventions) design. The intervention groups were ME + BCAAs (n = 8), ME (n = 7), BCAAs (n = 7), and control group (n = 13). Lower limb muscle-strength, cognitive profile, and PF tests were concomitantly evaluated with plasma levels of albumin, anti- and pro-inflammatory cytokines [Interleukin-10 (IL-10) and Tumor Necrosis Factor-alpha (TNF-α) respectively], TNF-α/IL-10 ratio, and myeloperoxidase (MPO) activity at four different time-points: Baseline (T1), after 16 weeks of multifactorial intervention (T2), then after a subsequent 8 weeks washout period (T3) and finally, after an additional 16 weeks of multifactorial intervention (T4). Improvement of cognitive profile and muscle strength-related albumin levels, as well as reduction in the TNF-α levels were found particularly in ME plus BCAAs group. No significant variations were observed over time for TNF-α/IL-10 ratio or MPO activity. Overall, the study showed that MIP triggered slight alterations in the inflammatory and physical function of the frail older participants, which could provide independence and higher quality of life for this population.",PubMed,https://pubmed.ncbi.nlm.nih.gov/33800577/,doi:10.3390/nu13041106,include_title_abs,Potential eligible RCT at title/abstract stage,B_secondary_fulltext,"Frailty RCT candidate, setting or delivery less directly Indian-primary-care relevant"
31595289,,10.1093/ageing/afz105,Comparison between multicomponent and simultaneous dual-task exercise interventions in long-term nursing home residents: the Ageing-ONDUAL-TASK randomized controlled study.,Rezola-Pardo C; Arrieta H; Gil SM; Zarrazquin I; Yanguas JJ; López MA; Irazusta J; Rodriguez-Larrad A,2019,Age and ageing,"the potential benefits of dual-task interventions on older adults living in long-term nursing homes (LTNHs) from a multidimensional perspective are unknown. We sought to determine whether the addition of simultaneous cognitive training to a multicomponent exercise program offers further benefits to dual-task, physical and cognitive performance, psycho-affective status, quality of life and frailty in LTNH residents. Design: a single-blind randomized controlled trial. nine LTNHs in Gipuzkoa, Spain. 85 men and women (ACTRN12618000536268). participants were randomly assigned to a multicomponent or dual-task training group. The multicomponent group performed two sessions per week of individualized and progressive strength and balance exercises for 3 months. The dual-task group performed simultaneous cognitive tasks to the same tasks as in the multicomponent group. Gait speed under single- and dual-task conditions, physical and cognitive performance, psycho-affective status, quality of life and frailty were measured at baseline and after 3 months of intervention. both groups showed clinically significant improvements on gait performance under single- and dual-task conditions and on the short physical performance battery (P < 0.05). Both interventions were effective in maintaining cognitive function (P > 0.05). Only the multicomponent group significantly improved quality of life, and reduced anxiety and Fried frailty score (P < 0.05). No group-by-time interactions were found except for the chair-stand test in favour of the multicomponent group (P < 0.05). the addition of simultaneous cognitive training does not seem to offer significantly greater benefits to the evaluated multicomponent exercise program in older adults living in LTNHs.",PubMed,https://pubmed.ncbi.nlm.nih.gov/31595289/,doi:10.1093/ageing/afz105,include_title_abs,Potential eligible RCT at title/abstract stage,B_secondary_fulltext,"Frailty RCT candidate, setting or delivery less directly Indian-primary-care relevant"
12952151,,10.1191/0269215503cr638oa,Specific effects of balance and gait exercises on physical function among the frail elderly.,Hiroyuki S; Uchiyama Y; Kakurai S,2003,Clinical rehabilitation,"To evaluate the specific effects of balance and gait exercises among frail elderly individuals. A randomized three-group parallel controlled study. Geriatric health services facility in Japan. Thirty-four frail elderly subjects attending the care facility were randomized into a control group, an exercise group with emphasis on balance or an exercise group with emphasis on gait re-education. The two exercise groups received balance or gait exercise for 40 minutes, 2-3 times weekly, for 12 weeks. One Leg Standing Test, Functional Reach Test, Manual Perturbation Test, Functional Balance Scale, Performance-Oriented Mobility Assessment, Timed 'Up and Go' Test and Stair Climbing/Descending Test. These assessments were performed before and after 12-week intervention. Comparison of the performance before and after intervention demonstrated significant improvement in One Leg Standing Test, Functional Reach Test and Functional Balance Scale in the balance exercise group, and Functional Balance Scale, Timed 'Up and Go' Test and Stair Descending Test showed improvement in the gait exercise group. All test items showed no significant differences in the control groups. Among the three groups, the balance exercise group showed more significant improvement in Functional Balance Scale, and the gait exercise group showed more significant improvement in Performance-Oriented Mobility Assessment than the control group. The balance exercise group showed greater improvement in performance in Functional Reach Test than the gait exercise group. Balance exercises led to improvements in static balance function, and gait exercises resulted in improvements to dynamic balance and gait functions in the very frail elderly.",PubMed,https://pubmed.ncbi.nlm.nih.gov/12952151/,doi:10.1191/0269215503cr638oa,include_title_abs,Potential eligible RCT at title/abstract stage,B_secondary_fulltext,"Frailty RCT candidate, setting or delivery less directly Indian-primary-care relevant"
33549820,,10.1016/j.exger.2021.111272,Effects of progressive elastic band resistance exercise for aged osteosarcopenic adiposity women.,Lee YH; Lee PH; Lin LF; Liao CD; Liou TH; Huang SW,2021,Experimental gerontology,"Osteosarcopenic adiposity (OSA), which is described as the concurrent occurrence of osteopenia, sarcopenia, and adiposity, can lead to frailty and increase the risk of physical disability in elderly women. Progressive elastic band resistance exercise training (peRET) is considered a safe and feasible exercise intervention for elderly women with sarcopenic obesity. This study investigated the effects of elastic band resistance exercise on the physical capacity and body composition of elderly women with osteosarcopenic adiposity. A total of 15 and 12 women were randomly assigned to the experimental (12 weeks of resistance exercise) and control groups (no exercise intervention), respectively. Lean mass (measured using a dual-energy X-ray absorptiometer) and physical capacity assessments (such as timed up and go test and single leg stance tests) were conducted at baseline, 12 weeks (end of intervention), and 6 months after the intervention. Outcome differences within the study and control groups were analyzed using repeated-measures analysis of variance with a post-hoc test. The Mann-Whitney U test was used to examine differences between groups at different time points. After the intervention, no body composition changes in muscle mass and fat were observed between the study and control groups. Moreover, muscle mass and fat body composition did not significantly differ at different time points. The bone density was higher in the study group, with a higher T-score than their baseline values, but did not significantly differ compared with the control group. The study group exhibited more improved physical function than the control group, but the effect did not last after 6 months of follow-up. A 12-week progressive elastic band resistance training program effectively increased the physical capacity and improved the bone density; however, without persistent training, the positive effect diminished at 6-month follow-up.",PubMed,https://pubmed.ncbi.nlm.nih.gov/33549820/,doi:10.1016/j.exger.2021.111272,include_title_abs,Potential eligible RCT at title/abstract stage,B_secondary_fulltext,"Frailty RCT candidate, setting or delivery less directly Indian-primary-care relevant"
22770932,,10.1016/j.jamda.2012.05.020,"Protein supplementation increases muscle mass gain during prolonged resistance-type exercise training in frail elderly people: a randomized, double-blind, placebo-controlled trial.",Tieland M; Dirks ML; van der Zwaluw N; Verdijk LB; van de Rest O; de Groot LC; van Loon LJ,2012,Journal of the American Medical Directors Association,"Protein supplementation has been proposed as an effective dietary strategy to augment the skeletal muscle adaptive response to prolonged resistance-type exercise training in elderly people. Our objective was to assess the impact of protein supplementation on muscle mass, strength, and physical performance during prolonged resistance-type exercise training in frail elderly men and women. A randomized, double-blind, placebo-controlled trial with 2 arms in parallel among 62 frail elderly subjects (78 ± 1 year). These elderly subjects participated in a progressive resistance-type exercise training program (2 sessions per week for 24 weeks) during which they were supplemented twice daily with either protein (2 * 15 g) or a placebo. Lean body mass (DXA), strength (1-RM), and physical performance (SPPB) were assessed at baseline, and after 12 and 24 weeks of intervention. Lean body mass increased from 47.2 kg (95% CI, 43.5-50.9) to 48.5 kg (95% CI, 44.8-52.1) in the protein group and did not change in the placebo group (from 45.7 kg, 95% CI, 42.1-49.2 to 45.4 kg, 95% CI, 41.8-48.9) following the intervention (P value for treatment × time interaction = .006). Strength and physical performance improved significantly in both groups (P = .000) with no interaction effect of dietary protein supplementation. Prolonged resistance-type exercise training represents an effective strategy to improve strength and physical performance in frail elderly people. Dietary protein supplementation is required to allow muscle mass gain during exercise training in frail elderly people. clinicaltrials.gov identifier: NCT01110369.",PubMed,https://pubmed.ncbi.nlm.nih.gov/22770932/,doi:10.1016/j.jamda.2012.05.020,include_title_abs,Potential eligible RCT at title/abstract stage,B_secondary_fulltext,"Frailty RCT candidate, setting or delivery less directly Indian-primary-care relevant"
34946289,PMC8705993,10.3390/medicina57121344,Frailty and Different Exercise Interventions to Improve Gait Speed in Older Adults after Acute Coronary Syndrome.,Beigienė A; Petruševičienė D; Barasaitė V; Kubilius R; Macijauskienė J,2021,"Medicina (Kaunas, Lithuania)","Background and Objectives: The world's population is rapidly aging, and it is estimated that, by 2050, every sixth person on earth will be older than 65 years. Around 30% of older adults entering cardiac rehabilitation (CR) meet the criteria of frailty. Frailty identification has not been included in the routine evaluation of CR patients yet, and there is a lack of evidence on what training regimen for improving physical performance in frail people is optimal. Therefore, the aim of our study was to determine the prevalence of frailty and to evaluate the effect of two different complementary training programs on the gait speed of older vulnerable and frail patients with acute coronary syndrome and mid-range-to-preserved left ventricular ejection fraction (≥40%) during short-term CR. Materials and Methods: This randomized controlled trial was conducted from January 2020 to September 2021. CR participants (n = 97) with a mean age of 73.1 ± 5.3 years were randomly allocated into three groups: control (CG, n = 32), intervention-1 (IG-1, n = 32) and intervention-2 (IG-2, n = 33). The patients of all three groups attended a usual inpatient CR program, and two intervention groups additionally received different resistance and balance training programs 3 days a week: the IG-1 underwent complementary training with traditional means of physical therapy, while the IG-2 underwent complementary training with mechanical devices. The mean CR duration was 18.9 ± 1.7 days. Frailty was assessed with the Edmonton Frail Scale, and the 5 m walk test was used to evaluate gait speed. Results: Frailty was determined in 37.1% of participants, and 42.3% met the criteria of being vulnerable. After CR, the gait speed of frail and vulnerable patients significantly improved in all three groups (p < 0.05). In the IG-2, slow gait speed was reversed to normal in the overwhelming majority of patients (p < 0.05), while the CG had the greatest proportion of patients who remained to be slow after CR (p < 0.05). Conclusions: A considerable part of patients entering CR are frail or vulnerable; therefore, it is of crucial importance to assess frailty status in all older people. All three CR programs improved gait speed in frail and vulnerable older patients with ischemic heart disease. Complementary resistance and balance training with mechanical devices more effectively reversed slow gait speed to normal during short-term CR.",PubMed,https://pubmed.ncbi.nlm.nih.gov/34946289/,doi:10.3390/medicina57121344,include_title_abs,Potential eligible RCT at title/abstract stage,B_secondary_fulltext,"Frailty RCT candidate, setting or delivery less directly Indian-primary-care relevant"
16866686,,10.1111/j.1532-5415.2006.00790.x,Characteristics of frail older adult drivers.,Carr DB; Flood K; Steger-May K; Schechtman KB; Binder EF,2006,Journal of the American Geriatrics Society,"To determine the prevalence of driving in older adults with mild to moderate physical frailty and to compare characteristics of current frail older adult drivers with those of former drivers in the sample. Retrospective study of frail older adults enrolled in randomized trials of exercise and hormone replacement therapy. Urban, academic medical center. One hundred eighty-three sedentary community-dwelling men and women aged 75 and older with mild to moderate physical frailty, as defined by two of the following three criteria: modified Physical Performance Test (PPT) score between 18 and 32, peak oxygen uptake (VO2) between 10 and 18 mL/kg per minute, and self-report of difficulty or assistance with one activity of daily living (ADL) or two instrumental ADLs. Participants were classified as current or former drivers. Demographic characteristics, medical diagnoses, medication use, modified PPT score, and psychometric tests. The majority (85%) of the participants were drivers. Former drivers were more likely to be older, be female, reside in congregate independent living for the elderly, have a higher incidence of arthritis and congestive heart failure, take sedating medications, have lower total ADL scores, have lower VO2 peak scores, and have more impairment on tests of cognition and physical strength, although only age, type of residence, and grip strength were independent predictors of driving cessation in the regression analysis. Despite the presence of physical frailty, many older adults choose to continue to drive. Further studies are needed to better understand the driving behaviors of frail older adults and explore opportunities for optimizing driving abilities.",PubMed,https://pubmed.ncbi.nlm.nih.gov/16866686/,doi:10.1111/j.1532-5415.2006.00790.x,include_title_abs,Potential eligible RCT at title/abstract stage,B_secondary_fulltext,"Frailty RCT candidate, setting or delivery less directly Indian-primary-care relevant"
37998055,PMC10670657,10.3390/ejihpe13110165,Enhancing Physical and Psychosocial Health of Older Adults in Saudi Arabia through Walking: Comparison between Supervised Group-Based and Non-Supervised Individual-Based Walking.,Karmakar P; Wong MC; AlMarzooqi MA; Alghamdi N; Ou K; Duan Y; Rhodes RE; Zhang CQ,2023,"European journal of investigation in health, psychology and education","Walking is widely recognized as one of the most common and effective forms of physical activity, particularly for older adults. This study examined the comparative effects of two types of walking interventions, including supervised group-based intervention (SGBI) and non-supervised individual-based intervention (NSIBI), on frailty syndrome, cognitive functions or skills, and health-related quality of life among sedentary older Saudi individuals. A 15-week double-blinded, randomized controlled trial (RCT) including three groups (two were intervention groups while the other was the control group) was conducted among older adults who were inactive to examine the effect of different forms of walking interventions on frailty syndrome, cognitive functions, and health-related quality of life. A total of 107 participants, including 65 males and 42 females, were divided into three groups, which include SGBI, NSIBI, and the control group. Frailty syndrome was measured using the physical performance test (PPT), while cognitive function and health-related quality of life were assessed using the Mini-mental State Examination (MMSE) and the Short Form 36 (SF 36) health survey questionnaire. One-way repeated measures analysis of variance (ANOVA) and one-way analysis of covariance (ANCOVA) with the pre- and post-tests were performed for within- and between-group differences. while post-test data for the control group participants were absent due to the change in elderly center regulation, and they were excluded from the analysis. Hence, the comparison was stated only between the intervention groups. Both of the intervention groups (SGBI and NSIBI) showed significant within-subject differences in the Physical Function subscale of the health-related quality of life scale only, with F(1,20) = 23.03, p < 0.001, and F(1,18) = 27.22, p < 0.001, respectively. On the other hand, the Physical Performance Test revealed significant [F(2,51) = 9.21, p < 0.001] between-group differences in the post-test based on the baseline values. In addition, the average step count of older adults was increased from 4000 steps per session to around 7000 steps per session in the intervention group. The average heart rate of the NSIBI group did not show a visible change, and the resting heart rate of both groups showed a slightly declining trend throughout the intervention period. The walking intervention significantly increased participants' physical function, which is a component of health-related quality of life and physical performance (frailty level), along with average daily step counts for older adults in Saudi Arabia. Regular engagement in the recommended level of walking is strongly advisable for Saudi Arabian older adults to maintain their overall quality of life at this stage.",PubMed,https://pubmed.ncbi.nlm.nih.gov/37998055/,doi:10.3390/ejihpe13110165,include_title_abs,Potential eligible RCT at title/abstract stage,B_secondary_fulltext,"Frailty RCT candidate, setting or delivery less directly Indian-primary-care relevant"
32610608,PMC7400340,10.3390/nu12071928,The Effects of Timing of a Leucine-Enriched Amino Acid Supplement on Body Composition and Physical Function in Stroke Patients: A Randomized Controlled Trial.,Ikeda T; Morotomi N; Kamono A; Ishimoto S; Miyazawa R; Kometani S; Sako R; Kaneko N; Iida M; Kawate N,2020,Nutrients,"The combination of exercise and nutritional intervention is widely used for stroke patients, as well as frail or sarcopenic older persons. As previously shown, supplemental branched chain amino acids (BCAAs) or protein to gain muscle mass has usually been given just after exercise. This study investigated the effect of the timing of supplemental BCAAs with exercise intervention on physical function in stroke patients. The participants were randomly assigned to two groups based on the timing of supplementation: breakfast (n = 23) and post-exercise (n = 23). The supplement in the breakfast group was provided at 08:00 with breakfast, and in the post-exercise group it was provided just after the exercise session in the afternoon at 14:00-18:00. In both groups, the exercise intervention was performed with two sessions a day for two months. The main effects were observed in body fat mass (p = 0.02, confidence interval (CI): 13.2-17.7), leg press strength (p = 0.04, CI: 94.5-124.5), and Berg balance scale (p = 0.03, CI: 41.6-52.6), but no interaction with intake timing was observed. Although the effect of the timing of supplementation on skeletal muscle mass was similar in both groups, BCAA intake with breakfast was effective for improving physical performance and decreasing body fat mass. The results suggest that a combination of BCAA intake with breakfast and an exercise program was effective for promoting rehabilitation of post-stroke patients.",PubMed,https://pubmed.ncbi.nlm.nih.gov/32610608/,doi:10.3390/nu12071928,include_title_abs,Potential eligible RCT at title/abstract stage,B_secondary_fulltext,"Frailty RCT candidate, setting or delivery less directly Indian-primary-care relevant"
36940921,,10.1016/j.spinee.2023.03.007,Branched-chain amino acids plus vitamin D supplementation promote increased muscle strength following lumbar surgery for lumbar spinal stenosis: a randomized trial.,Minetama M; Kawakami M; Teraguchi M; Enyo Y; Nakagawa M; Yamamoto Y; Sakon N; Matsuo S; Nakatani T; Nakagawa R,2023,The spine journal : official journal of the North American Spine Society,"Adequate nutrition is essential to address the surgical stress response and mitigate loss of muscle mass, strength, and functionality in older adults with lumbar spinal stenosis (LSS). However, it is unknown whether amino acids and/or vitamin D are beneficial in older adults following lumbar surgery for LSS. To evaluate whether branched-chain amino acids (BCAA) plus vitamin D supplementation could attenuate the loss of muscle mass and strength, accelerate the return of functional mobility, and improve clinical outcomes following lumbar surgery for LSS. A single-center, single-blind randomized controlled trial. Eighty patients who received lumbar surgery for LSS. The primary outcome was the Zurich claudication questionnaire (ZCQ), and secondary outcomes included knee muscle strength, muscle mass measured by bioelectrical impedance analysis, gait speed and a timed up-and-go test (TUG) at 12 weeks postoperatively. Follow-up assessment was performed for the ZCQ at 52 weeks postoperatively. Patients ingested the supplementation (BCAA group: BCAA plus vitamin D, Nonamino acid group: nonamino acid) twice daily for 3 weeks from the day after surgery, and received two hours of postoperative inpatient rehabilitation 5 times a week. No significant differences were observed in the mean changes on the ZCQ between the two groups at 12 weeks and 52 weeks. At 2 weeks postoperatively, the nonamino acid group showed significant deterioration compared with the BCAA group for strengths of knee extensor and knee flexor (p < .01). At 12 weeks, the BCAA group showed significant improvements in knee extensor strength and knee flexor strength compared with the nonamino acid group (p <.01). There were no significant differences in mean changes of muscle mass, maximum gait speed, and TUG at 12 weeks between two groups. BCAA plus vitamin D supplementation did not improve LSS-related clinical outcomes after lumbar surgery for LSS, even though muscle strength increased. Future studies should focus on long-term outcomes for muscle mass and physical function, including development of sarcopenia and frailty.",PubMed,https://pubmed.ncbi.nlm.nih.gov/36940921/,doi:10.1016/j.spinee.2023.03.007,include_title_abs,Potential eligible RCT at title/abstract stage,B_secondary_fulltext,"Frailty RCT candidate, setting or delivery less directly Indian-primary-care relevant"
38176121,,10.1016/j.archger.2023.105321,The effects of different exercise types on cognitive and physical functions in dementia patients: A randomized comparative study.,Guzel I; Can F,2024,Archives of gerontology and geriatrics,"The physical and cognitive effects of aerobic exercise on dementia have been extensively studied. Further investigation of other types of exercise with different physiological effects is still needed. This study aimed to determine cognitive and physical effects of 6-week aerobic, balance, and combined (aerobic-balance) exercise programs on dementia. A total of 31 mild to moderate dementia patients aged 65-90 years were divided into three exercise groups. Before and after the 6-week exercise program, mental rotation, spatial orientation, visual memory, and mental status were assessed for cognitive functions, while fall risk, reaction time, lower limb strength, and frailty were assessed for physical functions. Comprehensive cognitive and physical assessments were performed to provide a holistic approach to dementia. When post-exercise values were compared with pre-exercise values, only frailty decreased significantly in the aerobic exercise group (p = 0.017). After exercise program in balance and combined exercise groups, mental rotation (p = 0.005, p = 0.032), spatial orientation (p = 0.020, p = 0.035), mental status (p = 0.007, p = 0.014), and lower extremity strength (p = 0. 010, p = 0.005) increased significantly, while fall risk (p = 0.005, p = 0.005), reaction time (p = 0.028, p = 0.016), and frailty (p = 0.020, p = 0.009) decreased significantly. Moreover, in contrast to combined and aerobic exercise, improvement in visual memory was also observed in the balance exercise group (p = 0.016). These findings suggest that balance and combined exercises may have broader effects on dementia than aerobic exercise. It emphasizes the importance of designing exercise programs for dementia patients, considering the cognitive and physical deficits of the patients, and creating a multidimensional treatment approach.",PubMed,https://pubmed.ncbi.nlm.nih.gov/38176121/,doi:10.1016/j.archger.2023.105321,include_title_abs,Potential eligible RCT at title/abstract stage,B_secondary_fulltext,"Frailty RCT candidate, setting or delivery less directly Indian-primary-care relevant"
31172819,,10.1080/17483107.2019.1617795,"FriWalk robotic walker: usability, acceptance and UX evaluation after a pilot study in a real environment.",Pérez-Rodríguez R; Moreno-Sánchez PA; Valdés-Aragonés M; Oviedo-Briones M; Divan S; García-Grossocordón N; Rodríguez-Mañas L,2020,Disability and rehabilitation. Assistive technology,"Background: Scientific evidence supports that prevention strategies like multicomponent physical exercise help avoiding functional decline, falls and frailty. The robotic walker FriWalk, developed within the ACANTO project, supports the execution of controlled physical activities during hospital admission to prevent functional deterioration associated to prolonged bedrest. FriWalk shows in a clinical validation study a positive relationship with improvement in physical performance, basic activities of daily living execution and frailty status. Usability, acceptance and user experience (UX) are key aspects to ease the adoption of assistive technologies in the elderly.Objective: This work pursues the evaluation of the usability, acceptance and UX of the FriWalk from the patients and clinical professionals' perspectives.Methods: Data collected during the validation of FriWalk in a real environment have been used. Forty-two patients recruited at Getafe University Hospital (Acute Care and Orthogeriatric Units) and one clinical professional participated. SUS, TAM, UX and ad hoc questionnaires were administered.Results: Patients provided an average SUS of 52.86 and provided valuable information in the qualitative acceptance interviews. The clinical professional provided an averaged SUS and TAM of 67 and 46.6, respectively, and evaluated all UX categories as above average.Conclusions: Usability results do not qualify FriWalk as above average; the reasons explaining this have been identified and point out to the prototypical stage of the hardware. Acceptance and UX were positively evaluated and allowed the research team to propose a new organizational model to deliver the FriWalk-based prevention program. FriWalk will be soon evolved.Implications for rehabilitationFriWalk showed in a randomized clinical trial a positive relationship with improvement in physical performance, basic activities of daily living execution and frailty status.In terms of usability, user experience (UX) and acceptance, participants of the study have valued the FriWalk robotic walker as a promising help, considering that the device that has been under evaluation was still in a prototype stage.Clinical professional reported FriWalk and its corresponding exercise program description software regarding usability, acceptance and UX as satisfactory tool to prescribe and assess a rehabilitation program for hospitalized patients.",PubMed,https://pubmed.ncbi.nlm.nih.gov/31172819/,doi:10.1080/17483107.2019.1617795,include_title_abs,Potential eligible RCT at title/abstract stage,B_secondary_fulltext,"Frailty RCT candidate, setting or delivery less directly Indian-primary-care relevant"
41534098,,10.1097/PHM.0000000000002904,"Differential Effects of Whole-Body Vibration and Floor Exercises on Muscle Architecture, Functional Performance, and Well-Being in Prefrail Seniors: A Randomized Controlled Trial.",Karaalioğlu F; Tuna F; Özdemir H; Kakilli N; Demirbağ Kabayel D,2026,American journal of physical medicine & rehabilitation,"The aim of the study was to compare the effects of a 6-wk whole-body vibration program versus floor exercises on physical and psychosocial outcomes in prefrail elderly. In this randomized, single-blind, parallel-group superiority trial, 58 prefrail participants aged ≥65 were randomized 1:1 to whole-body vibration or floor groups. Both groups performed structurally similar exercise programs (5 sessions/week), tailored to either a vibration platform or the floor. Primary outcomes were quadriceps thickness, Sonographic Thigh Adjustment Ratio, and Chair Stand Test. Secondary outcomes included handgrip strength, body composition, performance, mobility, balance, and questionnaires on physical activity, mood, kinesiophobia, depression, quality of life, sleep, and fatigue. Assessments occurred at baseline and week 6, except for quadriceps thickness and Sonographic Thigh Adjustment Ratio, also measured at weeks 2 and 4. While both interventions significantly improved quadriceps thickness, Sonographic Thigh Adjustment Ratio, Chair Stand Test, performance, balance, mood, fatigue, and sleep quality, whole-body vibration showed greater Sonographic Thigh Adjustment Ratio gains at week 6 (right: P = 0.027, left: P = 0.043) and better outcomes in Timed Get-Up-and-Go ( P = 0.008), depressive symptoms ( P = 0.036), fatigue ( P = 0.036), and trunk fat percentage ( P = 0.008) and mass ( P = 0.006), with no serious adverse events. Whole-body vibration yielded greater benefits in sarcopenia prevention, mobility, mood, fatigue, and body composition, although other outcomes showed no between-group differences, suggesting domain-specific rather than universal effects.",PubMed,https://pubmed.ncbi.nlm.nih.gov/41534098/,doi:10.1097/phm.0000000000002904,include_title_abs,Potential eligible RCT at title/abstract stage,B_secondary_fulltext,"Frailty RCT candidate, setting or delivery less directly Indian-primary-care relevant"
38838635,,10.1016/j.phymed.2024.155742,"The efficacy and safety of Bazi Bushen Capsule in treating premature aging: A randomized, double blind, multicenter, placebo-controlled clinical trial.",Mei J; Ju C; Wang B; Gao R; Zhang Y; Zhou S; Liu E; Zhang L; Meng H; Liu Y,2024,Phytomedicine : international journal of phytotherapy and phytopharmacology,"It is unclear whether traditional Chinese patent medicines can resist premature aging. This prospective study investigated the effects of Bazi Bushen Capsule (BZBS) which is a traditional Chinese patent medicine for tonifying the kidney essence on premature senility symptoms and quality of life, telomerase activity and telomere length. It was a parallel, multicenter, double-blind, randomized, and placebo-controlled trial. Subjects (n = 530) aged 30-78 years were randomized to receive BZBS or placebo capsules 12 weeks. The primary outcome was the clinical feature of change in kidney deficiency for aging evaluation scale (CFCKD-AES) and tilburg frailty indicator (TFI). The secondary outcomes were SF-36, serum sex hormone level, five times sit-to-stand time (FTSST), 6MWT, motor function test-grip strength, balance test, walking speed, muscle mass measurement, telomerase and telomere length. After 12 weeks of treatment, the CFCKD-AES and TFI scores in the BZBS group decreased by 13.79 and 1.50 respectively (6.42 and 0.58 in the placebo group, respectively); The SF-36 in the BZBS group increased by 98.38 (23.79 in the placebo group). The FTSST, motor function test grip strength, balance test, walking speed, and muscle mass in the elderly subgroup were all improved in the BZBS group. The telomerase content in the BZBS group increased by 150.04 ng/ml compared to the placebo group. The fever led one patient in the placebo group to discontinue the trial. One patient in the placebo group withdrew from the trial due to pregnancy. None of the serious AEs led to treatment discontinuation, and 3 AEs (1.14%) were assessed as related to BZBS by the primary investigator. BZBS can improve premature aging symptoms, frailty scores, and quality of life, as well as improve FTSST, motor function: grip strength, balance test, walking speed, and muscle mass in elderly subgroups of patients, and enhance telomerase activity, but it is not significantly associated with increasing telomere length which is important for healthy aging. https://www.chictr.org.cn/showproj.html?proj=166181.",PubMed,https://pubmed.ncbi.nlm.nih.gov/38838635/,doi:10.1016/j.phymed.2024.155742,include_title_abs,Potential eligible RCT at title/abstract stage,B_secondary_fulltext,"Frailty RCT candidate, setting or delivery less directly Indian-primary-care relevant"
38552276,PMC12877218,10.1016/j.jnha.2024.100217,Effects of testosterone and vitamin D on fall risk in pre-frail hypogonadal men: a factorial design RCT.,Bischoff-Ferrari HA; Kistler-Fischbacher M; Gaengler S; Münzer T; Dawson-Hughes B; Lang W; Theiler R; Egli A; Orav EJ; Freystaetter G,2024,"The journal of nutrition, health & aging","To test whether transdermal testosterone at a dose of 75 mg per day and/or monthly 24'000 IU Vitamin D reduces the fall risk in pre-frail hypogonadal men aged 65 and older. 2 × 2 factorial design randomized controlled trial, follow up of 12 months. Hypogonadism was defined as total testosterone <11.3 nmol/L and pre-frailty as ≥1 Fried- frailty criteria and/or being at risk for falling at the time of screening. The primary outcomes were number of fallers and the rate of falls, assessed prospectively. Secondary outcomes were appendicular lean mass (ALM), sit-to-stand, gait speed, and the short physical performance test battery. Analyses were adjusted for age, BMI, fall history and the respective baseline measurement. We aimed to recruit 168 men and stopped at 91 due to unexpected low recruitment rate (1266 men were pre-screened). Mean age was 72.2 years, serum total testosterone was 10.8 ± 3.0 nmol/l, and 20.9% had 25(OH)D levels below 20 ng/mL. Over 12 months, 37 participants had 72 falls. Neither the odds of falling nor the rate of falls were reduced by testosterone or by vitamin D. Testosterone improved ALM compared to no testosterone (0.21 kg/m2 [0.06, 0.37]), and improved gait speed (0.11 m/s, [0.03, 0.20]) compared to placebo. Transdermal testosterone did not reduce fall risk but improved ALM and gait speed in pre-frail older men. Monthly vitamin D supplementation had no benefit.",PubMed,https://pubmed.ncbi.nlm.nih.gov/38552276/,doi:10.1016/j.jnha.2024.100217,include_title_abs,Potential eligible RCT at title/abstract stage,B_secondary_fulltext,"Frailty RCT candidate, setting or delivery less directly Indian-primary-care relevant"
30733683,PMC6353829,10.3389/fphys.2018.01903,Identification of Pre-frailty Sub-Phenotypes in Elderly Using Metabolomics.,Pujos-Guillot E; Pétéra M; Jacquemin J; Centeno D; Lyan B; Montoliu I; Madej D; Pietruszka B; Fabbri C; Santoro A,2018,Frontiers in physiology,"Aging is a dynamic process depending on intrinsic and extrinsic factors and its evolution is a continuum of transitions, involving multifaceted processes at multiple levels. It is recognized that frailty and sarcopenia are shared by the major age-related diseases thus contributing to elderly morbidity and mortality. Pre-frailty is still not well understood but it has been associated with global imbalance in several physiological systems, including inflammation, and in nutrition. Due to the complex phenotypes and underlying pathophysiology, the need for robust and multidimensional biomarkers is essential to move toward more personalized care. The objective of the present study was to better characterize the complexity of pre-frailty phenotype using untargeted metabolomics, in order to identify specific biomarkers, and study their stability over time. The approach was based on the NU-AGE project (clinicaltrials.gov, NCT01754012) that regrouped 1,250 free-living elderly people (65-79 y.o., men and women), free of major diseases, recruited within five European centers. Half of the volunteers were randomly assigned to an intervention group (1-year Mediterranean type diet). Presence of frailty was assessed by the criteria proposed by Fried et al. (2001). In this study, a sub-cohort consisting in 212 subjects (pre-frail and non-frail) from the Italian and Polish centers were selected for untargeted serum metabolomics at T0 (baseline) and T1 (follow-up). Univariate statistical analyses were performed to identify discriminant metabolites regarding pre-frailty status. Predictive models were then built using linear logistic regression and ROC curve analyses were used to evaluate multivariate models. Metabolomics enabled to discriminate sub-phenotypes of pre-frailty both at the gender level and depending on the pre-frailty progression and reversibility. The best resulting models included four different metabolites for each gender. They showed very good prediction capacity with AUCs of 0.93 (95% CI = 0.87-1) and 0.94 (95% CI = 0.87-1) for men and women, respectively. Additionally, early and/or predictive markers of pre-frailty were identified for both genders and the gender specific models showed also good performance (three metabolites; AUC = 0.82; 95% CI = 0.72-0.93) for men and very good for women (three metabolites; AUC = 0.92; 95% CI = 0.86-0.99). These results open the door, through multivariate strategies, to a possibility of monitoring the disease progression over time at a very early stage.",PubMed,https://pubmed.ncbi.nlm.nih.gov/30733683/,doi:10.3389/fphys.2018.01903,include_title_abs,Potential eligible RCT at title/abstract stage,B_secondary_fulltext,"Frailty RCT candidate, setting or delivery less directly Indian-primary-care relevant"
35397159,,10.1093/ageing/afac083,Inspiratory muscle training in addition to whole body vibration for functional and physical outcomes in pre-frail older women: a randomized controlled trial.,de Souza HCM; Pessoa MF; Dos Santos Clemente R; da Silva AV; de Andrade EAM; Neves PAF; Fernandes J; Dornelas de Andrade A,2022,Age and ageing,"to investigate the efficacy of addition of inspiratory muscle training (IMT) to the whole body vibration (WBV) on functional outcomes, physical performance, muscle strength and metabolism in pre-frail older women. this study was a randomized double-blind trial. Forty-two older women aged 60-80 years who meet the Cardiovascular Health Study frailty criteria for pre-frailty were randomly allocated to IMT + WBV, IMTsham + WBV or Sham groups. IMT + WBV group received 12 weeks of both trainings, whereas IMTsham + WVB received 12 weeks of WBV alone. Sham group received 12 weeks of IMT with a low fixed load and were positioned at the vibratory platform without therapeutic effect. Participants were evaluated before and after the intervention for the following outcomes: 6-min walk test distance (6MWD), balance using Tinetti test, functional mobility using timed up and go test (TUG), handgrip strength (HGS) and peripheral muscle metabolism (glucose and lactate levels). after the training, both groups IMT + WBV and IMTsham + WBV improved 6MWD [mean percentage changes = 20.31 (SD = 14.62) and 13.02 (SD = 12.14), respectively] compared with Sham [0.27 (SD = 6.51)], P <0.01. There was also a significant decrease of mean percentage changes on time of the TUG for IMT + WBV [-21.87 (SD = 7.87)] and IMTsham + WBV [-11.15 (SD = 13.64)] compared with Sham [-4.25 (SD = 13.25)], P <0.01. IMT + WBV group improved balance when compared with IMTsham + WBV and Sham groups (P <0.05 and < 0.01, respectively). HGS and levels of lactate and glucose were similar between groups. the addition of IMT to the WBV was effective to improve functionality, balance and physical performance in pre-frail older women.",PubMed,https://pubmed.ncbi.nlm.nih.gov/35397159/,doi:10.1093/ageing/afac083,include_title_abs,Potential eligible RCT at title/abstract stage,B_secondary_fulltext,"Frailty RCT candidate, setting or delivery less directly Indian-primary-care relevant"
40743583,PMC12336822,10.1016/j.jnha.2025.100645,Effects of nutritional education intervention on frailty status in lung cancer patients: A randomized controlled trial.,Li Z; Wu J; Liu Z,2025,"The journal of nutrition, health & aging","The purpose of this study was to evaluate the feasibility of nutrition education interventions in improving frailty status and dietary quality indicated by the Chinese Healthy Eating Index (CHEI) in frail patients with lung cancer. A 12-week randomized controlled study on nutrition education in frail patients with lung cancer. This study enrolled 56 frail patients with lung cancer (aged ≥60 years) from the Department of Oncology, Affiliated Hospital of Jiangnan University (September 2024-January 2025). Participants were randomly allocated to either the intervention group (n = 28), receiving personalized weekly nutrition education supported by structured dietary interventions that included dietary manuals and site instruction, or the control group (n = 28), which received standard care without additional dietary components. The primary outcomes of this study included frailty scores and prevalence, assessed according to the Fried phenotype criteria, as well as the CHEI score. The Fried phenotype criteria was defined by five components: weight loss, exhaustion, weakness, slowness, and low physical activity. The total score ranges from 0 to 5, with a score of ≥3 indicating frailty. The CHEI score was calculated based on the intake of food categories relative to their standard proportions (SP). Of the 56 participants, 71.4% were male, with a mean age of 70.6 (SD 4.9). Linear mixed-effects modeling demonstrated that the nutritional intervention group showed significantly lower frailty scores (Effect size = -0.642, 95%CI (-1.017, -0.268), P < 0.001) and higher CHEI scores (Effect size = 5.932, 95%CI (1.648, 10.216), P = 0.007), with these effects being independent of temporal variation (time effect: P = 0.347, P = 0.740) and revealed a significant group × time interaction for low physical activity scores (Effect size = -0.250, 95%CI (-0.465, -0.035), P = 0.023). In frail lung cancer patients, dietary quality-focused nutrition education improved frailty, nutritional status, and quality of life, offering a safe and promising non-pharmacological strategy for frailty management in this population.",PubMed,https://pubmed.ncbi.nlm.nih.gov/40743583/,doi:10.1016/j.jnha.2025.100645,include_title_abs,Potential eligible RCT at title/abstract stage,B_secondary_fulltext,"Frailty RCT candidate, setting or delivery less directly Indian-primary-care relevant"
31334544,,10.1093/ajcn/nqz138,Medium-chain triglycerides (8:0 and 10:0) are promising nutrients for sarcopenia: a randomized controlled trial.,Abe S; Ezaki O; Suzuki M,2019,The American journal of clinical nutrition,"The combined supplementation of medium-chain triglycerides (MCTs), l-leucine-rich amino acids, and cholecalciferol was previously shown to increase muscle strength and function in frail elderly individuals. We examined whether treatment with MCTs alone is sufficient to increase muscle strength and function and activities of daily living (ADL) in such individuals. We enrolled 64 elderly nursing home residents (85.5 ± 6.8 y) in a 3-mo randomized, controlled, single-blinded intervention trial. The participants were randomly assigned to 3 groups: the first group received supplemental l-leucine (1.2 g) and cholecalciferol (20 μg) enriched with 6 g/d of MCTs (LD + MCT group) as a positive control, the second group received 6 g/d of MCTs (MCT group) as a target, and the third group received 6 g/d of long-chain triglycerides (LCT group) as a negative control. Changes in muscle mass, strength, function, and ADL were monitored 4 times: at baseline, at 1.5 and 3 mo after initiation of the intervention (intervention), and 1.5 mo after termination of the intervention (washout). The 64 participants randomly assigned to the 3 groups were included in an intention-to-treat analysis. Forty-eight participants completed the study and were included in a per-protocol analysis. At 3 mo, participants in the MCT group had a 48.1% increase in 10-s leg open and close test performance [intention-to-treat adjusted means: MCT 2.28 n/10 s (1.37, 3.19) compared with LCT -0.59 n/10 s (-1.52, 0.35), P < 0.05], a 27.8% increase in a 30-s repetitive saliva swallowing test [MCT 0.5 n/30 s (0.1, 1.0) compared with LCT -0.5 n/30 s (-0.9, 0.0), P < 0.05], and a 7.5% increase in Functional Independence Measure score, a questionnaire for assessing ADL [MCT 5.6 points (1.3, 9.9) compared with LCT -6.6 points (-11.3, -2.0), P < 0.05]. MCTs (6 g/d) could increase the muscle strength and function of frail elderly individuals and also improve their ADL. This trial was registered at the University Hospital Medical Information Network Clinical Trial Registry as UMIN000023302.",PubMed,https://pubmed.ncbi.nlm.nih.gov/31334544/,doi:10.1093/ajcn/nqz138,include_title_abs,Potential eligible RCT at title/abstract stage,B_secondary_fulltext,"Frailty RCT candidate, setting or delivery less directly Indian-primary-care relevant"
33041092,,10.1016/j.ejso.2020.09.041,Older frail prehabilitated patients who cannot attain a 400 m 6-min walking distance before colorectal surgery suffer more postoperative complications.,Gillis C; Fenton TR; Gramlich L; Sajobi TT; Culos-Reed SN; Bousquet-Dion G; Elsherbini N; Fiore JF; Minnella EM; Awasthi R,2021,European journal of surgical oncology : the journal of the European Society of Surgical Oncology and the British Association of Surgical Oncology,"Recent efforts to prehabilitate intermediately frail and frail (Fried frailty criteria ≥2) elective colorectal cancer patients did not influence clinical nor functional outcomes. The objective of this secondary analysis was to describe the subset of intermediately frail and frail prehabilitated patients who could not attain a minimum 400 m (a prognostic cut-point used in other patient populations) 6-min walking distance (6MWD) before elective surgery. Secondary analysis of a randomized controlled trial. Patients participated in multimodal prehabilitation at home and in-hospital for approximately four weeks before colorectal surgery. Primary outcome was incidence of postoperative complications within 30 days of hospital discharge. Sixty percent of the patients who participated in prehabilitation did not reach a minimum walking distance of 400 m in 6 min before surgery. Compared to the group that attained ≥400 m 6MWD (n = 19), the <400 m group (n = 28) were older, had higher percent body fat, lower physical function, lower self-reported physical activity, higher American Society of Anesthesiologists (ASA) classification, and twice as many were in critical need of a nutrition intervention at baseline. No group differences were observed regarding frailty status (P = 0.775). Sixty-one percent of the <400 m 6MWD group experienced at least one complication within 30 days of surgery compared to 21% in the ≥400 m group (P = 0.009). Several preoperative characteristics were identified in the <400 m 6MWD group that could be useful in screening and targeting future prehabilitative treatments. Future trials should investigate use of a 400 m standard for the 6MWD as a minimal treatment target for prehabilitation.",PubMed,https://pubmed.ncbi.nlm.nih.gov/33041092/,doi:10.1016/j.ejso.2020.09.041,include_title_abs,Potential eligible RCT at title/abstract stage,B_secondary_fulltext,"Frailty RCT candidate, setting or delivery less directly Indian-primary-care relevant"
39951930,PMC12179993,10.1016/j.jnha.2025.100508,Effectiveness of Protein-enriched oral nutritional supplements on muscle function in middle-aged and elderly women: A randomized controlled trial.,Kang M; Rho H; Kim M; Lee M; Lim Y; Chon J; Lim H,2025,"The journal of nutrition, health & aging","This study evaluated the effects of protein-enriched oral nutritional supplementation (ONS) consumption for 12 weeks on muscle mass, muscular strength, and function in middle-aged and elderly women. A single-center, double-blind, randomized controlled trial PARTICIPANTS: This study was conducted with 70 healthy female participants aged 50-80. Participants were instructed to incorporate two daily packs of either the test ONS (Nucare Active, Daesang Wellife Corp., Seoul, Republic of Korea; 200 kcal/pack, 23 g carbohydrate, 6 g fat, and 15 g protein including branched chain amino acids or placebo ONS (200 kcal/pack, 33 g carbohydrate, 8 g fat, and 1 g protein) into their routine for 12 weeks while maintaining their regular lifestyle. The primary outcome was lean body mass (LBM), while secondary outcomes included muscular strength, physical performance ability, inflammatory markers, and body fat mass (FM). Sixty-four participants (33 in the test group, 31 in the placebo group; mean ± SD age, [test] 63.06 ± 5.51 years, [placebo] 63.29 ± 3.28 years, p = 0.839) completed the 12-week protocol. The test group exhibited a higher percentage change in LBM than the placebo group (0.26 % [95%CI: -0.27, 0.78] vs. -0.47 % [95%CI: -0.81, -0.13]; p = 0.020). The placebo group experienced a significant increase in FM (38.15 % [95%CI: 36.62, 39.69] to 38.67 % [95%CI: 37.14, 40.21]; p < 0.01). The difference in the changes in LBM/BMI and FM/BMI between the two groups was also visually distinct. There were no significant differences between the two groups in terms of muscular strength, physical performance ability, or inflammatory markers. Protein-enriched ONS helped maintain LBM and prevent FM gain in middle-aged and elderly females. This suggests its potential role in preventing frailty and musculoskeletal disorders associated with female aging.",PubMed,https://pubmed.ncbi.nlm.nih.gov/39951930/,doi:10.1016/j.jnha.2025.100508,include_title_abs,Potential eligible RCT at title/abstract stage,B_secondary_fulltext,"Frailty RCT candidate, setting or delivery less directly Indian-primary-care relevant"
16594879,,10.5172/conu.2006.21.1.32,A randomised controlled trial testing the impact of exercise on cognitive symptoms and disability of residents with dementia.,Stevens J; Killeen M,2006,Contemporary nurse,"A randomized controlled trial was undertaken to measure effects of exercise on: 1) the progression of cognitive symptoms related to dementia using the Clock- Drawing test Shulman et al. 1993); and 2) disability using the Revised Elderly Persons Disabilities Scale (REPDS; Fleming and Bowles 1993). Data was analysed from 75 nursing home residents with dementia who were randomly assigned to one experimental group and two control groups. Group 1 (control) received no intervention, Group 2 (control) received a social visit equivalent in duration and frequency as those undertaking the exercise program in the experimental group, Group 3. A specifically designed, frail aged appropriate, twelve week exercise program was undertaken by the those in the experimental group three times per week, each session lasted for thirty minutes. The findings from: 1) the clock drawing test showed that exercise may slow the rate of progression of the cognitive symptoms related to dementia; and 2) the REPDS showed that exercise slowed and reversed disability in some of the activities of daily living.",PubMed,https://pubmed.ncbi.nlm.nih.gov/16594879/,doi:10.5172/conu.2006.21.1.32,include_title_abs,Potential eligible RCT at title/abstract stage,B_secondary_fulltext,"Frailty RCT candidate, setting or delivery less directly Indian-primary-care relevant"
33066756,PMC7565353,10.1186/s12877-020-01821-3,Determinants of participation in a post-hospitalization physical exercise program for older adults.,Urquiza M; Echeverria I; Besga A; Amasene M; Labayen I; Rodriguez-Larrad A; Barroso J; Aldamiz M; Irazusta J,2020,BMC geriatrics,"Older patients often experience a decline in physical function and cognitive status after hospitalization. Although interventions involving physical exercise are effective in improving functional performance, participation in physical exercise interventions among older individuals is low. We aimed to identify factors that contribute to exercise refusal among post-hospitalized older patients. A cross-sectional study of recruitment data from a randomized controlled trial was conducted involving 495 hospitalized people ≥70 years old. Sociodemographic and clinical data were obtained from the Basque Public Health System database. We determined physical function with the Short Physical Performance Battery (SPPB), nutritional status with the Mini-Nutritional Assessment, frailty according to the Fried phenotype criteria, and cognitive function with the Short Portable Mental Status Questionnaire (SPMSQ). Student's t, Mann-Whitney U, or chi-squared tests were applied for bivariate analysis. Parameters significantly associated with participation were introduced in a logistic multivariate regression model. Among the analyzed patients, 88.8% declined participation in the physical exercise program. Multivariate regression revealed that older age (OR: 1.13; 95% CI: 1.07-1.19), poor nutritional status (OR: 0.81; 95% CI: 0.69-0.95), and reduced home accessibility (OR: 0.27; 95% CI: 0.08-0.94) were predictors of participation refusal. Moreover, patients who declined participation had worse performance on the SPPB (P < 0.05) and its tests of balance, leg strength, and walking speed (P < 0.05). No differences were found between groups in other variables. This study confirms low participation of older adults in a post-hospitalization physical exercise program. Non-participation was associated with increased age, poor nutritional status, and reduced home accessibility. Our findings support the need for intervention design that accounts for these factors to increase older patient participation in beneficial exercise programs. Australian New Zealand Clinical Trials Registry, ACTRN12619000093189 , (date: January 22, 2019, retrospectively registered).",PubMed,https://pubmed.ncbi.nlm.nih.gov/33066756/,doi:10.1186/s12877-020-01821-3,include_title_abs,Potential eligible RCT at title/abstract stage,B_secondary_fulltext,"Frailty RCT candidate, setting or delivery less directly Indian-primary-care relevant"
40990472,,10.1080/09637486.2025.2563670,Resveratrol treatment increases sirtuin 1 levels and alleviates frailty phenotype in knee osteoarthritis patients: a randomised placebo-controlled clinical trial.,Karim A; Khan HA; Ahmad F; Qaisar R,2025,International journal of food sciences and nutrition,"Knee osteoarthritis (OA) and frailty share pathophysiological processes and are leading causes of disability in the geriatric population; however, effective interventions remain elusive. To investigate the effects of resveratrol, on knee OA and frailty, a double-blind, placebo-controlled, randomised clinical trial was conducted over 16 weeks in patients with knee OA. 123 patients aged 63-75 years were randomised into placebo (n = 64) and resveratrol (500 mg/d; n = 59) groups. Outcome variables assessed at baseline and 16 weeks included OA evaluation using the Oxford knee score (OKS), Western Ontario and McMaster Universities (WOMAC) index, knee flexion range-of-motion (ROM), and gait speed; frailty using Fried's scale; handgrip strength (HGS); and plasma SIRT1. Resveratrol reduced frailty, pain during walking, and WOMAC scores, and improved OKS and HGS (all p < 0.05), without affecting ROM or gait speed. Patients receiving resveratrol had higher SIRT1 levels associated with frailty scores. Increased SIRT1 is linked to improved OA symptoms and reduced severity.",PubMed,https://pubmed.ncbi.nlm.nih.gov/40990472/,doi:10.1080/09637486.2025.2563670,include_title_abs,Potential eligible RCT at title/abstract stage,B_secondary_fulltext,"Frailty RCT candidate, setting or delivery less directly Indian-primary-care relevant"
35831789,PMC9277784,10.1186/s12877-022-03273-3,Evaluating the feasibility of a remote-based training program supported by information and communications technology in the older adults living at home.,Oba K; Kagiwada Y; Kamada M; Miki R; Kondo Y; Kamakura T; Yamagami T; Fujita T; Tsuchida Y,2022,BMC geriatrics,"Exercise has been one of the key strategies for preventing frailty. While training programs for preventing frailty have been mainly developed in person, which have now become difficult to perform due to the coronavirus disease pandemic. It would be worthwhile to explore a feasibility of methods for a remote-based training with information and communications technology (ICT) in the pre-frail/robust older adults living at home. We assessed the feasibility of a remote-based training with ICT device in terms of 1) a measurement accuracy and 2) whether it could be used for remote-based training of different intensities. To evaluate a measurement accuracy of the ICT device, we evaluated an inter-rater reliability between a true score and scores obtaining from the ICT device in 20 participants aged 65 years and older. Intraclass correlation was calculated. To evaluate a feasibility of remote-based training interventions of different intensities, we did a parallel, randomized, active controlled trial. Participants aged 65 years or older were randomly allocated to the two 3-month intervention programs with different intensity of exercise with the ICT (i.e., an Exercise-Intensive program and a Light-load exercise program). The primary outcome was 3-month scores of the 30-s chair-stand test (CS-30), which was compared between two groups using mixed models for repeated measures to account for within-person correlations. The ICT device showed a high intraclass correlation of over 0.99 for all outcomes including CS-30. Between Aug and Oct 2020, 70 participants (36 and 34 in the Exercise-Intensive and Light-load exercise programs, respectively) were randomized. After 3 months of intervention, CS-30 scores and other physical function improved in both groups. Difference in the 3-month CS-30 scores between two programs was found to be 0.08 (95% confidence interval: - 2.64, 2.79; p = 0.955), which was not statistically significant. No harmful incidents, such as falls, occurred in either group. We showed a remote-based training with ICT device in the older adults living at home was feasible. Further studies are warranted to determine what kind of remote exercise intervention programs is more effective for maintaining a physical performance and, beyond that, preventing frailty. UMIN000041616 (05/09/2020) https://center6.umin.ac.jp/cgi-open-bin/ctr/ctr.cgi?function=brows&action=brows&recptno=R000047504&type=summary&language=E.",PubMed,https://pubmed.ncbi.nlm.nih.gov/35831789/,doi:10.1186/s12877-022-03273-3,include_title_abs,Potential eligible RCT at title/abstract stage,B_secondary_fulltext,"Frailty RCT candidate, setting or delivery less directly Indian-primary-care relevant"
41876860,,10.1038/s41430-026-01719-0,The effect of multi-strain probiotics on frailty in osteoarthritis patients: a randomized trial focusing on intestinal leak repair.,Karim A; Khan HA; Shahid Iqbal M; Ahmad F; Qaisar R,2026,European journal of clinical nutrition,"Increased intestinal permeability may underlie frailty in osteoarthritis (OA), yet targeted treatments remain limited. This trial evaluates whether multi-strain probiotics can reduce plasma zonulin and improve physical frailty in OA patients. In a double-blind, 14-week randomized trial, 110 OA patients (aged 45-70) received either daily multi-strain probiotics (Vivomix containing 112 billion CFUs from eight well-characterized strains, n = 54) or placebo (n = 56). Measurements were taken at baseline and again after 14-week duration. The principal statistical endpoint was the variation in plasma zonulin levels, reflecting intestinal permeability, whereas the clinical primary outcome was variation in frailty status using Fried's criteria. Secondary outcome measurements were pain intensity, Oxford Knee Score, handgrip strength (HGS), gait speed, knee range of motion (ROM), inflammatory and oxidative stress biomarkers (hsCRP, 8-isoprostanes), and safety. Following participant dropout, 103 individuals were analysed; placebo (n = 54) and probiotic (n = 49). Multi-strain probiotic supplementation significantly reduced frailty scores, plasma zonulin, walking-related pain, and disease severity, and improved HGS and gait speed (p < 0.05). No considerable alterations were detected in ROM, pain at rest, or levels of 8-isoprostanes. Correlation analysis showed a stronger association between frailty and plasma zonulin in the probiotic group after 14 weeks (r² = 0.273, p < 0.05) than in the placebo group (r² = 0.073, p = 0.048) and baseline (r² = 0.058, p = 0.014). Multi-strain probiotic supplementation reduces frailty in OA patients likely by improving intestinal barrier integrity. Findings are specific to Vivomix® and not broadly applicable to all probiotics. This study was retrospectively registered in Open Science Framework (OSF), registration date (10th August 2025), and URL for protocol ( https://osf.io/registries/my-registrations ).",PubMed,https://pubmed.ncbi.nlm.nih.gov/41876860/,doi:10.1038/s41430-026-01719-0,include_title_abs,Potential eligible RCT at title/abstract stage,B_secondary_fulltext,"Frailty RCT candidate, setting or delivery less directly Indian-primary-care relevant"
27975302,PMC6020826,10.1007/s00198-016-3877-z,Vitamin D deficiency is associated with functional decline and falls in frail elderly women despite supplementation.,Kotlarczyk MP; Perera S; Ferchak MA; Nace DA; Resnick NM; Greenspan SL,2017,Osteoporosis international : a journal established as result of cooperation between the European Foundation for Osteoporosis and the National Osteoporosis Foundation of the USA,"We examined the impact of daily supplementation on vitamin D deficiency, function, and falls in female long-term care residents. Initial vitamin D deficiency was associated with greater functional decline and increased fall risk despite guideline-recommended supplementation, highlighting the importance of preventing vitamin D deficiency in frail elderly. Institute of Medicine (IOM) guidelines recommend 800 IU vitamin D daily for older adults and maintaining serum 25-hydroxyvitamin D [25(OH) D] above 20 ng/ml for optimal skeletal health. The adequacy of IOM guidelines for sustaining function and reducing falls in frail elderly is unknown. Female long-term care residents aged ≥65 enrolled in an osteoporosis clinical trial were included in this analysis (n = 137). Participants were classified based on baseline 25(OH) D levels as deficient (<20 ng/ml, n = 26), insufficient (20-30 ng/ml, n = 40), or sufficient (>30 ng/ml, n = 71). Deficient women were provided initial vitamin D repletion (50,000 IU D3 weekly for 8 weeks). All were supplemented with 800 IU vitamin D3 daily for 24 months. Annual functional assessments included Activities of Daily Living (ADLs), Instrumental ADL (IADL), physical performance test (PPT), gait speed, cognition (SPMSQ), and mental health (PHQ-9). We used linear mixed models for analysis of functional measures and logistic regression for falls. Daily supplementation maintained 25(OH) D levels above 20 ng/ml in 95% of participants. All groups demonstrated functional decline. Women initially deficient had a greater decline in physical function at 12 (IADL -2.0 ± 0.4, PPT -3.1 ± 0.7, both p < 0.01) and 24 months (IADL -2.5 ± 0.6, ADL -2.5 ± 0.6, both p < 0.01), a larger increase in cognitive deficits at 12 months (1.7 ± 0.4: p = 0.01) and more fallers (88.5%, p = 0.04) compared to those sufficient at baseline, despite supplementation to sufficient levels. IOM guidelines may not be adequate for frail elderly. Further study of optimal 25(OH) D levels for maintaining function and preventing falls is needed.",PubMed,https://pubmed.ncbi.nlm.nih.gov/27975302/,doi:10.1007/s00198-016-3877-z,include_title_abs,Potential eligible RCT at title/abstract stage,B_secondary_fulltext,"Frailty RCT candidate, setting or delivery less directly Indian-primary-care relevant"
29593907,PMC5821996,10.1155/2018/7218102,Effects of a 12-Week Exercise Training Program on Physical Function in Institutionalized Frail Elderly.,Ferreira CB; Teixeira PDS; Alves Dos Santos G; Dantas Maya AT; Americano do Brasil P; Souza VC; Córdova C; Ferreira AP; Lima RM; Nóbrega OT,2018,Journal of aging research,"With the increase in life expectancy, the Brazilian elderly population has risen considerably. However, longevity is usually accompanied by problems such as the loss of functional capacity, cognitive decline, frailty syndrome, and deterioration in anthropometric parameters, particularly among those living in long-term care facilities. This randomized controlled trial aimed to verify the effects of exercise training on biochemical, inflammatory, and anthropometric indices and functional performance in institutionalized frail elderly. The sample consisted of 37 elderly people of both genders, aged 76.1 ± 7.7 years, who were randomly allocated into 2 groups: 13 individuals in the exercise group (EG) and 24 in the control group (CG). Anthropometrics, clinical history, functional tests, and biochemical evaluation were measured before and after the completion of a physical exercise program, which lasted for 12 weeks. The 12-week exercise program for frail elderly residents in a long-term care facility was efficient in improving muscle strength, speed, agility, and biochemical variables, with reversal of the frailty condition in a considerable number. However, no effects in anthropometric and inflammatory parameters were noted.",PubMed,https://pubmed.ncbi.nlm.nih.gov/29593907/,doi:10.1155/2018/7218102,include_title_abs,Potential eligible RCT at title/abstract stage,B_secondary_fulltext,"Frailty RCT candidate, setting or delivery less directly Indian-primary-care relevant"
34501915,PMC8430494,10.3390/ijerph18179324,"Effects of Exergames and Protein Supplementation on Body Composition and Musculoskeletal Function of Prefrail Community-Dwelling Older Women: A Randomized, Controlled Clinical Trial.",Biesek S; Vojciechowski AS; Filho JM; Menezes Ferreira ACR; Borba VZC; Rabito EI; Gomes ARS,2021,International journal of environmental research and public health,"This study aimed to investigate the effects of exergames and protein supplementation on the body composition and musculoskeletal function of pre-frail older women. Methods: A randomized controlled clinical trial was conducted with 90 pre-frail older women (71.2 ± 4.5 years old) divided into five groups: control (CG); exergames training (ETG); protein supplementation (PSG); exergames combined with protein supplementation (ETPSG); exergames combined with isoenergetic supplementation (ETISG). The primary outcomes were pre-frailty status, body composition (appendicular muscle mass (ASM); appendicular muscle mass index (ASMI)) assessed by dual energy X-ray absorptiometry and gastrocnemius muscle architecture via ultrasound. Secondary outcomes were protein intake, plasma levels of interleukin (IL)-6, plantar and dorsiflexion isokinetic peak torque, and handgrip strength (HS). Data were analyzed using an ANOVA mixed model test and Bonferroni post hoc test (p < 0.05). The ETG showed a reduction of ASM (16.7 ± 3.4 vs. 16.1 ± 3.3 kg; Δ = -0.5; p = 0.02; d = 0.26) and ASMI (6.8 ± 0.9 vs. 6.5 ± 0.9 kg; Δ = -0.2; p = 0.03; d = 0.35), without changing ASM in other groups. The average protein intake in the supplemented groups (PSG and ETPSG) was 1.1 ± 0.2 g/kg/day. The dorsiflexion peak torque increased 11.4% in ETPSG (16.3 ± 2.5 vs. 18.4 ± 4.2 Nm; p = 0.021; d = -0.58). The HS increased by 13.7% in ETG (20.1 ± 7.2 vs. 23.3 ± 6.2 kg, Δ = 3.2 ± 4.9, p = 0.004, d = -0.48). The fatigue/exhaustion reduced by 100% in ETG, 75% in PSG, and 100% in ETPSG. Physical training with exergames associated with protein supplementation reversed pre-frailty status, improved the ankle dorsiflexors torque, and ameliorated fatigue/exhaustion in pre-frail older women.",PubMed,https://pubmed.ncbi.nlm.nih.gov/34501915/,doi:10.3390/ijerph18179324,include_title_abs,Potential eligible RCT at title/abstract stage,B_secondary_fulltext,"Frailty RCT candidate, setting or delivery less directly Indian-primary-care relevant"
24314824,,10.1016/j.breast.2013.11.004,Baseline comprehensive geriatric assessment is associated with toxicity and survival in elderly metastatic breast cancer patients receiving single-agent chemotherapy: results from the OMEGA study of the Dutch breast cancer trialists' group.,Hamaker ME; Seynaeve C; Wymenga AN; van Tinteren H; Nortier JW; Maartense E; de Graaf H; de Jongh FE; Braun JJ; Los M,2014,"Breast (Edinburgh, Scotland)","To evaluate the association between baseline comprehensive geriatric assessment (CGA) or the Groningen Frailty Indicator (GFI) and toxicity in elderly metastatic breast cancer (MBC) patients treated with first-line palliative chemotherapy. MBC patients (≥65 years) were randomized between pegylated liposomal doxorubicine or capecitabine. CGA included instrumental activities of daily living (IADL), cognition using the mini-mental state examination (MMSE), mood using the geriatric depression scale (GDS), comorbidity using the Charlson index, polypharmacy and nutritional status using the body mass index. Frailty on CGA was defined as one or more of the following: IADL ≤ 13, MMSE ≤ 23, GDS ≥ 5, BMI ≤ 20, ≥5 medications or Charlson ≥2. The cut-off for frailty on the GFI was ≥4. Of the randomized 78 patients (median age 75.5 years, range 65.8-86.8 years), 73 were evaluable for CGA; 52 (71%) had one or more geriatric conditions. Grade 3-4 chemotherapy-related toxicity was experienced by 19% of patients without geriatric conditions compared to 56% of patients with two geriatric conditions and 80% of those with three or more (p = 0.002). Polypharmacy was the only individual factor significantly associated with toxicity (p = 0.001). GFI had a sensitivity of 69% and a specificity of 76% for frailty on CGA, and was not significantly associated with survival or toxicity. In this study of elderly patients with MBC, the number of geriatric conditions correlated with grade 3-4 chemotherapy-related toxicity. Therefore, in elderly patients for whom chemotherapy is being considered, a CGA could be a useful addition to the decision-making process.",PubMed,https://pubmed.ncbi.nlm.nih.gov/24314824/,doi:10.1016/j.breast.2013.11.004,include_title_abs,Potential eligible RCT at title/abstract stage,B_secondary_fulltext,"Frailty RCT candidate, setting or delivery less directly Indian-primary-care relevant"
19482814,,10.1177/1557988307306153,Effect of telephone exercise counseling on frailty in older veterans: project LIFE.,Peterson MJ; Sloane R; Cohen HJ; Crowley GM; Pieper CF; Morey MC,2007,American journal of men's health,"This study sought to determine if telephone exercise counseling attenuates frailty in older, male veterans through increased levels of physical activity. Eighty-one elderly, male veterans (age = 78.4 +/- 4.9 years) randomized to intervention (n = 39) or combined control groups (n = 42) completed baseline and 6-month follow-up measures of gait velocity, 6-min walk, chair stands, body mass index, and physical activity. Adapting the Fried frailty model, deficits in one or more of these outcomes indicated frailty. The intervention group had a 6-month decrease of 18% in the proportion of frail to not frail participants, whereas the control groups had no change in proportions (Fisher's p = .08). Frail participants had a mean 6-month decrease in physical activity levels of 124 kilocalories/week, whereas the not frail group increased by 619 kilocalories/week (p = .07). There was a clinically meaningful change in frailty status with intensive, telephone exercise counseling. Improvement in frailty status was likely due to improvement in functional limitations.",PubMed,https://pubmed.ncbi.nlm.nih.gov/19482814/,doi:10.1177/1557988307306153,include_title_abs,Potential eligible RCT at title/abstract stage,B_secondary_fulltext,"Frailty RCT candidate, setting or delivery less directly Indian-primary-care relevant"
41682154,PMC12897233,10.3390/healthcare14030303,Comparison of Strength Training Interventions on Functional Performance in Frail Nursing Home Residents.,Vila H; Ferragut C; Chirosa LJ; Serrano-Gómez V; García-García Ó; Jerez-Mayorga D; Rodríguez-Perea Á; Cancela JM,2026,"Healthcare (Basel, Switzerland)","Background/Objectives: Frailty and functional decline represent major challenges for aging populations, particularly among institutionalized older adults. Preserving functional capacity is essential to maintain autonomy, mobility, and quality of life. This study aimed to compare the effects of two strength training interventions-functional electromechanical dynamometer (FEMD) training and weighted vest training-on peak concentric and eccentric force during the sit-to-stand task, as well as on functional performance and body composition in frail nursing home residents. Methods: A pilot quasi-experimental study with a non-randomized control group was conducted in 19 older adults (mean age: 86.3 ± 5.8 years). Participants were allocated to FEMD training (EG1, n = 6), weighted vest training (EG2, n = 6), or a control group (CG, n = 7). Training was performed twice weekly for eight weeks. Assessments included body composition, handgrip strength, 30 s chair stand test, 3 m walking speed, and peak concentric and eccentric force during the sit-to-stand movement. Data were analyzed using mixed-model ANOVA and complementary within-group analyses. Results: No significant group × moment interactions were observed. However, EG1 demonstrated significant within-group improvements in chair stand performance (+4.8 repetitions, p = 0.006), walking speed (+0.1 m·s-1, p = 0.030), concentric peak force (+46.5%, p = 0.008), and eccentric peak force (+34%, p = 0.047). EG2 showed a smaller but significant increase in eccentric peak force (+6.1%, p = 0.019), without functional improvements. Body composition changes were modest, with EG1 showing increases in weight and BMI without concomitant fat mass gains. Conclusions: In this pilot quasi-experimental study, functional electromechanical dynamometer-based training was associated with improvements in neuromuscular performance, particularly concentric peak force. However, no significant group × moment interactions were observed, indicating that differential effects between interventions cannot be established. Functional improvements should be interpreted cautiously. The present results should therefore be considered exploratory and hypothesis-generating. These findings suggest that FEMD-based training may be a feasible and potentially beneficial functional strength training strategy for frail institutionalized older adults, which should be confirmed in adequately powered randomized controlled trials.",PubMed,https://pubmed.ncbi.nlm.nih.gov/41682154/,doi:10.3390/healthcare14030303,include_title_abs,Potential eligible RCT at title/abstract stage,B_secondary_fulltext,"Frailty RCT candidate, setting or delivery less directly Indian-primary-care relevant"
39574501,PMC11578358,10.12865/CHSJ.50.03.04,Assessment and Rehabilitation in Sarcopenic Patients.,Vlăduțu BM; Șerbănescu MS; Trăistaru MR,2024,Current health sciences journal,"Sarcopenia is a degenerative disorder that particularly affects older people and is defined by a pathological decrease in muscle strength. This disease represents one of the topics of great interest in the medical world of the last two decades. In our study, we tried to underline the importance of an adapted recovery program based on physical exercise for regaining clinical and functional status in patients with age-related sarcopenia. No nutritional intervention was applied. We performed our rehabilitation program in accordance with present international recommendations for sarcopenia. After complete assessment, our patients were randomised into two groups: G1 (Lot 1=25 patients) and G2 (Lot 2=15 patients). G1 patients were compliant with kinetic training, and performed all rehabilitation measures, and G2 patients accepted rehabilitation program without kinetic exercises. Patients assessment (lab tests, gait analysis, VAS and the Clinical Frailty Scale) was made on two levels-first (T1-inpatient assessment), and after 6 months (T2-outpatient assessment). The rehabilitation program based on the kinetic program brought positive improvements in physical performance and locomotion (gait speed and walking cadence) in sarcopenic patients.",PubMed,https://pubmed.ncbi.nlm.nih.gov/39574501/,doi:10.12865/chsj.50.03.04,include_title_abs,Potential eligible RCT at title/abstract stage,B_secondary_fulltext,"Frailty RCT candidate, setting or delivery less directly Indian-primary-care relevant"
23732550,PMC12878986,10.1007/s12603-013-0335-x,"A phase IIA randomized, placebo-controlled clinical trial to study the efficacy and safety of the selective androgen receptor modulator (SARM), MK-0773 in female participants with sarcopenia.",Papanicolaou DA; Ather SN; Zhu H; Zhou Y; Lutkiewicz J; Scott BB; Chandler J,2013,"The journal of nutrition, health & aging","Sarcopenia, the age-related loss of muscle mass [defined as appendicular LBM/Height2 (aLBM/ht2) below peak value by>1SD], strength and function, is a major contributing factor to frailty in the elderly. MK-0773 is a selective androgen receptor modulator designed to improve muscle function while minimizing effects on other tissues. The primary objective of this study was to demonstrate an improvement in muscle strength and lean body mass (LBM) in sarcopenic frail elderly women treated with MK-0773 relative to placebo. This was a randomized, double-blind, parallel-arm, placebo-controlled, multicenter, 6-month study. Participants were randomized in a 1:1 ratio to receive either MK-0773 50mg b.i.d. or placebo; all participants received Vitamin D and protein supplementation. General community. 170 Women aged ≥65 with sarcopenia and moderate physical dysfunction. Dual energy X-ray absorptiometry, muscle strength and power, physical performance measures. Participants receiving MK-0773 showed a statistically significant increase in LBM from baseline at Month 6 vs. placebo (p<0.001). Participants receiving both MK-0773 and placebo showed a statistically significant increase in strength from baseline to Month 6, but the mean difference between the two groups was not significant (p=0.269). Both groups showed significant improvement from baseline at Month 6 in physical performance measures, but there were no statistically significant differences between participants receiving MK-0773 and placebo. A greater number of participants experienced elevated transaminases in the MK-0773 group vs. placebo, which resolved after discontinuation of study therapy. MK-0773 was generally well-tolerated with no evidence of androgenization. The MK-0773-induced increase in LBM did not translate to improvement in strength or function vs. placebo. The improvement of strength and physical function in the placebo group could be at least partly attributed to protein and vitamin D supplementation.",PubMed,https://pubmed.ncbi.nlm.nih.gov/23732550/,doi:10.1007/s12603-013-0335-x,include_title_abs,Potential eligible RCT at title/abstract stage,B_secondary_fulltext,"Frailty RCT candidate, setting or delivery less directly Indian-primary-care relevant"
33351921,,10.1210/clinem/dgaa917,Testosterone Replacement Therapy Added to Intensive Lifestyle Intervention in Older Men With Obesity and Hypogonadism.,Barnouin Y; Armamento-Villareal R; Celli A; Jiang B; Paudyal A; Nambi V; Bryant MS; Marcelli M; Garcia JM; Qualls C,2021,The Journal of clinical endocrinology and metabolism,"Obesity and hypogonadism additively contribute to frailty in older men; however, appropriate treatment remains controversial. Determine whether testosterone replacement augments the effect of lifestyle therapy on physical function in older men with obesity and hypogonadism. Randomized, double-blind, placebo-controlled trial. VA Medical Center. 83 older (age ≥65 years) men with obesity (body mass index ≥30 kg/m2) and persistently low am testosterone (<10.4 nmol/L) associated with frailty. Participants were randomized to lifestyle therapy (weight management and exercise training) plus either testosterone (LT+Test) or placebo (LT+Pbo) for 6 months. Primary outcome was change in Physical Performance Test (PPT) score. Secondary outcomes included other frailty measures, body composition, hip bone mineral density (BMD), physical functions, hematocrit, prostate specific antigen (PSA), and sex hormones. PPT score increased similarly in LT+Test and LT+Pbo group (17% vs. 16%; P = 0.58). VO2peak increased more in LT+Test than LT+Pbo (23% vs. 16%; P = 0.03). Despite similar -9% weight loss, lean body mass and thigh muscle volume decreased less in LT+Test than LT+Pbo (-2% vs. -3%; P = 0.01 and -2% vs -4%; P = 0.04). Hip BMD was preserved in LT+Test compared with LT+Pbo (0.5% vs -1.1%; P = 0.003). Strength increased similarly in LT+Test and LT+Pbo (23% vs 22%; P = 0.94). Hematocrit but not PSA increased more in LT+Test than LT+Pbo (5% vs 1%; P < 0.001). Testosterone levels increased more in LT+Test than LT+Pbo (167% vs 27%; P < 0.001). In older, obese hypogonadal men, adding testosterone for 6 months to lifestyle therapy does not further improve overall physical function. However, our findings suggest that testosterone may attenuate the weight loss-induced reduction in muscle mass and hip BMD and may further improve aerobic capacity.",PubMed,https://pubmed.ncbi.nlm.nih.gov/33351921/,doi:10.1210/clinem/dgaa917,include_title_abs,Potential eligible RCT at title/abstract stage,B_secondary_fulltext,"Frailty RCT candidate, setting or delivery less directly Indian-primary-care relevant"
41808056,PMC13064393,10.1186/s12877-026-07307-y,Trajectory of test components of a comprehensive geriatric assessment in orthogeriatric patients following total hip and knee arthroplasty.,Kappenschneider T; Bammert P; Holzapfel DE; Schiegl JS; Pagano S; Pulido LC; Grifka J; Michalk K; Reinhard J,2026,BMC geriatrics,"A comprehensive geriatric assessment (CGA) is considered the gold standard for improving numerous relevant endpoints for older people in hospitals. The aim of the study was to investigate what happens across time to individual test components of a CGA after completion of inpatient rehabilitation and 3 months after surgery compared to the start of rehabilitation in orthogeriatric patients who underwent elective total hip or knee arthroplasty (THA or TKA). In this prospective study, we used data from 186 participants (THA n = 110, TKA n = 76) of the Special Orthopaedic Geriatrics (SOG) trial, funded by the German Federal Joint Committee (GBA). Study data were collected preoperatively (basic information), on admission to inpatient rehabilitation (7th postoperative day), on discharge (4 weeks postoperatively) and 3 months after THA or TKA. Non-parametric Wilcoxon signed rank tests were used for the main statistical analyses, and Mann-Whitney U tests were employed for secondary analysis stratified by age, frailty, and mobility. Compared to admission, both surgical groups showed significant improvements in Barthel Index, Nutritional Risk Screening (NRS), frailty, Short Physical Performance Battery (SPPB), gait speed and reduction in polypharmacy on discharge from inpatient rehabilitation (effect size, 0.18–0.79). 3 months postoperatively, there were further significant improvements in Barthel Index, SPPB, gait speed and reduction in polypharmacy in both groups compared to discharge from rehabilitation (effect size, 0,38 − 0,75), while NRS and frailty only improved in the THA group. Differentiated according to the presence of frailty (Fried’s frailty criteria ≥ 3), both groups demonstrated significantly better improvements in frail participants than in robust or pre-frail patients. The results of this study reveal that key components of CGA significantly improve in orthogeriatric patients after THA and TKA three weeks after inpatient rehabilitation and continue to improve up to three months after surgery. There is evidence that obviously frail patients benefit particularly well from rehabilitation programmes. This study is part of the Special Orthopaedic Geriatrics (SOG) trial, German Clinical Trials Register DRKS00024102. Registered on 19 January 2021.",PubMed,https://pubmed.ncbi.nlm.nih.gov/41808056/,doi:10.1186/s12877-026-07307-y,include_title_abs,Potential eligible RCT at title/abstract stage,B_secondary_fulltext,"Frailty RCT candidate, setting or delivery less directly Indian-primary-care relevant"
32033532,PMC7007685,10.1186/s12877-020-1436-0,Augmented exercise in hospital improves physical performance and reduces negative post hospitalization events: a randomized controlled trial.,McCullagh R; O'Connell E; O'Meara S; Dahly D; O'Reilly E; O'Connor K; Horgan NF; Timmons S,2020,BMC geriatrics,"To measure the effects of an augmented prescribed exercise programme versus usual care, on physical performance, quality of life and healthcare utilisation for frail older medical patients in the acute setting. This was a parallel single-blinded randomised controlled trial. Within 2 days of admission, older medical inpatients with an anticipated length of stay ≥3 days, needing assistance/aid to walk, were blindly randomly allocated to the intervention or control group. Until discharge, both groups received twice daily, Monday-to-Friday half-hour assisted exercises, assisted by a staff physiotherapist. The intervention group completed tailored strengthening and balance exercises; the control group performed stretching and relaxation exercises. Length of stay was the primary outcome measure. Blindly assessed secondary measures included readmissions within 3 months, and physical performance (Short Physical Performance Battery) and quality of life (EuroQOL-5D-5 L) at discharge and at 3 months. Time-to-event analysis was used to measure differences in length of stay, and regression models were used to measure differences in physical performance, quality of life, adverse events (falls, deaths) and negative events (prolonged hospitalisation, institutionalisation). Of the 199 patients allocated, 190 patients' (aged 80 ± 7.5 years) data were analysed. Groups were comparable at baseline. In intention-to-treat analysis, length of stay did not differ between groups (HR 1.09 (95% CI, 0.77-1.56) p = 0.6). Physical performance was better in the intervention group at discharge (difference 0.88 (95% CI, 0.20-1.57) p = 0.01), but lost at follow-up (difference 0.45 (95% CI, - 0.43 - 1.33) p = 0.3). An improvement in quality of life was detected at follow-up in the intervention group (difference 0.28 (95% CI, 0.9-0.47) p = 0.004). Overall, fewer negative events occurred in the intervention group (OR 0.46 (95% CI 0.23-0.92) p = 0.03). Improvements in physical performance, quality of life and fewer negative events suggest that this intervention is of value to frail medical inpatients. Its effect on length of stay remains unclear. ClinicalTrials.gov Identifier: NCT02463864, registered prospectively 26.05.2015.",PubMed,https://pubmed.ncbi.nlm.nih.gov/32033532/,doi:10.1186/s12877-020-1436-0,include_title_abs,Potential eligible RCT at title/abstract stage,B_secondary_fulltext,"Frailty RCT candidate, setting or delivery less directly Indian-primary-care relevant"
32328344,PMC7164429,10.7717/peerj.8781,Agility-based exercise training compared to traditional strength and balance training in older adults: a pilot randomized trial.,Lichtenstein E; Morat M; Roth R; Donath L; Faude O,2020,PeerJ,"In addition to generally high levels of physical activity, multi-component exercise training is recommended for the maintenance of health and fitness in older adults, including the prevention of falls and frailty. This training often encompasses serial sequencing of balance, strength, endurance and other types of exercise. Exercise training featuring integrative training of these components (i.e. agility training) has been proposed, as it more likely reflects real life challenges like stop-and-go patterns, cutting manoeuvers, turns and decision-making. In this study, we compared the efficacy of an agility-based training to the traditional strength and balance training approach with regard to selected risk factors for falls and frailty. We trained twenty-seven community-dwelling healthy seniors (16♂; 11♀; age: 69.5 ± 5.3 y; BMI: 26.4 ± 3.7 kg/m2) for 8 weeks in a group setting with 3 sessions per week, each lasting 50 minutes. Participants were randomized into either the agility group (AGI; n = 12), that used the integrative multi-component training, or the traditional strength and balance group (TSB; n = 15). TSB performed balance and strength exercises separately, albeit within the same session. The training of both groups progressively increased in difficulty. Outcomes were static and dynamic balance (single leg eyes open stand, Y-balance test, reactive balance), lower limb (plantar flexion and dorsal extension) and trunk flexion and extension maximum strength and rate of torque development (RTD). In addition, we tested endurance by the six-minute walk test (6MWT). We calculated linear mixed effects models for between-groups comparisons as well as effect sizes (ES) with 95 % confidence intervals. Small ES in favor of AGI were found for plantar flexion strength (ES > 0.18[-0.27;0.89]) and RTD (ES > 0.43[-0.19;1.36]) as well as trunk extension RTD (ES = 0.35[-0.05;0.75]). No other parameters showed notable between group differences. Compliance was high in both groups (AGI: 90 ± 8% of sessions; TSB: 91 ± 7% of sessions). Agility-based exercise training seems at least as efficacious as traditional strength and balance training in affecting selected physical performance indicators among community-dwelling healthy seniors. In particular, lower limb and trunk extension explosive strength seem to benefit from the agility training.",PubMed,https://pubmed.ncbi.nlm.nih.gov/32328344/,doi:10.7717/peerj.8781,include_title_abs,Potential eligible RCT at title/abstract stage,B_secondary_fulltext,"Frailty RCT candidate, setting or delivery less directly Indian-primary-care relevant"
39621864,,10.1097/MEG.0000000000002864,A pilot clinical trial of exercise program for elderly patients with cirrhosis and frailty: comprehensive exercise rehabilitation intervention.,Ma Y; Yuan Y; Lu Y; Li S,2025,European journal of gastroenterology & hepatology,"Comprehensive exercise rehabilitation has the potential to increase muscle mass and performance by stimulating protein synthesis and accelerating muscle catabolism. We developed the comprehensive exercise rehabilitation intervention (CERI) for elderly patients with cirrhosis, and we aimed to evaluate the safety and efficacy of CERI. Eligible were elderly patients with cirrhosis and frailty. Patients were randomized 1 : 1 to 12 weeks of CERI. Physical function were assessed using the gait speed, grip strength, 5 Sit-down Tests, and Balance Test, respectively. Finally, 58 and 58 completed the study in CERI and SOC arms, respectively. The age range is 60-73. After 12 weeks, gait speed improved from 0.89 to 1.06 in CERI participants (Δgait speed 0.17) and 0.87-0.91 (Δgait speed 0.04) in SOC arm ( P = 0.001 for Δgait speed difference). Grip strength improved from 15.44 to 15.94 in CERI participants (Δgrip strength 0.50) and 15.52-15.16 (Δgrip strength -0.36) in SOC arm ( P = 0.044 for Δgrip strength difference). 5 Sit-down Tests Score improved from 16.17 to 15.46 in CERI participants (Δ5 Sit-down Tests 0.71) and 16.78-16.61 (Δ5 Sit-down Tests 0.17) in SOC arm ( P = 0.037 for Δ5 Sit-down Tests difference). Median Balance Test score improved from 26.11 to 28.82 in CERI participants (ΔBalance Test 2.71) and 25.94-26.13 (ΔBalance Test 0.19) in SOC arm ( P < 0.001 for ΔBalance Test difference); 92% of CERI participants adhered to the study for 12 weeks. No adverse events were reported by CERI participants. CERI was safely administered at pilot randomized clinical trial, while all participants showed minimal improvement in gait speed, grip strength, 5 Sit-down Tests, and Balance Test. But multicenter, larger sample clinical trials are needed to track the effects of CERI.",PubMed,https://pubmed.ncbi.nlm.nih.gov/39621864/,doi:10.1097/meg.0000000000002864,include_title_abs,Potential eligible RCT at title/abstract stage,B_secondary_fulltext,"Frailty RCT candidate, setting or delivery less directly Indian-primary-care relevant"
35322393,PMC9076777,10.1007/s13300-022-01246-8,A Therapeutic Vibrating Insole Device for Postural Instability in Older People with Type 2 Diabetes: A Randomized Control Study.,Bourdel-Marchasson I; Regueme SC; Kelson M; Poustis J; Barralon P; Laosa O; Rodriguez-Mañas L; Sinclair AJ,2022,"Diabetes therapy : research, treatment and education of diabetes and related disorders","Frail older people with diabetes often present with or develop walking impairments, in part due to lower-limb sensory-motor neuropathy. Several studies suggest a possible improvement of balance control using somatosensory stimulation. We undertook a novel randomized control trial, the aim of which was to observe whether use of this device for 1 month improves walking speed as measured in the 10-m fast walking speed test standardized to body size at month 1 (M1) (FWS). Secondary outcomes were the differences between intervention (VS) and control (C) in the 10-m normal walking speed test, step length, short physical performance battery, timed up and go test, and posturographic measures. Subjects were aged ≥ 70 years and had had type 2 diabetes for at least 2 years. The intervention (VS) at home consisted of 22-min daily vibrating sequences with noise intensity set at 90% of the tactile threshold for each foot. The same device was used in group C but noise was set to 0. Compliance was retrieved from the device. Among 56 subjects, 27 were in the VS group and 29 in the C group; 35 subjects were frail, 15 were prefrail ,and 6 were non-frail. Bilateral neuropathy was present in 17 subjects. More than half of sessions were done in 36 subjects with no discernible difference according to intervention. At M1 there were no discernible differences in FWS between the groups [VS: 0.96 (0.53) cm s-1 cm-1, C: 0.94 (0.47) cm s-1 cm-1]. There were also no discernible differences in other outcomes, irrespective of the presence of bilateral neuropathy. In a cohort of frail, prefrail, or non-frail older subjects with diabetes, a 1-month intervention using a vibrating insole device did not alter measures of walking speed and related measures. Larger studies with longer term and different stimulation protocols are required to test this hypothesis more fully.",PubMed,https://pubmed.ncbi.nlm.nih.gov/35322393/,doi:10.1007/s13300-022-01246-8,include_title_abs,Potential eligible RCT at title/abstract stage,B_secondary_fulltext,"Frailty RCT candidate, setting or delivery less directly Indian-primary-care relevant"
36026532,PMC10405162,10.1093/ehjqcco/qcac050,De-frailing intervention for hospitalized cardiovascular patients in the TARGET-EFT randomized clinical trial.,Ahmad F; Fountotos R; Goldfarb M; Bharaj N; Munir H; Marsala J; Rudski LG; Afilalo J,2023,European heart journal. Quality of care & clinical outcomes,"Frailty is disproportionately prevalent in cardiovascular disease patients and exacerbated during hospital admissions, heightening the risk for adverse events and functional decline. Using the Essential Frailty Toolset (EFT) to target physical weakness, cognitive impairment, malnourishment, and anaemia, we tested a multicomponent targeted intervention to de-frail older adults with acute cardiovascular conditions during their hospital admission. The TARGET-EFT trial was a single-center randomized clinical trial at the Jewish General Hospital, Montreal, Canada. We compared a multicomponent de-frailing intervention with usual clinical care. Intervention group patients received exercise, cognitive stimulation, protein supplementation, and iron replacement, as required. In this study, the primary outcome was frailty, as assessed by the SPPB score (Short Physical Performance Battery) at discharge, and the secondary outcome was the SARC-F score (Strength, Assistance walking, Rising from chair, Climbing, Falls) assessed 30 days later. The analysis consisted of 135 patients (mean age of 79.3 years; 54% female) who survived and completed the frailty assessments.Compared with control patients, intervention group patients had a 1.52-point superior SPPB score and a 0.74-point superior SARC-F score. Subgroup analysis suggested that patients with low left ventricular ejection fraction may have attenuated benefits, and that patients who underwent invasive cardiac procedures had the greatest benefits from the intervention. We achieved our objective of de-frailing older cardiac inpatients on a short-term basis by improving their physical performance and functioning using a pragmatic multicomponent intervention. This could have positive impacts on their clinical outcomes and ability to maintain independent living in the future. The multicomponent intervention targeted to the deficits of vulnerable older adults hospitalized with acute cardiovascular diseases successfully de-frailed them on a short-term basis, which can have positive implications on their post-discharge health outcomes.",PubMed,https://pubmed.ncbi.nlm.nih.gov/36026532/,doi:10.1093/ehjqcco/qcac050,include_title_abs,Potential eligible RCT at title/abstract stage,B_secondary_fulltext,"Frailty RCT candidate, setting or delivery less directly Indian-primary-care relevant"
41396798,PMC12704421,10.1093/ageing/afaf349,"Effects of Mobility-Fit, a tailored multicomponent physical activity program with upper-limb emphasis, on strength, mobility and fall risk among older adults in long-term care: a cluster randomised controlled trial.",Zeng Z; Pan JW; van Schooten KS; Chan KT; Fung CT; Yang Y,2025,Age and ageing,"Older adults in long-term care (LTC) face accelerated functional decline due to frailty, affecting mobility and quality of life (QoL). Upper-body strength is crucial for daily activities and injury prevention, yet conventional physical activity (PA) programs often overlook it. This cluster randomised controlled trial evaluated Mobility-Fit, a 12-week multicomponent PA program emphasising upper-limb and core strength among LTC residents. Twenty LTC facilities were randomised into the Mobility-Fit (10 facilities, n = 73) or control (10 facilities, n = 73) group. Mobility-Fit included agility, balance and resistance exercises (3 times/week, 45 minutes), tailored to participants' functional capacity. The control group received standard care with lower-limb exercises, delivered with the same frequency. Outcomes included upper- and lower-limb strength, postural sway, reaction time, mobility (Short Physical Performance Battery), frailty (FRAIL-Nursing Home), fall risk (Longitudinal Aging Study Amsterdam fall risk profile questionnaire, LASA) and QoL [EuroQol (EQ)-5D]. An intention-to-treat analysis with generalised estimating equations was conducted. Participants (median age = 86, 60% female) exhibited high adherence (83.3%). Mobility-Fit demonstrated superior improvements in elbow extension strength [β = 0.50, 95% confidence interval 0.26-3.89] and QoL (EuroQol five-dimension questionnaire utility: β = 0.17, P < .001; EQ-Visual Analogue Scale: β = 7.13, P = .006). Both groups improved lower-limb strength (knee extension: β = 2.72, P < .001) and mobility (Sit-To-Stand time: β = -3.69, P < .001), with a reduced LASA score (β = -1.20, P < .001). Mobility-Fit effectively enhanced upper-limb strength and QoL in LTC residents. Both groups showed improvements in lower-limb strength and mobility, highlighting the universal benefits of structured PA. The program addresses a critical gap by demonstrating the value of integrating upper-body training into standard care to promote holistic well-being.",PubMed,https://pubmed.ncbi.nlm.nih.gov/41396798/,doi:10.1093/ageing/afaf349,include_title_abs,Potential eligible RCT at title/abstract stage,B_secondary_fulltext,"Frailty RCT candidate, setting or delivery less directly Indian-primary-care relevant"
12807578,,10.1097/01.JAM.0000053513.24044.6C,Effectiveness of a group exercise program in a long-term care facility: a randomized pilot trial.,Baum EE; Jarjoura D; Polen AE; Faur D; Rutecki G,2003,Journal of the American Medical Directors Association,"The purpose of this pilot was to determine whether a strength and flexibility program in frail long-term care facility (LTC) residents would result in improved function. A prospective, randomized, controlled, semicrossover trial was designed with participants assigned either to group exercise (EX) or recreational therapy (C). In the EX group, the intervention continued for 1 year. In the C group, recreation continued for 6 months; these controls were then crossed over to the same exercise intervention as the EX group and followed for an additional 6 months. Functional outcomes were measured at baseline and 3, 6, 9, and 12 months for both groups. A LTC facility, which included both assisted living (AL) and nursing home (NH) residents. Twenty frail residents (5 from NH, 15 from AL) aged 75 to 99 years at one LTC facility. After random group assignment, the EX group met 1 hour three times per week. An exercise physiologist and LTC staff conducted sessions which included seated range of motion (ROM) exercises and strength training using simple equipment such as elastic resistance bands (therabands) and soft weights. The C group met three times per week and participated in activities such as painting during the first 6 months, before crossing over to exercise. Objective measures of physical and cognitive function were obtained at baseline and 3, 6, 9, and 12 months using the timed get-up-and-go test (TUG), Berg balance scale, physical performance test (PPT), and mini-mental status exam (MMSE). Because we were interested in the impact of exercise on multiple endpoints and to protect the type I error rate, a global hypothesis test was used. There was a significant overall impact across the four measures of the exercise intervention (P = 0.013). Exercise benefit as indicated by the difference between exercise and control conditions showed exercise decreased TUG by 18 seconds, which represents an effect size (in standard deviation units) of 0.50, increased PPT scores by 1.3, with effect size = 0.40, increased Berg scores by 4.8, with effect size of 0.32, and increased MMSE by 3.1, with effect size = 0.54. Except for the Berg, 90% confidence intervals on these exercise effects excluded 0. Frail elderly in a LTC facility were able to participate and benefit from a strength training program. The program was delivered with low-cost equipment by an exercise physiologist and LTC staff. The advantage of such a program is that it provides recreational and therapeutic benefits.",PubMed,https://pubmed.ncbi.nlm.nih.gov/12807578/,doi:10.1097/01.jam.0000053513.24044.6c,include_title_abs,Potential eligible RCT at title/abstract stage,B_secondary_fulltext,"Frailty RCT candidate, setting or delivery less directly Indian-primary-care relevant"
32942949,PMC8159432,10.1177/0193945920959067,Effects of Qigong Exercise on Physical and Psychological Health among African Americans.,Chang PS; Lu Y; Nguyen CM; Suh Y; Luciani M; Ofner S; Powell S,2021,Western journal of nursing research,"Interventions are needed to address physical and psychological health in middle-aged and older African Americans (AAs). The purpose of this pilot study was to evaluate the feasibility and potential benefits of an eight-week Qigong exercise on physical ability and function, balance, frailty, depression and anxiety, and spiritual well-being in AAs using a single-group design. Fifteen AAs with a mean age of 64 years received Qigong exercise over 16 semi-weekly, one-hour sessions. The majority were female (93.3%) and college-level educated (53.3%). Repeat chair stands, physical function, and spiritual well-being improved significantly (p < .05) with effect sizes ranging from .45 to .87. Over 52% of participants showed improved depression scores, fast gait speed, and standing balance. Nearly 42% demonstrated some frailty improvement over baseline. No adverse events were reported. Qigong exercise potentially improves the physical ability and function, and spiritual well-being of AAs and needs further testing in a randomized clinical trial.",PubMed,https://pubmed.ncbi.nlm.nih.gov/32942949/,doi:10.1177/0193945920959067,include_title_abs,Potential eligible RCT at title/abstract stage,B_secondary_fulltext,"Frailty RCT candidate, setting or delivery less directly Indian-primary-care relevant"
37784119,PMC10544200,10.1186/s13063-023-07622-4,The impact of an oral nutritional supplement on body weight gain in older adults with malnutrition: an open-label randomized controlled trial.,Jayawardena R; Wickramawardhane P; Dalpatadu C; Hills AP; Ranasinghe P,2023,Trials,"The global aging population is expanding rapidly and many individuals have a particularly higher risk of malnutrition. Malnutrition can lead to impaired body function, morbidity, and mortality. Meeting nutritional requirements is a key strategy to minimize multiple debilitating adverse outcomes associated with malnutrition in the elderly. Oral nutritional supplements (ONS) have been widely used as a dietary intervention for malnutrition in older adults. These supplements provide additional nutrients and calories to support nutritional requirements and have been shown to improve nutritional status, physical function, and quality of life in malnourished older adults. This is an open-label, randomized controlled, parallel-group study including 50 institutionalized older adults (aged > 60 years) with malnutrition or at risk of malnutrition, living in a selected elderly care institution in Colombo, Sri Lanka. The aim is to assess improvement in healthy body weight gain and body composition in older adults with malnutrition at risk of malnutrition by using an ONS. Older adults will be screened for malnutrition using the Mini Nutrition Assessment (MNA) tool and eligible participants randomized using the simple random sampling technique to intervention and control groups (1:1 allocation ratio). The intervention group will consume 200 mL of ONS before bed continuously for 12 weeks. The primary outcome is the percentage who achieved at least 5% weight gain in the intervention group compared to the control group. Nutritional status (anthropometric, biochemical, clinical, and dietary), body composition (dual-energy X-ray absorptiometry), frailty, functional capacity (hand grip strength, knee extension, and Barthel index) cognitive status (Montreal Cognitive Assessment), and physical activity will be assessed as secondary outcomes at baseline and at the end of the 12-week intervention. Some measurements (anthropometry, dietary, and functional assessments) will also be performed at the end of the 4th week. Data will be analyzed using SPSS V-23. This study will determine whether the use of an ONS is effective in promoting healthy weight gain in older adults with malnutrition or at risk of malnutrition. In addition, investigating the impact of an ONS on multiple outcomes via clinical, nutritional, functional, and cognitive function will provide a more comprehensive understanding of the potential benefits of these supplements. Sri Lanka Clinical Trail Registry SLCTR/2022/021. Oct. 6, 2022.",PubMed,https://pubmed.ncbi.nlm.nih.gov/37784119/,doi:10.1186/s13063-023-07622-4,include_title_abs,Potential eligible RCT at title/abstract stage,B_secondary_fulltext,"Frailty RCT candidate, setting or delivery less directly Indian-primary-care relevant"
32911988,PMC7947019,10.1080/01635581.2020.1819348,Effects of High-Dose Vitamin D Supplementation on Phase Angle and Physical Function in Patients with Prostate Cancer on ADT.,Inglis JE; Fernandez ID; van Wijngaarden E; Culakova E; Reschke JE; Kleckner AS; Lin PJ; Mustian KM; Peppone LJ,2021,Nutrition and cancer,"Androgen deprivation therapy (ADT) is commonly used to treat patients with advanced prostate cancer but is associated with functional decline. Bioelectrical impedance analysis (BIA)-derived phase angle may reflect frailty and functional decline in cancer patients. High-dose vitamin D supplementation may improve phase angle values and physical function. We conducted an exploratory analysis from a phase II randomized controlled trial investigating the efficacy of high-dose vitamin D supplementation in prostate cancer patients (age ≥ 60 yrs). Fifty-nine patients were randomized to high-dose vitamin D (600 IU/day plus 50,000 IU/week) or low-dose: RDA for vitamin D (600 IU/day plus placebo weekly) for 24 weeks. Phase angle was measured by BIA. Physical function measures included handgrip strength, 6-minute walk test, Short Performance Physical Battery and leg extension. All testing was completed at baseline, week 12 and week 24. Phase angle values were wider over the entire study in the high-dose vitamin D arm indicating healthier muscle cells. The low-dose vitamin D arm had phase angle values consistent with frailty cutoffs in older men (<5.7°). Patients in the high-dose vitamin D arm experienced wider phase angle values over the course of the study which may indicate less frailty. ClinicalTrials.gov ID: NCT02064946.",PubMed,https://pubmed.ncbi.nlm.nih.gov/32911988/,doi:10.1080/01635581.2020.1819348,include_title_abs,Potential eligible RCT at title/abstract stage,B_secondary_fulltext,"Frailty RCT candidate, setting or delivery less directly Indian-primary-care relevant"
21497319,,10.1016/j.pmrj.2011.01.006,Effect of a supervised hip flexor stretching program on gait in frail elderly patients.,Watt JR; Jackson K; Franz JR; Dicharry J; Evans J; Kerrigan DC,2011,"PM & R : the journal of injury, function, and rehabilitation","To determine whether a 10-week supervised hip flexor stretching program in frail elderly subjects would increase peak hip extension, stride length, and gait speed and reduce anterior pelvic tilt during comfortable and fast-paced walking. A double-blinded, randomized, controlled trial. Pre- and post-treatment assessments were performed in a gait laboratory and stretching exercises were performed outside of the laboratory, usually in the subjects' place of residence. Seventy-four frail elderly individuals, with 41 subjects in the control group and 33 subjects in the treatment group. The treatment group completed a 10-week twice-daily hip flexor stretching program that was supervised twice weekly by a rehabilitation clinician. The control group completed a 10-week shoulder abductor stretching program. Dynamic peak hip extension and peak anterior pelvic tilt, stride length, and gait speed while walking at a comfortable pace and a fast pace, as well as passive hip extension range of motion. The treatment group showed significant increases in walking speed and stride length after the intervention but showed no significant changes in peak hip extension or anterior pelvic tilt during comfortable and fast-paced walking. The treatment group also showed significantly increased passive hip extension range of motion. These results indicate that a simple stretching program is effective in improving some measures of age-related decline in gait function in frail elderly patients. The lack of consistent improvements in walking kinematics is attributed to the presence of multiple disabilities and limitations present in the frail subjects.",PubMed,https://pubmed.ncbi.nlm.nih.gov/21497319/,doi:10.1016/j.pmrj.2011.01.006,include_title_abs,Potential eligible RCT at title/abstract stage,B_secondary_fulltext,"Frailty RCT candidate, setting or delivery less directly Indian-primary-care relevant"
28285121,PMC5409854,10.1016/j.jchf.2016.12.019,A Novel Rehabilitation Intervention for Older Patients With Acute Decompensated Heart Failure: The REHAB-HF Pilot Study.,Reeves GR; Whellan DJ; O'Connor CM; Duncan P; Eggebeen JD; Morgan TM; Hewston LA; Pastva A; Patel MJ; Kitzman DW,2017,JACC. Heart failure,"This study sought to assess a novel physical rehabilitation intervention in older patients hospitalized for acute decompensated heart failure (ADHF). After ADHF, older patients, who are frequently frail with multiple comorbidities, have prolonged and incomplete recovery of physical function and remain at high risk for poor outcomes. The REHAB-HF (Rehabilitation Therapy in Older Acute Heart Failure Patients) pilot study was a 3-site, randomized, attention-controlled pilot study of a tailored, progressive, multidomain physical rehabilitation intervention beginning in the hospital and continuing for 12 weeks post-discharge in patients ≥60 years hospitalized with ADHF. The primary purpose was to assess the feasibility and reasonableness of the hypothesis that the novel rehabilitation intervention would improve physical function (Short Physical Performance Battery [SPPB]) over 3 months and reduce all-cause rehospitalizations over 6 months. The study enrolled 27 patients with ADHF (ages 60 to 98 years; 59% women; 56% African American; 41% with preserved ejection fraction [≥45%]). At baseline, participants had marked impairments in physical function, multiple comorbidities, and frailty. Study retention (89%) and intervention adherence (93%) were excellent. At 3 months, an intervention effect size was measured for the SPPB score of +1.1 U (7.4 ± 0.5 U vs. 6.3 ± 0.5 U), and at 6 months an effect size was observed for an all-cause rehospitalization rate of -0.48 (1.16 ± 0.35 vs. 1.64 ± 0.39). The change in SPPB score was strongly related to all-cause rehospitalizations, explaining 91% of change. These findings support the feasibility and rationale for a recently launched, National Institutes of Health-funded trial to test the safety and efficacy of this novel multidomain physical rehabilitation intervention to improve physical function and reduce rehospitalizations in older, frail patients with ADHF with multiple comorbidities. (Rehabilitation and Exercise Training After Hospitalization [REHAB-HF]; NCT01508650; A Trial of Rehabilitation Therapy in Older Acute Heart Failure Patients [REHAB-HF]; NCT02196038).",PubMed,https://pubmed.ncbi.nlm.nih.gov/28285121/,doi:10.1016/j.jchf.2016.12.019,include_title_abs,Potential eligible RCT at title/abstract stage,B_secondary_fulltext,"Frailty RCT candidate, setting or delivery less directly Indian-primary-care relevant"
31672329,,10.1016/j.clnu.2019.10.013,From mitochondria to healthy aging: The role of branched-chain amino acids treatment: MATeR a randomized study.,Buondonno I; Sassi F; Carignano G; Dutto F; Ferreri C; Pili FG; Massaia M; Nisoli E; Ruocco C; Porrino P,2020,"Clinical nutrition (Edinburgh, Scotland)","Malnutrition often affects elderly patients and significantly contributes to the reduction in healthy life expectancy, causing high morbidity and mortality. In particular, protein malnutrition is one of the determinants of frailty and sarcopenia in elderly people. To investigate the role of amino acid supplementation in senior patients we performed an open-label randomized trial and administered a particular branched-chain amino acid enriched mixture (BCAAem) or provided diet advice in 155 elderly malnourished patients. They were followed for 2 months, assessing cognitive performance by Mini Mental State Examination (MMSE), muscle mass measured by anthropometry, strength measure by hand grip and performance measured by the Timed Up and Go (TUG) test, the 30 s Chair Sit to Stand (30-s CST) test and the 4 m gait speed test. Moreover we measured oxidative stress in plasma and mitochondrial production of ATP and electron flux in peripheral blood mononuclear cells. Both groups improved in nutritional status, general health and muscle mass, strength and performance; treatment with BCAAem supplementation was more effective than simple diet advice in increasing MMSE (1.2 increase versus 0.2, p = 0.0171), ATP production (0.43 increase versus -0.1, p = 0.0001), electron flux (0.50 increase versus 0.01, p < 0.0001) and in maintaining low oxidative stress. The amelioration of clinical parameters as MMSE, balance, four meter walking test were associated to increased mitochondrial function. Overall, our findings show that sustaining nutritional support might be clinically relevant in increasing physical performance in elderly malnourished patients and that the use of specific BCAAem might ameliorate also cognitive performance thanks to an amelioration of mitochondria bioenergetics.",PubMed,https://pubmed.ncbi.nlm.nih.gov/31672329/,doi:10.1016/j.clnu.2019.10.013,include_title_abs,Potential eligible RCT at title/abstract stage,B_secondary_fulltext,"Frailty RCT candidate, setting or delivery less directly Indian-primary-care relevant"
33535968,PMC7857100,10.1186/s12877-020-01974-1,The Frailty In Residential Sector over Time (FIRST) study: methods and baseline cohort description.,Jadczak AD; Robson L; Cooper T; Bell JS; Visvanathan R; FIRST Study Collaborators,2021,BMC geriatrics,"The Frailty In Residential Sector over Time (FIRST) Study is a 3-year prospective cohort study investigating the health of residents living in residential aged care services (RACS) in South Australia. The study aims to examine the change in frailty status and associated health outcomes. This interim report presents data from March 2019-October 2020. The study setting is 12 RACS from one organisation across metropolitan and rural South Australia involving 1243 residents. All permanent (i.e. respite or transition care program excluded) residents living in the RACS for at least 8 weeks were invited to participate. Residents who were deemed to be medically unstable (e.g. experiencing delirium), have less than 3 months to live, or not fluent in English were excluded. Data collected included frailty status, medical diagnoses, medicines, pain, nutrition, sarcopenia, falls, dementia, anxiety and depression, sleep quality, quality of life, satisfaction with care, activities of daily living, and life space use at baseline and 12-months. Data Linkage will occur over the 3 years from baseline. A total of 561 permanent residents (mean age 87.69 ± 7.25) were included. The majority of residents were female (n = 411, 73.3%) with 95.3% (n = 527) being classified as either frail (n = 377, 68.2%) or most-frail (n = 150, 27.1%) according to the Frailty Index (FI). Most residents were severely impaired in their basic activities of daily living (n = 554, 98.8%), and were at-risk of malnutrition (n = 305, 55.0%) and at-risk of sarcopenia (n = 492, 89.5%). Most residents did not experience pain (n = 475, 85.4%), had normal daytime sleepiness (n = 385, 69.7%), and low anxiety and depression scores (n = 327, 58.9%). This study provides valuable information on the health and frailty levels of residents living in RACS in South Australia. The results will assist in developing interventions that can help to improve the health and wellbeing of residents in aged care services. Prospectively registered with the Australian New Zealand Clinical Trials Registry ( ACTRN12619000500156 ).",PubMed,https://pubmed.ncbi.nlm.nih.gov/33535968/,doi:10.1186/s12877-020-01974-1,include_title_abs,Potential eligible RCT at title/abstract stage,B_secondary_fulltext,"Frailty RCT candidate, setting or delivery less directly Indian-primary-care relevant"
34291626,,10.23736/S1973-9087.21.06727-7,Early cardiac rehabilitation for acute decompensated heart failure safely improves physical function (PEARL study): a randomized controlled trial.,Nakaya Y; Akamatsu M; Ogimoto A; Kitaoka H,2021,European journal of physical and rehabilitation medicine,"Improvements in the Short Physical Performance Battery (SPPB) rather than exercise tolerance reportedly led to favorable prognosis in elderly patients with acute decompensated heart failure (ADHF). However, about 50% of heart failure shows heart failure with preserved ejection fraction, safe and effective interventions to improve SPPB for these types remain unclear. In addition, although a standard cardiac rehabilitation (CR) program for heart failure is widely used in Japan, whether this is sufficient to improve SPPB in elderly patients with ADHF remains unclear. This study aimed to evaluate whether the addition of multidisciplinary physical interventions to the standard CR program would prove effective for improving SPPB among elderly patients with ADHF regardless types of heart failure. The design of this study was randomized, prospective study. Patients admitted to our hospital due to ADHF in Japan. Elderly patients with ADHF between March 2019 and March 2020 were randomized to two groups, an Intervention group and a Control group. The Control group performed standard CR. The Intervention group received balance training and resistance training and used a cycling ergometer in addition to the standard CR program. The primary outcome was the improvement in SPPB after CR. Seventy-five patients with ADHF were divided into the two groups (Intervention group, N.=36; Control group, N.=39). At baseline, both groups showed low physical performance and a high prevalence of frailty. Intervention size effect was an improvement in SPPB score of +2.2 (+3.7±1.1 vs. +1.5±1.7; P<0.001). Of the 3 components of SPPB, both gait speed and timed repeated chair rise were significantly improved in the Intervention group compared to the Control group, with intervention size effect of +0.76 and +0.94, respectively (P<0.001). Subgroup analysis of heart failure with preserved ejection fraction showed significant improvement in SPPB score in the Intervention group compared to the Control group (P<0.001). No adverse events were observed during the study period. A multi-faceted intervention in addition to standard CR improved physical performance among elderly patients with ADHF regardless types of heart failure. We believe that use of a cycling ergometer and load-specific resistance training provide specific CR for patients with ADHF during acute hospitalization and highlight the need for active intervention.",PubMed,https://pubmed.ncbi.nlm.nih.gov/34291626/,doi:10.23736/s1973-9087.21.06727-7,include_title_abs,Potential eligible RCT at title/abstract stage,B_secondary_fulltext,"Frailty RCT candidate, setting or delivery less directly Indian-primary-care relevant"
42017416,,10.1093/ageing/afag104,Effects of VIVIFRAIL intervention on multidimensional frailty in older nursing home residents: a randomised-controlled feasibility study.,Pradana AA; Hidayat AT; Yanti L; Lee SC,2026,Age and ageing,"The prevalence of frailty among older adults residing in nursing homes is high, indicating the importance of effective interventions to prevent and reduce frailty. One such intervention, VIVIFRAIL, is an exercise program that benefits older adults with frailty. The primary aim of this study was to evaluate the feasibility (recruitment, adherence, compliance, attrition, motivation and satisfaction) of the VIVIFRAIL program in an institutional setting. The secondary aim was to examine the efficacy of the VIVIFRAIL intervention in improved frailty status, reduced frailty prevalence and improving health indicators, activities of daily living (ADLs) and quality of life (QOL) in older adults. This study was a randomised-controlled, assessor-blinded, prospective trial conducted from July to September 2024 among older adults residing in nursing homes. A total of 80 participants were enrolled, and the study had recruitment, adherence and compliance rates of 100%. The attrition rate was 7.5%, and the motivation and satisfaction rates were 86% and 87%, respectively. Significant improvements were observed in frailty status (P = .002), physical performance (P = .001), cognitive function (P = .025), ADLs (P < .001) and QOL (P < .001). Bonferroni post-hoc analysis indicated significant differences across all time points for frailty status (P < .001). The VIVIFRAIL exercise program was determined to be feasible for older adults residing in nursing homes and significantly improved frailty status, health indicators, ADLs and QOL. These findings support the incorporation of structured exercise interventions as an essential component of routine care provided by health-care professionals in nursing home settings.",PubMed,https://pubmed.ncbi.nlm.nih.gov/42017416/,doi:10.1093/ageing/afag104,include_title_abs,Potential eligible RCT at title/abstract stage,B_secondary_fulltext,"Frailty RCT candidate, setting or delivery less directly Indian-primary-care relevant"
38851231,PMC11163610,10.1136/bmjopen-2023-079139,Association between nutritional risk and fatigue in frailty conditions for older adult patients: a multicentre cross-sectional survey study.,Chen L; Liu C; Deng A; Zhang A; Zhu M; Xi H,2024,BMJ open,"Frailty is widespread in the elderly, while there is a bi-directional relationship between frailty and malnutrition. The objectives of this study were to investigate the prevalence and correlation of frailty and nutritional risk in older adult patients and to analyse the factors associated with fatigue which is one indicator of frailty. This cross-sectional multicentre survey study was conducted in five hospitals in the same city from 01 January 2021 to 01 December 2021. We collected information on gender, age, diseases, medication and dietary status. Frailty status was diagnosed using the FRAIL scale, and Nutritional Risk Screening-2002 was used to screen the nutritional risk. Spearman rank correlation was used to analyse the correlation between frailty and nutritional risk. Univariate and multivariate logistic regression analyses were used to analyse the risk factors related to fatigue in all patients and inpatients. Among 2016 older adult patients, the prevalence of frailty was 15.1% (305/2016), the prevalence of nutritional risk was 16.2% (327/2016) and the overlap prevalence of frailty and nutritional risk was 7.3% (147/2016). Multivariate analysis showed that nutritional risk (OR 3.109, 95% CI 2.384 to 4.056, p<0.001) was an independent risk factor for fatigue in all patients; similar results were found for nutritional risk (OR 2.717, 95% CI 2.068 to 3.571, p<0.001) in hospitalised patients. Frailty and nutritional risk are prevalent among older adult patients, and nutritional risk is associated with the occurrence of fatigue in older adult patients and older adult inpatients. China Clinical Trial Registry (Registered No. ChiCTR-EPC-14005253).",PubMed,https://pubmed.ncbi.nlm.nih.gov/38851231/,doi:10.1136/bmjopen-2023-079139,include_title_abs,Potential eligible RCT at title/abstract stage,B_secondary_fulltext,"Frailty RCT candidate, setting or delivery less directly Indian-primary-care relevant"
39305935,,10.1016/j.jamda.2024.105271,"Feasibility and Effectiveness of a 12-Week Concurrent Exercise Training on Physical Performance, Muscular Strength, and Myokines in Frail Individuals Living in Nursing Homes: A Cluster Randomized Crossover Trial.",Barros D; Silva-Fernandes A; Martins S; Guerreiro S; Magalhães J; Carvalho J; Marques EA,2024,Journal of the American Medical Directors Association,"To examine the feasibility and effects of a 12-week exercise intervention on physical performance, muscular strength, and circulating myokines in frail individuals living in nursing homes. A cluster randomized, 2-period, 2-intervention crossover trial. Frail residents of 9 nursing homes were randomly assigned to either 12 weeks of concurrent exercise training (n = 5, 29 participants) or usual care (n = 4, 17 participants). The concurrent exercise training consisted of resistance and aerobic exercises (3 days/week). The usual care consisted of everyday routine and standard care. After a 4-week washout period, participants crossed to the other intervention. The feasibility outcomes included recruitment rate, dropout rate and reasons, harms during the trial, adherence to exercise, and implementation cost. The primary endpoint was the change in physical performance measured by the Short Physical Performance Battery (SPPB). The secondary endpoints were changes in muscular strength (eg, handgrip strength, isokinetic knee extension, and flexion strength) and serum myokines concentration (myostatin and decorin). From the 46 participants enrolled (aged 70-99 years, 67.4% female), 34 completed the trial (26.1% dropout rate), the median adherence was 93.75%, and no adverse events occurred during the exercise sessions. The concurrent exercise training provided significant benefits over usual care on SPPB (B = 2.18; 95% CI, 1.35-3.00; P < .001), handgrip strength (B = 2.15; 95% CI, 1.00-3.30; P < .001), myostatin concentrations (B = -7.07; 95% CI, -13.48 to -0.66; P = .031) and myostatin-decorin ratio (B = -95.54; 95% CI, -158.30 to -32.78, P = .004). No significant between-group differences were found for the remaining secondary endpoints. This concurrent exercise training is feasible, well-tolerated, and effective in improving physical performance, handgrip strength, myostatin, and myostatin-decorin ratio concentrations in frail older adults residing in nursing homes. These data reinforce the relevance of integrating exercise interventions in long-term care settings.",PubMed,https://pubmed.ncbi.nlm.nih.gov/39305935/,doi:10.1016/j.jamda.2024.105271,include_title_abs,Potential eligible RCT at title/abstract stage,B_secondary_fulltext,"Frailty RCT candidate, setting or delivery less directly Indian-primary-care relevant"
40485761,PMC12145771,10.1016/j.curtheres.2024.100769,Assessing the Impact of Frailty Interventions on Older Patients With Frailty.,Zhang M; Zhong L,2025,"Current therapeutic research, clinical and experimental","As the global population ages, frailty-marked by diminished physiological reserves and increased vulnerability, poses significant health risks such as falls, hospitalization, and mortality. Exercise therapy, enhancing muscle strength and balance, has shown promise in mitigating frailty's effects, while nursing interventions ensure tailored, comprehensive care. However, the combined impact of these interventions remains underexplored. This study investigates the clinical effectiveness of integrating active exercise with nursing interventions to manage frailty in elderly patients, aiming to improve their physical function and quality of life. This retrospective study analyzed 100 elderly patients (≥80 years) admitted to our hospital with mild to moderate frailty. Participants were randomly assigned to either a control group (n = 50), receiving a standard exercise program, or an experimental group (n = 50), receiving the same program with personalized interventions under nursing assistance. Assessments were conducted at baseline and at 1, 3, 6, and 12 months. Outcome measures included assessing functional mobility, physical dependence in activities of daily living (ADLs), balance, muscle strength, degree of frailty and patient satisfaction with the nursing care. There were no significant differences in the baseline characteristics between the two groups (P ˃ 0.05). However, both groups exhibited significant improvements from baseline in functional mobility (P < 0.001), physical dependence in ADLs (P < 0.001), balance (P < 0.001), muscle strength (P < 0.001), and degree of frailty (P < 0.001). Importantly, from 3 months onward, the experimental group showed significantly greater improvements in all these parameters compared to the control group (P < 0.001 for each measure). Additionally, patient satisfaction was higher in the experimental group, with a satisfaction rate of 94.0% compared to 72.0% in the control group (P = 0.013). This study demonstrates that combining active exercise with nursing interventions significantly improves physical performance, independence, balance, muscle strength, and reduces frailty in elderly patients. Furthermore, the high levels of patient satisfaction underscore the effectiveness and favorable reception of this intervention. These findings suggest that the implemented interventions can be a valuable approach in improving the overall health and well-being of elderly patients with frailty.",PubMed,https://pubmed.ncbi.nlm.nih.gov/40485761/,doi:10.1016/j.curtheres.2024.100769,include_title_abs,Potential eligible RCT at title/abstract stage,B_secondary_fulltext,"Frailty RCT candidate, setting or delivery less directly Indian-primary-care relevant"
35574636,,10.1177/10998004221100797,Improving the Identification of Frailty in Long-Term Care Residents: A Cross-Sectional Study.,Arrieta H; Rezola-Pardo C; Sanz B; Virgala J; Lacunza-Zumeta M; Rodriguez-Larrad A; Irazusta J,2022,Biological research for nursing,"To compare the capacity of blood myostatin concentration and physical, cognitive, and affective function tests to predict frailty among long-term care (LTC) residents. This cross-sectional analysis used baseline data from three randomized controlled trials involving 260 older adults in 14 LTC centers. Serum myostatin levels were analyzed by enzyme-linked immunosorbent assay. Frailty, physical fitness, cognitive and affective functions were assessed using validated tests and scales. The Timed Up and Go, gait speed, 6-minute walk, and Berg Balance Scale had excellent capabilities in identifying frail individuals in accordance with Fried's Frailty Phenotype (FFP). The best tests for identifying frailty in accordance with the Clinical Frailty Scale (CFS) were Timed Up and Go and Berg Balance Scale. For the Tilburg Frailty Indicator (TFI), the best tests were Quality of Life in Alzheimer's Disease (QoL-AD) and Goldberg Anxiety. Myostatin, along with physical, cognitive, and affective function tests, improved the capability of the hand grip, arm-curl, Montreal Cognitive Assessment, Goldberg Anxiety, Goldberg Depression, and QoL-AD to identify frailty according to FFP, while myostatin improved CFS-defined frailty identification by the hand grip, arm-curl, 6-minute walk test, Berg Balance Scale, 30-second chair-stand, gait speed, Montreal Cognitive Assessment, Goldberg Anxiety, and De Jong-Gierveld Loneliness Scale. Among LTC residents, serum myostatin was associated with being frail according to FFP and CFS. However, this measure was less discriminating of frailty than physical fitness tests (for FFP and CFS) and affective function parameters (for TFI). However, evaluated concurrently with physical, cognitive, and affective parameters, myostatin improved the capabilities of these measures to predict CFS-defined frailty.",PubMed,https://pubmed.ncbi.nlm.nih.gov/35574636/,doi:10.1177/10998004221100797,include_title_abs,Potential eligible RCT at title/abstract stage,B_secondary_fulltext,"Frailty RCT candidate, setting or delivery less directly Indian-primary-care relevant"
34522910,PMC8437150,10.1016/s2666-7568(21)00173-2,"Computerised cognitive remediation to enhance mobility in older adults: a single-blind, single-centre, randomised trial.",Verghese J; Mahoney JR; Ayers E; Ambrose A; Wang C; Holtzer R,2021,The lancet. Healthy longevity,"Decline in executive functions and related cognitive processes is associated with mobility decline, and these functions might be amenable to cognitive remediation. This study aimed to examine whether a computerised cognitive remediation programme would improve walking in adults aged 70 years and older. This single-blind, randomised trial at one academic centre in the USA evaluated the efficacy of an 8-week computerised programme (also known as brain games) of progressive intensity and complexity to improve walking in older adults at high-risk for mobility disability. Inclusion criteria included being 70 years or older; ambulatory; and at high-risk for mobility disability, defined using a cutscore of nine or less (frail range) on the Short Physical Performance Battery and a walking speed of 100 cm/s or less. Individuals with dementia, acute or terminal medical illnesses, recent or planned surgery affecting mobility, mobility limitations solely due to musculoskeletal limitation or pain that prevented them from completing mobility tests, and those who were nursing home residents were excluded. Participants were block randomised (1:1; block size 12 and no stratification) to the intervention group or the control group (low complexity computer games and health education classes). Primary outcomes were change in walking speed at normal pace and walking while talking conditions assessed from baseline to 8 weeks post-intervention by investigators who were masked to group assignment. Groups were compared using the intention-to-treat principle with linear mixed models adjusted for confounders. This trial was registered with ClinicalTrails.gov, NCT02567227. Between March 1, 2016, and March 12, 2020, 383 patients were enrolled and randomly assigned to the intervention or control group. After randomisation, 11 (3%) patients were diagnosed with dementia. 372 (97%; 271 [73%] women) were included in the intention-to-treat analysis. The mean age of participants was 77·0 years [SD 5·6]). 183 (49·2%) participants were Black and 62 (16·7%) were Hispanic. 314 (93%) of the target 338 completers had finished the intervention when the trial was terminated due to the COVID-19 pandemic. Although there were significant within-group improvements in both groups after the 8-week intervention, there was no significant difference in normal walking speed (-1·03 cm/s [SD 1·30]; 95% CI -3·60 to 1·54) and walking while talking conditions (0·59 cm/s [SD 1·61]; 95% CI -2·59 to 3·76) between the intervention and control groups. Similarly, within-group, but no between-group, differences were seen on executive function tests and physical function. There were no severe adverse events related to interventions. Computerised cognitive remediation improved walking in adults aged 70 years and older at high-risk for mobility disability, but improvements were not significantly greater compared with an active control. Although our findings corroborate the within-group improvements on cognition and mobility reported in previous pilot clinical trials, future studies are required to determine the optimal dose, frequency, intensity, and content of computerised cognitive remediation programmes. National Institute on Aging.",PubMed,https://pubmed.ncbi.nlm.nih.gov/34522910/,doi:10.1016/s2666-7568(21)00173-2,include_title_abs,Potential eligible RCT at title/abstract stage,B_secondary_fulltext,"Frailty RCT candidate, setting or delivery less directly Indian-primary-care relevant"
36561924,PMC9763896,10.3389/fdgth.2022.1054932,A blended e-health intervention for improving functional capacity in elderly patients on haemodialysis: A feasibility study.,Zemp DD; Baschung Pfister P; Knols RH; Quadri P; Bianchi G; Giunzioni D; Lavorato S; Giannini O; de Bruin ED,2022,Frontiers in digital health,"Physical exercise showed to be beneficial for frail older adults on haemodialysis (HD). However, there are several obstacles hindering the regular practice of exercise, such as transportation difficulties, lack of time, fatigue and comorbidities. E-health in this regard has many potential advantages and could be useful for motivating HD patients to increase their level of physical activity. The aim of this study was to evaluate the feasibility of a blended e-health intervention for elderly HD patients who individually exercise at home while under remote supervision of a physiotherapist. Patients over 60 years of age with sufficient cognitive and motoric resources to perform a simple physical test battery and to use a tablet-computer were recruited from four HD outpatient facilities. Following baseline assessment at home, the participants were visited by a physiotherapist (PT). The PT set an individual exercise programme and explained how to use the web-based interface. During the 12 weeks of training, the PTs remotely supervised the patients' progress. At 12 weeks follow-up a second assessment took place. Twenty-two patients were recruited to participate in the study. Seven patients dropped out of the blended programme and 15 patients concluded the programme. The average training frequency of the 15 participants concluding the study was 1.5 times a week [range 0.2-5.8]. The duration of a training session was between 20 and 40 min. The usability of the system was deemed positive. Regarding the efficacy of the intervention, no significant improvement of any measured parameter was found, and effect sizes were small to medium. A blended e-health intervention supported by a web-based application for exercising at home under remote supervision of a PT is feasible in a HD population including older patients. However, before planning a randomized controlled trial, strategies to increase the recruitment rate and the adherence to such a blended intervention should be further developed, e.g., to improve the recruitment procedures and lower the expectable drop-out rate. Furthermore, the dosage of the blended programme should be adapted to the patients' physical performance levels in future trials.The study was registered on the website clinicaltrials.gov with ID NCT04076488.",PubMed,https://pubmed.ncbi.nlm.nih.gov/36561924/,doi:10.3389/fdgth.2022.1054932,include_title_abs,Potential eligible RCT at title/abstract stage,B_secondary_fulltext,"Frailty RCT candidate, setting or delivery less directly Indian-primary-care relevant"
34202133,PMC8300738,10.3390/antiox10071026,(-)-Epicatechin-Enriched Extract from,Seo H; Lee SH; Park Y; Lee HS; Hong JS; Lim CY; Kim DH; Park SS; Suh HJ; Hong KB,2021,"Antioxidants (Basel, Switzerland)","Loss of skeletal muscle mass and function with age represents an important source of frailty and functional decline in the elderly. Antioxidants from botanical extracts have been shown to enhance the development, mass, and strength of skeletal muscle by influencing age-related cellular and molecular processes. Tannase-treated green tea extract contains high levels of the antioxidants (-)-epicatechin (EC) and gallic acid that may have therapeutic benefits for age-related muscle decline. The aim of this study was to investigate the effect of tannase-treated green tea extract on various muscle-related parameters, without concomitant exercise, in a single-center, randomized, double-blind, placebo-controlled study. Administration of tannase-treated green tea extract (600 mg/day) for 12 weeks significantly increased isokinetic flexor muscle and handgrip strength in the treatment group compared with those in the placebo (control) group. In addition, the control group showed a significant decrease in arm muscle mass after 12 weeks, whereas no significant change was observed in the treatment group. Blood serum levels of follistatin, myostatin, high-sensitivity C-reactive protein (hs-CRP), interleukin (IL)-6, IL-8, insulin-like growth factor-1 (IGF-1), and cortisol were analyzed, and the decrease in myostatin resulting from the administration of tannase-treated green tea extract was found to be related to the change in muscle mass and strength. In summary, oral administration of tannase-treated green tea extract containing antioxidants without concomitant exercise can improve muscle mass and strength and may have therapeutic benefits in age-related muscle function decline.",PubMed,https://pubmed.ncbi.nlm.nih.gov/34202133/,doi:10.3390/antiox10071026,include_title_abs,Potential eligible RCT at title/abstract stage,B_secondary_fulltext,"Frailty RCT candidate, setting or delivery less directly Indian-primary-care relevant"
11421518,,10.1097/00002060-200107000-00007,Progressive resistance muscle strength training of hospitalized frail elderly.,Sullivan DH; Wall PT; Bariola JR; Bopp MM; Frost YM,2001,American journal of physical medicine & rehabilitation,"To determine whether frail elderly patients recuperating from acute illnesses could safely participate in and gain appreciable improvement in muscle strength from progressive resistance muscle strength training. Muscle strength (one repetition maximum), functional abilities (sit-to-stand maneuver and 20-sec maximal safe gait speed), and body composition were measured before and at the conclusion of a 10-wk program of lower limb progressive resistance muscle strength training. The nonrandomized study was conducted in a 30-bed geriatric rehabilitation unit of a university-affiliated Veterans Affairs hospital and a 28-bed transitional care unit of a community nursing home. Participants included 19 recuperating elderly subjects (14 male, 5 female; 13 ambulatory, 6 nonambulatory) >64 yr (mean age, 82.8+/-7.9 yr). The one repetition maximum increased an average of 74%+/-49% (median, 70%; interquartile range, 38%-95%, and an average of 20+/-13 kg (P = 0.0001). Sit-to-stand maneuver times improved in 15 of 19 cases (79%). Maximum safe gait speeds improved in 10 of 19 cases (53%). Four of the six nonambulatory subjects progressed to ambulatory status. No subject experienced a complication. A carefully monitored program of progressive resistance muscle strength training to regain muscle strength is a safe and possibly effective method for frail elderly recuperating from acute illnesses. A randomized control study is needed to examine the degree to which progressive resistance muscle strength training offers advantages, if any, over routine posthospital care that includes traditional low-intensity physical therapy.",PubMed,https://pubmed.ncbi.nlm.nih.gov/11421518/,doi:10.1097/00002060-200107000-00007,include_title_abs,Potential eligible RCT at title/abstract stage,B_secondary_fulltext,"Frailty RCT candidate, setting or delivery less directly Indian-primary-care relevant"
38267843,PMC10809534,10.1186/s12877-024-04694-y,"The prevalence and impact of sarcopenia in older cardiac patients undergoing inpatient cardiac rehabilitation - results from a prospective, observational cohort pre-study.",Steinmetz C; Krause L; Sulejmanovic S; Kaumkötter S; Mengden T; Grefe C; Knoglinger E; Reiss N; Brixius K; Bjarnason-Wehrens B,2024,BMC geriatrics,"The prevalence of sarcopenia and its impact in older patients undergoing inpatient cardiac rehabilitation (iCR) after cardiac procedure has been insufficiently studied. The main aim of this study was to evaluate the prevalence of sarcopenia and quantify the functional capacity of older sarcopenic and non-sarcopenic patients participating in iCR. Prospective, observational cohort study within the framework of the ongoing multicenter prehabilitation study ""PRECOVERY"". A sample of 122 patients ≥75 years undergoing iCR after cardiac procedure were recruited in four German iCR facilities and followed up 3 months later by telephone. At iCR (baseline), the Strength, Assistance with walking, Rise from a chair, Climb stairs and Falls (SARC-F) questionnaire was used to identify sarcopenic patients. In addition, Katz-Index, Clinical Frailty Scale (CFS), handgrip strength (HGS), Short Physical Performance Battery (SPPB) and 6-minute walk distance (6MWD) measured functional capacity and frailty at baseline. Outcomes were prevalence of sarcopenia and the correlation of sarcopenia to functional capacity and frailty at baseline as well as the SARC-F score at follow-up. The Wilcoxon test was applied for pre-post-test analysis. Correlation between sarcopenia and 6MWD, SPPB score and HGS was tested with the eta coefficient with one-way ANOVA. Complete assessments were collected from 101 patients (79.9 ± 4.0 years; 63% male). At baseline, the mean SARC-F score was 2.7 ± 2.1; 35% with sarcopenia. Other baseline results were Katz-Index 5.7 ± 0.9, CFS 3.2 ± 1.4, HGS 24.9 ± 9.9 kg, SPPB score 7.5 ± 3.3 and 6MWD 288.8 ± 136.5 m. Compared to baseline, fewer patients were sarcopenic (23% versus 35%) at follow-up. In the subgroup of sarcopenic patients at baseline (n = 35), pre-post comparison resulted in a significant SARC-F improvement (p = 0.017). There was a significant correlation between sarcopenia measured by SARC-F and poor results in the assessments of functional capacity (p < 0.001; r > 0.546). The prevalence of sarcopenia in older patients at iCR after cardiac procedure is high (35%) and remains high at follow-up (23%). Sarcopenia screening is important since the diagnosis of sarcopenia in these patients correlates significantly with poor functional capacity. The results indicate that these patients may benefit from prehabilitation aimed at improving perioperative outcomes, increasing functional capacity and mitigating adverse effects. German Clinical Trials Register (DRKS; http://www.drks.de ; DRKS00032256). Retrospectively registered on 13 July 2023.",PubMed,https://pubmed.ncbi.nlm.nih.gov/38267843/,doi:10.1186/s12877-024-04694-y,include_title_abs,Potential eligible RCT at title/abstract stage,B_secondary_fulltext,"Frailty RCT candidate, setting or delivery less directly Indian-primary-care relevant"
40953440,PMC12481141,10.2196/77140,Machine Learning Approach for Frailty Detection in Long-Term Care Using Accelerometer-Measured Gait and Daily Physical Activity: Model Development and Validation Study.,Zheng X; Zeng Z; S van Schooten K; Yang Y,2025,JMIR aging,"Frailty affects over 50% of older adults in long-term care (LTC), and early detection is critical due to its potential reversibility. Wearable sensors enable continuous monitoring of gait and physical activity, and machine learning has shown promise in detecting frailty among community-dwelling older adults. However, its applicability in LTC remains underexplored. Furthermore, dynamic gait outcomes (eg, gait stability and symmetry) may offer more sensitive frailty indicators than traditional measures like gait speed, yet their potential remains largely untapped. This study aimed to evaluate whether frailty in LTC facilities could be effectively identified using machine learning models trained on gait and daily physical activity data derived from a single accelerometer. This study is a cross-sectional secondary analysis of baseline data from a 2-arm cluster randomized controlled trial. Of the 164 individuals initially enrolled, 51 participants (age: mean 85.0, SD 9.0 years; female: n=24, 47.1%) met the inclusion criteria of completing all assessments required for this study and were included in the final analysis. Frailty status was assessed using the fatigue, resistance, ambulation, incontinence, loss of weight, nutritional approach, and help with dressing (FRAIL-NH) scale. Participants completed a 5-meter walking task while wearing a 3D accelerometer. Following this task, the accelerometer was used to record daily physical activity over approximately 1 week. A total of 34 dynamic and spatial-temporal gait outcomes, 3 physical activity variables, and 6 demographic characteristics were extracted. Five conventional machine learning models were trained to classify frailty status using a leave-one-out cross-validation approach. Model performance was evaluated based on accuracy and the area under the receiver operating characteristic curve. To enhance model interpretability, explainable artificial intelligence techniques were used to identify the most influential predictive outcomes. The extreme gradient boosting model demonstrated the optimal performance with an accuracy of 86.3% and an area under the curve of 0.92. Explainable artificial intelligence analysis revealed that older adults with frailty exhibited more variable, complex, and asymmetric gait patterns, which were characterized by higher stride length variability, increased sample entropy, and a higher gait symmetry score. Our findings suggest that dynamic gait outcomes may serve as more sensitive indicators of frailty than spatial-temporal gait outcomes (eg, gait speed) in LTC settings, offering valuable insights for enhancing frailty detection and management.",PubMed,https://pubmed.ncbi.nlm.nih.gov/40953440/,doi:10.2196/77140,include_title_abs,Potential eligible RCT at title/abstract stage,B_secondary_fulltext,"Frailty RCT candidate, setting or delivery less directly Indian-primary-care relevant"
41154937,PMC12563823,10.3390/ijerph22101533,Walking Football as a Multidimensional Intervention for Healthy Aging: A Scoping Review of Physical and Functional Outcomes in Older Adults.,Rodrigues PSM; Neto AR; Alonso do Espírito Santo L; Tribess S; Virtuoso Junior JS,2025,International journal of environmental research and public health,"Population aging presents pressing public health challenges, calling for accessible and effective interventions to preserve functional capacity and prevent frailty. Walking football, an adapted sport for older adults, has emerged as a promising approach by combining aerobic activity, neuromuscular stimulation, and social engagement. This scoping review aimed to synthesize experimental evidence on its effect on physical and functional outcomes in older adults. Following PRISMC-ScR and Joanna Briggs Institute guidelines, a systematic search across seven databases identified 10 studies with 332 participants (mean age 68.7 years, 85.2% male). Interventions lasted 6-16 weeks, with two to three weekly sessions. The outcomes assessed included strength, agility, cardiorespiratory fitness, body composition, and clinical parameters. Six studies reported improvements in at least one component of physical fitness, particularly handgrip strength, abdominal fat reduction, and aerobic capacity. Among the included studies, three were randomized controlled trials, four quasi-experimental designs, and three intervention studies without control groups, highlighting the methodological heterogeneity of the field. Some studies also reported benefits in blood pressure, glucose, cholesterol, and quality of life. Despite promising results, the literature lacks large-scale randomized trials, female representation, and long-term assessments. Walking football appears to be a safe, multicomponent, and low-cost strategy to support healthy aging and warrants integrations into public health policies.",PubMed,https://pubmed.ncbi.nlm.nih.gov/41154937/,doi:10.3390/ijerph22101533,include_title_abs,Potential eligible RCT at title/abstract stage,B_secondary_fulltext,"Frailty RCT candidate, setting or delivery less directly Indian-primary-care relevant"
27901247,PMC10871850,10.1590/1516-3180.20161345T2,Anabolic steroids for rehabilitation after hip fracture in older people.,Farooqi V; Berg ME; Cameron ID; Crotty M,2016,Sao Paulo medical journal = Revista paulista de medicina,"Hip fracture occurs predominantly in older people, many of whom are frail and undernourished. After hip fracture surgery and rehabilitation, most patients experience a decline in mobility and function. Anabolic steroids, the synthetic derivatives of the male hormone testosterone, have been used in combination with exercise to improve muscle mass and strength in athletes. They may have similar effects in older people who are recovering from hip fracture. To examine the effects (primarily in terms of functional outcome and adverse events) of anabolic steroids after surgical treatment of hip fracture in older people. Search methods: We searched the Cochrane Bone, Joint and Muscle Trauma Group Specialized Register (10 September 2013), the Cochrane Central Register of Controlled Trials (CENTRAL) (The Cochrane Library, 2013 Issue 8), MEDLINE (1946 to August Week 4 2013), EMBASE (1974 to 2013 Week 36), trial registers, conference proceedings, and reference lists of relevant articles. The search was run in September 2013.Selection criteria: Randomized controlled trials of anabolic steroids given after hip fracture surgery, in inpatient or outpatient settings, to improve physical functioning in older patients with hip fracture.Data collection and analysis: Two review authors independently selected trials (based on predefined inclusion criteria), extracted data and assessed each study's risk of bias. A third review author moderated disagreements. Only very limited pooling of data was possible. The primary outcomes were function (for example, independence in mobility and activities of daily living) and adverse events, including mortality. We screened 1290 records and found only three trials involving 154 female participants, all of whom were aged above 65 years and had had hip fracture surgery. All studies had methodological shortcomings that placed them at high or unclear risk of bias. Because of this high risk of bias, imprecise results and likelihood of publication bias, we judged the quality of the evidence for all primary outcomes to be very low.These trials tested two comparisons. One trial had three groups and contributed data to both comparisons. None of the trials reported on patient acceptability of the intervention.Two very different trials compared anabolic steroid versus control (no anabolic steroid or placebo). One trial compared anabolic steroid injections (given weekly until discharge from hospital or four weeks, whichever came first) versus placebo injections in 29 ""frail elderly females"". This found very low quality evidence of little difference between the two groups in the numbers discharged to a higher level of care or dead (one person in the control group died) (8/15 versus 10/14; risk ratio (RR) 0.75, 95% confidence interval (CI) 0.42 to 1.33; P = 0.32), time to independent mobilization or individual adverse events. The second trial compared anabolic steroid injections (every three weeks for six months) and daily protein supplementation versus daily protein supplementation alone in 40 ""lean elderly women"" who were followed up for one year after surgery. This trial provided very low quality evidence that anabolic steroid may result in less dependency, assessed in terms of being either dependent in at least two functions or dead (one person in the control group died) at six and 12 months, but the result was also compatible with no difference or an increase in dependency (dependent in at least two levels of function or dead at 12 months: 1/17 versus 5/19; RR 0.22, 95% CI 0.03 to 1.73; P = 0.15). The trial found no evidence of between-group differences in individual adverse events.Two trials compared anabolic steroids combined with another nutritional intervention ('steroid plus') versus control (no 'steroid plus'). One trial compared anabolic steroid injections every three weeks for 12 months in combination with daily supplement of vitamin D and calcium versus calcium only in 63 women who were living independently at home. The other trial compared anabolic steroid injections every three weeks for six months and daily protein supplementation versus control in 40 ""lean elderly women"". Both trials found some evidence of better function in the steroid plus group. One trial reported greater independence, higher Harris hip scores and gait speeds in the steroid plus group at 12 months. The second trial found fewer participants in the anabolic steroid group were either dependent in at least two functions, including bathing, or dead at six and 12 months (one person in the control group died) (1/17 versus 7/18; RR 0.15, 95% CI 0.02 to 1.10; P = 0.06). Pooled mortality data (2/51 versus 3/51) from the two trials showed no evidence of a difference between the two groups at one year. Similarly, there was no evidence of between-group differences in individual adverse events. Three participants in the steroid group of one trial reported side effects of hoarseness and increased facial hair. The other trial reported better quality of life in the steroid plus group. The available evidence is insufficient to draw conclusions on the effects, primarily in terms of functional outcome and adverse events, of anabolic steroids, either separately or in combination with nutritional supplements, after surgical treatment of hip fracture in older people. Given that the available data points to the potential for more promising outcomes with a combined anabolic steroid and nutritional supplement intervention, we suggest that future research should focus on evaluating this combination.",PubMed,https://pubmed.ncbi.nlm.nih.gov/27901247/,doi:10.1590/1516-3180.20161345t2,include_title_abs,Potential eligible RCT at title/abstract stage,B_secondary_fulltext,"Frailty RCT candidate, setting or delivery less directly Indian-primary-care relevant"
25284341,PMC6669256,10.1002/14651858.CD008887.pub2,Anabolic steroids for rehabilitation after hip fracture in older people.,Farooqi V; van den Berg ME; Cameron ID; Crotty M,2014,The Cochrane database of systematic reviews,"Hip fracture occurs predominantly in older people, many of whom are frail and undernourished. After hip fracture surgery and rehabilitation, most patients experience a decline in mobility and function. Anabolic steroids, the synthetic derivatives of the male hormone testosterone, have been used in combination with exercise to improve muscle mass and strength in athletes. They may have similar effects in older people who are recovering from hip fracture. To examine the effects (primarily in terms of functional outcome and adverse events) of anabolic steroids after surgical treatment of hip fracture in older people. We searched the Cochrane Bone, Joint and Muscle Trauma Group Specialised Register (10 September 2013), the Cochrane Central Register of Controlled Trials (CENTRAL) (The Cochrane Library, 2013 Issue 8), MEDLINE (1946 to August Week 4 2013), EMBASE (1974 to 2013 Week 36), trial registers, conference proceedings, and reference lists of relevant articles. The search was run in September 2013. Randomised controlled trials of anabolic steroids given after hip fracture surgery, in inpatient or outpatient settings, to improve physical functioning in older patients with hip fracture. Two review authors independently selected trials (based on predefined inclusion criteria), extracted data and assessed each study's risk of bias. A third review author moderated disagreements. Only very limited pooling of data was possible. The primary outcomes were function (for example, independence in mobility and activities of daily living) and adverse events, including mortality. We screened 1290 records and found only three trials involving 154 female participants, all of whom were aged above 65 years and had had hip fracture surgery. All studies had methodological shortcomings that placed them at high or unclear risk of bias. Because of this high risk of bias, imprecise results and likelihood of publication bias, we judged the quality of the evidence for all primary outcomes to be very low.These trials tested two comparisons. One trial had three groups and contributed data to both comparisons. None of the trials reported on patient acceptability of the intervention.Two very different trials compared anabolic steroid versus control (no anabolic steroid or placebo). One trial compared anabolic steroid injections (given weekly until discharge from hospital or four weeks, whichever came first) versus placebo injections in 29 ""frail elderly females"". This found very low quality evidence of little difference between the two groups in the numbers discharged to a higher level of care or dead (one person in the control group died) (8/15 versus 10/14; risk ratio (RR) 0.75, 95% confidence interval (CI) 0.42 to 1.33; P = 0.32), time to independent mobilisation or individual adverse events. The second trial compared anabolic steroid injections (every three weeks for six months) and daily protein supplementation versus daily protein supplementation alone in 40 ""lean elderly women"" who were followed up for one year after surgery. This trial provided very low quality evidence that anabolic steroid may result in less dependency, assessed in terms of being either dependent in at least two functions or dead (one person in the control group died) at six and 12 months, but the result was also compatible with no difference or an increase in dependency (dependent in at least two levels of function or dead at 12 months: 1/17 versus 5/19; RR 0.22, 95% CI 0.03 to 1.73; P = 0.15). The trial found no evidence of between-group differences in individual adverse events.Two trials compared anabolic steroids combined with another nutritional intervention ('steroid plus') versus control (no 'steroid plus'). One trial compared anabolic steroid injections every three weeks for 12 months in combination with daily supplement of vitamin D and calcium versus calcium only in 63 women who were living independently at home. The other trial compared anabolic steroid injections every three weeks for six months and daily protein supplementation versus control in 40 ""lean elderly women"". Both trials found some evidence of better function in the steroid plus group. One trial reported greater independence, higher Harris hip scores and gait speeds in the steroid plus group at 12 months. The second trial found fewer participants in the anabolic steroid group were either dependent in at least two functions, including bathing, or dead at six and 12 months (one person in the control group died) (1/17 versus 7/18; RR 0.15, 95% CI 0.02 to 1.10; P = 0.06). Pooled mortality data (2/51 versus 3/51) from the two trials showed no evidence of a difference between the two groups at one year. Similarly, there was no evidence of between-group differences in individual adverse events. Three participants in the steroid group of one trial reported side effects of hoarseness and increased facial hair. The other trial reported better quality of life in the steroid plus group. The available evidence is insufficient to draw conclusions on the effects, primarily in terms of functional outcome and adverse events, of anabolic steroids, either separately or in combination with nutritional supplements, after surgical treatment of hip fracture in older people. Given that the available data points to the potential for more promising outcomes with a combined anabolic steroid and nutritional supplement intervention, we suggest that future research should focus on evaluating this combination.",PubMed,https://pubmed.ncbi.nlm.nih.gov/25284341/,doi:10.1002/14651858.cd008887.pub2,include_title_abs,Potential eligible RCT at title/abstract stage,B_secondary_fulltext,"Frailty RCT candidate, setting or delivery less directly Indian-primary-care relevant"
42019884,,10.1016/j.clnesp.2026.103302,The MAIA trial: Protocol of a prospective randomized controlled trial to evaluate the impact of an omega-3 polyunsaturated fatty acids-enriched diet on the loss of independence in nursing home residents.,Billy C; Bajeux E; Mairesse G; Charras K; Weill P; Somme D; Thibault R,2026,Clinical nutrition ESPEN,"Malnutrition and frailty are prevalent issues in nursing homes, leading to increased dependence and morbidity. N-3 polyunsaturated fatty acids (PUFAs), i.e. linolenic, eicosapentaenoic, and docosahexaenoic acids, have demonstrated potential benefits in mitigating inflammation, cognitive decline, and sarcopenia. However, there is limited evidence on the impact of dietary n-3 PUFAs enrichment in preventing independence loss in the older patients and particularly nursing home (NH) residents. The trial aims to evaluate whether an n-3 PUFAs-enriched diet to cover the recommended daily allowance needs can slow down the decline in independence among older residents in NH. A prospective, randomized, controlled, open-label, multicenter trial will be conducted in NH. The study population (n = 432) will be cluster-randomized into two groups: 1- an intervention group receiving an n-3 PUFAs enriched diet, and 2- a control group receiving the usual institutional diet. The primary outcome will be the change in independence, measured by the Activities of Daily Living-Long Form Score (ADL-LFS) at 24 months. Secondary outcomes will include ADL-LFS at 6, 12, and 18 months, nutritional status, body composition, muscle function, fall incidence, infection rates, cognitive function, depression scale, n-3 and n-6 PUFAs blood levels, and healthcare resource utilization. In a subgroup of patients (n = 30 per group), data on actimetry will be collected. Statistical analyses will be conducted using a generalized linear mixed model to account for clustering effects. This trial will assess whether an n-3 PUFAs enriched diet has the potential to slow the loss of independence in NH residents. The findings could have potential implications for nutritional policies in NH and clinical guidelines. NCT05628155 (clinicaltrials.gov). CPP Île de France X, on January 12, 2023, under the number #2022-A00850-43.",PubMed,https://pubmed.ncbi.nlm.nih.gov/42019884/,doi:10.1016/j.clnesp.2026.103302,include_title_abs,Potential eligible RCT at title/abstract stage,B_secondary_fulltext,"Frailty RCT candidate, setting or delivery less directly Indian-primary-care relevant"
29055624,,10.1016/j.jgo.2017.09.009,Geriatric assessment and biomarkers in patients with metastatic breast cancer receiving first-line mono-chemotherapy: Results from the randomized phase III PELICAN trial.,Honecker F; Harbeck N; Schnabel C; Wedding U; Waldenmaier D; Saupe S; Jäger E; Schmidt M; Kreienberg R; Müller L,2018,Journal of geriatric oncology,"To determine predictive/prognostic factors for patients with metastatic breast cancer (MBC) receiving first-line monochemotherapy using biomarker analysis and geriatric assessment (GA). Karnofsky Performance Status (KPS) and GA as clinical parameters, and prognostic inflammatory and nutritional index (PINI), and Glasgow prognostic score (GPS) as biomarkers were analyzed for association with clinical outcome within the randomized phase III PEg-LIposomal Doxorubicin vs. CApecitabin iN MBC (PELICAN) trial of first-line pegylated liposomal doxorubicin (PLD) or capecitabine. Of 210 patients, 38% were >65years old. GA (n=152) classified 74% as fit, 10% as compromised, and 16% as frail. Biomarkers showed no age dependency. In multivariate analysis (n=70) KPS, GA, cumulative illness rating scale-geriatrics (CIRS-G), and GPS were significantly associated with time to progression, and KPS, CIRS-G, and instrumental activities of daily living (IADL) from GA, and PINI showed a significant correlation with overall survival. GA evaluation was feasible. KPS significantly correlated with efficacy outcomes. Items of a GA and biomarkers of inflammation and nutrition may have prognostic significance in patients with MBC.",PubMed,https://pubmed.ncbi.nlm.nih.gov/29055624/,doi:10.1016/j.jgo.2017.09.009,include_title_abs,Potential eligible RCT at title/abstract stage,B_secondary_fulltext,"Frailty RCT candidate, setting or delivery less directly Indian-primary-care relevant"
12441832,,10.1097/00002508-200211000-00006,Effects of a controlled exercise trial on pain in nursing home residents.,Simmons SF; Ferrell BA; Schnelle JF,2002,The Clinical journal of pain,"To report preliminary data relevant to the effects of an exercise and toileting intervention on pain among incontinent nursing home (NH) residents. A randomized controlled intervention trial. Fifty-one incontinent residents in one skilled NH. The intervention was implemented by research staff for a total of 4 times a day (every 2 hours), 5 days a week, for 32 weeks. Residents were provided with incontinence care and assistance to either walk or, if nonambulatory, wheel their chairs, and to repeat sit-to-stand movements. Pain was measured in two ways at baseline and again at 32 weeks: (1) a count of the number of verbal expressions and pain behaviors during a standardized physical performance assessment; and (2) a modified Geriatric Pain Measure administered in a one-on-one interview format. There were significant differences between intervention and control groups on all physical performance measures over time, with the intervention group remaining stable and the control group showing a significant decline in sit-to-stand, walking, and wheelchair propulsion endurance. Both groups showed mild to moderate pain at baseline according to each of the two pain measures, while there were no significant changes in pain reports between groups over time based on either measure. There was, however, a trend for pain to increase in the intervention group. No significant changes in pain reports were attributable to exercise despite significant improvements in physical performance. In fact, there was a tendency for pain reports to increase with exercise. These preliminary findings suggest that exercise alone may be ineffective for pain management among incontinent NH residents. Care providers should consider that exercise to improve physical function may increase pain symptoms, requiring preemptive analgesia, other pain control strategies, or modified exercise techniques for this frail segment of the NH population.",PubMed,https://pubmed.ncbi.nlm.nih.gov/12441832/,doi:10.1097/00002508-200211000-00006,include_title_abs,Potential eligible RCT at title/abstract stage,B_secondary_fulltext,"Frailty RCT candidate, setting or delivery less directly Indian-primary-care relevant"
26892583,PMC4811358,10.1007/s12603-016-0698-x,"Effect of Lifestyle Intervention on the Hormonal Profile of Frail, Obese Older Men.",Armamento-Villareal R; Aguirre LE; Qualls C; Villareal DT,2016,"The journal of nutrition, health & aging","Obesity-associated hypogonadism is hypothesized to be due to the suppressive effect of high estradiol (from an increase in aromatase activity present in the abundant adipose tissue) on the hypothalamic-pituitary-gonadal unit resulting in low testosterone production. Although weight loss has been found to be effective in reducing estradiol and raising testosterone levels in studies of younger men, its effect in frail, obese older men is understudied. Thus, the objective of this study was to determine the effect of lifestyle intervention on hormone levels in frail, obese older men. Randomized controlled trial of lifestyle intervention in frail, obese older men (≥65 yo) for 1 year. University hospital. Forty frail, obese elderly men were randomized, for a 52-week study, to any of the following treatment groups: (1) control group, (2) diet-induced weight loss group (diet group), (3) exercise training group (exercise group), and (4) diet-induced weight loss and exercise training group (diet-exercise group). The objective was to achieve a ~10 % weight loss at 6 months and maintain this weight for an additional 6 months. Physical function was assessed by the modified physical performance testing (modified PPT). Estradiol was measured by radioimmunoassay, testosterone by automated immunoassay, and sex hormone-binding globulin by enzyme-linked immunoassay. After 12 months of intervention, diet alone resulted in a weight loss of -10.1 ± 1.9 kg in the diet group and -9.1 ± 0.9 kg in the diet-exercise group. This resulted in a significant decrease (both p<0.05) in total estradiol compared to baseline among subjects in the diet (-2.5 ± 1.3 pg/ml) and diet-exercise group (-2.2 ± 4.0 pg/ml). Free estradiol index also significantly decreased (both p <0.05) in both the diet (-0.39 ± 0.14 pmol/nmol) and diet-exercise (-0.52 ± 0.12 pmol/nmol) group. Total testosterone significantly increased (p<0.05) in response to diet (71.0 ± 21.0 ng/dl) and diet-exercise (49.9 ± 15.5 pg/ml) resulting in values of 287.0 ± 28.1 ng/dl in the diet and 317.6 ± 33.1 ng/dl in the diet-exercise group. However, because there was a significant increase in sex hormone-binding globulin levels in both the diet and diet-exercise groups, free testosterone index and the changes in free testosterone index were not significant compared to baseline. Regardless of changes in hormonal levels, patients in the diet, exercise, and diet-exercise groups experienced significant improvements in the modified PPT from baseline. Weight loss from lifestyle intervention resulted in significant decreases in total and free estradiol levels in frail, obese older men, but this did not result in a clinically important increase in total testosterone nor a significant increase in free testosterone. Thus, alternative forms of treatment in addition to lifestyle intervention may be necessary to improve the hormonal profile among these patients. Nevertheless, whether further improvement in hormonal profile would result in better physical performance than what can be achieved by lifestyle alone in these subjects remains uncertain.",PubMed,https://pubmed.ncbi.nlm.nih.gov/26892583/,doi:10.1007/s12603-016-0698-x,include_title_abs,Potential eligible RCT at title/abstract stage,B_secondary_fulltext,"Frailty RCT candidate, setting or delivery less directly Indian-primary-care relevant"
17420614,PMC7058457,10.2188/jea.17.61,Differential effects of power rehabilitation on physical performance and higher-level functional capacity among community-dwelling older adults with a slight degree of frailty.,Ota A; Yasuda N; Horikawa S; Fujimura T; Ohara H,2007,Journal of epidemiology,"Evidence is still insufficient regarding the effects of Power Rehabilitation (PR) on physical performance and higher-level functional capacity of community-dwelling frail elderly people. This nonrandomized controlled interventional trial consisted of 46 community-dwelling elderly individuals with light levels of long-term care needs. They were allocated to the intervention (I-group, n = 24) and control (C-group, n = 22) groups. Of them, 32 persons (17 in the I-group; 15 in the C-group) (median age, 77 years; sex, 28% male) completed the study. The I-group subjects underwent PR twice a week for 12 weeks. The outcomes were physical performance (muscle strength, balance, flexibility, and mobility) and higher-level functional capacity as evaluated by the Tokyo Metropolitan Institute of Gerontology Index of Competence (TMIG-IC) and the level of long-term care need as certified by the public long-term care insurance. The I-group demonstrated a significant improvement in the measured value of the timed up-and-go test (median change, a decrease of 4.4 seconds versus a decrease of 0.2 seconds, p = 0.033) and the timed 10-meter walk (a decrease of 3.0 seconds versus an increase of 0.2 seconds, p = 0.007) in comparison with the C-group. No significant change was observed in the TMIG-IC scores or in the level of long-term care need in the I-group. PR improved mobility of community-dwelling frail elderly people; however, such improvement did not translate into higher-level functional capacity. Our findings demonstrate the difficulty in transferring the positive effects associated with PR into an improvement in higher-level functional capacity.",PubMed,https://pubmed.ncbi.nlm.nih.gov/17420614/,doi:10.2188/jea.17.61,include_title_abs,Potential eligible RCT at title/abstract stage,B_secondary_fulltext,"Frailty RCT candidate, setting or delivery less directly Indian-primary-care relevant"
40245915,,10.1016/S2213-2600(25)00048-7,"Efficacy, safety, and immunogenicity of the AS01",Ison MG; Papi A; Athan E; Feldman RG; Langley JM; Lee DG; Leroux-Roels I; Martinon-Torres F; Schwarz TF; van Zyl-Smit RN,2025,The Lancet. Respiratory medicine,"Duration of protection after respiratory syncytial virus (RSV) vaccination is unknown. This study aimed to evaluate efficacy and safety over three RSV seasons of the AS01E-adjuvanted RSV prefusion F protein-based vaccine (RSVPreF3 OA) against RSV-related lower respiratory tract disease (RSV-LRTD) in older adults. In this randomised, observer-blind, placebo-controlled, phase 3 trial (AReSVi-006), participants aged 60 years or older in 275 centres (ie, GP practices and clinical research sites) across 17 countries in Africa, Asia, Oceania, Europe, and North America were randomly assigned (1:1) to receive RSVPreF3 OA or placebo before RSV season one. RSVPreF3 OA recipients were re-randomly assigned (1:1) before RSV season two to receive a second RSVPreF3 OA dose (RSV revaccination group) or placebo (RSV single-dose group). Recipients of placebo before RSV season one also received placebo before season two (placebo group). The primary objective (efficacy against first occurrence of RSV-LRTD over one RSV season) was reported previously. Confirmatory secondary objectives were to demonstrate efficacy over three RSV seasons of a single RSVPreF3 OA dose and of a first dose followed by revaccination 1 year later, against RSV-LRTD, overall and by RSV subtype (success criteria: lower limits of two-sided CIs around efficacy estimates >20% [RSV-LRTD] and >0% [RSV-LRTD by RSV subtype]). This study is registered with ClinicalTrials.gov, NCT04886596, and is complete. Participants were enrolled between May 25, 2021, and Jan 31, 2022. Efficacy analyses included 12 468 RSVPreF3 OA recipients and 12 498 placebo recipients. Cumulative efficacy over three seasons of one RSVPreF3 OA dose was 62·9% (97·5% CI 46·7-74·8) against RSV-LRTD, 69·8% (42·2-85·7) against RSV A-related LRTD, and 58·6% (35·9-74·1) against RSV B-related LRTD (median follow-up from day 15 post-dose one 30·6 months [IQR 26·2-32·0]). Efficacy was observed over three seasons among participants aged 60-69 years, participants aged 70-79 years, pre-frail participants (ie, those with a walking speed of 0·4-0·99 m/s in a gait speed test), and participants with pre-existing conditions that increase the RSV-LRTD risk. Efficacy against RSV-LRTD decreased over time. A first RSVPreF3 OA dose followed by revaccination 1 year later had an efficacy that was within the same range as that of one dose. RSVPreF3 OA showed a clinically acceptable safety profile. Between dose one and trial end, eight (<1%) participants in the RSV single-dose group, 12 (<1%) in the RSV revaccination group, and 12 (<1%) in the placebo group had a serious adverse event considered to be related to the trial intervention by the investigator. Five deaths were assessed as related to the trial intervention by the investigator: three in the vaccine groups (cardiopulmonary failure, cardiac arrest, and left ventricular failure) and two in the placebo group (death of unknown cause and pulmonary embolism). A single RSVPreF3 OA dose was efficacious against RSV-LRTD over three RSV seasons in people aged 60 years or older, despite a decrease in efficacy over time. Further research is needed to establish the optimal revaccination strategy. These results support the favourable benefit-risk profile of RSVPreF3 OA to help protect against RSV-LRTD for at least three RSV seasons. GSK.",PubMed,https://pubmed.ncbi.nlm.nih.gov/40245915/,doi:10.1016/s2213-2600(25)00048-7,include_title_abs,Potential eligible RCT at title/abstract stage,B_secondary_fulltext,"Frailty RCT candidate, setting or delivery less directly Indian-primary-care relevant"
27072928,,10.1111/jir.12267,A structured physical activity and fitness programme for older adults with intellectual disabilities: results of a cluster-randomised clinical trial.,van Schijndel-Speet M; Evenhuis HM; van Wijck R; van Montfort KC; Echteld MA,2017,Journal of intellectual disability research : JIDR,"The physical activity level of older adults with intellectual disabilities (ID) is extremely low, and their fitness levels are far beneath accepted norms for older people with normal intelligence and comparable with frail older people. A physical activity programme, including an education programme, was developed for older adults with ID using behaviour change techniques. The programme aimed at improving or maintaining adequate levels of physical activity (primary outcome measure) and motor fitness, cardio respiratory fitness, morphologic and metabolic fitness, activities of daily living, cognitive functioning and depressive symptoms (secondary outcome measures). The programme's efficacy was evaluated in a cluster-randomised clinical trial among people aged 43 years and over with mild-moderate levels of ID. Five day-activity centres were randomised to the participation group. In these centres, 81 older adults participated in groups of 8 to 10 in the programme, three times a week during 8 months. The programme was executed by physical activity instructors and staff of day-activity centres. Five other day-activity centres were randomised to the control group; 70 older adults in these centres received care as usual. The generalised linear model with mixed effects was used to test the programme's effectiveness. Significant effects were found on physical activity, muscle strength, systolic and diastolic blood pressure, serum cholesterol level and cognitive functioning, in favour of the programme's participants. No significant improvements were found on balance, serum glucose, weight, waist circumference, walking speed, mobility, depression or instrumental activities of daily living. The physical activity and fitness programme has established small but significant effects in this sample, but generalising the findings to other settings is difficult due to significant participant dropout. Implementation of evidence-based physical activity programmes among older adults with ID is recommended. Further research is needed to investigate the effectiveness of physical activity on daily life functioning and the development on chronic diseases in the long run.",PubMed,https://pubmed.ncbi.nlm.nih.gov/27072928/,doi:10.1111/jir.12267,include_title_abs,Potential eligible RCT at title/abstract stage,B_secondary_fulltext,"Frailty RCT candidate, setting or delivery less directly Indian-primary-care relevant"
30249038,PMC6213380,10.3390/nu10101363,Association between the Dietary Inflammatory Index and Risk of Frailty in Older Individuals with Poor Nutritional Status.,Kim D; Park Y,2018,Nutrients,"Both inflammation and poor nutritional status are major risk factors of frailty, and the dietary inflammatory index (DII) has been suggested as being associated with the risk of frailty. The present study aimed to investigate whether DII scores were positively associated with the risk of frailty in older individuals, particularly those with poor nutritional status. In total, 321 community-dwelling older individuals aged 70⁻85 years were recruited and categorized as non-frail, pre-frail, and frail according to the Cardiovascular Health Study index. DII scores were calculated based on 24-h dietary recall, and nutritional status was assessed using the Mini Nutritional Assessment. Multinomial logistic regression analysis showed that DII scores were positively associated with the risk of frailty in older individuals (odds ratio, OR 1.64, 95% confidence interval, 95% CI 1.25⁻2.17), particularly those with poor nutritional status (OR 1.68, 95% CI 1.21⁻2.34). Among the frailty criteria, weight loss (OR 1.29, 95% CI 1.03⁻1.60), low walking speed (OR 1.33, 95% CI 1.10⁻1.61), and low grip strength (OR 1.34, 95% CI 1.13⁻1.60) were associated with DII scores. In addition, the optimal DII cut-off score for frailty was ≥0.93 (sensitivity 71%; specificity: 72%; area under the receiver operating characteristic curve, AUC = 0.792). The present study showed that a pro-inflammatory diet was associated with increased risk of frailty, particularly in older individuals with poor nutritional status. Future randomized controlled trials with a low DII diet for the prevention of frailty are needed to confirm our finding.",PubMed,https://pubmed.ncbi.nlm.nih.gov/30249038/,doi:10.3390/nu10101363,include_title_abs,Potential eligible RCT at title/abstract stage,B_secondary_fulltext,"Frailty RCT candidate, setting or delivery less directly Indian-primary-care relevant"
40665097,PMC12972469,10.1007/s11357-025-01770-y,One-year concurrent training improves physical performance and handgrip strength in nursing home residents.,Barros D; Johansson J; Wilsgaard T; Magalhães J; Carvalho J; Marques EA,2026,GeroScience,"This parallel two-arm pragmatic controlled trial aimed to examine the effectiveness of a 12-month exercise intervention on physical performance, handgrip strength, independence in basic activities of daily living (BADL), and falls in real-world settings. Ninety-five older residents of nursing homes (mean age 81.9 ± 8.0 years) were allocated to either an exercise (n = 43) or usual care only (n = 52) group. The 12-month exercise training consisted of resistance and aerobic exercises (2 days/week), while the usual care consisted of everyday routine and standard care. The primary endpoint was the change in physical performance measured by the short physical performance battery (SPPB, score range 0-12). The secondary endpoints were changes in handgrip strength, independence in BADL measured by the Barthel index (BI), and the rate of falls. The exercise intervention significantly provided benefits over usual care on SPPB score by 2.59 points (95% CI: 1.75, 3.43) and handgrip strength by 1.85 kgf (95% CI: 0.56, 3.14). No significant between-group differences were observed for the BI or the rate of falls. However, within-group analysis revealed a significant decline in the BI score (- 11.8) and an increase in the rate of falls (+ 31.5 falls per 100 person-years) in the usual care group. Long-term concurrent exercise programme significantly improved physical performance and handgrip strength, but not independence in BADL and rate of falls in mostly frail nursing home residents. These findings support the integration of exercise physiologists and exercise programmes into standard care practices in nursing homes to help preserve physical function among residents.",PubMed,https://pubmed.ncbi.nlm.nih.gov/40665097/,doi:10.1007/s11357-025-01770-y,include_title_abs,Potential eligible RCT at title/abstract stage,B_secondary_fulltext,"Frailty RCT candidate, setting or delivery less directly Indian-primary-care relevant"
37542234,PMC10403822,10.1186/s12877-023-04169-6,Exercise snacking to improve physical function in pre-frail older adult memory clinic patients: a 28-day pilot study.,Western MJ; Welsh T; Keen K; Bishop V; Perkin OJ,2023,BMC geriatrics,"Finding innovative yet feasible ways of preventing physical and cognitive decline in those at risk is a critical global challenge, with exercise being championed as a key precursor to robust health in later life. Exercise snacking, here defined as short bouts of sporadic [muscle-strengthening] exercise, is one such strategy designed to overcome typical participation barriers observed in older adults. This study examined the acceptability of exercise snacking amongst pre-frail older adults and explored the efficacy of this approach in improving physical function. In this single group design, 21 pre-frail outpatients with mild-cognitive impairment were recruited from a UK memory clinic. To be eligible, participants were aged ≥ 65-years who scored 3-8 (inclusive) on the short physical performance battery (SPPB) and were not regularly engaging in sport or exercise. Participants completed a 28-day, twice daily, exercise snacking intervention, consisting of five muscle-strengthening exercises, with the aim being to complete as many repetitions as possible of each exercise in a minute. Acceptability of the intervention was measured quantitatively and qualitatively using a survey and topic guide informed by the Theoretical Framework of Acceptability. Pre- and post-intervention physical function was measured using the SPPB, timed up-and-go (TUG), and 60s standing balance and sit-to-stand tests. Eighteen participants provided follow-up data and showed 85% adherence to the exercise snacking intervention, measured as the proportion of all sessions completed out of a possible 56. Participants rated the intervention as highly acceptable (4.6/5) suggesting it supported their self-efficacy (4.3/5) was enjoyable (4.1/5) and had a low burden (2.1/5). Qualitative findings suggested the ease of use, flexibility of the programme, and perceived effectiveness was important, and particularly useful for non-exercisers. Changes in SPPB score (8(1) vs. 9(3), p < 0.01), TUG (11.32(4.02) vs. 9.18(5.25) seconds, p < 0.01) and in the 60-second sit-to-stand test (17 ± 5 vs. 23 ± 7 repetitions, p < 0.01) were seen between baseline and follow-up. Exercise snacking is an acceptable and potentially efficacious format of exercise for pre-frail memory clinic attendees who are at heightened risk of falling and frailty. Large scale randomised controlled trials are required to confirm whether exercise snacking is effective in the short and long term. NCT05439252 (30/06/2022).",PubMed,https://pubmed.ncbi.nlm.nih.gov/37542234/,doi:10.1186/s12877-023-04169-6,include_title_abs,Potential eligible RCT at title/abstract stage,B_secondary_fulltext,"Frailty RCT candidate, setting or delivery less directly Indian-primary-care relevant"
41155799,PMC12566401,10.3390/medicina61101812,The Impact of Additional Exercise Interventions on Physical Performance and Muscle Strength of Frail Patients After Open-Heart Surgery: A Randomized Trial.,Stonkuvienė V; Kubilius R; Lendraitienė E,2025,"Medicina (Kaunas, Lithuania)","Background and Objectives: Frail patients after open-heart surgery often experience worse treatment outcomes in improving physical performance and muscle strength. As the functional recovery of frail patients after open-heart surgery is slower, conventional rehabilitation is frequently insufficient to achieve treatment goals. Therefore, the inclusion of additional exercise interventions in cardiac rehabilitation is becoming more relevant. The aim of this study was to assess and compare the effectiveness of additional exercise interventions-multicomponent and computer-based programs-applied along with conventional cardiac rehabilitation in improving the functional capacity and strength of frail patients after open-heart surgery. Materials and Methods: The population of this single-center, three-arm, parallel-group, randomized controlled trial comprised 153 frail patients aged more than 65 years who underwent open-heart surgery. All patients were randomized into three groups: control (CG, n = 51), intervention 1 (IG-1, n = 51), and intervention 2 (IG-2, n = 51). All groups received conventional rehabilitation program six times/week, while the IG-1 additionally received the multicomponent dynamic training program 3 times/week, and the IG-2, the combined computer-based program 3 times/week. The primary outcome measure was change in the Short Physical Performance Battery (SPPB) score. Secondary outcome measures included the 6 min walk distance (6MWD), peak workload, grip strength, and leg press. Primary and secondary outcome measures were assessed before and after cardiac rehabilitation. Results: A total of 138 patients completed rehabilitation (46 in each group), and their data were included in the main analysis that followed a per-protocol approach. Although significant differences in the primary outcome-the SPPB score-were found in each group while performing within-group comparisons (p < 0.001), no significant pre-to-post rehabilitation differences were observed compared to all three groups (p = 0.939), and the effect sizes were small. Regarding secondary outcome measures, within-group comparison revealed significant differences in all parameters of all groups (p < 0.05), except for the grip strength of both hands in the IG-1. Between-group comparisons showed that the pre-to-post 6MWD difference between the CG and the IG-1 was significant (p = 0.014), but the effect size was small (ES = 0.240). Moreover, significant pre-and-post leg press 1RM differences (p < 0.001) were found between the CG and the IG-1 as well as between the CG and the IG-2 with the effect sizes being moderate (ES = 0.480) and large (ES = 0.613), respectively. Conclusions: Within-group comparison showed that all three rehabilitation programs are effective in improving almost all parameters of physical performance and muscle strength in frail patients after open-heart surgery. However, between-group comparisons indicated that computer-based interventions were more effective in improving leg press 1RM with a large effect size, while multicomponent training resulted in more effective gains in the 6MWD, although with a small effect size. These findings suggest that in clinical practice, computer-based exercise programs may be more suitable for patients with muscle weakness, while multicomponent exercise programs may be for those with reduced endurance.",PubMed,https://pubmed.ncbi.nlm.nih.gov/41155799/,doi:10.3390/medicina61101812,include_title_abs,Potential eligible RCT at title/abstract stage,B_secondary_fulltext,"Frailty RCT candidate, setting or delivery less directly Indian-primary-care relevant"
28734043,PMC5642998,10.1111/jgs.14965,"ENabling Reduction of Low-grade Inflammation in SEniors Pilot Study: Concept, Rationale, and Design.",Manini TM; Anton SD; Beavers DP; Cauley JA; Espeland MA; Fielding RA; Kritchevsky SB; Leeuwenburgh C; Lewis KH; Liu C,2017,Journal of the American Geriatrics Society,"To test two interventions to reduce interleukin (IL)-6 levels, an indicator of low-grade chronic inflammation and an independent risk factor for impaired mobility and slow walking speed in older adults. The ENabling Reduction of low-Grade Inflammation in SEniors (ENRGISE) Pilot Study was a multicenter, double-blind, placebo-controlled randomized pilot trial of two interventions to reduce IL-6 levels. Five university-based research centers. Target enrollment was 300 men and women aged 70 and older with an average plasma IL-6 level between 2.5 and 30 pg/mL measured twice at least 1 week apart. Participants had low to moderate physical function, defined as self-reported difficulty walking one-quarter of a mile or climbing a flight of stairs and usual walk speed of less than 1 m/s on a 4-m usual-pace walk. Participants were randomized to losartan, omega-3 fish oil (ω-3), combined losartan and ω-3, or placebo. Randomization was stratified depending on eligibility for each group. A titration schedule was implemented to reach a dose that was safe and effective for IL-6 reduction. Maximal doses were 100 mg/d for losartan and 2.8 g/d for ω-3. IL-6, walking speed over 400 m, physical function (Short Physical Performance Battery), other inflammatory markers, safety, tolerability, frailty domains, and maximal leg strength were measured. Results from the ENRGISE Pilot Study will provide recruitment yields, feasibility, medication tolerance and adherence, and preliminary data to help justify a sample size for a more definitive randomized trial. The ENRGISE Pilot Study will inform a larger subsequent trial that is expected to have important clinical and public health implications for the growing population of older adults with low-grade chronic inflammation and mobility limitations.",PubMed,https://pubmed.ncbi.nlm.nih.gov/28734043/,doi:10.1111/jgs.14965,include_title_abs,Potential eligible RCT at title/abstract stage,B_secondary_fulltext,"Frailty RCT candidate, setting or delivery less directly Indian-primary-care relevant"
28505291,PMC5861980,10.1093/gerona/glx080,"Comparison of the Simplified sWHI and the Standard CHS Frailty Phenotypes for Prediction of Mortality, Incident Falls, and Hip Fractures in Older Women.",Zaslavsky O; Zelber-Sagi S; LaCroix AZ; Brunner RL; Wallace RB; Cochrane BB; Woods NF,2017,"The journals of gerontology. Series A, Biological sciences and medical sciences","We compared the simplified Women's Health Initiative (sWHI) and the standard Cardiovascular Health Study (CHS) frailty phenotypes in predicting falls, hip fracture, and death in older women. Participants are from the WHI Clinical Trial. CHS frailty criteria included weight loss, exhaustion, weakness, slowness, and low physical activity. The sWHI frailty score used two items from the RAND-36 physical function and vitality subscales, one item from the WHI physical activity scale plus the CHS weight loss criteria. Specifically, level of physical function was the capacity to walk one block and scored as severe (2-points), moderate (1-point), or no limitation (0). Vitality was based on feeling tired most or all of the time (1-point) versus less often (0). Low physical activity was walking outside less than twice a week (1-point) versus more often (0). A total score of 3 resulted in a frailty classification, a score of 1 or 2 defined pre-frailty, and 0 indicated nonfrailty. Outcomes were modeled using Cox regression and Harrell C-statistics were used for comparisons. Approximately 5% of the participants were frail based on the CHS or sWHI phenotype. The sWHI frailty phenotype was associated with higher rates of mortality (hazard ratio [HR] = 2.36, p ≤ .001) and falls (HR = 1.45, p = .005). Comparable HRs in CHS-phenotype were 1.97 (p < .001) and 1.36 (p = .03), respectively. Neither phenotype predicted hip fracture. Harrell C-statistics revealed nonsignificant differences in HRs between the CHS and sWHI frailty phenotypes. The sWHI phenotype, which is self-reported and brief, might be practical in settings with limited resources.",PubMed,https://pubmed.ncbi.nlm.nih.gov/28505291/,doi:10.1093/gerona/glx080,include_title_abs,Potential eligible RCT at title/abstract stage,B_secondary_fulltext,"Frailty RCT candidate, setting or delivery less directly Indian-primary-care relevant"
30851950,PMC10279480,10.1016/j.clinthera.2019.01.006,Review of Interventions for the Frailty Syndrome and the Role of Metformin as a Potential Pharmacologic Agent for Frailty Prevention.,Espinoza SE; Jiwani R; Wang J; Wang CP,2019,Clinical therapeutics,"Frailty is a syndrome of vulnerability and physical decline with aging that increases risk for disability, hospitalizations, and death. To date, interventions for frailty have primarily focused on exercise and/or nutritional interventions, many of which show improvement in frailty-related characteristics, such as gait speed and lower extremity strength and function. The goal of this article was to review prior research studies investigating interventions for frailty and review the literature with regard to the role of insulin resistance and inflammation in the development of frailty. Also included is a discussion of potential therapeutic interventions for frailty. A literature search was conducted by using PubMed and the search terms frailty, interventions, and older adults. This review focused on larger studies (N ≥ 100 participants) that examined the effect of specific interventions on frailty as a primary outcome or on measures that are closely related to frailty, such as gait speed, muscle strength, and/or sarcopenia. The results of prior studies of exercise interventions for the frailty syndrome as the primary outcome are mixed, with some but not all showing benefit. However, many exercise interventions have demonstrated improvement in components of frailty, such as strength, gait speed, and physical activity. The evidence shows that regular physical activity is beneficial for frail older adults or those at high risk of frailty and that the adverse effects related to exercise are minimal compared with the potential gains. However, questions remain as to the optimal type and duration of exercise and whether results of clinical trials are easily and feasibly implemented in a clinical setting in individuals whose motivation for exercise may be low. There is now increasing interest in pharmacologic agents that could potentially be useful in the prevention or treatment of frailty, in part based on advances in basic biology of aging research demonstrating that pharmacological agents extend lifespan in rodents. Several studies now show that obesity, insulin resistance, inflammation, and diabetes are associated with and predict frailty. Because metformin targets insulin resistance and inflammation, it is a plausible pharmacologic agent to prevent frailty. A clinical trial is underway to examine metformin's usefulness in frailty prevention. Although the benefits of exercise are known, adherence to these regimens may be difficult for individual older adults due to lack of motivation, access, or limitations due to chronic medical conditions. Studies are currently underway to examine novel agents for the prevention of frailty in older adults.",PubMed,https://pubmed.ncbi.nlm.nih.gov/30851950/,doi:10.1016/j.clinthera.2019.01.006,include_title_abs,Potential eligible RCT at title/abstract stage,B_secondary_fulltext,"Frailty RCT candidate, setting or delivery less directly Indian-primary-care relevant"
17965045,,10.1093/ageing/afm135,Does functionally based activity make a difference to health status and mobility? A randomised controlled trial in residential care facilities (The Promoting Independent Living Study; PILS).,Peri K; Kerse N; Robinson E; Parsons M; Parsons J; Latham N,2008,Age and ageing,"to determine whether a repetitive activities of daily living (ADL) activity programme improves health status, life satisfaction and mobility for older people living in residential care. cluster randomised controlled trial. five low-level dependency residential care homes in Auckland, New Zealand. one hundred and forty-nine older residents (mean age 84.7 years). trained research staff worked with residents in intervention wards to set a goal and complete a functional assessment for each resident. They then designed an individualised activity programme based on ADL and worked with residential care home staff to implement the programme into daily activities of residents. mobility: timed-up-and-go (TUG); life satisfaction: late life satisfaction index (LSI-Z); and health status: SF-36 were assessed at baseline, 3- and 6-months follow-up. in the intervention group the SF-36 total physical component summary (PCS) score improved at 3 months in comparison with the control group. There was no difference between groups on mobility measures at any time, nor any measures at 6-months follow-up. Significant contamination is likely to have affected the 6-month follow-up measures. a repetitive ADL exercise programme may improve health status in the short term in a group of frail older people living in residential care. Further research is needed to establish sustainability of change.",PubMed,https://pubmed.ncbi.nlm.nih.gov/17965045/,doi:10.1093/ageing/afm135,include_title_abs,Potential eligible RCT at title/abstract stage,B_secondary_fulltext,"Frailty RCT candidate, setting or delivery less directly Indian-primary-care relevant"
22889730,,10.1016/j.jamda.2012.07.005,"Protein supplementation improves physical performance in frail elderly people: a randomized, double-blind, placebo-controlled trial.",Tieland M; van de Rest O; Dirks ML; van der Zwaluw N; Mensink M; van Loon LJ; de Groot LC,2012,Journal of the American Medical Directors Association,"Protein supplementation has been proposed as an effective dietary strategy to increase skeletal muscle mass and improve physical performance in frail elderly people. Our objective was to assess the impact of 24 weeks of dietary protein supplementation on muscle mass, strength, and physical performance in frail elderly people. A total of 65 frail elderly subjects were included and randomly allocated to either daily protein or placebo supplementation (15 g protein at breakfast and lunch). Skeletal muscle mass (DXA), muscle fiber size (muscle biopsy), strength (1-RM), and physical performance (SPPB) were assessed at baseline, and after 12 and 24 weeks of dietary intervention. Skeletal muscle mass did not change in the protein- (from 45.8 ± 1.7 to 45.8 ± 1.7 kg) or placebo-supplemented group (from 46.7 ± 1.7 to 46.6 ± 1.7 kg) following 24 weeks of intervention (P > .05). In accordance, type I and II muscle fiber size did not change over time (P > .05). Muscle strength increased significantly in both groups (P < .01), with leg extension strength tending to increase to a greater extent in the protein (57 ± 5 to 68 ± 5 kg) compared with the placebo group (57 ± 5 to 63 ± 5 kg) (treatment × time interaction effect: P = .059). Physical performance improved significantly from 8.9 ± 0.6 to 10.0 ± 0.6 points in the protein group and did not change in the placebo group (from 7.8 ± 0.6 to 7.9 ± 0.6 points) (treatment × time interaction effect: P = .02). Dietary protein supplementation improves physical performance, but does not increase skeletal muscle mass in frail elderly people.",PubMed,https://pubmed.ncbi.nlm.nih.gov/22889730/,doi:10.1016/j.jamda.2012.07.005,include_title_abs,Potential eligible RCT at title/abstract stage,B_secondary_fulltext,"Frailty RCT candidate, setting or delivery less directly Indian-primary-care relevant"
39549282,PMC11775826,10.1093/gerona/glae279,Associations Between Deficit Accumulation Frailty and Baseline Markers of Lifestyle in the U.S. POINTER Trial.,Espeland MA; Demesie YN; Olson K; Lockhart SN; Farias SET; Cleveland ML; Tangney CC; Crivelli L; Snyder HM; York MK,2025,"The journals of gerontology. Series A, Biological sciences and medical sciences","Multidomain lifestyle interventions may have the potential to slow biological aging as captured by deficit accumulation frailty indices. We describe the distribution and composition of the 49-component frailty index developed by the U.S. POINTER clinical trial team of investigators and assess its cross-sectional associations with sociodemographic factors and markers chosen to be representative of behaviors targeted by the trial's multidomain interventions. We draw baseline data from the 2 111 volunteers enrolled in U.S. POINTER who were ages 60-79 years and at increased risk for cognitive decline. Frailty components were grouped into 9 domains. Associations that frailty index scores and their domains had with behavioral markers were described with correlations and canonical correlation. The 25th, 50th, and 75th percentiles of the frailty index score distribution were 0.153, 0.189, and 0.235. Higher frailty scores tended to occur among individuals who were older, male, and living in areas of greater deprivation (all p < .001). They were also associated with poorer self-reported diet, less physical activity, and higher Framingham risk scores (all p < .001). Associations were diffusely distributed among the frailty component domains, indicating that no individual domain was dominating associations. The U.S. POINTER deficit accumulation frailty index had expected relationships with sociodemographic factors and sensitivity to the behaviors targeted by the trial's interventions. Our analysis supports its use as a secondary outcome to assess whether the multidomain interventions differentially impact an established marker of biological aging. ClinicalTrials.gov Identifier: NCT03688126.",PubMed,https://pubmed.ncbi.nlm.nih.gov/39549282/,doi:10.1093/gerona/glae279,include_title_abs,Potential eligible RCT at title/abstract stage,B_secondary_fulltext,"Frailty RCT candidate, setting or delivery less directly Indian-primary-care relevant"
18007119,,10.1007/BF03324721,"The effect of structured strength and balance training on cognitive function in frail, cognitive impaired elderly long-term care residents.",Dorner T; Kranz A; Zettl-Wiedner K; Ludwig C; Rieder A; Gisinger C,2007,Aging clinical and experimental research,"The aim of the study was to assess the effect of structured strength and balance training on cognitive function in frail, geriatric, long-term care facility residents, aged 75 years or older, and additionally to evaluate the influence of training on various functional, physical and psychological parameters. Participants were randomly assigned to a training group or a control group. Physical training was performed three times a week for ten weeks in the training group. Muscle function was assessed by manual examination on a scale of 0-5. Cognitive function was tested with the Mini Mental State Examination (MMSE). In addition, scores for activities of daily living, mobility and depression were assessed. 30 subjects with a mean age of 86.8 years completed the study. After 10 weeks of intervention in the training group, muscle strength increased from a mean of 3.75 to 4.44 points (p<0.001) and the mean MMSE score increased from 20.9 to 23.9 points (p=0.023). In the training group, the change in the MMSE score correlated significantly with change in muscle function, with a Pearson correlation coefficient of 0.750 (p=0.002). An increase in mean BMI from 23.8 to 25.0 kg/m2 (p=0.013) was also found in the training group, but no significant changes in scores for activities of daily living, mobility or depression. Compared with the control group, the change in the mean scores over the ten-week training period was significantly higher for the trained group with regard to muscle scores, BMI and lean body mass, but not for MMSE scores. Our findings reinforce the recommendation that structured strength and balance training should be implemented in long-term care facilities. Besides the well-known benefits of physical training, our findings showed that an improvement in cognitive function may also be possible.",PubMed,https://pubmed.ncbi.nlm.nih.gov/18007119/,doi:10.1007/bf03324721,include_title_abs,Potential eligible RCT at title/abstract stage,B_secondary_fulltext,"Frailty RCT candidate, setting or delivery less directly Indian-primary-care relevant"
20863330,,10.1111/j.1532-5415.2010.03019.x,Dehydroepiandrosterone combined with exercise improves muscle strength and physical function in frail older women.,Kenny AM; Boxer RS; Kleppinger A; Brindisi J; Feinn R; Burleson JA,2010,Journal of the American Geriatrics Society,"To investigate the effects of dehydroepiandrosterone (DHEA) combined with exercise on bone mass, strength, and physical function in older, frail women. Double-blind, randomized, placebo-controlled trial. A major medical institution. Ninety-nine women (mean age 76.6 ± 6.0) with low sulfated DHEA (DHEAS) levels, low bone mass, and frailty. Participants received 50 mg/d DHEA or placebo for 6 months; all received calcium and cholecalciferol. Women participated in 90-minute twice-weekly exercise regimens. Hormone levels, bone mineral density (BMD), bone turnover markers, body composition, upper and lower extremity strength, physical performance. Eighty-seven women (88%) completed 6 months. There were no significant changes in BMD or bone turnover markers. DHEA supplementation resulted in gains in lower extremity strength (from 459 ± 121 N to 484 ± 147 N; P=.01). There was also improvement in Short Physical Performance Battery score, a composite score that focuses on lower extremity function, in those taking DHEA (from 10.1 ± 1.8 to 10.7 ± 1.9; P=.02). There were significant changes in all hormone levels, including DHEAS, estradiol, estrone, and testosterone, and a decline in sex hormone-binding globulin levels in those taking DHEA. DHEA supplementation improved lower extremity strength and function in older, frail women involved in a gentle exercise program of chair aerobics or yoga. No changes were found in BMD either due to small sample size, short duration of study or no effect. The physical function findings are promising and require further evaluation as frail women are at high risk for falls and fracture.",PubMed,https://pubmed.ncbi.nlm.nih.gov/20863330/,doi:10.1111/j.1532-5415.2010.03019.x,include_title_abs,Potential eligible RCT at title/abstract stage,B_secondary_fulltext,"Frailty RCT candidate, setting or delivery less directly Indian-primary-care relevant"
26514145,,10.1007/s00391-015-0966-0,Fitness training for the old and frail. Effectiveness and impact on daily life coping and self-care abilities.,Schreier MM; Bauer U; Osterbrink J; Niebauer J; Iglseder B; Reiss J,2016,Zeitschrift fur Gerontologie und Geriatrie,"Limitations of functionality and mobility due to age-related decrease in muscle strength, balance and physical endurance are closely related to weakness, risk of falls, malnutrition as well as an increase in morbidity and mortality. In a pilot study we developed and evaluated an 8-week equipment-based progressive resistance training program for geriatric day hospital patients (> 65 years) to improve strength, endurance and coordination. Of the 38 patients who entered the study, 20 were randomly assigned to the intervention group (ALFIT training) and 18 to the control group who only participated in the routine program of the day hospital. Motivation, experiences during training and the subjective impact on coping with daily life were examined with qualitative interviews. Muscular strength, endurance, coordination and balance improved during the implementation of the ALFIT training program. The most pronounced effects were seen for the leg pressing with an average increase of 27.8 ± 16 kg (mean ± SD) in terms of 1 repetition maximum and an increase of 12.6 ± 23.7 (mean ± SD) in terms of muscular endurance (number of repetitions). Positive effects were also evident for mobility and nutritional status. The results of the interviews suggest that the ALFIT training leads to noticeably better physical function and confidence and can have a positive impact on coping in daily life and self-care abilities. The results show that ALFIT training was appropriate for the needs of geriatric patients and demonstrated beneficial effects on muscular strength, functionality and mobility. The results of the interviews suggest that even frail old people can be motivated to engage in sports.",PubMed,https://pubmed.ncbi.nlm.nih.gov/26514145/,doi:10.1007/s00391-015-0966-0,include_title_abs,Potential eligible RCT at title/abstract stage,B_secondary_fulltext,"Frailty RCT candidate, setting or delivery less directly Indian-primary-care relevant"
10632305,,10.1001/archinte.160.1.53,Effects of angiotensin-converting enzyme inhibitors and digoxin on health outcomes of very old patients with heart failure. SAGE Study Group. Systematic Assessment of Geriatric drug use via Epidemiology.,Gambassi G; Lapane KL; Sgadari A; Carbonin P; Gatsonis C; Lipsitz LA; Mor V; Bernabei R,2000,Archives of internal medicine,"Randomized trials have shown that angiotensin-converting enzyme (ACE) inhibitors reduce mortality and morbidity, and improve symptoms and exercise tolerance in selected patients with congestive heart failure (CHF). There is, however, no evidence on the effectiveness of ACE inhibitors in the typical, very old and frail patients with CHF. To compare the effects of ACE inhibitors and digoxin on 1-year mortality, morbidity, and physical function among patients aged 85 years. We conducted a retrospective cohort study using the SAGE database, a long-term care database linking patient information with drug utilization data. Among 64637 patients with CHF admitted to all nursing homes in 5 states between 1992 and 1995, we identified 19492 patients taking either an ACE inhibitor (n = 4911) or digoxin (n = 14890). Record of date of death was derived from Medicare enrollment files, and we used the part A Medicare files to identify hospital admissions and discharge diagnoses. As a measure of physical function, we used a scale for activities of daily living performance. The effect of ACE inhibitors was estimated using Cox proportional hazards models with digoxin users as the reference group. The overall mortality rate among ACE inhibitor recipients was more than 10% less than that of digoxin users (relative rate, 0.89; 95% confidence interval, 0.83-0.95). Mortality was equally reduced regardless of concomitant cardiovascular conditions and baseline physical function. Treatment with ACE inhibitors was associated with a tendency toward reduced hospital admissions that was more evident among patients with greater functional impairment. The adjusted relative rate for hospitalization for any reason was 0.96 (95% confidence interval, 0.91-1.01). The rate of functional decline was greatly reduced among ACE inhibitor recipients (relative rate, 0.74; 95% confidence interval, 0.69-0.80), and this effect was consistent and independent of background comorbidity and baseline physical function. These data suggest that survival and functional benefits of ACE inhibitor therapy extend to patients with CHF 85 years and older, and mostly women, both systematically underrepresented in randomized trials. Alternatively, digoxin has a detrimental effect in this population.",PubMed,https://pubmed.ncbi.nlm.nih.gov/10632305/,doi:10.1001/archinte.160.1.53,include_title_abs,Potential eligible RCT at title/abstract stage,B_secondary_fulltext,"Frailty RCT candidate, setting or delivery less directly Indian-primary-care relevant"
41716487,PMC12914099,10.3389/fendo.2025.1719749,Testosterone plus lifestyle therapy improves skeletal muscle glycolysis in older men with obesity and hypogonadism.,Viola V; Aguilar M; Nava MLD; Celli A; Armamento-Villareal R; Barnouin Y; Napoli N; Putluri N; Qualls C; Villareal DT,2025,Frontiers in endocrinology,"Weight loss in older men with obesity and hypogonadism accelerates musculoskeletal decline, yet the underlying metabolic mechanisms remain unclear. Testosterone replacement therapy (TRT), when added to lifestyle therapy (LT), mitigates this decline, but its metabolic basis has not been defined. We examined skeletal muscle metabolomic adaptations to LT with or without TRT, focusing on glycolysis, the pentose phosphate pathway (PPP), the tricarboxylic acid (TCA) cycle, and carnitine metabolism to identify dominant pathways of metabolic adaptation. Randomized, double-blind, placebo-controlled trial (LITROS). Eighty-three men aged 65 years or older with obesity (BMI ≥30 kg/m2), hypogonadism (testosterone <10.4 nmol/L), and frailty (Physical Performance Test score ≤31) were randomized to 26 weeks of LT plus TRT (LT+TRT) or LT plus placebo (LT+Pbo). A metabolomic substudy was performed in 44 participants, who underwent serial biopsies of the vastus lateralis for targeted LC-MS/MS analysis of intermediates in glycolysis, PPP, TCA cycle, and carnitine metabolism. Among the pathways examined, only glycolysis showed a consistent and significant response to LT+TRT versus LT+Pbo (between-group p = 0.005). This response was characterized by increases in preparatory (G6P/F6P, FBP) and payoff (3PG, 2PG, PEP) intermediates, along with higher lactate concentrations, whereas pyruvate remained stable. The PPP showed limited changes, and neither the TCA cycle nor carnitine metabolites exhibited consistent patterns. In LT+TRT, the glycolysis factor score was positively correlated with VO2peak (r=0.47, p = 0.04) and inversely correlated with triglycerides (r=-0.52, P = 0.01) and the metabolic syndrome score (r=-0.48, p = 0.02). No significant correlations were observed in LT+Pbo. TRT during LT selectively enhances skeletal muscle glycolysis, identifying glycolic activation as the dominant metabolic adaptation in this mechanistic study. By increasing glycolytic flux under calorie restriction, TRT may produce efficient ATP generation while conserving amino acids, supporting muscle and bone preservation and improving aerobic and cardiometabolic function in older men with obesity and hypogonadism.",PubMed,https://pubmed.ncbi.nlm.nih.gov/41716487/,doi:10.3389/fendo.2025.1719749,include_title_abs,Potential eligible RCT at title/abstract stage,B_secondary_fulltext,"Frailty RCT candidate, setting or delivery less directly Indian-primary-care relevant"
38383482,PMC10880214,10.1186/s40814-024-01446-y,A 10-week intergenerational program bringing together community-living older adults and preschool children (INTERACTION): a pilot feasibility non-randomised clinical trial.,Lim ML; Zammit C; Lewis E; Ee N; Maiden G; Goldwater M; Kimonis E; Kenning G; Rockwood K; Fitzgerald A,2024,Pilot and feasibility studies,"Social isolation and low levels of physical activity are strong drivers for frailty, which is linked to poor health outcomes and transition to long-term care. Frailty is multifactorial, and thus an integrated approach is needed to maintain older adults' health and well-being. Intergenerational programs represent a novel multifactorial approach to target frailty, social isolation and physical decline but these have not yet been rigorously tested in Australia. Here, we present the results of our pilot study which aimed to test the feasibility of a 10-week intergenerational program between older adults and preschool children. A non-randomised wait-listed controlled trial was conducted. Participants were allocated to either the intervention or wait-list control group. The intervention group received 10 weekly 2-h intergenerational sessions led by trained child educators; the control group continued with their usual routine and received their intergenerational program after the 10-week control period. All participants were assessed at baseline and 10 weeks. The primary outcome was the feasibility and acceptability of the program including measures of recruitment eligibility, adherence and effective data collection across the multiple domains important for frailty, including functional mobility and balance, grip strength, cognitive function, mood, social engagement, quality of life and concerns about falling. Nineteen adults were included, with nine in the intervention and ten in the control group. A total of 42% of older adults screened were eligible, 75% of participants were present at each intervention session and the overall attrition rate was 21% (n = 4). The reasons for participant absence were primarily health-related. Missing data was minimal for the majority of assessments but more apparent for the cognitive testing where completion rates ranged from 53 to 79% for baseline tests and 73 to 100% for those who received follow-up testing. The high program compliance and low attrition show that a 10-week intergenerational program embedded in the local community, designed for community-living older adults and preschool children, is feasible and acceptable to older adults. Our next trial will test the efficacy of intergenerational programs in this setting.",PubMed,https://pubmed.ncbi.nlm.nih.gov/38383482/,doi:10.1186/s40814-024-01446-y,include_title_abs,Potential eligible RCT at title/abstract stage,B_secondary_fulltext,"Frailty RCT candidate, setting or delivery less directly Indian-primary-care relevant"
35448075,PMC9032621,10.3390/jcdd9040099,Efficacy and Safety of Acute Phase Intensive Electrical Muscle Stimulation in Frail Older Patients with Acute Heart Failure: Results from the ACTIVE-EMS Trial.,Tanaka S; Kamiya K; Matsue Y; Yonezawa R; Saito H; Hamazaki N; Matsuzawa R; Nozaki K; Yamashita M; Wakaume K,2022,Journal of cardiovascular development and disease,"As frailty in older patients with acute heart failure (AHF) has an adverse effect on clinical outcomes, the addition of electrical muscle stimulation (EMS) to exercise-based early rehabilitation may improve the effects of treatment. Post hoc analysis was performed on a randomized controlled study for clinical outcomes and prespecified subgroups (ACTIVE-EMS: UMIN000019551). In this trial, 31 AHF patients aged ≥ 75 years with frailty (Short Physical Performance Battery [SPPB] score 4-9) were randomized 1:1 to receive treatment with an early rehabilitation program only (n = 16) or early rehabilitation with add-on EMS therapy (n = 15) for 2 weeks. Changes in physical function and cognitive function between baseline and after two weeks of treatment were assessed. There were no adverse events during the EMS period. The EMS group showed significantly greater changes in quadriceps' isometric strength and SPPB compared to the control group, and EMS therapy showed uniform effects in the prespecified subgroups. There were no significant differences in the changes in other indexes of physical function and cognitive function between groups. There was no significant difference in the rate of heart failure hospitalization at 90 days between groups. In conclusion, older AHF patients with frailty showed greater improvement in lower extremity function with the addition of EMS therapy to early rehabilitation without adverse events.",PubMed,https://pubmed.ncbi.nlm.nih.gov/35448075/,doi:10.3390/jcdd9040099,include_title_abs,Potential eligible RCT at title/abstract stage,B_secondary_fulltext,"Frailty RCT candidate, setting or delivery less directly Indian-primary-care relevant"
38974513,PMC11225987,10.2147/CIA.S460805,Improving Lower Limb Function and Frailty in Frail Older Patients with Acute Myocardial Infarction After Percutaneous Coronary Intervention: A Randomized Controlled Study of Neuromuscular Electrical Stimulation.,Pu X; Huang H; Zhao X; Liu F; Leng Y; Deng Y; Huang L; Zhou X; Xu F; Huang Y,2024,Clinical interventions in aging,"A global public health problem, frailty is closely associated with poor prognosis after percutaneous coronary intervention (PCI) in older patients with acute myocardial infarction (AMI). Although exercise intervention is the most commonly used method to reverse and alleviate frailty, its application is restricted in patients with acute myocardial infarction following PCI due to cardiovascular instability and autonomic imbalance. Consequently, there is a need for a new practical intervention to address frailty syndrome in these patients. This study aimed to investigate the effect of neuromuscular electrical stimulation in frail older AMI patients post-PCI. A single-blind, randomized controlled trial was carried out in the Department of Cardiovascular Medicine from March to October 2023. A total of 100 eligible participants were randomly divided into two groups: experimental (n = 50) and control (n = 50) groups, respectively. Both groups received usual care. The experimental group underwent neuromuscular electrical stimulation (NMES) on bilateral quadriceps and gastrocnemius muscles for 30 minutes daily from day 1 to day 7 after surgery. The primary outcomes measured included the frailty score, lower limb muscle strength, and lower limb muscle quality. Secondary outcomes included the activities of daily living score, inflammatory markers, and length of hospital stay. All participants were included in an intention-to-treat analysis after the study ended. The frailty scores of the two groups exhibited a gradual decrease over time, and the scores of the experimental group were lower than those of the control group at 4 and 7 days after surgery (P<0.001). Concurrently, the lower limb muscle strength showed an increasing trend over the time in the experimental group and a decreasing trend in the control group, and the scores of the experimental group surpassed those of the control group (p<0.001). Moreover, a statistical difference was observed in the lower limb muscle mass across the groups after 7 days postoperatively compared with baseline on both sides (p<0.05). Neuromuscular electrical stimulation has the potential to enhance lower limb function and alleviate frailty in elderly patients with acute myocardial infarction after PCI. These findings introduce a novel intervention approach for frailty management in the elderly population.",PubMed,https://pubmed.ncbi.nlm.nih.gov/38974513/,doi:10.2147/cia.s460805,include_title_abs,Potential eligible RCT at title/abstract stage,B_secondary_fulltext,"Frailty RCT candidate, setting or delivery less directly Indian-primary-care relevant"
16905888,,10.1159/000094986,Psychological and physical activity training for older persons: who does not attend?,van Heuvelen MJ; Hochstenbach JB; Brouwer WH; de Greef MH; Scherder E,2006,Gerontology,"Interventions to promote successful aging include psychological and physical activity programs. Identification of determinants of attendance of older persons may be useful to develop strategies to improve attendance. For physical activity programs determinants of attendance have been investigated extensively. For psychological programs hardly any knowledge is available. Determinants of attendance at psychological and physical activity programs have never been investigated simultaneously. To identify demographic, physical and psychological determinants of attendance of older subjects following multifaceted psychological training - aimed at promoting active social participation - and physical activity training and to compare the variation of these determinants between the two training programs. 118 subjects aged 65-92 years were randomized over psychological and physical activity training. Determinants of attendance were obtained at pretest with questionnaires and performance-based tests. Mean attendance was 62%. Attendance was not related to type of program. Having chronic diseases facilitated attendance in the psychological training group and limited attendance in the physical activity training group. Low and high levels of Activities of Daily Living performance (ADLs) and walking endurance were related to a high attendance in the psychological training group. A low level of activities of daily living (ADL) and a low walking endurance were related to a low attendance in the physical activity training group. For both training groups, persons living with a partner had higher attendance rates than persons living alone, and persons with a low level of anxiety had higher attendance rates than persons with a moderate or a high level of anxiety. Psychological training may be more suitable for frail older persons with chronic diseases, low ADL levels and low walking endurance than physical activity training, and may help to prepare such persons for physical activity.",PubMed,https://pubmed.ncbi.nlm.nih.gov/16905888/,doi:10.1159/000094986,include_title_abs,Potential eligible RCT at title/abstract stage,B_secondary_fulltext,"Frailty RCT candidate, setting or delivery less directly Indian-primary-care relevant"
15575122,,10.1007/BF03324553,Effects of a fall prevention program including exercise on mobility and falls in frail older people living in residential care facilities.,Jensen J; Nyberg L; Rosendahl E; Gustafson Y; Lundin-Olsson L,2004,Aging clinical and experimental research,"Impaired mobility is one of the strongest predictors for falls in older people. We hypothesized that exercise as part of a fall prevention program would have positive effects, both short- and long-term, on gait, balance and strength in older people at high risk of falling and with varying levels of cognition, residing in residential care facilities. A secondary hypothesis was that these effects would be associated with a reduced risk of falling. 187 out of all residents living in 9 facilities, > or =65 years of age were at high risk of falling. The facilities were cluster-randomized to fall intervention or usual care. The intervention program comprised: education, environment, individually designed exercise, drug review, post-fall assessments, aids, and hip protectors. Data were adjusted for baseline performance and clustering. At 11 weeks, positive intervention effects were found on independent ambulation (FAC, p=0.026), maximum gait speed (p=0.002), and step height (> or =10 cm, p<0.001), but not significantly on the Berg Balance Scale. At 9 months (long-term outcome), 3 intervention and 15 control residents had lost the ability to walk (p=0.001). Independent ambulation and maximum gait speed were maintained in the intervention group but deteriorated in the control group (p=0.001). Residents with both higher and lower cognition benefited in most outcome measures. No association was found between improved mobility and reduced risk of falling. Exercise, as part of a fall prevention program, appears to preserve the ability to walk, maintain gait speed, ambulate independently, and improve step height. Benefits were found in residents with both lower and higher cognitive impairment, but were not found to be associated with a reduced risk of falling.",PubMed,https://pubmed.ncbi.nlm.nih.gov/15575122/,doi:10.1007/bf03324553,include_title_abs,Potential eligible RCT at title/abstract stage,B_secondary_fulltext,"Frailty RCT candidate, setting or delivery less directly Indian-primary-care relevant"
23497404,PMC3751685,10.1186/1741-7015-11-65,A multifactorial interdisciplinary intervention reduces frailty in older people: randomized trial.,Cameron ID; Fairhall N; Langron C; Lockwood K; Monaghan N; Aggar C; Sherrington C; Lord SR; Kurrle SE,2013,BMC medicine,"Frailty is a well known and accepted term to clinicians working with older people. The study aim was to determine whether an intervention could reduce frailty and improve mobility. We conducted a single center, randomized, controlled trial among older people who were frail in Sydney, Australia. One group received an intervention targeting the identified characteristics of frailty, whereas the comparison group received the usual health care and support services. Outcomes were assessed by raters masked to treatment allocation at 3 and 12 months after study entry. The primary outcomes were frailty as assessed by the Cardiovascular Health Study criteria, and mobility as assessed by the Short Physical Performance Battery. Secondary outcome measures included disability, depressive symptoms and health-related quality of life. A total of 216 participants (90%) completed the study. Overall, 68% of participants were women and the mean age was 83.3 years (standard deviation, 5.9). In the intention-to-treat analysis, the between-group difference in frailty was 14.7% at 12 months (95% confidence interval: 2.4%, 27.0%; P = 0.02). The score on the Short Physical Performance Battery, in which higher scores indicate better physical status, was stable in the intervention group and had declined in the control group; with the mean difference between groups being 1.44 (95% confidence interval, 0.80, 2.07; P <0.001) at 12 months. There were no major differences between the groups with respect to secondary outcomes. The few adverse events that occurred were exercise-associated musculoskeletal symptoms. Frailty and mobility disability can be successfully treated using an interdisciplinary multifaceted treatment program. Australia and New Zealand Clinical Trials Register (ANZCTR): ACTRN12608000250336.",PubMed,https://pubmed.ncbi.nlm.nih.gov/23497404/,doi:10.1186/1741-7015-11-65,include_title_abs,Potential eligible RCT at title/abstract stage,B_secondary_fulltext,"Frailty RCT candidate, setting or delivery less directly Indian-primary-care relevant"
37889196,PMC10727385,10.1161/JAHA.123.030588,Relationship of Race With Functional and Clinical Outcomes With the REHAB-HF Multidomain Physical Rehabilitation Intervention for Older Patients With Acute Heart Failure.,Gilbert ON; Mentz RJ; Bertoni AG; Kitzman DW; Whellan DJ; Reeves GR; Duncan PW; Nelson MB; Blumer V; Chen H,2023,Journal of the American Heart Association,"Background The REHAB-HF (Rehabilitation Therapy in Older Acute Heart Failure Patients) randomized trial demonstrated that a 3-month transitional, tailored, progressive, multidomain physical rehabilitation intervention improves physical function, frailty, depression, and health-related quality of life among older adults with acute decompensated heart failure. Whether there is differential intervention efficacy by race is unknown. Methods and Results In this prespecified analysis, differential intervention effects by race were explored at 3 months for physical function (Short Physical Performance Battery [primary outcome], 6-Minute Walk Distance), cognition, depression, frailty, health-related quality of life (Kansas City Cardiomyopathy Questionnaire, EuroQoL 5-Dimension-5-Level Questionnaire) and at 6 months for hospitalizations and death. Significance level for interactions was P≤0.1. Participants (N=337, 97% of trial population) self-identified in near equal proportions as either Black (48%) or White (52%). The Short Physical Performance Battery intervention effect size was large, with values of 1.3 (95% CI, 0.4-2.1; P=0.003]) and 1.6 (95% CI, 0.8-2.4; P<0.001) in Black and White participants, respectively, and without significant interaction by race (P=0.56). Beneficial effects were also demonstrated in 6-Minute Walk Distance, gait speed, and health-related quality of life scores without significant interactions by race. There was an association between intervention and reduced all-cause rehospitalizations in White participants (rate ratio, 0.73 [95% CI, 0.55-0.98]; P=0.034) that appears attenuated in Black participants (rate ratio, 1.06 [95% CI, 0.81-1.41]; P=0.66; interaction P=0.067). Conclusions The intervention produced similarly large improvements in physical function and health-related quality of life in both older Black and White patients with acute decompensated heart failure. A future study powered to determine how the intervention impacts clinical events is required. REGISTRATION URL: https://www.clinicaltrials.gov. Identifier: NCT02196038.",PubMed,https://pubmed.ncbi.nlm.nih.gov/37889196/,doi:10.1161/jaha.123.030588,include_title_abs,Potential eligible RCT at title/abstract stage,B_secondary_fulltext,"Frailty RCT candidate, setting or delivery less directly Indian-primary-care relevant"
39708402,PMC11890949,10.1016/j.jgo.2024.102180,"Daily life mobility detects frailty, falls, and functioning in older prostate cancer survivors treated with androgen deprivation therapy.",Tibbitts DC; Mancini M; Stoyles S; Dieckmann NF; Graff JN; El-Gohary M; Horak FB; Winters-Stone KM,2025,Journal of geriatric oncology,"Androgen deprivation therapy (ADT) increases the risk of frailty, falls, and poor physical functioning in older adults with prostate cancer. Detection of frailty is limited to self-report instruments and performance measures, so unbiased tools are needed. We investigated relationships between an unbiased measure - daily life mobility - and ADT history, frailty, fall history, and functioning in older prostate cancer survivors treated with ADT. This cross-sectional study recruited prostate cancer survivors with a history of ADT from an exercise clinical trial, an academic medical center, and the community. Participants completed performance measures and surveys to assess frailty, fall history, and physical functioning, then wore instrumented socks for up to seven days to continuously monitor daily life mobility. We performed a principal component analysis on daily life mobility metrics and used regression analyses to investigate relationships between domains of daily life mobility and frailty, fall history, and physical functioning. Participants (N = 99) were aged 73.0 +/- 7.3 years, most were pre-frail or frail (75 %), and 35 % had fallen at least once in the last year. Daily life mobility metrics clustered into four domains: Gait Pace, Rhythm, Activity, and Balance. Worse scores on Rhythm and Activity were associated with increased odds of frailty (odds ratio [OR] 1.59, 95 % confidence interval [CI]: 1.04, 2.49 and OR 1.81, 95 % CI: 1.19, 2.83, respectively). A worse score on Rhythm was associated with increased odds of ≥1 falls in the previous year (OR 1.60, 95 % CI: 1.05, 2.47). Worse scores on Gait Pace, Rhythm, and Activity were associated with worse physical functioning. Mobility metrics were similar between current and past users of ADT. Continuous passive monitoring of daily life mobility may identify prostate cancer survivors who have developed frailty, falls, and declines in physical functioning.",PubMed,https://pubmed.ncbi.nlm.nih.gov/39708402/,doi:10.1016/j.jgo.2024.102180,include_title_abs,Potential eligible RCT at title/abstract stage,B_secondary_fulltext,"Frailty RCT candidate, setting or delivery less directly Indian-primary-care relevant"
11571935,,10.1016/s0889-8529(05)70206-1,Neuroendocrine aging in men. Andropause and somatopause.,Anawalt BD; Merriam GR,2001,Endocrinology and metabolism clinics of North America,"Aging is accompanied by gradual but progressive reductions in the secretion of testosterone and growth hormone in men, and by alterations in body composition and functional capacity that, to some degree, undo the effects of puberty. Preventing or reversing these changes with the use of trophic factors, including androgens, growth hormone, and growth hormone secretagogues, is an appealing prospect, but documenting the effectiveness of these interventions and their benefits and risks has proven to be a difficult undertaking that is far from complete. Small-scale clinical studies have shown that it is practicable to boost growth hormone and IGF-1 levels for periods of up to 12 months, and testosterone for up to 36 months, to reverse at least some age-related changes in body composition. Information regarding the effects of these interventions on strength, exercise capacity, and the ability to perform activities of daily living is still sparse, and additional reports from recently completed or currently ongoing clinical trials will not provide sufficient data to make firm conclusions. From the limited information currently available, androgen supplementation may be of benefit in some men aged more than 65 years, particularly in men with low serum testosterone levels (< 2 ng/mL). In this group, supplemental androgen therapy would be expected to increase lean body mass, bone mass, and possibly strength. In older men with testosterone levels between 2 and 3.5 ng/mL, some benefit might result from androgen supplementation, but it is not yet clear whether the benefits outweigh the risks. For men in this category, one might consider a 6- to 12-month trial of therapy after a full discussion and explicit consent, followed by a reassessment of the value of ongoing treatment. The even more limited data on growth hormone or growth hormone secretagogue interventions in aging do not support their general clinical use in healthy older men. Growth hormone is much more expensive than testosterone and is not covered by insurance for off-label uses. Patients who persistently seek a trial of therapy should be encouraged to enroll in a study if one is locally available. All of the growth hormone studies reported to date have focused, generally for reasons of safety, on healthy and robust groups of older subjects, men in whom the need for intervention is least compelling and in whom the functional effects of treatment may be the most difficult to observe. Phase II studies of intermediate size and duration examining prefrail groups of elderly who are at greater risk for functional loss and who stand to benefit the most from either preventive or restorative interventions are underway but are limited to the intermediate outcomes of body composition, strength, and function. Trials designed to assess clinically relevant final outcomes, such as falls, fractures, and institutionalization, are of necessity large-scale, long-term, and expensive. Support for larger phase III studies of growth hormone is unlikely to be forthcoming until the phase II studies are completed and show further promise. A multicenter clinical trial of testosterone is currently being planned under the joint sponsorship of the National Institute on Aging, the Veterans Health Administration, and industry, aimed at assessing the effects of testosterone on the risk for falls and fractures. The results of this trial and other large clinical trials should help to better define the balance of benefits and risks of trophic factor intervention in normal older men.",PubMed,https://pubmed.ncbi.nlm.nih.gov/11571935/,doi:10.1016/s0889-8529(05)70206-1,include_title_abs,Potential eligible RCT at title/abstract stage,B_secondary_fulltext,"Frailty RCT candidate, setting or delivery less directly Indian-primary-care relevant"
41997551,,10.1016/j.exger.2026.113132,"Bedrest, frailty and exercise countermeasures: A 14-day head-down tilt study in mid-older aged adults.",Blodgett JM; Godin J; Kehler DS; Howlett SE; Rockwood K; Theou O,2026,Experimental gerontology,"Physical inactivity, particularly bed rest during hospitalisation, has adverse effects on frailty. Head-down tilt bed rest paradigms have been used as models of accelerated aging. Such studies have primarily included younger adults and have not examined frailty. We examined how frailty changes during a 14-day bed rest period and subsequent recovery in healthy mid-older aged adults and investigated whether an exercise countermeasure can mitigate any adverse frailty changes. Twenty-two healthy adults aged 55-65 years underwent 14 days of bed rest, followed by 7-days of recovery and follow-ups at 4-weeks and 4-months. Participants were randomised to an exercise or control group. Frailty was assessed using self-reported data at up to 10 timepoints, with four frailty indices (FI) derived from 36 to 95 items. Mean age was 58.4 ± 3.7 years, with low frailty at baseline (healthiest 15th percentile of age and sex-normalised frailty scores based on a representative Canadian sample). Frailty increased during bed rest (0.005/day; 95% CI: 0.001, 0.008), decreased non-linearly during recovery, and did not return to baseline levels (mean: 0.018 ± 0.02) by the 4-month follow-up (0.035 ± 0.03; p = 0.005). There was no time-by-group interaction, however frailty levels were - 0.005 (-0.010, 0.000) lower in the exercise group during recovery. Results were consistent across all FI measures. Bed rest was associated with increases in frailty that were not fully reversed by four months. Exercise during bed rest could support earlier recovery. These findings highlight the harmful effects of bed rest and the potential role of exercise for hospitalised adults.",PubMed,https://pubmed.ncbi.nlm.nih.gov/41997551/,doi:10.1016/j.exger.2026.113132,include_title_abs,Potential eligible RCT at title/abstract stage,B_secondary_fulltext,"Frailty RCT candidate, setting or delivery less directly Indian-primary-care relevant"
12107212,,10.1210/jcem.87.7.8630,"A double-blind, placebo-controlled, randomized clinical trial of recombinant human chorionic gonadotropin on muscle strength and physical function and activity in older men with partial age-related androgen deficiency.",Liu PY; Wishart SM; Handelsman DJ,2002,The Journal of clinical endocrinology and metabolism,"Despite partial androgen deficiency, the safety and efficacy of androgen therapy in older men remains controversial because controlled studies of testosterone have given equivocal results. Human chorionic gonadotropin (hCG) can be conveniently and infrequently self-administered, and it increases not only circulating testosterone but also estradiol and other testicular steroids. We evaluated the efficacy and safety of 3 months of treatment with sc recombinant hCG (r-hCG, Ovidrel) on muscle mass, strength, mobility, and physical activity in ambulant, community-dwelling men more than 60 yr old having partial androgen deficiency (testosterone < or = 15 nmol/liter, twice). Forty eligible men (mean age, 67 yr; range, 60-85 yr) were randomized to receive r-hCG (5000 IU, 250 microg) or placebo by twice weekly sc self-injection and were studied before treatment, monthly during treatment, and 1 month after treatment. All completed the study, and treatment groups were well matched. r-hCG significantly increased body weight (approximately 1 kg; P < 0.05) and lean body mass ( approximately 2 kg; P < 0.001) and reduced fat mass (approximately 1 kg, P < 0.05). However, anthropometric measures of skinfold thickness (biceps, triceps, subscapular, suprailiac) and circumferences (midarm, waist, hip, and midthigh), including the waist-hip ratio, did not change significantly. Shoulder and knee strength (peak torque), as measured by isokinetic and isometric dynamometry, was not significantly increased, nor was physical activity (accelerometry and Physical Activity Scale for Elderly self-report) or gait and balance (modified Guralnik and Frailty and Injuries: Cooperative Studies of Intervention Techniques performance batteries) altered. Total and free testosterone and estradiol were markedly (150%; P < 0.001) and stably increased, whereas LH, FSH, and urea were significantly decreased. Testis volume was significantly decreased (approximately 5 ml; P < 0.05). There were no significant changes in hemoglobin, osteocalcin, or prostate-specific antigen, and the International Prostate Symptom Score did not change. Three men developed nipple tenderness that did not progress to gynecomastia. We conclude that 3 months of treatment with twice weekly r-hCG demonstrates sustained androgenic effects on hormones and muscle mass but has no effect on muscle strength or physical functioning.",PubMed,https://pubmed.ncbi.nlm.nih.gov/12107212/,doi:10.1210/jcem.87.7.8630,include_title_abs,Potential eligible RCT at title/abstract stage,B_secondary_fulltext,"Frailty RCT candidate, setting or delivery less directly Indian-primary-care relevant"
41566545,PMC12905836,10.1186/s40814-026-01763-4,Oral nutritional supplements for older hip fracture patients at nutritional risk (NUTRI-MUSCLES)-a feasibility trial for a two-armed RCT.,Jensen A; Ninh ED; Tetens I; Beck AM,2026,Pilot and feasibility studies,"Malnutrition is prevalent in older hip fracture patients and increases the risk of postoperative complications and loss of physical function. Adequate energy and protein intake during rehabilitation can enhance recovery but treatment can be challenging. The primary objective was to assess feasibility, defined as eligibility, recruitment rate, retention in the study, compliance to the intervention and completeness of outcome data collection. This single-site, open labelled, parallel, two-arm randomized controlled feasibility trial took place at Orthopaedic Surgical ward at Herlev Hospital, Denmark. Participants were ≥ 65 years at nutritional risk admitted with a hip fracture. The intervention group received two bottles of oral nutritional supplements daily for 12 weeks after discharge. The control group received standard care. Of 134 patients screened, 52 (39%) met inclusion criteria and 21 (40%) were recruited, corresponding to 2.3 participants per week. Preliminary findings showed a retention rate of 16 out of 21 (76%). Compliance to the oral nutritional supplements was 62% reflecting an intake of 1.3 oral nutritional supplementation per day. Data collection was high, with ≥ 80% completeness for most outcomes (handgrip strength, calf circumference, frailty, quality of life, activities of daily living, 24-h recall, blood measures), except for the baseline 30-s chair-stand test. The trial methods were feasible with sufficient eligibility, recruitment rate, retention in the study and outcome data collection. Compliance was lower than expected highlighting the need for strategies to improve adherence in the definitive trial. ClinicalTrials.gov identifier: NCT05556876. Date of registration: 2022.23.09. URL: https://clinicaltrials.gov/study/NCT05556876 .",PubMed,https://pubmed.ncbi.nlm.nih.gov/41566545/,doi:10.1186/s40814-026-01763-4,include_title_abs,Potential eligible RCT at title/abstract stage,B_secondary_fulltext,"Frailty RCT candidate, setting or delivery less directly Indian-primary-care relevant"
19752529,,10.1159/000239757,Parathyroid hormone as a mortality predictor in frail aged inpatients.,Bjorkman M; Sorva A; Tilvis R,2009,Gerontology,"Some prospective cohort studies have associated parathyroid hormone (PTH) levels with survival independently of renal function, calcaemic and vitamin D status in the elderly. In order to further evaluate the prognostic significance of subtle elevation of PTH and the involvement of vitamin D status in bedridden aged inpatients, the participants of a 6-month vitamin D supplementation trial were followed for 2 years. Eligible patients (n = 218) of 4 long-term care hospitals (1,215 beds) were randomized to receive 0, 400 or 1,200 IU/day cholecalciferol for 6 months. In addition to routine analyses, plasma 25-hydroxyvitamin D (25-OHD), PTH and ionized calcium (Ca(2+)) levels were measured. Functional capacity was evaluated by activities of daily living (ADL) hierarchy scale and cognition was assessed by cognitive performance scale (CPS). Body mass index and glomerular filtration rate (GFR) were calculated. Mortality data was collected from patient records. The patients were aged (84.5 +/- 7.5 years), vitamin D deficient (25-OHD = 23 +/- 10 nmol/l) and frail (ADL 5.5, range 3-6; CPS 4.9, range 1-6). The PTH levels ranged from 12 to 268 ng/l, the cut points for IV quartile being 72 ng/l. The PTH levels in the IV quartile predicted a significant 1.58-fold over-mortality (95% CI 1.08-2.32, p = 0.020), resulting in a 9.1-month shortening (p = 0.019) in median life expectancy in patients with poorest renal function, but the prognostic significance of PTH was not explained by GFR. Furthermore, controlling for age, gender, body mass index, creatinine, 25-OHD, supplementation group, Ca(2+) and albumin levels did not abolish this significance. Mortality was predicted neither by baseline 25-OHD nor vitamin D supplementation. Even a subtle elevation of PTH is a relatively independent predictor of increased 2-year mortality in severely frail older inpatients with poor overall survival prognosis. Further prospective studies on the involvement of 1,25 dihydroxyvitamin D status in the predictive value of PTH are needed.",PubMed,https://pubmed.ncbi.nlm.nih.gov/19752529/,doi:10.1159/000239757,include_title_abs,Potential eligible RCT at title/abstract stage,B_secondary_fulltext,"Frailty RCT candidate, setting or delivery less directly Indian-primary-care relevant"
27034188,,,Postoperative red blood cell transfusion strategy in frail anemic elderly with hip fracture. A randomized controlled trial.,Gregersen M,2016,Danish medical journal,"Hip fracture in the elderly is associated with poor recovery from physical disability and mortality. Perioperative blood loss is common, and anemia might be fatal in the frail elderly. Red blood cell transfusions might increase the risk of infection. In an observational study, a liberal transfusion strategy with hemoglobin (Hb) target of 7 mmol/l (11.3 g/dl) seemed to improve survival in nursing home residents with hip fracture compared to the recommended restrictive strategy with a Hb target of 6 mmol/l (9.7 g/dl) according to the Danish Health Authority. Our aim was to compare these two strategies in the frail elderly in a randomized controlled trial on the outcomes: recovery from physical disabilities, mortality, infection, infection biomarkers, and overall Quality of Life (OQoL). We included 284 elderly admitted to hospital for surgical hip fracture repair from nursing homes or sheltered housing facilities. The anemic patients were assigned postoperatively to the liberal or the restrictive transfusion strategy. Randomization divided each transfusion group into two equal blocks with regard to type of the residence. Hb was measured daily during the first three postoperative days, at least once during the following 4-6 days, then at least once a week during the subsequent three weeks. The transfusions were administered according to group assignments, but no later than 24 hours after the Hb determination, one unit at a time, and no more than two units per day. The intervention lasted for 30 days after surgery. Outcome measurements were performed on days 10, 30, 90, and 365. Blinded assessors evaluated physical performance and OQoL. The liberal transfusion strategy did not improve recovery from physical disabilities, mortality, infection rate, or OQoL compared to the restrictive strategy. However, in nursing home residents, 90-day mortality rate (20%) following the liberal strategy was statistically significantly lower than that (36%) after the restrictive strategy. Per protocol, the 30-day mortality rate was statistically significantly lower following the liberal strategy in all patients (7% versus 16%). No statistically significant difference was found in repeated leukocyte counts and C-reactive protein measurements, or in rate of all infections after ten days (66% versus 72%). Physical recovery from 30 days until one year after hip fracture surgery was improved by the liberal strategy. A liberal strategy did not improve 30-day OQoL. Physical performance was improved from 30 days to one year after fracture in patients treated according to the liberal strategy and was associated with better progress of OQoL in the same period. We conclude that according to our used Hb thresholds, the liberal Hb target of 7 mmol/l (11.3 g/dl) improves survival in the frailest elderly (the nursing home residents) without impairing recovery from physical disabilities and OQoL or increasing risk of infections compared to the restrictive Hb target of 6 mmol/l (9.7 g/dl). The liberal strategy seems to improve recovery of physical performance within one year after hip fracture surgery which was associated with better overall QoL.",PubMed,https://pubmed.ncbi.nlm.nih.gov/27034188/,pmid:27034188,include_title_abs,Potential eligible RCT at title/abstract stage,B_secondary_fulltext,"Frailty RCT candidate, setting or delivery less directly Indian-primary-care relevant"
8301766,,,A randomized trial of physical rehabilitation for very frail nursing home residents.,Mulrow CD; Gerety MB; Kanten D; Cornell JE; DeNino LA; Chiodo L; Aguilar C; O'Neil MB; Rosenberg J; Solis RM,1994,JAMA,"Past studies suggest multidisciplinary interventions that include physical therapy (PT) can improve function of nursing home residents. This trial specifically evaluates effects of PT for frail long-stay nursing home residents. Randomized, controlled trial. One academic nursing home and eight community nursing homes. A total of 194 elderly nursing home residents dependent in at least two activities of daily living residing in the nursing home for at least 3 months. Patients were randomized to individually tailored one-on-one PT sessions or friendly visits (FVs) three times a week for 4 months. Physical therapy included range-of-motion, strength, balance, transfer, and mobility exercises. Performance-based physical function assessed by the Physical Disability Index; self-perceived health status assessed with the Sickness Impact Profile; observer-reported activities of daily living; and falls. Eighty-nine percent and 92% of PT and FV sessions, respectively, were attended; 5% and 9% of subjects dropped out in the PT group and FV group, respectively. Compared with the FV group, the PT group experienced no significant improvements in overall Physical Disability Index, Sickness Impact Profile, or activities of daily living scores. A 15.5% improvement in the mobility subscale of the Physical Disability Index was seen (95% confidence interval [CI], 6.4% to 24.7%); no benefits in range-of-motion, strength, or balance subscales were found. Compared with the FV group, the PT group used assistive devices for bed mobility tasks less often (P = .06) and were less likely to use assistive devices and wheelchairs for locomotion (P < .005). There were 79 falls in the PT group vs 60 falls in the FV group (P = .11). Charge for the 4-month PT program was $1220 per subject (95% CI, $412 to $1832). This standardized physical therapy program provided modest mobility benefits for very frail long-stay nursing home residents with physical disability due to multiple comorbid conditions.",PubMed,https://pubmed.ncbi.nlm.nih.gov/8301766/,pmid:8301766,include_title_abs,Potential eligible RCT at title/abstract stage,B_secondary_fulltext,"Frailty RCT candidate, setting or delivery less directly Indian-primary-care relevant"
30498696,PMC6249304,10.3389/fnut.2018.00108,Mesenchymal Stem Cell Therapy for Aging Frailty.,Schulman IH; Balkan W; Hare JM,2018,Frontiers in nutrition,"Chronic diseases and degenerative conditions are strongly linked with the geriatric syndrome of frailty and account for a disproportionate percentage of the health care budget. Frailty increases the risk of falls, hospitalization, institutionalization, disability, and death. By definition, frailty syndrome is characterized by declines in lean body mass, strength, endurance, balance, gait speed, activity and energy levels, and organ physiologic reserve. Collectively, these changes lead to the loss of homeostasis and capability to withstand stressors and resulting vulnerabilities. There is a strong link between frailty, inflammation, and the impaired ability to repair tissue injury due to decreases in endogenous stem cell production. Although exercise and nutritional supplementation provide benefit to frail patients, there are currently no specific therapies for frailty. Bone marrow-derived allogeneic mesenchymal stem cells (MSCs) provide therapeutic benefits in heart failure patients irrespective of age. MSCs contribute to cellular repair and tissue regeneration through their multilineage differentiation capacity, immunomodulatory, and anti-inflammatory effects, homing and migratory capacity to injury sites, and stimulatory effect on endogenous tissue progenitors. The advantages of using MSCs as a therapeutic strategy include standardization of isolation and culture expansion techniques and safety in allogeneic transplantation. Based on this evidence, we performed a randomized, double-blinded, dose-finding study in elderly, frail individuals and showed that intravenously delivered allogeneic MSCs are safe and produce significant improvements in physical performance measures and inflammatory biomarkers. We thus propose that frailty can be treated and the link between frailty and chronic inflammation offers a potential therapeutic target, addressable by cell therapy.",PubMed,https://pubmed.ncbi.nlm.nih.gov/30498696/,doi:10.3389/fnut.2018.00108,include_title_abs,Potential eligible RCT at title/abstract stage,B_secondary_fulltext,"Frailty RCT candidate, setting or delivery less directly Indian-primary-care relevant"
41731374,PMC13037105,10.1186/s12877-026-07192-5,Frailty and functional recovery after cardiac surgery: a randomized pilot trial of extended exercise-based rehabilitation.,Tamuleviciute-Prasciene E; Balne K; Kuznecova I; Beigiene A; Stonkuviene V; Kubilius R,2026,BMC geriatrics,"Pilot branch study of the FrailHeart clinical trial aimed to assess the feasibility and preliminary performance of the Edmonton Frail Scale (EFS) for detecting changes in frailty status over a 3-month follow-up period after cardiac surgery in older adults, and to explore frailty within the context of exercise-training–based (ET) cardiac rehabilitation (CR) in order to inform the design and implementation of future definitive studies targeting frailty in this population. Patients who arrived at an inpatient CR hospital after open-heart surgery between November 19, 2020, and January 3, 2022, were invited to participate. Out of 336 assessed for eligibility, 100 patients (38 females, 62 males) met the inclusion criteria and were randomized into intervention (IG, N = 50) and control groups (CG, N = 50). All participants underwent comprehensive inpatient CR based on ET. After discharge, IG continued a 12-week home ET program while CG maintained usual physical activity. Assessment times: before randomization (admittance to CR) (V1); CR completion (V2), and three months post-CR (V3). Assessment included clinical examination: six-minute walk test (6MWT), veloergometry (peak workload (W), maximal heart rate (max.HR, beats/minute), metabolic equivalent (MET), timed up and go (TUG), frailty (EFS score/status). As a result of inpatient-CR all measured parameters except max. HR enhanced significantly for all study participants (6MWT, TUG, EFS, W, MET (p < 0.001)). Analysis of differences between groups at V2 showed significantly better physical capacity for IG (MET, p = 0.037), without statistical significant differences in other outcomes. 58 patients attended V3 and completed the entire study (IG n = 33, CG n = 25). Only W, MET and EFS enhanced for all patients significantly (p < 0,01) without statistical differences between groups. Changes in frailty status over time (V1-V3) were statistically significant (V1-V2: IG p < 0.01; V1-V3: CG p < 0.05; V1-V3: IG p < 0.05) whereas no statistically significant between-group differences were observed (χ² p = 0.32). All IG patients were able to successfully participate in the home ET program, no AE were registered. Within-group analyses indicated that EFS scores changed over time, suggesting that the instrument is capable of capturing short-term variation in frailty status in this clinical context. The structured CR ET program was found to be feasible and safe in this high-risk population. Although reductions in frailty scores were observed over time within groups, between-group differences were not consistently demonstrated, and the study was not powered to establish intervention effectiveness. Future adequately powered, multi-center studies incorporating comparator instruments are needed to confirm the responsiveness of the EFS and to clarify the effects of CR and ET on frailty trajectories in this population.ClinicalTrials.gov (No. NCT04636970). This study was registered at ClinicalTrials.gov (ID NCT04636970). First Posted 19/11/2020.",PubMed,https://pubmed.ncbi.nlm.nih.gov/41731374/,doi:10.1186/s12877-026-07192-5,include_title_abs,Potential eligible RCT at title/abstract stage,B_secondary_fulltext,"Frailty RCT candidate, setting or delivery less directly Indian-primary-care relevant"
41333125,PMC12666635,10.24875/RECICE.M25000519,Telematic intervention on frailty in patients undergoing TAVI. Design of the TELE-FRAIL TAVI clinical trial.,Bernal-Labrador E; Romaguera R; García-Blas S; Regueiro A; Serra V; Asmarats L; Tizón-Marcos H; Agudelo V; Scardino C; Casanova-Sandoval JM,2025,"REC, interventional cardiology","Although transcatheter aortic valve implantation (TAVI) is the first-line therapy for aortic stenosis (AS), its benefit could be lower (or even disappear) in frail patients. Physical exercise and nutritional support programs are recommended to address frailty. Data on the application of telemedicine strategies in this context is scarce. The objective of this study is to analyze, in older patients with AS undergoing TAVI, the effect of a telematic intervention on the reversal of frailty vs standard of care. We will be conducting a randomized multicenter study including patients aged ≥ 75 years with severe AS (mean aortic gradient > 40 mmHg, or aortic valve area < 0.8 8 cm2 on echocardiogram) with baseline frailty criteria (Short Physical Performance Battery [SPPB ] < 10 and FRAIL scale ≥ 3) undergoing TAVI. Prior to discharge, patients will be randomized to a) a telematic intervention within the first 3 months (nutritional support plus supervised physical exercise plus health education); or b) standard of care. The primary endpoint will be the percentage of patients with frailty reversal (SPPB ≥ 10) at 3 months. The estimated sample size is 206 patients (103 in each arm). The hypothesis of this study is that telematic intervention will allow a higher percentage of frailty reversal at 3 months vs standard of care after TAVI. The results of this study may provide novel information on this approach to frail patients with AS undergoing TAVI.ClinicalTrials.gov registered trial (NCT06742970).",PubMed,https://pubmed.ncbi.nlm.nih.gov/41333125/,doi:10.24875/recice.m25000519,include_title_abs,Potential eligible RCT at title/abstract stage,B_secondary_fulltext,"Frailty RCT candidate, setting or delivery less directly Indian-primary-care relevant"
34268327,PMC8275644,10.3389/fnut.2021.628628,Association Between Low Handgrip Strength and 90-Day Mortality Among Older Chinese Inpatients: A National Multicenter Prospective Cohort Study.,Zhang XM; Jiao J; Zhu C; Guo N; Liu Y; Lv D; Wang H; Jin J; Wen X; Zhao S,2021,Frontiers in nutrition,"Background: The knowledge of the association between low handgrip strength and mortality among older Chinese inpatients is limited. Given China's aging society, a great number of older adults require hospital admission. Objective: To explore the association between low handgrip strength and 90-day mortality, providing evidence for clinicians to predict the risk of mortality and improve clinical outcomes for older inpatients. Materials and Methods: We conducted a national multicenter cohort study with a baseline survey from October 2018 to February 2019 and followed up for 90 days to record mortality outcomes. The assessment of handgrip strength was conducted using a hand dynamometer with the cutoff (handgrip strength < 28 kg for men and < 18 kg for women) to define low handgrip strength. Multivariable logistic regression analysis was applied to explore the association between low handgrip strength and 90-day mortality. Results: A total of 8,910 older Chinese inpatients [mean (SD) age, 72.39 (5.68) years; 3,750 women (42.09%)], with a prevalence of low handgrip strength, at 49.57%, were included. Compared to inpatients with normal handgrip strength, inpatients with low handgrip strength were older, had less education, more were female, had lower activities of daily living (ADL) score, had lower BMI, higher frailty, higher rates of depression, and poorer cognitive function (all p < 0.05). At 90 days, after adjusting for gender, age, education, frailty, depression, ADL score, malnutrition, and diagnosis, low handgrip strength was independently associated with 90-day mortality, compared to normal handgrip strength (OR = 1.64, 95% CI:1.14-2.37; P = 0.008). Additionally, subgroup and interaction analysis showed a significant interaction effect (P = 0.031) between two age groups (65-74 years older vs. ≥ 75 years old), with the OR being 3.19 (95%CI:2.07-4.93) and 1.49 (95%CI:0.87-2.55), respectively. Conclusion: Older Chinese inpatients with low handgrip strength had a 1.64-fold risk of 90-day mortality, compared to those with normal handgrip strength, indicating that clinicians need to screen early for handgrip strength and recommend corresponding interventions, such as resistance training and nutrition, as a priority for older inpatients. Clinical Trial Registration: Chinese Clinical Trial Registry, Identifier: ChiCTR1800017682.",PubMed,https://pubmed.ncbi.nlm.nih.gov/34268327/,doi:10.3389/fnut.2021.628628,include_title_abs,Potential eligible RCT at title/abstract stage,B_secondary_fulltext,"Frailty RCT candidate, setting or delivery less directly Indian-primary-care relevant"
39455414,PMC11523151,10.1177/17534666241292488,Evaluation of preoperative cardiopulmonary reserve and surgical risk of patients undergoing lung cancer resection.,Petrella F; Cara A; Cassina EM; Faverio P; Franco G; Libretti L; Pirondini E; Raveglia F; Sibilia MC; Tuoro A,2024,Therapeutic advances in respiratory disease,"Lung cancer represents the second most frequent neoplasm and the leading cause of neoplastic death among both women and men, causing almost 25% of all cancer deaths. Patients undergoing lung resection-both for primary and secondary tumors-require careful preoperative cardiopulmonary functional evaluation to confirm the safety of the planned resection, to assess the maximum tolerable volume of resection or to exclude surgery, thus shifting the therapeutic approach toward less invasive options. Cardiopulmonary reserve, pulmonary lung function and mechanical respiratory function represent the cornerstones of preoperative assessment of patients undergoing major lung resection. Spirometry with carbon monoxide diffusing capacity, split function tests, exercise tests and cardiologic evaluation are the gold standard instruments to safely assess the entire cardiorespiratory function before pulmonary resection. Although pulmonary mechanical and parenchymal function, together with cardiorespiratory compliance represent the mainstay of preoperative evaluation in thoracic surgery, the variables that are responsible for fitness in patients who have undergone lung resection have expanded and are being continually investigated. Nevertheless, because of the shift to older patients who undergo lung resection, a global approach is required, taking into consideration variables like frailty status and likelihood of postoperative functional deterioration. Finally, the decision to go ahead with surgery in fragile patients being consideredfor lung resection should be evaluated in a multispecialty preoperative discussion to provide a personalized risk stratification. The aim of this review is to focus on preoperative evaluation of cardiopulmonary reserve and surgical risk stratification of patients candidate for lung cancer resection. It does so by a literature search of clinical guidelines, expert consensus statements, meta-analyses, clinical recommendations, book chapters and randomized trials (1980-2022).",PubMed,https://pubmed.ncbi.nlm.nih.gov/39455414/,doi:10.1177/17534666241292488,include_title_abs,Potential eligible RCT at title/abstract stage,B_secondary_fulltext,"Frailty RCT candidate, setting or delivery less directly Indian-primary-care relevant"
10828934,,,The effect of oral nutritional supplements on habitual dietary quality and quantity in frail elders.,Fiatarone Singh MA; Bernstein MA; Ryan AD; O'Neill EF; Clements KM; Evans WJ,2000,"The journal of nutrition, health & aging","Frail institutionalized elders have a high prevalence of nutritional risk factors, undernutrition, weight loss, and nutrition-related morbidity and excess mortality. Little information is available on effective means to intervene in this setting. We tested the hypothesis that addition of multinutrient oral supplements to the diet of frail elders would improve their overall nutritional status and functional level. Fifty nursing home residents aged 88+/-1 yr. were followed for 10 weeks in the course of a randomized controlled trial of supplementation with a multinutrient liquid supplement vs. a non-nutritive placebo drink. Three-day food weighing was used to analyze their habitual dietary intake before and during the final week of the intervention. Nutritional status was further assessed with nutritional biochemistries, anthropometric measurements, and body composition analysis as well as physical and functional performance tests. The nutritional supplement was consumed with high compliance, but did not significantly augment total caloric intake. Supplementation was associated with significant reductions in total energy, protein, fat, water, fiber, and many vitamins and minerals in the habitual diet of these nursing home residents. Nutritional status improved in terms of folate levels in serum, but no other measured vitamin or mineral indices. Body composition analysis revealed a small gain in weight, increases in fat stores, but no improvement in lean tissue mass associated with supplemention. No physical performance or functional gains were associated with supplementation. Short-term nutritional supplementation in elders at nutritional risk is offset by simultaneous reduction in voluntary food intake. It seems likely that changing other components of energy expenditure such as physical activity levels or basal metabolism may be required to produce overall improvements in nutritional intake in this setting.",PubMed,https://pubmed.ncbi.nlm.nih.gov/10828934/,pmid:10828934,include_title_abs,Potential eligible RCT at title/abstract stage,B_secondary_fulltext,"Frailty RCT candidate, setting or delivery less directly Indian-primary-care relevant"
30823460,PMC6427585,10.3390/ijerph16050729,Frailty Level Monitoring and Analysis after a Pilot Six-Week Randomized Controlled Clinical Trial Using the FRED Exergame Including Biofeedback Supervision in an Elderly Day Care Centre.,Mugueta-Aguinaga I; Garcia-Zapirain B,2019,International journal of environmental research and public health,"Background: Frailty is a status of extreme vulnerability to endogenous and exogenous stressors exposing the individual to a higher risk of negative health-related outcomes. Exercise using interactive videos, known as exergames, is being increasingly used to increase physical activity by improving health and the physical function in elderly adults. The purpose of this study is to ascertain the reduction in the degree of frailty, the degree of independence in activities of daily living, the perception of one's state of health, safety and cardiac healthiness by the exercise done using FRED over a 6-week period in elderly day care centre. Material and Methods: Frail volunteers >65 years of age, with a score of <10 points (SPPB), took part in the study. A study group and a control group of 20 participants respectively were obtained. Following randomisation, the study group (20) took part in 18 sessions in total over 6 months, and biofeedback was recorded in each session. Results: After 6 weeks, 100% of patients from the control group continued evidencing frailty risk, whereas only 5% of patients from the study group did so, with p < 0.001 statistical significance. In the case of the EQ-VAS, the control group worsened (-12.63 points) whereas the study group improved (12.05 points). The Barthel Index showed an improvement in the study group after 6 weeks, with statistically significant evidence and a value of p < 0.003906. Safety compliance with the physical activity exceeded 87% and even improved as the days went by. Discussion: Our results stand out from those obtained by other authors in that FRED is an ad hoc-designed exergame, significantly reduced the presence and severity of frailty in a sample of sedentary elders, thus potentially modifying their risk profile. It in turn improves the degree of independence in activities of daily living and the perception of one's state of health, proving to be a safe and cardiac healthy exercise. Conclusions: The study undertaken confirms the fact that the FRED game proves to be a valid technological solution for reducing frailty risk. Based on the study conducted, the exergame may be considered an effective, safe and entertaining alternative.",PubMed,https://pubmed.ncbi.nlm.nih.gov/30823460/,doi:10.3390/ijerph16050729,include_title_abs,Potential eligible RCT at title/abstract stage,B_secondary_fulltext,"Frailty RCT candidate, setting or delivery less directly Indian-primary-care relevant"
19536417,PMC12880337,10.1007/s12603-009-0099-5,Zinc increases the effects of essential amino acids-whey protein supplements in frail elderly.,Rodondi A; Ammann P; Ghilardi-Beuret S; Rizzoli R,2009,"The journal of nutrition, health & aging","Protein undernutrition is frequent in the elderly. It contributes to the development of osteoporosis, possibly via lower IGF-I. Dietary zinc can influence IGF-I production. To determine the influence of dietary zinc addition on IGF-I and bone turnover responses to essential amino acids-whey (EAA-W) protein supplements in frail elderly. A daily oral protein supplement was given to hospitalized patients for 4 weeks. On a randomized, double-blind basis, patients received either an additional 30 mg/day of zinc or control. Sixty-one hospitalized elderly aged 66.7 to 105.8, with a mini-nutritional assessment score between 17 and 24 were enrolled. Activities of daily living; dietary intakes; serum IGF-I, IGF-BP3, CrossLapsTM, osteocalcin and zinc were measured before and after 1, 2 and 4 weeks of protein supplementation. Serum IGF-I rapidly increased in both groups. Zinc accelerated this increase with changes of +48.2 +/- 14.3 and +22.4 +/- 4.7% (p < .05) by 1 week, in the zinc-supplemented and control groups, respectively. Zinc significantly decreased the serum bone resorption marker CrossLapsTM by already 1 week. Activities of daily living improved by +27.0 +/- 3.1 and +18.3 +/- 4.5% in zinc-supplemented and control groups, respectively. In the elderly, zinc supplementation accelerated the serum IGF-I response to EAA-W protein by 1 week and decreased a biochemical marker of bone resorption.",PubMed,https://pubmed.ncbi.nlm.nih.gov/19536417/,doi:10.1007/s12603-009-0099-5,include_title_abs,Potential eligible RCT at title/abstract stage,B_secondary_fulltext,"Frailty RCT candidate, setting or delivery less directly Indian-primary-care relevant"
19473453,,10.1111/j.1532-5415.2009.02257.x,Low parathyroid hormone levels in bedridden geriatric patients with vitamin D deficiency.,Björkman MP; Sorva AJ; Risteli J; Tilvis RS,2009,Journal of the American Geriatrics Society,"To identify the clinical conditions associated with low parathyroid hormone (PTH) in patients with vitamin D deficiency and to evaluate the stability of the blunted PTH response to vitamin D deficiency over 6 months. Secondary analysis of a randomized double-blind controlled vitamin D supplementation trial. Four long-term care hospitals in Helsinki, Finland. Two hundred eighteen chronically bedridden patients. Plasma 25-hydroxyvitamin D (25-OHD), intact PTH, amino-terminal propeptide of type I procollagen (PINP), carboxy-terminal telopeptide of type I collagen (ICTP), activities of daily living (ADLs), and body mass index (BMI) were measured at baseline and at 6 months. Patient records were reviewed for demographic data. PTH was within reference values (8-73 ng/L) despite low 25-OHD level (<50 nmol/L) in 74.8% (n=163) of patients (mean age 84.5+/-7.5). Patients in the lowest PTH quartile (<38 ng/L) were characterized by a history of hip fractures (OR=2.9, P=0.01), low BMI (OR=0.9, P=.02), and high ICTP (OR=1.1, P=.03). PTH remained within reference values even after 6 months in 76.2% of the patients with persistent vitamin D deficiency in the placebo group. The absence of secondary hyperparathyroidism seems to be common and persistent in frail chronically bedridden patients with vitamin D deficiency. Attenuated parathyroid function appears to be associated with immobilization that causes accelerated bone resorption. Further studies addressing the possible adverse effects of low PTH are warranted.",PubMed,https://pubmed.ncbi.nlm.nih.gov/19473453/,doi:10.1111/j.1532-5415.2009.02257.x,include_title_abs,Potential eligible RCT at title/abstract stage,B_secondary_fulltext,"Frailty RCT candidate, setting or delivery less directly Indian-primary-care relevant"
37569055,PMC10418993,10.3390/ijerph20156515,"Assessing Motor Function in Frail Older Adults in Their Home Settings: Challenges, Strategies and Recommendations.",Yin L; Caceres M; Skowronski J; Muramatsu N,2023,International journal of environmental research and public health,"Assessing motor competence is essential for evaluating the effectiveness of physical activity interventions that aim to maintain or improve older adults' function. However, assessing motor competence in older adults who have difficulties walking or standing is challenging, because few instruments or guidelines are appropriate for these frail older adults. This article aims to describe challenges in evaluating motor function among frail older adults, discuss strategies for adapting motor function assessments to their home settings, and provide recommendations for future clinical trials so that older adults with ambulatory difficulties can benefit from motor function assessment and physical activity programs. Data came from the baseline assessment of 116 participants of an ongoing clinical trial, ""Promoting Seniors' Health with Home Care Aides (Pro-Home)"". Our results demonstrated that the Pro-Home study involved participants who would be typically excluded from clinical trials and that the two instruments selected or developed for Pro-Home (Short Physical Performance Battery, Pro-Home Ankle Range of Motion Measure) captured a wide range of lower extremity motor competence with no or few missing data. Recommendations for future studies include knowing the target population thoroughly, developing trust and rapport with all parties involved, and continuously collaborating with interviewers who conduct assessments.",PubMed,https://pubmed.ncbi.nlm.nih.gov/37569055/,doi:10.3390/ijerph20156515,include_title_abs,Potential eligible RCT at title/abstract stage,B_secondary_fulltext,"Frailty RCT candidate, setting or delivery less directly Indian-primary-care relevant"
30774322,PMC6352872,10.2147/CIA.S187534,Investigating dose-response effects of multimodal exercise programs on health-related quality of life in older adults.,Kaushal N; Langlois F; Desjardins-Crépeau L; Hagger MS; Bherer L,2019,Clinical interventions in aging,"Older adults are at risk of multiple chronic diseases, most of which could be prevented by engaging in regular physical activity. Frailty is a state of increased vulnerability to diseases. Worsening symptoms of frailty, such as decrease in physical functionality, can compromise health-related quality of life (HR-QOL). Previous findings suggest that frailty moderates the relationship between physical activity and HR-QOL, yet intervention findings are limited, particularly in dose-response analyses. Hence, this study was conducted to test if lower-dose physical activity (120 minutes/week) would provide the same benefits in health outcomes (physical functionality and HR-QOL) as higher-dose physical activity (180 minutes/week). Participants (n=110) were older adults comprising higher-dose, lower-dose, and control groups who were combined from recent randomized controlled trials. Experimental groups participated in a multimodal exercise program in a supervised laboratory setting for 12 weeks. The higher-dose group showed a significant improvement in physical functionality (β=0.23, P=0.03) and in overall HR-QOL (β=0.44, P=0.001) including its subcategories over the control group. A group × frailty interaction revealed that frail individuals significantly improved in capacity HR-QOL when they exercised at a higher dose (F (1, 49)=4.57, P=0.038). This study identifies a positive, predictive relationship between exercise duration and health outcomes (HR-QOL dimensions and frailty) among older adults. Frail individuals in the higher-dose group demonstrated significant recovery of capacity HR-QOL, thus reflecting improvement in their daily activities.",PubMed,https://pubmed.ncbi.nlm.nih.gov/30774322/,doi:10.2147/cia.s187534,include_title_abs,Potential eligible RCT at title/abstract stage,B_secondary_fulltext,"Frailty RCT candidate, setting or delivery less directly Indian-primary-care relevant"
38261106,,10.1007/s00784-024-05507-7,Gingival bleeding as a predictor of handgrip strength-an observational study and a pilot randomized clinical trial.,Roth JVS; Guarenghi GG; Ferro RM; Valenga HM; Haas AN; Prates RC; Steffens JP,2024,Clinical oral investigations,"The aim of this study was to (i) assess the association between self-reported periodontal disease and gingival bleeding as predictors of handgrip strength (HGS) in the elderly and (ii) evaluate the impact of baseline periodontal clinical parameters on the improvement of HGS in trained or non-trained treated periodontitis patients. For (i), cross-sectional data from the Brazilian Longitudinal Study of Aging were retrieved and association between HGS (dependent variable) and self-reported gingival bleeding, periodontal disease, and missing teeth was analyzed using multiple linear regressions. For (ii), a pilot study was conducted with 17 patients randomly allocated to two groups-physical training or non-training-and followed for 45 days after subgingival instrumentation. Clinical parameters and HGS were recorded before and after treatment. The observational study showed a significant association between HGS and tooth loss, edentulism and gingival bleeding. The clinical trial showed that baseline bleeding on probing, but not other parameters, was associated with delta HGS. Taken together, our findings suggest that gingival bleeding could act as a predictor of handgrip strength and its improvement after non-surgical periodontal therapy. Gingival bleeding, either as self-perceived or clinically detected, may impact handgrip strength, an important marker of muscle frailty and mortality.",PubMed,https://pubmed.ncbi.nlm.nih.gov/38261106/,doi:10.1007/s00784-024-05507-7,include_title_abs,Potential eligible RCT at title/abstract stage,B_secondary_fulltext,"Frailty RCT candidate, setting or delivery less directly Indian-primary-care relevant"
15842989,,10.1016/j.amjcard.2005.01.031,Effect of a seated exercise program to improve physical function and health status in frail patients > or = 70 years of age with heart failure.,Witham MD; Gray JM; Argo IS; Johnston DW; Struthers AD; McMurdo ME,2005,The American journal of cardiology,"Eighty-two patients aged > or = 70 years with heart failure were randomized to a gentle, seated exercise program or to usual care. Six-minute walk distance and quality of life did not change between groups, but daily activity as measured by accelerometry increased in the exercise group relative to the control group.",PubMed,https://pubmed.ncbi.nlm.nih.gov/15842989/,doi:10.1016/j.amjcard.2005.01.031,include_title_abs,Potential eligible RCT at title/abstract stage,B_secondary_fulltext,"Frailty RCT candidate, setting or delivery less directly Indian-primary-care relevant"
39291487,PMC11681436,10.1161/JAHA.124.034366,Atrial Fibrillation Status and Physical Rehabilitation in Older Patients With Acute Decompensated Heart Failure: An Analysis From the REHAB-HF Trial.,Corsi DR; Dikdan S; Upadhyay N; Chen H; Kitzman DW; Mentz R; Whellan DJ; Frisch DR,2024,Journal of the American Heart Association,"The REHAB-HF (Rehabilitation Therapy in Older Acute Heart Failure Patients) trial demonstrated that a transitional, tailored, progressive rehabilitation intervention improved physical function, 6-minute walk distance, frailty, quality-of-life, and depression in older patients hospitalized for acute decompensated heart failure. This analysis assessed the impact of atrial fibrillation (AF) on intervention benefits. Of 349 enrolled patients hospitalized for acute decompensated heart failure (mean age 72.7±8.1 years), 176 (50.4%) had AF. Participants were randomly assigned to 12-week rehabilitation intervention or attention control. The primary outcome was Short Physical Performance Battery score at 3 months. Participants with AF were older (74.4±8.3 versus 70.8±7.5, P<0.0001) and had higher prevalence of heart failure with preserved ejection fraction (58.5% versus 47.4%, P=0.037). Patients with and without AF had similar improvement in Short Physical Performance Battery score (mean difference between rehabilitation intervention and attention control, 1.5 [95% CI, 0.6-2.3] versus 1.5 [95% CI, 0.7-2.3]; P<0.001). Those with AF had significant improvement in 6-minute walk distance (all P<0.05) and each of the Short Physical Performance Battery domains: balance, 4-meter walk, and chair rise. Kansas City Cardiomyopathy Questionnaire score significantly improved in patients with AF (P<0.05) but not those without AF (P>0.05). Interaction P values for 3-month outcomes by AF status were not significant (P>0.1). No significant differences were observed in deaths, all-cause rehospitalizations, or heart failure hospitalizations at 6 months. In older, hospitalized patients with acute decompensated heart failure, the presence of AF did not significantly affect the benefit of the rehabilitation intervention on physical function and quality of life. The intervention appears safe and effective regardless of AF status. URL: https://www.clinicaltrials.gov; Unique Identifier: NCT02196038.",PubMed,https://pubmed.ncbi.nlm.nih.gov/39291487/,doi:10.1161/jaha.124.034366,include_title_abs,Potential eligible RCT at title/abstract stage,B_secondary_fulltext,"Frailty RCT candidate, setting or delivery less directly Indian-primary-care relevant"
26810442,,10.1016/j.jamda.2015.12.005,"Effects on Weight, Blood Lipids, Serum Fatty Acid Profile and Coagulation by an Energy-Dense Formula to Older Care Residents: A Randomized Controlled Crossover Trial.",Tylner S; Cederholm T; Faxén-Irving G,2016,Journal of the American Medical Directors Association,"Dietary intake in frail old adults is often lower than estimated needs. The aim of this study was to evaluate the effects of an energy-dense oral supplement on nutritional status, food intake, and physical function in residents living in care residential homes. Randomized controlled intervention trial with a crossover design. Five care residential homes in the southern Stockholm area. Older people living at care residential homes: age 65 or older, malnourished or at risk of malnutrition according to Mini Nutritional Assessment-Short Form (MNA-SF). Energy-dense formula (oleic and linoleic acid emulsion enriched with protein and micronutrients) (Calogen Extra, Nutricia) 30 mL distributed 3 times daily for 6 weeks. Body weight, 3-day food and fluid record, appetite rating, and physical function (ie, Short Physical Performance Battery, grip strength, and peak expiratory flow). Biochemical indicators of nutritional status, blood lipids, and serum phospholipid fatty acid (FA) profile. Twenty-eight participants completed the 2 phases of the crossover study; group A (n = 14, 87 ± 6 years, 50% women) and group B (n = 14, 82 ± 8 years, 71% women). The intervention periods combined resulted in significantly (P < .05) increased energy intake (238 ± 544 kcal), weight gain (1.4 ± 3.7 kg), improved appetite, relative reduction of saturated FA and increase in polyunsaturated FA, increased apoliporotein A, and reduced serum fibrinogen (-0.9 ± 1.5 g/L). Distribution of an oleic and linoleic acid based fat emulsion enriched with protein and micronutrients (Calogen Extra) 3 times daily to old people in care residential homes improved nutritional status, had positive effects on fatty acid profile and blood lipids, and a potential antithrombotic effect. CLINICALTRIALS. NCT01259999.",PubMed,https://pubmed.ncbi.nlm.nih.gov/26810442/,doi:10.1016/j.jamda.2015.12.005,include_title_abs,Potential eligible RCT at title/abstract stage,B_secondary_fulltext,"Frailty RCT candidate, setting or delivery less directly Indian-primary-care relevant"
11250664,,,Does low lactose milk powder improve the nutritional intake and nutritional status of frail older Chinese people living in nursing homes?,Kwok T; Woo J; Kwan M,2001,"The journal of nutrition, health & aging","Malnutrition is prevalent among nursing home residents in Hong Kong. Nutrient dense oral supplements and yoghurt are unpopular among the Chinese older people because of their unfamiliar tastes and relatively high costs. Vitamin and mineral supplements do not address the problem of protein calorie undernutrition. Milk powder may be a suitable alternative supplement, but diarrhoea resulting from lactase deficiency is common in Chinese people. We hypothesized that a low lactose milk powder would be better tolerated in Chinese nursing home residents and result in improvement in nutritional intake without reducing habitual intake. Forty-seven residents were randomized to receive milk powder twice daily, or no supplement for seven weeks. Twenty-four hour food record, body weight, upper limb skinfold thicknesses and midarm circumference, grip strength, Barthel Index, and abbreviated mental test score were carried out at baseline and at seven weeks. The overall compliance was nearly 100%, and no subjects developed diarrhoea. Compared with controls, milk supplementation increased intake of calcium, vitamin D, vitamin A, riboflavin and potassium. There was no significant reduction in habitual dietary intake in supplemented subjects. There was a trend of weight gain in supplemented subjects, though this did not reach statistical significance. There was no change in handgrip strength, mental function and disability level. The study shows that low lactose milk powder is a well-accepted nutritional supplement without reducing habitual dietary intake.",PubMed,https://pubmed.ncbi.nlm.nih.gov/11250664/,pmid:11250664,include_title_abs,Potential eligible RCT at title/abstract stage,B_secondary_fulltext,"Frailty RCT candidate, setting or delivery less directly Indian-primary-care relevant"
39074514,,10.1016/j.diabres.2024.111797,Disability and Quality of Life Measures in older frail and prefrail people with type 2 diabetes. The MIDFRAIL-Study.,Sinclair AJ; Laosa O; Antonio Carnicero J; Rodriguez-Mañas L; Álvarez-Bustos A; MIDFRAIL consortium,2024,Diabetes research and clinical practice,"To explore the individual response to a multimodal intervention on quality of life (QOL) and disability. 843 (77.83 years, 50.65 % men) prefrail and frail individuals ≥ 70 years with type 2 diabetes mellitus. Participants were randomized to the usual care group (UCG) or the multicomponent intervention (IG). Intervention consisted in 16-week progressive resistance training program, 7 educational sessions and the achievement of HbA1c (7-8 %, 53-64 mmol/mol)) and BP (<150 mmHg) targets. QOL (EuroQol EQ-5D-5L), basic (Barthel Index, BI) and instrumental (Lawton and Brody Index) activities of daily living (ADL) were assessed. Multivariate binomial and multinomial logistic regression models were used to explore the effect of the IG, and adherence on the outcomes studied. The IG was associated with a significant higher probability of improvement in the QOL [OR(95 %CI): 1.75 (1.20, 2.54), p-value 0.004] and a lower probability of deterioration in QoL [0.61 (0.87, 0.54), 0.006] and Barthel Index [0.59 (0.37, 0.93), 0.023]. A high adherence (≥93 %) was needed to achieve benefits in the QOL while > 84.38 % was needed for achieving the benefits in Barthel Index. IG has proven to be effective in increasing QOL and avoiding the worsening of QOL and basic ADL.",PubMed,https://pubmed.ncbi.nlm.nih.gov/39074514/,doi:10.1016/j.diabres.2024.111797,include_title_abs,Potential eligible RCT at title/abstract stage,B_secondary_fulltext,"Frailty RCT candidate, setting or delivery less directly Indian-primary-care relevant"
39284334,,10.1016/j.lanhl.2024.07.004,"Effect of frailty on effectiveness and safety of GLP-1 receptor agonists versus SGLT2 inhibitors in people with type 2 diabetes in Taiwan: a retrospective, nationwide, longitudinal study.",Hsiao FY; Tan EC; Meng LC; Lin YC; Chen HM; Guan ST; Tarng DC; Wang CY; Chen LK,2024,The lancet. Healthy longevity,"GLP-1 receptor agonists and SGLT2 inhibitors are increasingly being used in people with type 2 diabetes on the basis of findings from randomised clinical trials; however, little is known of whether clinical outcomes are affected by frailty in real-world settings. We aimed to compare the clinical effectiveness and safety of GLP-1 receptor agonists and SGLT2 inhibitors in managing type 2 diabetes, with a specific focus on stratifying people by their frailty status. In this retrospective, nationwide, longitudinal study, we identified people (aged ≥20 years) with type 2 diabetes who newly initiated either a GLP-1 receptor agonist or an SGLT2 inhibitor during the period Jan 1, 2017 to Dec 31, 2019 from the Taiwan National Health Insurance database. Individuals were excluded if they had been diagnosed with cancer, received dialysis for kidney failure, or had prescriptions for a GLP-1 receptor agonist or an SGLT2 inhibitor, within 1 year before the index date. Mortality data were collected from the Taiwan National Death Registry. Eligible individuals were categorised into three frailty subgroups-fit, mild frailty, and moderate or severe frailty-on the basis of the multimorbidity frailty index. Propensity score matching (1:1) was used to balance covariates between recipients of GLP-1 receptor agonists and SGLT2 inhibitors among each frailty subgroup. Clinical outcomes of interest included three-point major adverse cardiovascular events (non-fatal acute myocardial infarction, non-fatal stroke, and fatal cardiovascular disease), all-cause mortality, hospitalisation for heart failure, dialysis or renal transplant, severe diabetic foot complications, retinopathy, hospitalisation for severe hyperglycaemia, and hospitalisation for severe hypoglycaemia. The association between the use of a GLP-1 receptor agonist versus an SGLT2 inhibitor and the risk of the outcomes of interest among each frailty subgroup was examined using a subdistribution hazard model. We identified 320 210 people with type 2 diabetes, of whom 280 163 met the eligibility criteria, who initiated either a GLP-1 receptor agonist (n=22 968; mean age 57·7 years [SD 13·9], 11 338 [49·4%] were female, and 11 630 [50·6%] were male) or SGLT2 inhibitor (n=257 195; mean age 58·8 years [12·3], 107 988 [42·0%] were female, and 149 207 [58·0%] were male) during 2017-19. After matching, 11 882, 7210, and 3414 pairs of GLP-1 receptor agonist and SGLT2 inhibitor users were assigned in the fit, mild frailty, and moderate or severe frailty subgroups. All clinical outcomes were comparable between users of GLP-1 receptor agonists and SGLT2 inhibitors among each frailty subgroup, except for a higher risk of hospitalisation for severe hyperglycaemia with GLP-1 receptor agonists than with SGLT2 inhibitors in the mild frailty subgroup (subdistribution hazard ratio 1·25 [95% CI 1·13-1·38]; p<0·0001) and a higher risk of dialysis or renal transplant with GLP-1 receptor agonists than with SGLT2 inhibitors in the fit (2·43 [1·82-3·23]; p<0·0001), mild frailty (3·93 [3·03 -5·09]; p<0·0001), and moderate or severe frailty (2·60 [2·03-3·31]; p<0·0001) subgroups. Formulating clear and updated guidelines on the use of GLP-1 receptor agonists and SGLT2 inhibitors according to frailty status could improve management of type 2 diabetes. Ministry of Education, Taiwan.",PubMed,https://pubmed.ncbi.nlm.nih.gov/39284334/,doi:10.1016/j.lanhl.2024.07.004,include_title_abs,Potential eligible RCT at title/abstract stage,B_secondary_fulltext,"Frailty RCT candidate, setting or delivery less directly Indian-primary-care relevant"
28323342,PMC5555807,10.1111/jgs.14876,Inflammatory Markers and Frailty in Long-Term Care Residents.,Langmann GA; Perera S; Ferchak MA; Nace DA; Resnick NM; Greenspan SL,2017,Journal of the American Geriatrics Society,"To determine whether proinflammatory biomarkers are associated with frailty assessed according to functional status, mobility, mental health, and falls over 24 months. Secondary analysis of a 2-year double-blind clinical trial for osteoporosis. Nursing homes and assisted living facilities. Women aged 65 and older with osteoporosis in long-term care (LTC) (N = 178). Baseline serum concentrations of proinflammatory cytokines and soluble receptors (high sensitivity C-reactive protein (hs-CRP), tumor necrosis factor alpha (TNFα) and its two receptors (TNFα-R1 and TNFα-R2), interleukin-6 (IL-6), soluble IL-6 receptor (sIL-6R), IL-10), functional status assessed according to activities of daily living, the Nursing Home Physical Performance Test, gait speed, cognitive status, mental health, and falls. At baseline, older age was moderately associated with higher serum concentrations of hs-CRP (correlation coefficient (r) = 0.22), TNFα-R1 (r = 0.36), TNFα-R2 (r = 0.34), and IL-10 (r = 0.16) (all P < .05). Frail participants had significantly higher hs-CRP, TNFα-R1, TNFα-R2, IL-6, and IL-6-sR levels (all P < .05) than those nonfrail participants. Higher baseline hs-CRP and IL-6 levels were associated with worse physical performance and gait speed at 12 months independent of age, zoledronic acid use, and comorbidity (|r| = 0.25-0.30; all P < .05). Inflammatory markers were not significantly associated with incident falls. Higher proinflammatory biomarker levels are associated with frailty and poorer function and mobility in older women residing in LTC facilities.",PubMed,https://pubmed.ncbi.nlm.nih.gov/28323342/,doi:10.1111/jgs.14876,include_title_abs,Potential eligible RCT at title/abstract stage,B_secondary_fulltext,"Frailty RCT candidate, setting or delivery less directly Indian-primary-care relevant"
33809731,PMC8002307,10.3390/jcm10061236,"Effect of Inpatient and Outpatient Pneumonia on Mobility Disability, Gait Speed, and Physical Activity in Older Adults.",Brown J; Sato R; Morley JE,2021,Journal of clinical medicine,"Pathophysiological changes caused by pneumonia may influence physical functioning in older adults. This study was a secondary analysis of the Lifestyle Interventions and Independence for Elders (LIFE) Study. The LIFE Study included 1635 individuals over an average follow-up of 2.6 years at eight clinical sites during 2010-2013. Adults ≥70 years-old with mobility limitations (Short Physical Performance Battery score ≤9) were randomized to a physical activity (exercise) intervention or health education control arm. This analysis evaluated the association between pneumonia events and major mobility disability (MMD), gait speed, and physical activity levels. Pneumonia events, classified as inpatient or outpatient, were assessed by self-report during longitudinal follow-up. MMD was measured by the inability to complete a 400-m walk test, or other proxies, as a binary outcome and separately analyzed as ""short-term"" and ""long-term"" MMD. Short-term MMD was defined as MMD occurring in the assessment period immediately following (between 1-day to 6-months after) a pneumonia event and long-term was in the following assessment period (6 to 12 months after the event). Short- and long-term gait speed was similarly recorded during the walk test in meters per second (m/s) and measured on a linear scale. Physical activity levels were captured via accelerometry and shown visually. Mixed-effects repeated measures regression adjusted for intervention assignment, baseline demographics, comorbid conditions, and frailty. Among the 1635 participants, n = 174 (10.7%) had a pneumonia event of which 80 (46% of events) were hospitalized. Those with pneumonia during follow-up had higher baseline medication use, prior hospitalizations, and higher prevalence of lung disorders but similar baseline functioning. Pneumonia hospitalization was associated with a 4-fold increase [OR = 4.1 (3.2-5.0)] and outpatient events were associated with a 2-fold increase [OR = 2.6 (2.1-3.1)] in the odds of short-term MMD. Pneumonia hospitalizations, but not outpatient events, were associated with a nearly 10% decrement in short-term gait speed. Pneumonia events were not associated with either long-term MMD or gait speed outcomes. Physical activity levels decreased from baseline immediately following the pneumonia episode (10-30% reductions) and returned to baseline after 6 months. These results emphasize the importance of managing pneumonia risk factors to prevent disease in order to maintain physical independence and activity in older adults.",PubMed,https://pubmed.ncbi.nlm.nih.gov/33809731/,doi:10.3390/jcm10061236,include_title_abs,Potential eligible RCT at title/abstract stage,B_secondary_fulltext,"Frailty RCT candidate, setting or delivery less directly Indian-primary-care relevant"
18693230,PMC2656911,10.1093/gerona/63.7.745,"Variation in response to a home intervention to support daily function by age, race, sex, and education.",Gitlin LN; Winter L; Dennis MP; Hauck WW,2008,"The journals of gerontology. Series A, Biological sciences and medical sciences","Functional difficulty is associated with increased frailty and poor life quality, with the oldest old, women, African Americans, and less educated persons at greatest risk of disablement. This study examines whether these at-risk groups benefit differentially from an in-home intervention previously found to effectively reduce functional difficulties. Three hundred nineteen community-living, functionally vulnerable adults 70 years old or older were randomized to usual care or an intervention involving occupational and physical therapy home instruction in problem solving, device use, energy conservation, safety, fall recovery, balance, and muscle strengthening. Outcome measures at 6 and 12 months included difficulty level in ambulation, instrumental (IADLs) and activities of daily living (ADLs), self-efficacy, and fear of falling. At 6 months, for ADLs, individuals > or =80 years (p =.022), women (p =.036), and less educated persons (p =.028) improved compared to their control group counterparts. For mobility, women (p =.048) and the oldest participants (p =.001) improved relative to their counterparts. For self-efficacy, women (p =.036) benefited more than men. For fear of falling, less educated persons improved more than their counterparts (p =.001). A similar pattern was found at 12 months. For IADLs, whites improved more than non-whites at 12 months. Treatment benefits varied by specific participant characteristics, with individuals at greatest disability risk being most responsive to the intervention. Both white and minority participants benefited similarly except in IADL functioning. Future research should control for participant characteristics, identify underlying mechanisms for variation in treatment effects, and tailor treatment to patient characteristics and desired outcomes.",PubMed,https://pubmed.ncbi.nlm.nih.gov/18693230/,doi:10.1093/gerona/63.7.745,include_title_abs,Potential eligible RCT at title/abstract stage,B_secondary_fulltext,"Frailty RCT candidate, setting or delivery less directly Indian-primary-care relevant"
33907242,PMC8079365,10.1038/s41598-021-88455-6,"Low serum klotho concentration is associated with worse cognition, psychological components of frailty, dependence, and falls in nursing home residents.",Sanz B; Arrieta H; Rezola-Pardo C; Fernández-Atutxa A; Garin-Balerdi J; Arizaga N; Rodriguez-Larrad A; Irazusta J,2021,Scientific reports,"Serum alpha-klotho (s-klotho) protein has been linked with lifespan, and low concentrations of s-klotho have been associated with worse physical and cognitive outcomes. Although its significance in aging remains unclear, s-klotho has been proposed as a molecular biomarker of frailty and dependence. This study is a secondary analysis of data from a clinical trial performed in a population of 103 older individuals living in 10 nursing homes in Gipuzkoa (Spain). We aimed to elucidate associations between s-klotho (as measured by enzyme-linked immunosorbent assay) and body composition, physical fitness, and cognition, as well as frailty and dependence (determined using validated tests and scales). In addition, we investigated the association of s-klotho concentration with falls in the six months following the initial assessment. Low s-klotho levels were associated with a lower score in the psychological component of the Tilburg Frailty Indicator, a worse score in the Coding Wechsler Adult Intelligence Scale, and a greater dependence in activities of daily living. Moreover, participants with lower s-klotho concentrations suffered more falls during the 6 months after the assessment. Future translational research should aim to validate klotho's putative role as a biomarker that could identify the risk of aging-related adverse events in clinical practice.",PubMed,https://pubmed.ncbi.nlm.nih.gov/33907242/,doi:10.1038/s41598-021-88455-6,include_title_abs,Potential eligible RCT at title/abstract stage,B_secondary_fulltext,"Frailty RCT candidate, setting or delivery less directly Indian-primary-care relevant"
