pmid,doi,title,year,journal,url,priority_reason,abstract,screen_decision,fulltext_priority,round2_decision,round2_reason,setting_code,component_code,high_confidence_decision,high_confidence_reason,intervention_node_prelim
41677077,10.1111/acel.70376,A Multidomain Lifestyle Intervention Is Associated With Improved Functional Trajectories and Favorable Changes in Epigenetic Aging Markers in Frail Older Adults: A Randomized Controlled Trial.,2026,Aging cell,https://pubmed.ncbi.nlm.nih.gov/41677077/,Community/primary-care frailty RCT candidate,"Frailty emerges as the intermediate stage preceding disability, but there is a gap in molecular signatures for early detection of subclinical cellular changes, which could help predict frailty onset or the effectiveness of interventions. In this randomized, controlled study, we assessed phenotypical and functional changes in frail individuals before and after a 6-month multidomain lifestyle intervention (nutritional supplement and supervised exercise) vs habitual care. We also analyzed whole-blood methylome, including five epigenetic clocks, a DNA methylation-based telomere length estimator, and the Rate of Epigenetic Aging (REA). Between October 2019 and July 2022, we recruited 47 frail, community-dwelling individuals in Spain. Mean age was 80.2 years (SD 3.1) in the control group (CG; n = 19) and 80.5 years (4.3) in the intervention group (IG; n = 28). Compared with the CG, a significant reduction in frailty, assessed by the SHARE-FI score, was observed in the IG (p < 0.0001). The IG also showed improved grip strength (p = 0.0053), gait speed (p = 0.0125), the Tinetti score (p = 0.0031), and Barthel Index (p = 0.0484). The intervention was also associated with statistically significant improvements in nutritional blood markers, indicators of biological aging, including reduced DNAm PhenoAge (p = 0.0253) and preserved telomere length (p = 0.0246). REA using DNAm PhenoAge indicated an acceleration of epigenetic aging in the CG (p = 0.0300). Other epigenetic clocks showed nonsignificant changes. Our findings suggest potential geroprotective effects of a multidomain intervention and indicate that DNAm PhenoAge and methylation-based telomere length may serve as complementary markers for assessing health span-related changes in frail older adults. Trial Registration: This trial was retrospectively registered: NCT06975540.",include_title_abs,A_primary_fulltext,extraction_candidate,Peer-reviewed community/home/primary-care frailty RCT candidate with relevant outcome,community,resistance;nutrition;multidomain,extract_now,High-confidence community/home/primary-care frailty RCT candidate,multidomain_exercise_nutrition
41757200,10.64898/2026.02.12.26346203,A multi-layered approach to elucidate mechanisms of physical function in response to rehabilitation in heart failure with preserved ejection fraction.,2026,medRxiv : the preprint server for health sciences,https://pubmed.ncbi.nlm.nih.gov/41757200/,Implementation-relevant frailty RCT candidate,"Heart failure with preserved ejection fraction (HFpEF) is an increasingly common cause of morbidity and mortality in older adults that is driven by cardiac and non-cardiac mechanisms. Physical rehabilitation improves frailty and functional capacity in HFpEF, though underlying mechanisms remain less clear. We quantified >5,000 circulating proteins across two randomized clinical trials of rehabilitation in HFpEF (REHAB-HF, SECRET-II), identifying proteins associated with prognostic measures of physical function (short physical performance battery, 6-minute walk distance) and protein changes after rehabilitation. Using an artificial intelligence (AI)-enabled multiplex network analysis (MENTOR-IA), we identified biologically plausible networks central to this ""physical function proteome,"" including endothelial remodeling, mitochondrial metabolism, calcium handling, and immune modulation. Expression of prioritized proteins at the transcriptional level localized to heart, skeletal muscle, and brain tissue, with several cognate transcripts implicated in frailty via tissue-specific transcriptome-wide genetic association studies. In addition, using novel human genetic approaches, we implicated select proteins as mediating tissue-specific genetic effects on frailty. These findings motivated us to construct multi-protein signatures of physical function, which correlated with functional changes observed with rehabilitation in REHAB-HF and SECRET-II and that were associated with heart failure and multi-dimensional clinical outcomes in >26,000 individuals. These findings collectively delineate a multi-system molecular program underlying physical function impairment and rehabilitation response in HFpEF, offering insights into potential precision risk estimators and therapeutic targets for surveillance and promotion of physiologic resilience.",include_title_abs,A_primary_fulltext,exclude_or_hold,Preprint; not eligible for IJMR primary evidence unless later peer-reviewed,unclear,nutrition;digital_home,exclude_before_extraction,"Disease-specific, post-acute or hospital rehabilitation population",nutrition_only
41696082,10.1177/20552076261425399,A structured hybrid exercise programme for pre-frail older adults in primary care: A feasibility and pilot study.,2026,Digital health,https://pubmed.ncbi.nlm.nih.gov/41696082/,Community/primary-care frailty RCT candidate,"Pre-frailty is prevalent and linked to diminished physical function and heightened healthcare needs. This study explored feasibility and preliminary effects of a structured 12-week exercise programme for pre-frail older adults and its impact on physical performance. A multi-centre, prospective quasi-experimental study with single-arm pre-post design was conducted from April 2022 to September 2023 across four regional primary care clinics in Singapore. Participants aged ≥65 years, with Clinical Frailty Scale (CFS) score of 3 or 4, were enrolled in a 12-week program consisting of nine supervised in-person and three asynchronous remote exercise sessions (via pre-recorded videos). Each session lasted one hour and targeted functional strength, balance, mobility, and endurance. Primary feasibility outcomes included recruitment, retention, adherence, fidelity, satisfaction, and safety; clinical outcomes were considered secondary. Physical performance was assessed using Short Physical Performance Battery (SPPB), 30-Seconds Sit-to-Stand (30CST), and handgrip dynamometry at baseline and at 3 months (post-intervention). Changes in physical activity levels were evaluated using interviewer-administered International Physical Activity Questionnaire-Short Form (IPAQ-SF) at baseline, 6 months, and 12 months. Of 227 eligible participants, 162 started the programme (attended ≥1 session), and 139 completed the 3-month follow-up. The recruitment rate was 71.4%, and the retention rate was 85.8% (139/162) among those who started. The program achieved overall 81.9% average attendance rate across 12 sessions, with 64% of participants attending at least 10 sessions. Participants demonstrated an increase in SPPB scores (mean: +0.76 points; 95% CI: 0.48-1.04; p < 0.001) and in 30CST repetitions (mean: +2.82; 95% CI: 2.27-3.41; p < 0.001) from pre- to post- intervention. Female participants showed improved right-hand grip strength (mean: +0.65 kg; 95% CI: 0.16-1.14; p = 0.010), although male grip strength did not significantly change. No significant increase in total physical activity was observed at 6 or 12 months (IPAQ category shifts: p = 0.136 and 0.050 respectively), despite a positive trend towards higher activity levels. All respondents expressed satisfaction with the overall programme, and 93% were satisfied with the remote sessions. No exercise-related adverse events occurred. Qualitative feedback highlighted improved confidence and social engagement as added benefits. The structured hybrid exercise program was feasible in a primary care setting and associated with improvements in physical function among community-dwelling pre-frail older adults. Feasibility was demonstrated through strong attendance, completion rates and participant satisfaction. Despite no significant change in self-reported physical activity, the combination of in-person supervision and home-based exercise appears promising for scalable pre-frailty management. This pilot study's positive findings support further evaluation in a controlled trial and suggest that such hybrid models can be implemented to engage pre-frail seniors in regular exercise.",include_title_abs,A_primary_fulltext,extraction_candidate,Peer-reviewed community/home/primary-care frailty RCT candidate with relevant outcome,primary_care,resistance;balance;aerobic_walking;digital_home,exclude_before_extraction,Protocol/design/baseline paper,exercise_only
41691463,10.1093/gerona/glag034,Benefits of oral nitrite supplementation on mitochondrial respiration and physical function in older adults.,2026,"The journals of gerontology. Series A, Biological sciences and medical sciences",https://pubmed.ncbi.nlm.nih.gov/41691463/,Community/primary-care frailty RCT candidate,"Age-associated decline in mitochondrial oxidative capacity is associated with increased risk of disease, frailty, and disability. Oral nitrite and nitrate supplementation have been demonstrated to improve mitochondrial energetics and physical function in younger adults, but effects in older adults (age ≥70 years) remain unclear. We conducted a randomized, placebo-controlled, double-blind, two-arm trial with a parallel group design to examine the effect of 20 mg sodium nitrite supplements administered three times a day for 12 weeks versus placebo in older (age ≥70 years) sedentary adults. Change in muscle mitochondrial respiration (complex I and II supported maximal oxidative phosphorylation [CI&II MaxOXPHOS]) was the primary outcome. Platelet bioenergetics, cardiorespiratory fitness, and other physical function measures were also assessed. Sixty-four adults (75.7 ± 5.7 years) completed the trial. Nitrite supplementation was not associated with improvements in skeletal muscle mitochondrial respiration, nor improvements in exercise capacity and physical function. However, platelet mitochondrial respiration changed significantly following an acute dose of oral nitrite. Notably, while nitrite levels increased 16- to 30-fold in plasma following an acute dose, levels increased only 1.6-fold in skeletal muscle. The divergent response of skeletal muscle versus platelet mitochondrial respiration in response to nitrite supplementation suggests tissue-specific pharmacokinetics and pharmacodynamics that likely impact the efficacy of nitrite supplementation. Results also suggest there may be age-related changes in drug delivery, metabolism, and mitochondrial responsiveness compared to the effects of nitrite/nitrate previously demonstrated in younger adults. Clinical Trial Registration Number: ClinicalTrials.gov NCT04405180.",include_title_abs,A_primary_fulltext,extraction_candidate,Peer-reviewed community/home/primary-care frailty RCT candidate with relevant outcome,unclear,nutrition,exclude_before_extraction,Not a pragmatic frailty intervention for Indian primary care,nutrition_only
41748043,10.1016/j.exger.2026.113079,Effect of bedrest on the human gut and oral microbiome: implications for frailty.,2026,Experimental gerontology,https://pubmed.ncbi.nlm.nih.gov/41748043/,Community/primary-care frailty RCT candidate,"The physiological effects of spaceflight resemble those of ageing and prolonged inactivity, and ground-based microgravity analogs have emerged as promising models for studying frailty. The human microbiome is increasingly recognised for its role in age-associated decline, although precise mechanisms remain unclear. Here, we evaluate the gut and oral microbiomes of twenty-two participants, aged 55-65, who were enrolled in a head-down tilt bedrest (HDBR) study, the first Canadian HDBR study conducted in an older cohort. Participants were randomly assigned to an inactivity or multi-modality exercise intervention group for fourteen days of HDBR, followed by seven days of rehabilitation and additional follow-up appointments. Gut (n = 343) and oral (n = 344) taxonomic profiles were generated using V4-V5 16S rRNA gene sequencing from fecal and salivary samples collected throughout the study. Gut functional profiles were generated using metagenomic (n = 86) data, used for pathway inference, and metabolomic (n = 83) data. Frailty was measured using a 36-item frailty index. Inactivity-associated changes to the gut microbiome during HDBR included decreasing α-diversity, decreasing Akkermansia and Lactobacillus, and increasing Bacteroides. Exercise-associated changes included increasing gut Roseburia. Both gut and oral β-diversity were associated with frailty scores and individual frailty components. We conclude that inactivity-associated changes to the human microbiome are associated with the early stages of frailty development, and that exercise may serve as an effective countermeasure against these effects. These results may inform strategies to preserve the health of both older adults facing prolonged periods of inactivity, as well as astronauts during longer space exploration missions.",include_title_abs,A_primary_fulltext,extraction_candidate,Peer-reviewed community/home/primary-care frailty RCT candidate with relevant outcome,unclear,digital_home,exclude_before_extraction,Not a pragmatic frailty intervention for Indian primary care,digital_home_unclear_intervention
42010888,10.1113/EP093501,"Effect of repeated hot water immersion on muscle strength, power, function and physical activity in healthy older adults: A randomised crossover trial.",2026,Experimental physiology,https://pubmed.ncbi.nlm.nih.gov/42010888/,Community/primary-care frailty RCT candidate,"Ageing leads to an increased prevalence of sarcopenia and frailty, characterised by progressive declines in muscle strength, power and function and reduced physical activity. Hot water immersion (HWI) could potentially improve muscle function, but this is yet to be explored in older adults. Twelve middle-aged to older adults completed a randomised, controlled, crossover trial (ClinicalTrials.gov ID NCT05618197), undergoing assessments before and after a 6-week HWI intervention (two to three 60-min HWIs per week) or control condition with a 6-week washout between study arms. During HWIs, body position was adjusted to maintain rectal temperature at 38.5-39.0°C. Pre- and post-intervention and control measurements of peripheral muscle strength (isokinetic and handgrip dynamometry), lower body power and functional performance (Short Physical Performance Battery consisting of balance, walking and sit to stand tests with motion and external force capture) and physical activity (accelerometry) were taken. Repeated HWI had no effect on the primary outcome peak quadriceps torque (P = 0.127, η2 p = 0.125; n = 7), whilst grip strength increased in the control arm (P = 0.004) and decreased post-intervention compared to control (P = 0.039). SPPB total and component scores, lower body power, gait measures and physical activity levels were unchanged (all P > 0.05). Repeated HWI under the conditions employed did not improve strength, power, lower extremity function or physical activity levels in this cohort, and does not appear to be an effective method to improve indices of muscle function in healthy older adults.",include_title_abs,A_primary_fulltext,extraction_candidate,Peer-reviewed community/home/primary-care frailty RCT candidate with relevant outcome,unclear,resistance;balance;aerobic_walking;digital_home,exclude_before_extraction,Not a pragmatic frailty intervention for Indian primary care,exercise_only
41513837,10.1038/s43856-025-01361-0,Effects of an oral exercise intervention on pre-frailty or frailty in older people: a randomized clinical trial.,2026,Communications medicine,https://pubmed.ncbi.nlm.nih.gov/41513837/,Community/primary-care frailty RCT candidate,"Frailty is often experienced by older adults, which can lead to long-term health problems. We aimed to examine associations with improvements in nutritional status, sarcopenia (age-related loss of skeletal muscle mass and strength), and frailty in four groups with different oral exercise frequencies. We conducted a prospective, parallel multi-arm randomized controlled trial (Japan Registry of Clinical Trials (jRCT) 1062210063) to test the effects of oral exercise on frailty in older adults. Each intervention consisted of a standardized oral exercise protocol including neck exercises, lip exercises, and tongue movements, designed to improve oral function and reduce frailty. The primary outcome was the change in the number of frailty criteria from baseline to follow-up. Individuals aged ≥60 years were screened for frailty status using standardized criteria at the Department of Preventive Dentistry at Okayama University Hospital between October 2022 and December 2023. Those identified as pre-frailty or frailty were eligible and enrolled in the study. After screening 60 individuals, 58 eligible participants were randomly assigned using block randomization to one of four oral exercise frequency groups: 3 times/day & everyday, 3 times/day & 3 days/week, once/day & everyday, and once/day & 3 days/week. A two-way repeated measures analysis of variance was used to evaluate the impact of the four frequencies of oral exercise methods on frailty in older adults. Outcome assessors were blinded; participants were not. Here we show the results of the 58 participants. Group sizes are: 3 times/day & everyday (n = 14), 3 times/day & 3 days/week (n = 15), once/day & everyday (n = 14), once/day & 3 days/week (n = 15). The trial is completed as planned, and all randomized participants are analyzed. The main effect of time is significant for the number of frailty criteria (F = 14.803, p < 0.001, partial eta squared = 0.215). The mean changes from baseline to follow-up are -0.357 (95% Confidence Interval -0.787 to 0.073) in the 3 times/day & everyday group, -0.600 (95% Confidence Interval -1.255 to 0.055) in the 3 times/day & 3 days/week group, -0.571 (95% Confidence Interval -1.379 to 0.236) in the once/day & everyday group, and -0.600 (95% Confidence Interval -1.008 to -0.192) in the once/day & 3 days/week group. The main effect of time is also significant for the number of oral hypofunction criteria (F = 16.456, p < 0.001, partial eta squared = 0.234). No important adverse events or side effects related to the intervention were observed. After conducting oral exercises for 3 months on older adults with pre-frailty or frailty, improvements in frailty are observed. Overall, these exercises could be a simple, low-cost way to support healthy aging in the community.",include_title_abs,A_primary_fulltext,extraction_candidate,Peer-reviewed community/home/primary-care frailty RCT candidate with relevant outcome,community,resistance;nutrition,exclude_before_extraction,Protocol/design/baseline paper,exercise_plus_nutrition
41786620,10.1093/ptj/pzag020,Effects of home-based cardiac rehabilitation integrated in the cardiac care bridge transitional care program on the physical functioning of older patients who are frail: secondary analysis of a randomized trial.,2026,Physical therapy,https://pubmed.ncbi.nlm.nih.gov/41786620/,Implementation-relevant frailty RCT candidate,"Older patients hospitalized for cardiovascular disease (CVD) are at risk of physical function decline and adverse health outcomes. Cardiac rehabilitation (CR) improves physical functioning but is underutilized by older patients. Home-based CR potentially improves utilization, yet its effectiveness in older patients who are frail remains understudied. The objective of this study was to investigate the effects of a transitional-care integrated home-based CR program on physical functioning in older patients who are frail after CVD hospitalization. This was a prespecified secondary analysis of physical functioning at the 6-month follow-up in the cardiac care bridge multicenter randomized trial. A home-based setting was used. The study participants were patients who were frail and ≥70 years old after CVD hospitalization. The intervention was transitional care followed by physical therapist led home-based CR and community nurse visits. The primary physical function outcome was the Short Physical Performance Battery (SPPB) in cases with complete follow-up data. Secondary outcomes included the 2-min step test, grip strength, and Amsterdam Linear Disability Scale. Sensitivity analyses included an intention-to-treat analysis by multiple imputation of the full cohort. In total, 85 of 153 participants in the intervention group and 85 of 153 participants in the control group were analyzed (mean age = 82.6 [SD = 6.3] years; 46% men; median of 2 [interquartile range = 1-4] comorbidities). At the 6-month follow-up, more participants in the intervention group than in the control group demonstrated SPPB improvement (61% vs 51%) or maintenance (29% vs 12%), and fewer deteriorated (11% vs 37%). The mean SPPB values at 6 months were 6.3 (SD = 0.3) and 5.5 (SD = 0.2), respectively, with a mean difference of 0.8 (95% CI = 0.0-1.6), favoring the intervention group. No between-group differences were observed in the 2-min step test, grip strength, or Amsterdam Linear Disability Scale. Among older patients who were frail and had CVD, a comprehensive transitional-care program with integrated home-based CR resulted in clinically relevant improvements in physical functioning. The results substantiate the effectiveness of home-based CR in older patients who are frail and have CVD.",include_title_abs,A_primary_fulltext,secondary_setting,Hospital/post-acute/residential setting; not primary Indian primary-care scope,hospital_or_postacute,resistance;digital_home,exclude_before_extraction,Setting outside primary community/home/outpatient scope,exercise_only
42004413,10.1016/j.jarlif.2026.100069,Effects of multicomponent exercise on frailty in older adults with type 2 diabetes: Differential responses by metabolic frailty phenotype.,2026,JAR life,https://pubmed.ncbi.nlm.nih.gov/42004413/,Community/primary-care frailty RCT candidate,"Frailty in older adults with type 2 diabetes mellitus (T2DM) is metabolically heterogeneous, but whether multicomponent exercise (MCE) produces phenotype-specific functional benefit remains unclear. We asked two linked clinical questions: does a supervised 24-week MCE program improve physical function and frailty versus usual care, and are those effects modified by metabolic frailty phenotype (anorexic-malnourished [AM] phenotype vs sarcopenic-obese [SO] phenotype)? In this 24-week, phenotype-stratified, parallel-group randomized controlled trial, 146 community-dwelling adults aged ≥65 years with long-standing T2DM and frailty/pre-frailty who met predefined AM or SO criteria were randomized within phenotype to supervised MCE or usual care (AM-Control/MCE 31; SO-Control/MCE 42). Co-primary outcomes were Short Physical Performance Battery (SPPB) score and Fried frailty phenotype count. Key secondary outcomes were 4-m gait speed, five-chair-stand time, and grip strength. Covariate-adjusted generalized estimating equation models of change from baseline to 12 and 24 weeks included intervention, phenotype, visit, and all interactions, and adjusted for baseline outcome, age, sex, BMI, baseline HbA1c, metformin, SGLT2 inhibitor, GLP-1RA, insulin, diabetic retinopathy, diabetic peripheral neuropathy, chronic kidney disease stage ≥3, and hypertension. Benjamini-Hochberg false-discovery-rate correction was applied across functional outcome comparisons. Arm-level baseline balance was good overall, whereas AM and SO were intentionally distinct at baseline in adiposity, nutrition, glycemia, inflammation, and insulin resistance. Compared with usual care, MCE improved all functional outcomes at both follow-up visits. At 24 weeks, adjusted MCE-control differences were +1.14 points for SPPB (95 % CI 0.99 to 1.28), -0.64 for Fried count (95 % CI -0.77 to -0.51), +0.111 m/s for gait speed (95 % CI 0.095 to 0.127), -1.42 s for chair-stand time (95 % CI -1.70 to -1.14), and +0.94 kg for grip strength (95 % CI 0.72 to 1.16); all BH q < 0.001. Treatment-by-phenotype interactions at 24 weeks favored SO for SPPB (+0.50 points, 95 % CI 0.22 to 0.79; q = 0.005), gait speed (+0.048 m/s, 95 % CI 0.016 to 0.080; q = 0.012), and chair-stand time (-0.82 s, 95 % CI -1.37 to -0.27; q = 0.012), whereas the Fried-count interaction was not significant. A supervised 24-week MCE program improved physical function and frailty in older adults with T2DM and frailty/pre-frailty. Functional gains were larger in the SO than AM phenotype for several performance-based outcomes, suggesting phenotype-dependent responsiveness. Because this trial deliberately focused on two endpoint phenotypes and excluded intermediate presentations, the findings should be interpreted as clinically informative but not definitive for phenotype-guided care. Registered prospectively in the Chinese Clinical Trial Registry (ChiCTR), a WHO ICTRP primary registry (registration no ChiCTR2400090109; http://www.chictr.org.cn/), on 24 September 2024, before enrollment.",include_title_abs,A_primary_fulltext,extraction_candidate,Peer-reviewed community/home/primary-care frailty RCT candidate with relevant outcome,community,resistance;balance;multicomponent_exercise;nutrition;digital_home,extract_now,High-confidence community/home/primary-care frailty RCT candidate,exercise_plus_nutrition
42066553,10.1016/j.ijnurstu.2026.105549,"Effects of pickleball on pre-frailty, physical fitness, 24-hour movement behaviors, and quality of life in older adults: A randomized controlled trial.",2026,International journal of nursing studies,https://pubmed.ncbi.nlm.nih.gov/42066553/,Community/primary-care frailty RCT candidate,"Pre-frailty is a high-risk state prevalent in older adults, representing a critical window for intervention. Pickleball, a popular paddle sport, offers a unique blend of physical activity and social engagement, but its efficacy in reversing pre-frailty remains understudied. This study aimed to investigate the effects of an 8-week pickleball training program on pre-frailty, physical fitness, 24-hour movement behaviors, and quality of life in community-dwelling older adults. 72 older adults [age: median (interquartile range) = 67 (5)] with pre-frailty were randomly assigned to either a pickleball intervention group (n = 36) or a control group (n = 36). The pickleball group participated in supervised 8-week pickleball sessions, while the control group maintained their usual lifestyle. Outcomes included frailty status, functional fitness, 24-hour movement behaviors (assessed using accelerometers and compositional data analysis), and quality of life. Analyses followed an intention-to-treat principle with multiple imputation for missing data. Between-group differences in pre-frailty reversal rates were assessed using Fisher's exact test and absolute recovery increase. Generalized estimating equation models were used to evaluate Group × Time interactions for outcomes. After 8 weeks, 42% of the pickleball group transitioned from pre-frailty to non-frailty, compared to 8% in the control group (p < 0.001). Statistically significant improvements were observed in functional fitness, including the 30-second chair stand [β = 4.89, p < 0.001], 30-second arm curl [β = 3.70, p < 0.001], back scratch [β = 3.27, p = 0.003], and 6-minute walk distance [β = 31.10, p = 0.041]. Quality of life improved for both physical [β = 2.37, p = 0.040] and mental health scores [β = 4.83, p = 0.001]. Compositional data analysis showed a favorable shift in movement behaviors, with reduced sedentary time [β = -37.19, p = 0.028] and increased light physical activity [β = 17.43, p = 0.033] in the pickleball group. An 8-week pickleball intervention effectively reversed pre-frailty, improved functional fitness, and enhanced quality of life. These findings suggest pickleball as a promising exercise for preventing frailty and promoting healthy aging. Chinese Clinical Trial Registry ChiCTR2500098832. Registered March 13, 2025.",include_title_abs,A_primary_fulltext,extraction_candidate,Peer-reviewed community/home/primary-care frailty RCT candidate with relevant outcome,community,multidomain,extract_now,High-confidence community/home/primary-care frailty RCT candidate,multidomain
41456342,10.1111/jgs.70266,Efficacy of a Multicomponent Intervention for Frailty or Physical Function in Prefrail or Frail Older Adults: FRAILMERIT Multicenter Clinical Trial.,2026,Journal of the American Geriatrics Society,https://pubmed.ncbi.nlm.nih.gov/41456342/,Community/primary-care frailty RCT candidate,"Frailty is a common condition in community-dwelling older adults with high health and socioeconomic implications. However, primary care-led randomized trials have been scarcely tested. Multicenter cluster randomized clinical trial. Two hundred and seventy-three community-dwelling older adults recruited from 12 Spanish primary care centers. independence in basic activities of daily living and either prefrailty/frailty using the frailty phenotype or gait speed < 0.8 m/s. Participants were randomized 1:1 by clusters to the intervention or the control group, each cluster being a different primary care center. Physical exercise program, nutritional recommendations, and frailty training to primary care professionals. Interventions were conducted based on the guidelines of the ""Consensus document on the prevention of frailty in older adults,"" updated in 2022, from the Spanish Health Ministry. Usual care. Improvement in one category of the frailty phenotype or one point in the Short Physical Performance Battery (SPPB) at 12 and 32 weeks. under Intention-to-treat analysis was conducted. Mean age 78.1 years, 68.4% female. 25.7% were frail and 74.3% prefrail or with a gait speed lower than 0.8 m/s. The percentage of participants improving the main outcome at week 12 for the intervention and control groups were 70.4% and 49.5%, respectively, absolute risk reduction (ARR) 20.9% (95% confidence interval [CI] 7.3%-34.5%; p < 0.01; n = 191), number needed to treat (NNT) 4.8 (95% CI 2.9-13.6). At 32 weeks of follow-up 81.7% and 51.9% of the intervention and control group improved, respectively, ARR 29.8% (95% CI 13.8%-45.7%; p < 0.001; n = 134), NNT 3.4 (95% CI 2.2-7.2). A primary care-led intervention consisting of a physical exercise program, nutritional recommendations, and training in frailty was feasible and effective for improving frailty status or physical function in community-dwelling older adults with prefrailty or frailty. clinicaltrial.gov: NCT05002439 (18/JUN/2021).",include_title_abs,A_primary_fulltext,extraction_candidate,Peer-reviewed community/home/primary-care frailty RCT candidate with relevant outcome,primary_care,multicomponent_exercise;nutrition,exclude_before_extraction,Review/consensus paper,exercise_plus_nutrition
41658611,10.3389/fmed.2026.1755508,"Feasibility and acceptability of a remotely delivered, home-based ""exercise snacking"" to improve physical function in community-dwelling older adults: a 28-day pilot study.",2026,Frontiers in medicine,https://pubmed.ncbi.nlm.nih.gov/41658611/,Community/primary-care frailty RCT candidate,"Age-related declines in muscle strength and physical function increase the risk of frailty, falls, and loss of independence in older adults. Traditional structured exercise programs often have low participation because of time constraints, limited access to facilities, and health-related barriers. ""Exercise snacking"" defined as brief bouts of resistance exercise accumulated across the day, may offer a more flexible and feasible option. In this 28-day pilot randomized controlled trial, 36 community-dwelling older adults aged 65-80 years were randomly assigned to a home-based ""exercise snacking"" (ES) group (n = 18) or a control group (n = 18). The ES group performed two daily bouts of a five-exercise, chair- and body weight based resistance circuit (~9 min per bout), remotely supervised via smartphone video submission, while controls continued their usual activities. Feasibility was assessed by retention and adherence (completed vs. prescribed sessions), and acceptability by a five-point Likert scale and semi-structured interviews. Physical function outcomes included the Short Physical Performance Battery [SPPB; 4-m walk, five-times sit-to-stand (5-STS), and a balance test], as well as the 60-s sit-to-stand (60 s-STS) and timed up and go (TUG) tests. Two-way repeated-measures analysis of variance and partial η2 was used to explore preliminary intervention effects. Thirty-three participants (ES = 16, control = 17) completed follow-up (retention 88.9%). Among ES completers, mean adherence was 89.1%, with 49.9 ± 3.7 of 56 prescribed sessions completed. Acceptability was high (mean enjoyment 4.3/5), and 88.9% of participants reported intending to continue similar exercises independently. One minor adverse event (plantar fasciitis) and four mild musculoskeletal incidents were recorded, none leading to withdrawal. Compared with controls, the ES group showed significant improvements in SPPB total score, five-STS time, 4-m walk time, TUG time, and 60 s-STS repetitions, all with large effect sizes, while balance scores remained stable in both groups. A remotely delivered, home-based ""exercise snacking"" program appears feasible, acceptable, and safe for community-dwelling older adults and elicits meaningful short-term improvements in lower-limb strength and endurance, and gait speed. These findings support exercise snacking as a practical, low-burden strategy to counteract functional decline in aging populations and warrant larger, longer-term trials.",include_title_abs,A_primary_fulltext,extraction_candidate,Peer-reviewed community/home/primary-care frailty RCT candidate with relevant outcome,home,resistance;balance;aerobic_walking;digital_home,extract_now,High-confidence community/home/primary-care frailty RCT candidate,exercise_only
41805014,10.1177/1096620X261430172,Fermented Whey Protein Supplement Slows the Progression of Frailty and Sarcopenia Among Older Korean Adults: A Randomized Blinded Trial.,2026,Journal of medicinal food,https://pubmed.ncbi.nlm.nih.gov/41805014/,Community/primary-care frailty RCT candidate,"As the global population ages, frailty and sarcopenia have emerged as pressing public health challenges due to their impact on functional decline and increased health care burden. This study assessed the efficacy of lactic acid bacteria-fermented whey protein (LAB-FWP) supplementation for improving physical function and nutritional markers in community-dwelling older Korean adults. A total of 45 individuals aged 65 years and older (body mass index 18.5-30) who had not used protein supplements in the prior 6 months were enrolled in a 10-week, randomized, blinded trial. Participants were assigned to either the intervention group (n = 22), which received 38 g/day of LAB-FWP, or the control group (n = 23), which received a taste- and texture-matched dextrin placebo. The intervention group demonstrated significant improvements in physical performance, including an increase in electronic Short Physical Performance Battery (eSPPB) scores (P = .034) and hand grip strength (P = .043). Nutritional biomarkers also improved markedly: dietary vitamin D intake increased from 2.2 to 11.6 µg, calcium intake from 280.9 to 566.7 mg, and magnesium intake from 135.5 to 316.3 mg (all P < .001). Compared with controls, the intervention group showed greater gains in skeletal muscle mass index (Δ = 1.5, P = .004) and eSPPB scores (Δ = 1.4, P = .017). Regression analysis revealed that physical function was positively associated with improvements in nutrition. Daily supplementation with LAB-FWP led to clinically meaningful enhancements in both functional capacity and nutritional status, suggesting its potential as a practical strategy to mitigate age-related frailty and sarcopenia.",include_title_abs,A_primary_fulltext,extraction_candidate,Peer-reviewed community/home/primary-care frailty RCT candidate with relevant outcome,community,resistance;nutrition,extract_now,High-confidence community/home/primary-care frailty RCT candidate,exercise_plus_nutrition
42131895,10.1002/jcsm.70306,Home-Based Intervention to Prevent Functional Decline in (Pre)frail Older Adults: The PromeTheus Randomized Controlled Trial.,2026,"Journal of cachexia, sarcopenia and muscle",https://pubmed.ncbi.nlm.nih.gov/42131895/,Community/primary-care frailty RCT candidate,"Older adults with (pre)frailty are vulnerable to deteriorations in physical functioning, mobility and independence. Evidence for frailty interventions utilizing existing services within primary healthcare structure is limited. The PromeTheus trial aimed to evaluate the effectiveness of a home-based, multifactorial, interdisciplinary intervention to prevent functional and mobility decline in (pre)frail older adults. In this multicentre, assessor-blinded, randomized controlled trial, 385 community-dwelling (pre)frail older adults (clinical frailty scale 4-6, ≥ 70 years) were randomly allocated (1:1) into the intervention group (IG: n = 196) or control group (CG: n = 189). The IG underwent the PromeTheus programme for 12 months, which included an obligatory unsupervised home-based physical exercise programme and facultative counselling services (person-environment fit, nutrition and coping with everyday life), implemented through existing healthcare services and referral to community group activities. The CG received usual care. The first primary outcome was the function component of the Late-Life Function and Disability Instrument (LLFDI-FC) after 12 months; Life-Space Assessment (LSA) served as the second primary outcome. Secondary outcomes included participation (short-form LLFDI disability component, LLFDI-DC), frailty status, physical capacity (Short Physical Performance Battery, SPPB) and fall rate. Data analyses followed the intention-to-treat principle. An exploratory stratified analysis according to baseline physical capacity (SPPB ≤ 6 points [n = 210] vs. SPPB > 6 points [n = 175]) was also conducted. Participants had a mean age of 81.2 ± 5.9 years, with 73.5% (n = 283) being female. At the 12-month follow-up, a significant between-group difference in favour of the IG was observed for the change in the LLFDI-FC (1.38 points, 95% confidence interval [CI] 0.08, 2.68) but not for the change in the LSA (0.49 points, 95% CI -3.65, 4.64). Change in frailty status (odds ratio for being in a 'better' change status 1.72, 95% CI 1.11, 2.64) and SPPB (0.58 points, 95% CI 0.10, 1.05) also showed significant between-group differences in favour of the IG. The intervention did not affect the short form LLFDI-DC or fall rate (p = 0.055-0.689). The stratified analysis showed significant improvements in the LLFDI-FC, short-form LLFDI-DC (limitation), frailty status and SPPB (p = 0.002-0.020) in the IG compared to the CG for participants with SPPB ≤ 6 points but not for those with SPPB > 6 points. There were no study-related serious adverse events. The PromeTheus programme had positive effects on physical functioning, frailty status and physical capacity but not on life-space mobility and fall rate in community-dwelling (pre)frail older adults. Participants with lower baseline physical capacity may benefit more from the programme.",include_title_abs,A_primary_fulltext,extraction_candidate,Peer-reviewed community/home/primary-care frailty RCT candidate with relevant outcome,home,balance;nutrition;digital_home,extract_now,High-confidence community/home/primary-care frailty RCT candidate,exercise_plus_nutrition
41335421,10.1001/jamasurg.2025.5288,Home-Based Prehabilitation for Older Surgical Patients With Frailty: A Randomized Clinical Trial.,2026,JAMA surgery,https://pubmed.ncbi.nlm.nih.gov/41335421/,Implementation-relevant frailty RCT candidate,"Explanatory trials suggest that prehabilitation has efficacy in improving surgical outcomes. The effectiveness of offering home-based prehabilitation across multiple centers and for older adults with frailty remains unknown. To evaluate the effectiveness of offering coach-supported, home-based prehabilitation to older surgical patients with frailty. This study is a pragmatic, parallel-arm, multicenter randomized clinical trial with embedded qualitative assessment. Clinicians and assessors were fully blinded; participants were partially blinded in that the control arm received publicly available activity and nutritional guidelines. From March 2, 2020, to February 8, 2024, participants aged 60 years and older with frailty (Clinical Frailty Scale score ≥4) scheduled for elective, inpatient noncardiac surgery were recruited from surgeon's offices at 13 centers in Canada. Data analysis was completed from October 3, 2024, to December 5, 2024. Assignment to a home-based, multimodal program of exercise and personalized nutritional recommendations, remotely supported by coaches using a theory-based approach to enhance adherence. The coprimary outcomes were patient-reported disability 30 days after surgery using the World Health Organization Disability Assessment Schedule 2.0 and the incidence of any postoperative complication during the surgical hospitalization. Barriers to adherence were identified using the Theoretical Domains Framework. Secondary outcomes were intervention-attributable safety events, health-related quality of life, survival, falls, complication severity, activities of daily living, length of stay, discharge disposition, lower limb function, and readmission. Analysis was by mixed-effects regression, adjusting for stratification and prespecified prognostic factors. Of 992 eligible participants, 847 (85.4%) were randomized (423 to prehabilitation and 424 to usual care), and 705 participants had their planned surgery (353 in the prehabilitation group and 352 in the usual care group). A total of 452 participants (53.4%) were female, and mean (SD) participant age was 71.7 (7.1) years. A median (IQR) of 4 weeks (3-7) of prehabilitation enrollment was achieved. Preoperative safety outcomes did not differ between groups. Participants assigned to prehabilitation reported a mean (SD) postoperative disability score of 23.5 (21.8) compared to 24.7 (23.8) for usual care (adjusted mean difference, -1.4; 97.5% CI, -4.9 to 2.0; P = .36). Complications occurred in 177 participants (50.1%) assigned to prehabilitation and 168 control participants (47.7%) (adjusted odds ratio, 1.05; 97.5% CI, 0.73-1.49; P = .78). Participants completing more than 75% of prescribed exercises reported significantly lower disability scores with prehabilitation (mean difference, -4.9; 97.5% CI, -9.8 to -0.01; P = .02), but there was no significant difference in complications (odds ratio, 1.06; 97.5% CI, 0.67-1.67; P = .79). Primary barriers to adherence were competing priorities and motivation. In this randomized clinical trial among older adults with frailty scheduled for surgery, assignment to home-based prehabilitation before surgery did not improve postoperative disability scores or reduce complications. ClinicalTrials.gov Identifier: NCT04221295.",include_title_abs,A_primary_fulltext,secondary_setting,Hospital/post-acute/residential setting; not primary Indian primary-care scope,hospital_or_postacute,balance;nutrition;digital_home,exclude_before_extraction,Review/consensus paper,exercise_plus_nutrition
41548385,10.1016/j.maturitas.2026.108832,Home-based exercise reduces fall risk in older adults with mild cognitive impairment who have sustained a hip fracture: A 6-month randomized controlled trial.,2026,Maturitas,https://pubmed.ncbi.nlm.nih.gov/41548385/,Community/primary-care frailty RCT candidate,"Falls cause more than 85% of hip fractures in older adults. Older adults with cognitive impairment have been largely excluded from research on people who have sustained a hip fracture. As a consequence, whether exercise reduces fall risk in this high-risk population is unknown. We address this gap by examining the effect of a home-based exercise program on fall risk in older adults with mild cognitive impairment after hip fracture. This was a 6-month randomized controlled trial comparing the effect of the Otago Exercise Program (OEP) versus standard care (SC) on fall risk measured with the Physiological Profile Assessment. Participants with mild cognitive impairment (Montreal Cognitive Assessment score <26/30 and no dementia) who sustained a hip fracture were included. Secondary outcomes included the Short Physical Performance Battery, gait speed, Digit Symbol Substitution Test, Rey Auditory Verbal Learning Test immediate and delayed recall, and Clinical Frailty Scale. Sixty participants, mean age 80 years (SD 7 years), were randomized (OEP, n = 30; SC, n = 30). At 6 months, compared with SC participants, OEP participants had significantly better Physiological Profile Assessment performance (estimated mean difference -0.73; 95% CI [-1.45, -0.11]; p = 0.048), delayed recall performance (estimated mean difference 1.11; 95% CI [0.14, 2.09]; p = 0.025), and Clinical Frailty scores (estimated mean difference -0.71; 95% CI [-1.40, -0.01]; p = 0.046). There were no effects of the intervention on other secondary outcomes at 6 months. The Otago Exercise Program was efficacious at reducing fall risk in older adults with mild cognitive impairment after hip fracture. Exercise also improved cognitive function and frailty, highlighting its critical role in recovery after hip fracture in this high-risk population.",include_title_abs,A_primary_fulltext,secondary_setting,Hospital/post-acute/residential setting; not primary Indian primary-care scope,hospital_or_postacute,balance;digital_home,exclude_before_extraction,"Disease-specific, post-acute or hospital rehabilitation population",exercise_only
41190491,10.1177/01939459251384714,Impacts of (Pre-)Social Frailty on the Effectiveness of a Theory-Driven Exercise Intervention Among Community-Dwelling (Pre-)Physically Frail Older Adults.,2026,Western journal of nursing research,https://pubmed.ncbi.nlm.nih.gov/41190491/,Community/primary-care frailty RCT candidate,"(Pre-)frailty is a state of heightened multidimensional vulnerability. Therein, (pre-)social frailty and (pre-)physical frailty are common subtypes, often coexisting and synergistically increasing risks of adverse outcomes. We aimed to compare the effectiveness of an exercise intervention among community-dwelling (pre-)physically frail older adults by baseline (pre-)social frailty status. This was a secondary analysis of a stepped-wedge cluster randomized trial evaluating a 12-week exercise intervention among 149 community-dwelling (pre-)physically frail older adults, with 3 follow-up visits at the 0-week, 12-week, and 24-week postintervention. Intervention effectiveness was examined within subgroups by baseline (pre-)social frailty status (non-[pre-]social frailty: n = 47; [pre-]social frailty: n = 102) using multilevel linear regression. The non-(pre-)social frailty group exhibited immediate and persistent treatment responses across most outcomes. The (pre-)social frailty group showed improvements in physical frailty (all time points), cognitive function (0-week postintervention), depressive symptoms (all time points), social frailty (score: 0-week and 12-week postintervention; status: all time points), and quality of life (physical: all time points, mental: 0-week and 12-week postintervention). The (pre-)social frailty group had greater immediate improvements in fear of falling, depressive symptoms, and social frailty scores and status than the non-(pre-)social frailty group, but their improvements in social frailty score were less persistent at the 24-week postintervention. Older adults with (pre-)physical frailty who had comorbid (pre-)social frailty experienced effective improvements in fewer outcomes and less persistent gains in certain outcomes than their counterparts. Interventions should incorporate social support components to ensure comprehensive and lasting effectiveness for this population. Chinese Clinical Trial Registry (ChiCTR2100041981).",include_title_abs,A_primary_fulltext,extraction_candidate,Peer-reviewed community/home/primary-care frailty RCT candidate with relevant outcome,community,balance,extract_now,High-confidence community/home/primary-care frailty RCT candidate,exercise_only
39731555,10.1080/07317115.2024.2447829,Impacts of Depressive Symptoms on the Effectiveness of a Theory-Driven Exercise Intervention Among Community-Dwelling (Pre)frail Older Adults.,2026,Clinical gerontologist,https://pubmed.ncbi.nlm.nih.gov/39731555/,Community/primary-care frailty RCT candidate,"To investigate whether baseline depressive symptoms impacted the effectiveness of an exercise intervention among (pre)frail older adults. This is a subanalysis of a stepped-wedge cluster randomized trial implementing an exercise intervention, with an application of the integration of the Health Belief Model, Theory of Planned Behavior, and Health Action Process Approach, among 149 community-dwelling (pre)frail older adults. The intervention effectiveness was examined by baseline depressive symptoms (depressive symptoms (n = 40) and non-depressive symptoms (n = 109). Intervention effects were observed among (pre)frail older adults regardless of baseline depressive symptoms on frailty, social function, as well as physical and mental quality of life (QoL). (Pre)frail people with depressive symptoms, compared to those without depressive symptoms, were likely to benefit more in muscle mass, muscle strength, lower extremity function, activities of daily living (ADLs), cognitive function, depressive symptoms, and physical QoL, but less in dynamic balance, instrumental ADLs (IADLs), and mental QoL. These findings implicate that cognitive and psychological strategies should be integrated into exercise interventions among (pre)frail people with depressive symptoms to improve their functional independence and well-being. Interventions that accommodate depressive symptoms may result in improved outcomes for (pre)frail people with depressive symptoms.",include_title_abs,A_primary_fulltext,extraction_candidate,Peer-reviewed community/home/primary-care frailty RCT candidate with relevant outcome,community,resistance;balance;digital_home,extract_now,High-confidence community/home/primary-care frailty RCT candidate,exercise_only
41860332,10.2196/77816,Leveraging Digital Health Technologies to Assess Older Adults' Frailty and Nutritional Status: Two Cross-Sectional Studies.,2026,JMIR aging,https://pubmed.ncbi.nlm.nih.gov/41860332/,Community/primary-care frailty RCT candidate,"With the rising prevalence of aging worldwide, there is a necessity for reliable and frequent assessments of older individuals' health status to manage and potentially prevent age-related complications. Digital health technologies (DHTs), such as wearable devices, provide an opportunity to gather objective, continuous, and unobtrusive measurements, enabling effective health management in everyday life. We aimed to evaluate the relationship between digital endpoints and frailty, nutritional status, and patient-reported outcomes (PROs) in older individuals, as well as quantified their compliance and comfort with DHTs. In two cross-sectional studies, namely the Geriatric Anorexia Studies 1 and 2, including three in-clinic visits and 2-3 weeks of at-home monitoring, 94 participants (mean age 72.98 years, SD 6.28 years) were stratified based on their frailty status (n=39, 41%, nonfrail; n=45, 48%, prefrail; and n=10, 11%, frail) and nutritional status (n=70, 74%, with normal nutrition and n=24, 26%, at risk for malnutrition), as assessed in a clinical setting using the Fried Frailty Score and the Simplified Nutritional Appetite Questionnaire, respectively. We remotely monitored older adults using different DHTs. At home, participants were monitored with a wrist accelerometer for physical activity, continuous glucose monitoring (CGM) for glucose concentration, a digital body scale for weight and body composition, and a digital nutritional scale for meal tracking. Compliance with devices was assessed via wear time and correct at-home usage, while comfort was evaluated using questionnaires. The association between digital endpoints and frailty/nutritional status was investigated via linear regression, followed by ANOVA, and the relationship between digital endpoints collected at home and PROs was evaluated via Spearman's ρ. Weight and body composition were also assessed during in-clinic visits with a research-grade scale, used to validate the at-home digital body scale measurements, via the intraclass correlation coefficient, Pearson's R, and Bland-Altman plots with mean bias. Physical activity digital endpoints collected at home were significantly different across frailty and nutritional groups and significantly correlated with self-reported appetite, fatigue, and physical function (eg, for mean daily activity in the maximum 60 minutes of activity, ρ=0.28, -0.23, and 0.47, respectively). More than 80% of participants reported that all devices were mostly to very acceptable to wear/use: 95% (88/93) for the body scale, 86% (43/50) for CGM, 80% (40/50) for the nutrition scale, and 91% (84/93) for the wrist accelerometer. Compliance ranged from 60% of monitoring days for the digital nutrition scale to 90% for the wrist accelerometer. Physical activity digital endpoints show clear prognostic significance for frailty and malnutrition in older individuals and reflect self-reported measures. DHTs can be reliably deployed at home for older individuals to measure their physical activity, weight and body composition, glucose concentration, and meal intakes, thus enabling patient-centric, data-centric clinical trials. ClinicalTrials.gov NCT04858932; https://clinicaltrials.gov/study/NCT04858932; ClinicalTrials.gov NCT05211973; https://clinicaltrials.gov/study/NCT05211973.",include_title_abs,A_primary_fulltext,extraction_candidate,Peer-reviewed community/home/primary-care frailty RCT candidate with relevant outcome,unclear,nutrition;digital_home,exclude_before_extraction,Non-randomized observational design,nutrition_only
41812966,10.1016/j.ahj.2026.107420,Physical rehabilitation for older patients with acute HFpEF (REHAB-HFpEF) trial: Design and rationale.,2026,American heart journal,https://pubmed.ncbi.nlm.nih.gov/41812966/,Implementation-relevant frailty RCT candidate,"Older patients hospitalized for acute decompensated heart failure with preserved ejection fraction (HFpEF) experience persistently poor outcomes, including physical disability, cognitive impairment, depression, impaired health-related quality of life (HRQOL), rehospitalizations, loss of independence, and mortality. In our previous phase 2 REHAB-HF trial, an innovative physical rehabilitation intervention, delivered across three phases-inpatient, 12-week outpatient, and 3-month home-based maintenance-produced large improvements in physical function and HRQOL, with signals of reduced clinical events among patients with acute HFpEF. These findings provide a compelling rationale for a definitive, event-powered trial to evaluate clinical outcomes. Targeting physical frailty and multisystem functional impairments using the REHAB-HF intervention-a transitional, tailored, structured, and progressive multidomain rehabilitation program focused on balance, mobility, strength, and endurance-will reduce clinical events in older, predominantly frail patients hospitalized for acute HFpEF. REHAB-HFpEF is a multicenter, randomized, single-blind, attention-controlled phase 3 trial across 22 U.S. health system centers, enrolling 880 patients aged ≥60 years hospitalized for acute HFpEF. The primary endpoint is combined all-cause rehospitalizations and mortality at 6 months. Key secondary endpoints include major mobility disability (defined as inability to walk ≥160 meters on the 6-minute walk test) and HRQOL measured by the Kansas City Cardiomyopathy Questionnaire. Healthcare costs will also be assessed. REHAB-HFpEF is designed to address care gaps for frail older adults with acute HFpEF, who currently lack an evidence-based rehabilitation pathway. If successful in meeting endpoints, this trial could establish a scalable rehabilitation intervention that improves recovery, reduces adverse events, and lowers healthcare costs. Findings may shift HF management paradigms, inform guidelines, and influence national coverage policy for this growing, high-risk population. Enrollment ongoing, 478 of 880 (66%) as of 24Feb2027. Clinicaltrials.gov ID NCT05525663, https://clinicaltrials.gov/study/NCT05525663?term=NCT05525663&rank=1.",include_title_abs,A_primary_fulltext,exclude,Protocol/design/baseline paper rather than outcome report,hospital_or_postacute,resistance;balance;aerobic_walking;digital_home;multidomain,exclude_before_extraction,Protocol/design/baseline paper,multidomain
41509872,10.1177/20552076251410995,South Korean study to prevent the progression of frailty and aging-related diseases using a digital multidomain intervention (SUPERAGING): Protocol of a feasibility pilot study.,2026,Digital health,https://pubmed.ncbi.nlm.nih.gov/41509872/,Community/primary-care frailty RCT candidate,"The rapid global aging trend has led to a substantial increase in the prevalence of frailty among older adults. We developed a mobile app-based multidomain intervention (MI) program as part of a South Korean study to prevent the progression of frailty and aging-related diseases using a digital MI (SUPERAGING). We aim to evaluate the feasibility of the SUPERAGING app-based intervention in prefrail or frail older adults. We will recruit 40 community-dwelling older adults aged 60 to 90 years classified as frail or prefrail according to the Modified Fried frailty criteria. Participants will be randomly assigned to intervention and control groups at a 1:1 ratio. The intervention group will receive a personalized program through the SUPERAGING digital platform, comprising four components: disease management, cognitive training, physical exercise and nutritional intervention for 16 weeks. The control group will receive standard lifestyle education only. The primary outcomes are adherence, retention, and recruitment rates. The main secondary outcomes are frailty, disability, cognitive function, physical performance, nutritional assessment, mood, quality of life, vascular risk factors, and occurrence of aging-related diseases. There will be an exploratory evaluation of biological aging markers. The intervention program will be considered feasible if the following success criteria are met: (a) a retention rate of 70% or higher, (b) an adherence rate of 70% or higher, and (c) a recruitment rate of 50% or higher. The results will provide information on the applicability of a MI using a mobile app targeting older adults with prefrailty or frailty. ClinicalTrials.gov identifier: NCT06891573. Registered on February 25, 2025.",include_title_abs,A_primary_fulltext,exclude,Protocol/design/baseline paper rather than outcome report,community,nutrition;digital_home;multidomain,exclude_before_extraction,Protocol/design/baseline paper,multidomain
41397660,10.1016/j.exger.2025.113002,Strength but not power training increases soluble alpha klotho levels in pre-frail older adults.,2026,Experimental gerontology,https://pubmed.ncbi.nlm.nih.gov/41397660/,Community/primary-care frailty RCT candidate,"Loss of physical function is a growing health concern in aging populations. Resistance training, including strength training (ST) and power training (PT), is the main therapeutic approach, yet evidence regarding the most effective modality remains inconsistent. Soluble alpha klotho (sαKL) is a protein increasingly recognized for its role in muscle function and may serve as a biomarker of training responsiveness due to its association with aging, muscle integrity, and exercise-induced adaptions. Therefore, we aimed to investigate whether ST and PT differentially influence sαKL levels in older adults. 69 prefrail, community-dwelling older adults (65-94 years) were randomly assigned to 12 weeks of ST, PT, or a control group (ClinicalTrials.gov: NCT00783159). In a post hoc analysis serum sαKL levels and physical performance measures before and after the intervention were analyzed. 23 participants were allocated to ST, 24 to PT and 22 to the control group. The participants had a mean age of 77 years, 70 % were female. There were no baseline differences between groups. Both ST and PT led to significant improvements in the Short Physical Performance Battery (SPPB) but only ST increased sαKL levels. Twelve weeks of ST, but not PT, significantly increased circulating sαKL levels in pre-frail older adults. Given the beneficial health effects of increased sαKL, these findings suggest that ST may offer additional biological advantages relevant to healthy aging. sαKL may serve as a promising biomarker for training-induced adaptions, but prospective trials are needed to confirm long-term effects and further clarify underlying mechanisms.",include_title_abs,A_primary_fulltext,extraction_candidate,Peer-reviewed community/home/primary-care frailty RCT candidate with relevant outcome,community,resistance;nutrition;digital_home,extract_now,High-confidence community/home/primary-care frailty RCT candidate,exercise_plus_nutrition
41485179,10.1007/s40520-025-03313-z,Swedish massage versus hip strengthening exercises for pain and function in older adults with knee osteoarthritis: a randomized controlled trial.,2026,Aging clinical and experimental research,https://pubmed.ncbi.nlm.nih.gov/41485179/,Community/primary-care frailty RCT candidate,"Knee osteoarthritis (KOA) is a progressive disease that impairs mobility and quality of life in older adults. To compare the effects of Swedish massage (SM) and hip strengthening exercises (HSE) versus control on pain, range of motion (ROM), and function in older adults with KOA. Seventy-five adults > 60 years with symptomatic KOA were randomized to SM, HSE, or control for 8 weeks of home-based intervention (3 sessions/week, 30 min each). Outcomes included pain, function, and ROM at baseline and week 8. Intention-to-treat analysis used ANCOVA adjusted for baseline values, with Bonferroni correction for two pre-specified comparisons (α = 0.025). Seventy participants completed the study (93.3%); adherence exceeded 85%. No serious adverse events occurred. Both active interventions significantly outperformed control across all outcomes. Compared with control, SM reduced VAS pain by an adjusted mean of 0.81 cm (95% CI 0.38–1.24, p < 0.001, d = 0.69) and HSE by 0.77 cm (95% CI 0.34–1.20, p < 0.001, d = 0.65). KOOS-ADL improved by 3.59 points with SM (95% CI 1.62–5.56, p < 0.001, d = 0.71) and 3.40 points with HSE (95% CI 1.43–5.37, p = 0.001, d = 0.67). Active knee flexion ROM increased by 3.42° (SM, p = 0.001, d = 0.73) and 3.69° (HSE, p < 0.001, d = 0.77) vs. control. This study shows SM and HSE as safe, feasible home-based options for pain relief in frail older adults with KOA. SM and HSE mitigate KOA pain, with SM uniquely enhancing daily function, supporting integration into clinical practice to promote independence and reduce healthcare burdens in aging populations. IRCT20150519022320N33 (August 12, 2023). The online version contains supplementary material available at 10.1007/s40520-025-03313-z.",include_title_abs,A_primary_fulltext,extraction_candidate,Peer-reviewed community/home/primary-care frailty RCT candidate with relevant outcome,home,resistance;nutrition;digital_home,exclude_before_extraction,Not a pragmatic frailty intervention for Indian primary care,exercise_plus_nutrition
41796126,10.1038/s41598-026-38989-4,The ActivLife exergame rehabilitation program improves functional abilities in pre-frail and frail older adults: a clinical trial.,2026,Scientific reports,https://pubmed.ncbi.nlm.nih.gov/41796126/,Community/primary-care frailty RCT candidate,"Frailty is a multidimensional vulnerability state characterized by diminished physiological reserve and heightened sensitivity to stressors, placing older adults at increased risk of decline in overall health, functional abilities, and independence. Recent research emphasizes that frailty syndrome therapy should be comprehensive, with multicomponent physical activity as first-line treatment. This study evaluated the effects of exercise-based video games (exergames) rehabilitation program on functional abilities in 111 older adults (aged 65–89, M = 75.15, SD = 5.86; females n = 80, 72.07%) at a primary care center in southwest Poland, categorized as frail, pre-frail, or robust according to the Fried frailty criteria. Participants completed a 6-week standardized training program using a Kinect-based ‘ActivLife’ rehabilitation platform. The intervention led to a modest but statistically significant reduction in overall frailty, with the mean Fried frailty score decreasing from 1.52 ± 1.38 to 1.39 ± 1.27 (p = 0.008). Notable improvements were observed across the frailty subgroups following the training program, with the pre-frailty subgroup showing the greatest benefits regarding muscle strength (Arm Curl Test: p = 0.023; 30-Second Chair Stand: p = 0.002), gait speed and endurance (2-Minute Step-in-Place: p < 0.001), and balance (8-Foot Up-and-Go: p = 0.001). Risk of falls, assessed by the Tinetti test, was significantly reduced in both frail (p = 0.008) and pre-frail (p = 0.013) participants. Overall, exergaming positively impacted frailty status and physical function, supporting the early use exergame interventions to enhance adherence and therapeutic outcomes in older adults. Trial registration: This study has been registered in the ClinicalTrials.gov database and has been assigned the ID NCT07036224. The online version contains supplementary material available at 10.1038/s41598-026-38989-4.",include_title_abs,A_primary_fulltext,extraction_candidate,Peer-reviewed community/home/primary-care frailty RCT candidate with relevant outcome,primary_care,resistance;balance;aerobic_walking;multicomponent_exercise;nutrition;digital_home,extract_now,High-confidence community/home/primary-care frailty RCT candidate,exercise_plus_nutrition
41386386,10.1016/j.exger.2025.112995,The effect of exercise and soy protein intake on physical frailty score improvement in community-dwelling elderly: a randomized controlled trial.,2026,Experimental gerontology,https://pubmed.ncbi.nlm.nih.gov/41386386/,Community/primary-care frailty RCT candidate,"This study examined the effects of combined exercise and nutrition interventions on physical frailty in community-dwelling older adults. A randomized controlled trial was conducted with 84 participants (68 women; mean age of 75.5 ± 6.3 years). Participants were assigned to either an exercise-only group or a combined exercise and nutrition group. The 3-month intervention included weekly 1-h exercise sessions (10 sessions total). Outcomes assessed were walking speed, limb skeletal muscle mass index, trunk muscle mass, grip strength, weight loss, fatigue, exercise habits, general cognitive function (Montreal Cognitive Assessment Japanese version, MoCA-J), and biochemical blood test data. Among the 84 participants, 77 (39 exercise-only, 38 exercise + nutrition group) were analyzed. Pre-post comparisons showed a main effect of physical frailty for both groups: 0.82 ± 0.79 pre-post and 0.51 ± 0.68 pre-intervention vs. post-intervention for the exercise group, and 0.82 ± 0.69 pre-post and 0.50 ± 0.60 post-post for the exercise+nutrition group. Walking speed was 1.27 ± 0.21 m/s pre and 1.29 ± 0.21 m/s post in the exercise group and 1.18 ± 0.19 m/s pre and 1.27 ± 0.19 m/s post in the exercise + nutrition group, showing a main effect and interaction effect. Other measures showed significant effects on limb skeletal muscle mass, trunk muscle mass, grip strength, and trunk muscle mass in both groups. Exercise intervention, with or without nutritional supplementation, significantly reduced physical frailty in older adults. Combining exercise with soy protein intake may improve short-term motor function and physical frailty.",include_title_abs,A_primary_fulltext,extraction_candidate,Peer-reviewed community/home/primary-care frailty RCT candidate with relevant outcome,community,resistance;aerobic_walking;multicomponent_exercise;nutrition,extract_now,High-confidence community/home/primary-care frailty RCT candidate,exercise_plus_nutrition
41580594,10.1186/s12877-025-06967-6,The effectiveness of a nation-wide implemented fall prevention intervention in the Netherlands in reducing falls and fall-related injuries among community-dwelling older adults with an increased risk of falls: a randomized controlled trial.,2026,BMC geriatrics,https://pubmed.ncbi.nlm.nih.gov/41580594/,Community/primary-care frailty RCT candidate,"Fall prevention programs have been proven effective in reducing falls and fall-related injuries in specific target groups and settings. However, implementing these programs on a larger scale often requires adjustments for feasibility. This study assessed the effectiveness of the nationally implemented In Balance fall prevention intervention compared to usual care in community-dwelling older adults. In this single-blinded randomized controlled trial, 264 non- and pre-frail adults of 65 years or older with an increased fall risk were recruited from eleven centers. The intervention group followed an adapted nation-wide 14-week group In Balance program, including educational sessions and Tai Chi-based balance and strength exercises, delivered by trained therapists. The control group received general physical activity recommendations. Primary outcomes were the number of falls and fall-related injuries over 12 months, recorded via fall diaries and follow-up calls. Secondary outcomes included balance, mobility, and general health. Data were analysed using generalized linear- and mixed-effects models, with multiple imputation for missing data. To obtain a difference in the number of falls per year between the intervention and control groups of 50%, 106 participants per group were required, increased to 264 to account for dropout. The mean age was 75.2 (SD 5.6) years in the intervention and 75.7 (SD 5.1) years in the control group (p > 0.05). The mean number of falls per person over 12 months was not statistically different between the intervention and control group (1.67 (SE 0.24) and 1.98 (0.37), respectively; incidence rate ratio 0.85 (95% CI 0.51–1.43)), nor the mean number of fall-related injuries (0.70 (SE 0.11) and 0.97 (0.18), respectively; incidence rate ratio 0.73 (95% CI 0.44–1.19)). Secondary outcomes also showed no significant differences between groups, frailty status and over time. Attendance averaged 15.5 of 24 sessions. The adapted In Balance program did not significantly reduce falls, injuries, or improve secondary outcomes compared to usual care. The implemented In Balance program appears to be less effective than a priori assumed, possibly due to limited adherence in practice or insufficient frequency and duration of the program. Research with human participants: NL9248 (registered February 13 2021, URL: https://www.onderzoekmetmensen.nl/nl/trial/26195). The online version contains supplementary material available at 10.1186/s12877-025-06967-6.",include_title_abs,A_primary_fulltext,extraction_candidate,Peer-reviewed community/home/primary-care frailty RCT candidate with relevant outcome,community,resistance;balance;mind_body;nutrition;digital_home,exclude_before_extraction,Review/consensus paper,exercise_plus_nutrition
41851641,10.1186/s12877-026-07275-3,"The role of sleep disorders in the motoric and cognitive trajectories of older physically frail sarcopenic and healthy active subjects: SOMNUS-DARE, a prospective cohort study.",2026,BMC geriatrics,https://pubmed.ncbi.nlm.nih.gov/41851641/,Community/primary-care frailty RCT candidate,"Sarcopenia, altered bone and systemic metabolism, physical frailty and cognitive decline are age-dependent and interrelated phenomena. Sleep disorders which are erroneously considered as part of the aging process might be the unifying underlying mechanism of accelerated aging. It is well-known that impaired sleep health could predict neurodegeneration and functional decline. However, in current clinical practice, sleep disorders are not routinely screened and only a minority of cases require second-tier specialist techniques. The delay of their assessment, without a comprehensive evaluation, results in higher healthcare costs. The aim of SOMNUS-DARE project is to detect, in a translational manner, the role of sleep disorders in the genesis of physical frailty, sarcopenia, mild cognitive impairment, and to measure their contribution to the progression of these phenomena towards mobility-disability and dementia. SOMNUS-DARE project will evaluate a sample of 300 community-dwelling healthy active and physically frail sarcopenic subjects, aged 65 years or older, free of cognitive impairment and self-sufficient in basic activities of daily living. The effect of sleep disorders on physical, cognitive and cardiovascular function, systemic, bone and muscle metabolism and body composition will be prospectively assessed by performing: comprehensive geriatric assessment; sleep analysis and environmental monitoring; brain MRI, amyloid positron emission tomography; bone densitometry; radiofrequency echographic multi spectrometry; muscle ultrasound; bioimpedance analysis; cardiac ultrasound; dynamic blood pressure monitoring; blood and saliva measurements. The project will make it possible to analyse an extremely relevant public health problem which is still underestimated in the current clinical practice. The combination of traditional diagnostics and innovative digital health techniques, will allow a translational and multidimensional analysis of sleep disorders and to weigh their impact on physical and cognitive decline and quality-of-life trajectories. The expected results will highlight the importance of sleep as a fundamental determinant of health and will contribute to the activation of clinical diagnostic and therapeutic pathways in older individuals where the tailored approach might contribute to substantial benefit. Clinical Trial Number: NCT06944600; Clinical Trial Registry: ClinicalTrials.gov; Registration Date: April 17th, 2025.",include_title_abs,A_primary_fulltext,extraction_candidate,Peer-reviewed community/home/primary-care frailty RCT candidate with relevant outcome,community,digital_home;multidomain,exclude_before_extraction,Non-randomized observational design,multidomain
39652737,10.1519/JSC.0000000000004941,A 24-Week Combined Resistance and Balance Training Program Improves Physical Function in Older Adults: A Randomized Controlled Trial.,2025,Journal of strength and conditioning research,https://pubmed.ncbi.nlm.nih.gov/39652737/,Community/primary-care frailty RCT candidate,"Jiang, G, Tan, X, Zou, J, and Wu, X. A 24-week combined resistance and balance training program improves physical function in older adults: a randomized controlled trial. J Strength Cond Res 39(1): e62-e69, 2025-This randomized controlled trial assessed the feasibility of older adults performing combined resistance and balance training (RBT) and compared the effects of RBT on physical function with those of resistance training (RT) alone and with no exercise training in older adults. In total, 65 community-dwelling adults aged 60-74 years were randomly assigned to an RT (n = 22), RBT (n = 22), or control (n = 21) group. The exercise intervention consisted of RT or RBT for 45 minutes, 3 times per week for 24 weeks. The control group engaged in no exercise training. The compliance rates were 93% in the RT group and 92% in the RBT group. No training-related adverse effect was observed. In the RT and RBT groups, dynamic balance (p = 0.017; p < 0.001, respectively), maximum walking speed (p = 0.014; p < 0.001), upper extremity (p = 0.013; p = 0.009) and lower extremity (p = 0.009; p < 0.001) muscle strength, and spirometry (p = 0.043; p = 0.018) were significantly improved at 24 weeks compared with the control group. Only the RBT group showed significant improvement in normal walking speed (p = 0.002). Compared with the RT group, the RBT group showed additional significant improvements in dynamic balance (p = 0.001) and lower limb muscle strength (p = 0.027). The findings of this randomized controlled trial indicated that RBT was safe and feasible for older adults. Long-term RBT had better effects than either no exercise training or RT alone on improving physical function in older adults. Compared with RT, RBT additionally benefited dynamic balance and lower limb muscle function, which are clinically important factors in preventing falls, frailty, disability, and other geriatric syndromes.",include_title_abs,A_primary_fulltext,extraction_candidate,Peer-reviewed community/home/primary-care frailty RCT candidate with relevant outcome,community,resistance;balance;aerobic_walking,extract_now,High-confidence community/home/primary-care frailty RCT candidate,exercise_only
40695991,10.1038/s41746-025-01873-y,A randomized controlled trial of mobile intervention using health support bubbles to prevent social frailty.,2025,NPJ digital medicine,https://pubmed.ncbi.nlm.nih.gov/40695991/,Implementation-relevant frailty RCT candidate,"Mobile health (mHealth) is gaining interest worldwide. This randomized trial aimed to test the effects of family companionship on the prevention of social frailty among Japanese individuals aged ≥40 years using a mHealth application. We used a participant-coaching system, which included a mobile nutrition management software application and a web portal. We assessed social frailty using Bunt's framework. We enrolled 101 participants who used the application either alone (control group) or with family members (intervention group). The intervention arm showed greater improvement in social behavior and leisure activities (p = 0.004) and the total frailty score (p = 0.037). However, the social isolation did not improve with intervention. Our results suggest that mHealth can influence behavior change, but it does not resolve social isolation. While it provides convenience and enhanced access to healthcare, there is a need to balance digital efficiency with human interaction, ensuring that mHealth solutions complement, rather than replace, personal connections.",include_title_abs,A_primary_fulltext,extraction_candidate,Peer-reviewed community/home/primary-care frailty RCT candidate with relevant outcome,unclear,balance;nutrition;digital_home,extract_now,High-confidence community/home/primary-care frailty RCT candidate,exercise_plus_nutrition
39754159,10.1186/s12906-024-04732-7,A randomized controlled trial to assess the efficacy of standardized tai chi in prefrail older adults with immunosenescence: design and protocol.,2025,BMC complementary medicine and therapies,https://pubmed.ncbi.nlm.nih.gov/39754159/,Community/primary-care frailty RCT candidate,"Frailty is a common geriatric syndrome worldwide, and its early identification and intervention have important clinical significance. Resistance training has been recommended as an efficient means to combat loss of muscle strength and mass; however, it is often not a prioritized option for older adults. Tai chi is a well-known traditional Chinese exercise that has a beneficial impact on physical performance, balance ability, metabolism, and immune function. With the newly emerged concept of muscle-immune homeostasis, this study focused on determining the efficacy of tai chi prefrail older adults who develop immunosenescence. Furthermore, the proper timing of the exercise regimen for maximizing the therapeutic effect of tai chi has also been explored. This 12-week, multicenter, randomized controlled trial (RCT) was conducted with participants between 60 and 75 years of age. A total of 144 prefrail participants were included in this study and were randomized (1:1:1:1) to four groups: (1) a control group with only health education, (2) a morning tai chi group, (3) a morning resistance training group, and (4) an afternoon tai chi group. The primary endpoints included physical performance, frailty index scores, muscle strength, and mass, and the secondary endpoints were the sarcopenia quality of life score, Berg balance scale score, bioenergetic anti-stress index (BASI), and immune risk profile (IRP). The data were analyzed according to the intention-to-treat protocol. The results of this investigation aided in determining whether tai chi effectively reversed the prefrail state of older adults and ameliorated biomarkers of immunosenescence. Furthermore, proper exercise timing was also determined to maximize the efficacy of physical training. Chinese Clinical Trial Registry; registration number: ChiCTR2200065815; prospectively registered on November 16th, 2022.",include_title_abs,A_primary_fulltext,exclude,Protocol/design/baseline paper rather than outcome report,unclear,resistance;balance;mind_body,exclude_before_extraction,Protocol/design/baseline paper,exercise_only
39626407,10.1016/j.physio.2024.101449,Acceptability and utility of a broad test battery to evaluate physical functioning and frailty in community-based settings for people experiencing homelessness and addiction-Findings from the LEAP trials.,2025,Physiotherapy,https://pubmed.ncbi.nlm.nih.gov/39626407/,Community/primary-care frailty RCT candidate,"Physical function deficits and frailty are commonly reported in people experiencing homelessness and addiction. Typically, geriatric, or general physical performance measures are employed to evaluate these constructs. We aimed to investigate the feasibility of a broad test battery to evaluate physical functioning and frailty in a non-geriatric community-based population of people experiencing homelessness and addiction. Physical function and the presence of frailty was evaluated using combined data from two linked low-threshold exercise pre-post intervention studies (LEAP-I and II). Seventy-four participants attending an open-access day-service centre (18 to 65 years) were evaluated. Participants with acute confusion or behavioural issues, or major medical conditions precluding safe participation were excluded. A broad test battery was performed which evaluated physical functioning and frailty. Outcome measures included were the Short Physical Performance Battery, Single Leg Stance, Chair Stand Test, 10mWT and 2 Minute Walk Tests, limb circumference, dynamometry, Clinical Frailty Scale, SHARE-Frailty Instrument, Numerical Pain Rating Scale and Short Form-12. Test completion was 100% for all outcomes except pain rating (81% and 79% for LEAP-I and II, respectively), and balance and walking tests (95% and 93% in LEAP-II). A ceiling effect was detected for the Short Physical Performance Battery. High feasibility of the test batteries was demonstrated. An optimised test battery was proposed based on findings. This has important implications for clinicians working in inclusion health settings. Clinical Trials.gov: NCT05700305. CONTRIBUTION OF THE PAPER.",include_title_abs,A_primary_fulltext,extraction_candidate,Peer-reviewed community/home/primary-care frailty RCT candidate with relevant outcome,community,balance;aerobic_walking,extract_now,High-confidence community/home/primary-care frailty RCT candidate,exercise_only
39855890,10.1016/j.tjfa.2024.100005,"Age Self Care-Resilience, a medical group visit program targeting pre-frailty: A mixed methods pilot clinical trial.",2025,The Journal of frailty & aging,https://pubmed.ncbi.nlm.nih.gov/39855890/,Community/primary-care frailty RCT candidate,"Pre-frailty is highly prevalent and multimodal lifestyle interventions are effective for preventing transition to frailty. However, little is known about the potential for medical group visits (MGV) to prevent frailty progression. To assess the feasibility and acceptability of the MGV Age Self Care-Resilience. Single-arm mixed methods pilot clinical trial. Virtual MGV delivered in an ambulatory setting at a U.S. academic medical center. Community-dwelling older adults (n = 11; age 65+) with pre- to mild frailty. Age Self Care-Resilience, an 8-week virtual MGV (90-minute sessions once per week) with sessions focused on physical activity, nutrition, social engagement, mind-body practice, and home environment modification. Primary outcomes were feasibility of recruitment, attendance, satisfaction, and feasibility of study measurements, collected via quantitative and qualitative approaches. Exploratory outcomes included frailty, psychosocial health, and physical function. A priori feasibility criteria were met for recruitment, with 15 (48 %) of those screened (31) meeting eligibility criteria, 11 (35 %) enrolling (mean age 74.5 yrs), and recruitment completed in less than one month. The nine participants who completed the study attended a mean of 7.2 of 8 sessions and completed 100 % of baseline and follow-up study measures; participants completed 58 % of the home practice log. Themes from participant interviews included: (1) mixed reactions to the recruitment term ""pre-frailty;"" (2) finding group participation as meaningful and empowering; and (3) perception that the program positively changed attitudes and lifestyle behaviors. Age Self Care-Resilience is feasible and acceptable to pre- to mildly frail older adults. Next steps include evaluating the efficacy of Age Self Care-Resilience for preventing frailty progression with a fully powered randomized controlled trial.",include_title_abs,A_primary_fulltext,extraction_candidate,Peer-reviewed community/home/primary-care frailty RCT candidate with relevant outcome,community,nutrition;digital_home;multidomain,exclude_before_extraction,Protocol/design/baseline paper,multidomain
40445966,10.1371/journal.pone.0323501,Block strength training based on age-related functional consequences in older women.,2025,PloS one,https://pubmed.ncbi.nlm.nih.gov/40445966/,Community/primary-care frailty RCT candidate,"Strength training is a form of healthy ageing in older women. Although recommendations currently exist, some are very broad or fail to cover the needs of aging. Therefore, the purpose of this study was to analyze the effects of blocks strength training based on age-related functional consequences on functional performance in older adult women. 82 community-dwelling older women (70.17 ± 6.04 y) were randomly assigned to either experimental (n = 40) or control (n = 42) group. Experimental group performed a Block Strength Training (BST) program based on strength, power, and muscular endurance, and different level of effort for 9 weeks, and control maintained daily routine with physical activity recommendations. Functional performance was assessed using absolute handgrip strength [AHS], timed up and go [TUG], two-minutes step test [2MST], five times stand-to-sit test [5-SST], 6-m walking speed test [6-WS] pre-post intervention. Statistical analyses were performed using two-way ANOVA (Time*Group) and effect size (partial eta-squared, ŋP2) with a significance level of p < 0.05. BST improved functional performance in the protocols of AHS (21.51 vs. 23.07-kg; + 7%), TUG (8.22 vs. 7.29-sec; + 11%), 2MST (78.76 vs. 97.18-steps; + 23%), 5-SST (12.68 vs. 9.43-sec; + 26%), and 6-WS (1.16 vs. 1.36- m·s-1; + 17%) compared to control (19.31 vs. 19.66-kg; 8.94 vs. 9.26-sec; 62.68 vs. 63.73-steps; 13.99 vs. 14.25-sec; 1.06 vs. 1.06-m·s-1, respectively) in a Time*Group interaction effect (p < 0.01; ŋP2 > 0.11). This BST is effective in improving overall functional performance and thus reducing the risk of physical frailty in community-dwelling older women. These findings strengthen the approach to exercise programming over recommendations, moving toward effective precision dosing for older adults.",include_title_abs,A_primary_fulltext,extraction_candidate,Peer-reviewed community/home/primary-care frailty RCT candidate with relevant outcome,community,resistance;aerobic_walking;digital_home,exclude_before_extraction,Protocol/design/baseline paper,exercise_only
40015296,10.1016/j.lanhl.2024.100670,"Clinical and cost-effectiveness of a home-based health promotion intervention for older people with mild frailty in England: a multicentre, parallel-group, randomised controlled trial.",2025,The lancet. Healthy longevity,https://pubmed.ncbi.nlm.nih.gov/40015296/,Implementation-relevant frailty RCT candidate,"Health promotion for people with mild frailty has the potential to improve health outcomes, but such services are scarce in practice. We developed a personalised, home-based, behaviour change, health promotion intervention (HomeHealth) and assessed its clinical effectiveness and cost-effectiveness in maintaining independent functioning in activities of daily living in older adults with mild frailty. This trial was an individual, multicentre, parallel-group, randomised controlled trial done in England. Participants were mainly recruited from general practices in three different areas of England (the London north Thames region, east and north Hertfordshire, and west Yorkshire). Participants were individuals residing in the community who were registered with a general practice, 65 years and older with mild frailty (scoring 5 on the CFS), with a life expectancy of more than 6 months, and with capacity to consent to participate. We excluded adults residing in nursing or care homes, those with moderate-to-severe frailty or with no frailty, those receiving palliative care, and those already case managed (eg, receiving a similar ongoing intervention from the voluntary sector or community service). Eligible participants were randomly assigned 1:1 to either the HomeHealth intervention or to treatment as usual. HomeHealth is a multidomain health promotion intervention delivered by the voluntary sector at home in six sessions over 6 months. The primary outcome was independent functioning (assessed using the modified Barthel Index [BI]) at 12 months. Outcome assessments were masked and were analysed by intention to treat using linear mixed models. Incremental costs and quality-adjusted life-years (QALYs) were calculated using seemingly unrelated regression and bootstrapping. The trial is registered on the ISRCTN registry (ISRCTN54268283). We recruited 388 participants between Jan 8, 2021 and July 2, 2022 (mean age 81 years, SD 6·5; 249 (64%) of 388 were women and 139 (36%) were men). 195 participants were randomly assigned to HomeHealth and 193 to treatment as usual. Median follow-up was 363 days (IQR 356-370) in the HomeHealth group and 362 days (IQR 355-373) in the treatment-as-usual group. HomeHealth did not improve BI scores at 12 months (mean difference 0·250, 95% CI -0·932 to 1·432). HomeHealth was superior to treatment as usual with a negative point estimate for incremental costs (-£796; 95% CI -2016 to 424) and positive point estimate for incremental QALYs (0·009, -0·021 to 0·039). There were 55 serious adverse events in the HomeHealth group and 85 in the treatment-as-usual group; none were intervention related. HomeHealth is a safe intervention with a high probability of cost-effectiveness, driven by a reduction in unplanned hospital admissions. HomeHealth should be considered as a health promotion intervention for older people with mild frailty. National Institute for Health Research Health Technology Assessment.",include_title_abs,A_primary_fulltext,secondary_setting,Hospital/post-acute/residential setting; not primary Indian primary-care scope,residential_or_nursing_home,digital_home;multidomain,exclude_before_extraction,Setting outside primary community/home/outpatient scope,multidomain
40977239,10.1071/PY24197,Effect of a combined exercise and nutrition program on sarcopenia in older adults: a randomised controlled trial in primary care.,2025,Australian journal of primary health,https://pubmed.ncbi.nlm.nih.gov/40977239/,Community/primary-care frailty RCT candidate,"Background Sarcopenia, marked by the progressive decline of skeletal muscle mass and strength, is a significant health issue in aging populations. Primary care-based interventions may offer effective management strategies, yet randomised controlled trials evaluating these interventions are limited. Methods We conducted an unblinded, parallel-group randomised controlled trial at a public health centre in Korea responsible for primary care, enrolling participants aged ≥65 years with sarcopenia. Participants were randomised to either an intervention group (receiving a 12-week program of group exercises and nutritional support) or a control group (receiving lifestyle management education). The primary outcome was the change in gait speed over the intervention period. Secondary outcomes included changes in physical performance, grip strength, muscle mass, quality of life and frailty index. Results A total of 86 participants were enrolled and randomised (intervention group: n =43; control group: n =43). The intervention group demonstrated significant improvements in gait speed (0.14m/s (95% CI: 0.10-0.18) vs -0.04m/s (95% CI: -0.08-0.00), P Conclusion The 12-week exercise and nutrition intervention yielded significant gains in physical performance, grip strength, quality of life and frailty reduction among community-dwelling older adults with sarcopenia. These findings support the value of community-based, multicomponent interventions for managing sarcopenia. The trial is registered at Clinical Research Information Service (http://cris.nih/go.kr , registration number: KCT0008952).",include_title_abs,A_primary_fulltext,extraction_candidate,Peer-reviewed community/home/primary-care frailty RCT candidate with relevant outcome,primary_care,resistance;multicomponent_exercise;nutrition;multidomain,extract_now,High-confidence community/home/primary-care frailty RCT candidate,multidomain_exercise_nutrition
39561465,10.1016/j.maturitas.2024.108151,Effect of a home-based exercise program on subsequent falls among community-dwelling older adults with cognitive frailty: A sub-group analysis of a randomized controlled trial.,2025,Maturitas,https://pubmed.ncbi.nlm.nih.gov/39561465/,Community/primary-care frailty RCT candidate,"Cognitive frailty is characterized by concurrent physical frailty and mild cognitive impairment and is associated with increased risk of falls. Exercise is an evidence-based strategy to prevent falls, but whether exercise reduces falls in people with cognitive frailty is unknown. We examined the effects of home-based exercise on subsequent falls among community-dwelling older adults with cognitive frailty who have previously fallen. A sub-group analysis of a 12-month, single-blind, randomized controlled trial among 344 adults aged 70 years or more who had fallen within the past 12 months. Participants were randomized to either 12 months of home-based exercise (n=172) or usual care (n=172). In this sub-analysis, we included 192 participants with cognitive frailty (home-based exercise=93; usual care=99) with Short Physical Performance Battery scores ≤9/12 and Montreal Cognitive Assessment scores <26/30. Our primary analysis examined the effect of exercise on self-reported falls rate over 12 months. Secondary analyses investigated the intervention's effects on scores on the Short Physical Performance Battery and the Montreal Cognitive Assessment. We also explored whether greater than or equal to mean average monthly adherence (i.e., ≥45.5%) moderated treatment effects. At 12 months, falls rates were 35% lower in the home-based exercise group compared with the usual care group (IRR=0.65; p=0.042). Score on the Short Physical Performance Battery significantly improved among home-based exercise participants with greater than or equal to mean adherence vs. those with less than mean adherence (estimated mean difference: 0.94; p=0.022). Exercise is a promising strategy for reducing subsequent falls in people with cognitive frailty. Greater exercise adherence improved physical function in this population. gov identifier: NCT01029171.",include_title_abs,A_primary_fulltext,extraction_candidate,Peer-reviewed community/home/primary-care frailty RCT candidate with relevant outcome,home,balance;digital_home,extract_now,High-confidence community/home/primary-care frailty RCT candidate,exercise_only
40969786,10.3389/fmed.2025.1573384,Effect of a multicomponent intervention on institutionalization-free survival in older adults with sarcopenia: a,2025,Frontiers in medicine,https://pubmed.ncbi.nlm.nih.gov/40969786/,Community/primary-care frailty RCT candidate,"To assess the effect of a 24-week comprehensive multicomponent intervention on institutionalization-free survival, physical performance, and frailty among older adults with sarcopenia. A post-hoc analysis of a prospective, non-randomized intervention study with 1:1 propensity score matching. Community-dwelling, socioeconomically vulnerable older adults. A total of 283 older adults with sarcopenia were included, with 145 in the intervention group and 138 in the control group. After propensity score matching, 102 pairs were analyzed. The mean age was 77.57 years (intervention) and 77.64 years (control), with 82.4 and 81.4% females in each group, respectively. The multicomponent intervention consisted of exercise, nutritional support, depression management, deprescribing, and home hazard reduction, implemented over 24 weeks. The primary outcome was 30-month institutionalization-free survival. Secondary outcomes included changes in physical performance (Short Physical Performance Battery [SPPB] scores, gait speed) and frailty index over 6, 18, and 30 months. Following propensity score matching, mortality and institutionalization occurred in 13 (12.7%) and 35 (34.3%) participants in the intervention and control groups, respectively. A significant difference in 30-months institutionalization-free survival was observed between the intervention and control groups (63.4% vs. 87.2%). The intervention group had significantly higher SPPB scores and improved gait speed at 6 months, 18 months, and 30 months. The intervention group showed a significantly lower frailty index only at 6 months but similar scores at 18 and 30 months. The multicomponent intervention significantly improved long-term institutionalization-free survival and physical function in older adults with sarcopenia, highlighting its potential to enhance independence and reduce frailty in vulnerable populations.",include_title_abs,A_primary_fulltext,extraction_candidate,Peer-reviewed community/home/primary-care frailty RCT candidate with relevant outcome,community,multicomponent_exercise;nutrition,extract_now,High-confidence community/home/primary-care frailty RCT candidate,exercise_plus_nutrition
40527119,10.1016/j.clnu.2025.05.016,"Effect of aerobic or resistance exercise, or both on insulin secretion, ciliary neurotrophic factor, and insulin-like growth factor-1 in dieting older adults with obesity.",2025,"Clinical nutrition (Edinburgh, Scotland)",https://pubmed.ncbi.nlm.nih.gov/40527119/,Implementation-relevant frailty RCT candidate,"Obesity exacerbates age-related changes in metabolic and physical function. The effect of distinct exercise modalities combined with diet-induced weight loss on insulin secretion in older adults with obesity and frailty is unknown, and the potential mediators of the metabolic and functional improvements induced by lifestyle therapy still need to be identified. We aimed to assess the effects of various exercise therapies coupled with diet-induced weight loss on insulin secretion and sensitivity and on the levels of circulating Ciliary Neurotrophic Factor (CNTF), its receptor (CNTFRα), and Insulin-like Growth Factor-1 (IGF-1) in older adults with both obesity and frailty. In this randomized controlled trial, we compared the effects of aerobic (AEX), resistance (REX), or combination (COMB) exercise during matched ∼10 % weight loss in 160 older adults with obesity. We compared 6-month changes in truncal fat and appendicular lean masses by dual x-ray absorptiometry; CNTF, CNTFRα, and IGF-1 levels by enzyme-linked immunosorbent assay; insulin sensitivity by Homeostatic Model Assessment for Insulin Resistance (HOMA-IR); insulin secretion by Disposition Index (DI) during oral glucose tolerance test; and vastus lateralis muscle gene expression of CNTF and CNTFRα by quantitative polymerase chain reaction. Stepwise multiple regression analysis was employed to identify the main predictors of changes in plasma CNTF, DI, and physical function. This study also utilized additional data collected during the main trial, including Physical Performance Test (PPT) scores, muscle strength, maximal oxygen consumption (VO2peak), body composition by magnetic resonance imaging, and leptin and adiponectin plasma levels. Truncal fat mass was significantly more reduced in AEX and COMB (p = 0.001), while appendicular lean mass was better preserved in REX (p = 0.001). HOMA-IR showed more significant improvement in COMB compared to AEX and REX (p < 0.001), while DI improved significantly only in COMB compared to controls (p = 0.04). Plasma CNTF levels decreased across all intervention groups compared to controls (p < 0.001), while only COMB preserved CNTFRα plasma levels (p = 0.003) and exhibited the most significant reduction in CNTF/CNTFRα. In the vastus lateralis, CNTF and CNTFRα expression did not differ. IGF-1 improved more in REX and COMB (p = 0.004). Changes in visceral fat volume and plasma leptin explained 49.6 % of plasma CNTF variations (p < 0.009). CNTFRα changes were key predictors of DI variation, explaining 38.3 % of its variability, alongside intermuscular fat changes (p = 0.004). They also contributed 61.2 % of the variability in PPT changes, alongside intermuscular fat, muscle strength, VO2peak, and IGF-1 changes (p = 0.03). In older adults with obesity, combining aerobic and resistance exercise with diet-induced weight loss leads to the most significant improvements in metabolic and physical function, the preservation of circulating CNTFRα, and an increase in IGF-1 levels. These findings, along with identifying changes in CNTFRα as key predictors of enhanced insulin secretion and physical function and IGF-1 changes as a predictor of physical function, suggest that CNTF/CNTFRα and IGF-1 signaling may play a crucial role in mediating the health benefits associated with lifestyle therapy. NCT01065636, www. gov.",include_title_abs,A_primary_fulltext,secondary_setting,Hospital/post-acute/residential setting; not primary Indian primary-care scope,hospital_or_postacute,resistance;aerobic_walking;nutrition;digital_home;multidomain,exclude_before_extraction,"Disease-specific, post-acute or hospital rehabilitation population",multidomain_exercise_nutrition
39580545,10.1038/s41430-024-01547-0,Effect of individually tailored nutritional counseling on frailty status in older adults with protein-energy malnutrition or risk of it: an intervention study among home care clients.,2025,European journal of clinical nutrition,https://pubmed.ncbi.nlm.nih.gov/39580545/,Community/primary-care frailty RCT candidate,"Frailty and protein-energy malnutrition (PEM) are common in older home care clients. In this study, we evaluate the effect of individually tailored dietary counseling on frailty status among home care clients with PEM or its risk aged 75 or older with a follow-up of six months. This intervention study is part of the non-randomized population-based Nutrition, Oral Health and Medication (NutOrMed) study in Finland. The frailty was assessed using the abbreviated Comprehensive Geriatric Assessment (aCGA) and included 15 questions from three different domains: cognitive status (MMSE), functional status (ADL, IADL) and depression (GDS-15). The study population consisted of persons with PEM or its risk (intervention group n = 90, control group n = 55). PEM or its risk was defined by MNA score <24 and/or plasma albumin <35 g/l. Registered nutritionist gave individually tailored nutritional counseling for participants at the baseline and nutritional treatment included conventional food items. The mean age was 83.9 in the intervention and 84.3 in the control group. At the baseline frailty prevalence was 74.4% (n = 67) and after six-month 61.1% (n = 55) in the intervention group and, respectively 74.5% (n = 41) and 80.0% (n = 44) in the control group. The intervention decreased significantly (p < 0.001) the prevalence of frailty in the intervention group, while it increased in the control group. Individually tailored nutritional counseling reduces the prevalence of frailty among vulnerable home care clients with PEM or its risk. In the nutritional treatment of frailty, adequate intake of protein and energy should be a cornerstone of treatment.",include_title_abs,A_primary_fulltext,extraction_candidate,Peer-reviewed community/home/primary-care frailty RCT candidate with relevant outcome,unclear,nutrition;multidomain,extract_now,High-confidence community/home/primary-care frailty RCT candidate,multidomain
40221873,10.1002/jpen.2749,Effect of protein and amino acids supplements on muscle strength and physical performance: A scoping review of randomized controlled trials.,2025,JPEN. Journal of parenteral and enteral nutrition,https://pubmed.ncbi.nlm.nih.gov/40221873/,Community/primary-care frailty RCT candidate,"Protein and amino acid supplementation is an effective intervention that significantly enhances physical function and reduces frailty and sarcopenia in older adults. This scoping review aims to map and synthesize the available evidence on the effects of various types of protein and amino acid supplementation in this population. Following the PRISMA-ScR guidelines, we conducted a literature search to identify clinical trials examining the effects of protein and amino acid supplementation, with or without physical exercise, on muscle strength, physical performance, and body composition in healthy, frail, or sarcopenic older adults. Our analysis of 80 trials with a total of 5290 participants examines the evidence for the effectiveness of protein supplementation in enhancing muscle strength and body composition. Whey protein, creatine, milk protein, leucine, essential amino acids, and soy protein were the most used types of protein, and our findings indicate that whey protein, creatine, and milk protein yield the best results when used in conjunction with resistance training. Additionally, leucine and milk protein have shown the potential to enhance body composition even without concurrent resistance training. In conclusion, studies on the effectiveness of whey protein in improving muscle strength and body composition in older adults with resistance training are inconsistent. More research is required to explore the potential benefits of soy and leucine-enriched supplements. Protein supplementation's impact on physical performance remains inconclusive. Further studies are needed to determine the effects of protein types and supplementation on muscle-related parameters in older adults.",include_title_abs,A_primary_fulltext,context_citation,Review/consensus; use for citation chasing only,unclear,resistance;nutrition,exclude_before_extraction,Review/consensus paper,exercise_plus_nutrition
39500251,10.1016/j.ijnurstu.2024.104933,Effectiveness of a theory-underpinning exercise intervention among community-dwelling (pre)frail older adults: A stepped-wedge cluster-randomized trial.,2025,International journal of nursing studies,https://pubmed.ncbi.nlm.nih.gov/39500251/,Community/primary-care frailty RCT candidate,"To evaluate the effectiveness of a theory-underpinning exercise intervention among Chinese community-dwelling (pre)frail older adults, and the impacts of intervening late as opposed to intervening early. This was a stepped-wedge cluster-randomized trial. Participants were enrolled from six communities in a county of central China from January to November in 2021 (n = 149). A 12-week exercise intervention based on the integration of Health Belief Model, Theory of Planned Behavior and Health Action Process Approach was implemented among 149 community-dwelling (pre)frail older adults during the study period. The primary outcomes were frailty and muscle mass, muscle strength and physical performance. Secondary outcomes included physical disability, fear of falling, cognitive function, depressive symptoms, social support and quality of life. Assessments were conducted at baseline and at 12, 24 and 36 weeks. A multilevel regression model was used for statistical analysis. The positive effects were statistically significant on frailty (β = -1.166, p = 0.016), muscle mass (β = 1.499, p = 0.005), handgrip strength (β = 14.758, p < 0.001), physical performance (Short Physical Performance Battery, β = 6.043, p < 0.001), physical disability (Activities of Daily Living: β = 0.462, p = 0.043; Instrumental Activities of Daily Living: β = 0.693, p = 0.049;) and fear of falling (β = -1.490, p = 0.003), cognitive function (β = -0.466, p = 0.011), depressive symptoms (β = -0.541, p < 0.001), social support (β = 27.661, p < 0.001), physical (β = 2.413, p = 0.013) and mental (β = 7.837, p < 0.001) components of quality of life at 0-week postintervention, and most of them persisted at 12- and 24-week postintervention. The effectiveness significantly differed by the time of interventions on muscle mass (β = -1.217, p = 0.002), 5-time chair stand test (β = -1.172, p = 0.018), cognitive function (β = 0.600, p = 0.014) and mental component of quality of life (β = -12.679, p = 0.002). The theory-underpinning exercise intervention has positive immediate and persistent effects on frailty, frailty-related characteristics as well as physical, mental and social functioning among Chinese community-dwelling (pre)frail older adults. Late intervention attenuated the significant intervention effect. Chinese Clinical Trial Registry ChiCTR2100041981.",include_title_abs,A_primary_fulltext,extraction_candidate,Peer-reviewed community/home/primary-care frailty RCT candidate with relevant outcome,community,resistance;balance;digital_home,extract_now,High-confidence community/home/primary-care frailty RCT candidate,exercise_only
40716056,10.1111/psyg.70067,Effects of Pole-Assisted Multicomponent Exercise on Preventing Frailty Among Older Adults in Japan: A Quasi-Experimental Study.,2025,Psychogeriatrics : the official journal of the Japanese Psychogeriatric Society,https://pubmed.ncbi.nlm.nih.gov/40716056/,Implementation-relevant frailty RCT candidate,"Frailty is a multidimensional geriatric syndrome characterised by reduced physiological reserves. Multidomain interventions combining physical and cognitive activities show promise in delaying frailty and cognitive decline. However, existing programs often face high dropout rates due to joint discomfort and balance concerns among older adults. This study aimed to evaluate the impact of a pole-assisted multicomponent exercise program on physical and cognitive function in community-dwelling older adults. Participants were cluster-randomised into a control group (standard multicomponent exercises) or an intervention group (pole-assisted multicomponent exercises). Both groups participated in biweekly 90-min sessions for 3 months, incorporating stretching, muscle strengthening, aerobic exercises, and cognitive training. Outcomes included physical measures (grip strength; GS, usual walking speed; UWS), cognitive measures (word recognition memory; WM, Trail Making Test A&B, Symbol Digit Substitution Task; SDST), and frailty assessments based on the Fried frailty index. Analyses utilized paired t-test and, with interaction effects evaluated through two-way analyses. Significant improvements were observed within the intervention group for GS, UWS, WM (p < 0.05), and SDST (p < 0.01). The control group demonstrated significant improvements only in WM (p < 0.05). Both groups showed significant reductions in frailty status post-intervention. Importantly, a significant interaction effect was noted for UWS, highlighting superior outcomes in the pole-assisted exercise group. Time effects were significant for UWS, WM, and SDST, indicating general improvements over the intervention period. Integrating pole-assisted intervention into multicomponent exercise regimens effectively enhanced physical performance, reduced frailty, and improved cognitive functions, particularly word memory and information processing capability in community-dwelling older adults. This approach offers practical, scalable solutions suitable for broad implementation in public health settings to mitigate frailty and cognitive decline in aging populations.",include_title_abs,A_primary_fulltext,secondary_setting,Hospital/post-acute/residential setting; not primary Indian primary-care scope,hospital_or_postacute,resistance;balance;aerobic_walking;multicomponent_exercise;digital_home;multidomain,exclude_before_extraction,"Disease-specific, post-acute or hospital rehabilitation population",multidomain
39871464,10.12659/MSM.947105,Effects of Remote Exercise on Physical Function in Pre-Frail Older Adults: A Randomized Controlled Trial.,2025,Medical science monitor : international medical journal of experimental and clinical research,https://pubmed.ncbi.nlm.nih.gov/39871464/,Community/primary-care frailty RCT candidate,"BACKGROUND Remote exercise have emerged as a promising solution to overcome barriers to physical activity participation in pre-frail older adults, such as limited mobility and accessibility issues. Pre-frail older adults often face barriers to physical activity due to limited mobility and accessibility, underscoring the need for remote exercise alternatives. This study aimed to evaluate and compare the efficacy of remote versus in-person exercise in improving physical function in pre-frail older adults. MATERIAL AND METHODS Ninety pre-frail older adults aged 65 years and above were recruited, and randomly assigned to 3 groups: the remote exercise group (REG, n=30), the in-person exercise group (IPEG, n=30), and the control group (CG, n=30). The REG and IPEG groups underwent identical exercise, including balance, strength, and gait training, conducted twice weekly for 8 weeks. The REG received live, real-time instructions via video conferencing, while the IPEG participated in identical sessions conducted at a local facility. Outcome measures included assessments of balance, lower-limb strength, gait ability, and fall efficacy. RESULTS Both the REG and IPEG groups demonstrated significant improvements in balance, gait ability, lower-limb strength, and fall efficacy compared to the CG (P<0.05). No significant differences were found between the REG and IPEG groups across all outcome measures, indicating that remote exercise were as effective as in-person sessions. CONCLUSIONS Remote exercise effectively enhanced balance, strength, gait, and fall efficacy in pre-frail older adults, providing a viable alternative to traditional in-person programs and addressing healthcare disparities.",include_title_abs,A_primary_fulltext,extraction_candidate,Peer-reviewed community/home/primary-care frailty RCT candidate with relevant outcome,unclear,resistance;balance;digital_home,extract_now,High-confidence community/home/primary-care frailty RCT candidate,exercise_only
39997521,10.3390/geriatrics10010022,Effects of Twelve Weeks of Square Stepping Exercises on Physical and Cognitive Function and Plasma Content of SMP30: A Randomised Control Trial.,2025,"Geriatrics (Basel, Switzerland)",https://pubmed.ncbi.nlm.nih.gov/39997521/,Community/primary-care frailty RCT candidate,"Ageing and sedentary lifestyles affect physical and cognitive function and markers of frailty, increasing the risk of falls in older adults and affecting their quality of life. The aim of this study was to evaluate the effects of a Square Step Exercise programme on physical and cognitive function and plasma SMP30 levels for the prevention of falls in older adults. A randomised controlled trial was designed with 44 participants assigned to an experimental group (SSE group) and a control group. The SSE group performed SSE sessions twice a week for three months, with a follow-up in the fourth month. The assessments of physical function included tests such as the Four-Square Step Test, Brisk Walking and its dual-task variant, Time Up and Go and its imagined and dual-task variants, 30 s Sit-to-Stand and its dual-task and imagined variants and a 6 min walking test. Questionnaires were also used to assess the risk and fear of falling. Resting EEG activity was also recorded to assess electrocortical brain activity. SMP30 levels were measured by Western blotting. The SSE group showed significant improvements compared to the control group in the Four-Square Step Test (p < 0.001), Brisk Walking (p < 0.05) and reduction in the fear of falling (p < 0.001) after the training programme, but these adaptations were not maintained one month after the programme ended (p < 0.05). No significant changes were observed in the remaining variables of physical function, cognitive function, fall risk questionnaire, EEG activity or plasma levels of SMP30 compared to the control group (p > 0.05). The SSE programme showed efficacy in improving balance, gait speed and reducing fear of falling in older adults but did not show improvement over the control group in other areas of physical or cognitive function or plasma SMP30 levels for fall prevention.",include_title_abs,A_primary_fulltext,extraction_candidate,Peer-reviewed community/home/primary-care frailty RCT candidate with relevant outcome,unclear,balance;aerobic_walking;multidomain,extract_now,High-confidence community/home/primary-care frailty RCT candidate,multidomain
40616927,10.1016/j.gerinurse.2025.103457,Effects of a nurse-led health coaching program to prevent frailty in prefrail older women: A randomized controlled trial.,2025,"Geriatric nursing (New York, N.Y.)",https://pubmed.ncbi.nlm.nih.gov/40616927/,Community/primary-care frailty RCT candidate,"Prefrailty is a risk state that can progress to frailty and silent onset of functional decline. Older women are at higher risk and enormous burden of frailty compared with men. We aimed to evaluate the effects of a Nurse-led health coaching program for Prefrail Older Women's EmpoweRment (N-POWER). The study recruited 41 prefrail older women from a community senior center in Korea between March and April 2023 (21 and 20 women, respectively). The N-POWER comprised 12 weeks of exercise, nutrition education, and cognitive function training, delivered as once-weekly group sessions and as once-weekly individual telephone sessions. The prevalence of frailty, handgrip strength, physical function, depressive symptoms, and cognitive function scores in the experimental group improved significantly compared with those in the control group. The N-POWER is a potentially feasible intervention, aiding in the prevention of frailty and enhancing physical, emotional, and cognitive health in prefrail older women.",include_title_abs,A_primary_fulltext,extraction_candidate,Peer-reviewed community/home/primary-care frailty RCT candidate with relevant outcome,community,resistance;nutrition,extract_now,High-confidence community/home/primary-care frailty RCT candidate,exercise_plus_nutrition
41035820,10.3389/fnagi.2025.1639245,Effects of exercise-cognitive dual-task training on cognitive frailty in older adults: a randomized controlled trial.,2025,Frontiers in aging neuroscience,https://pubmed.ncbi.nlm.nih.gov/41035820/,Community/primary-care frailty RCT candidate,"This study aims to investigate the effects of exercise-cognitive dual-task training on frailty status, cognitive function, physical performance, and dual-task cognitive load in older adults with Cognitive frailty (CF) over a 16-week intervention period. This randomized controlled trial enrolled older adults with CF at community health service center in Chaoyang District, Beijing, between February and March 2024. Participants were randomly assigned to either the dual-task training group or the health education group in a 1:1 ratio. The dual-task training group received an exercise-cognitive dual-task training program, while the health education group received information on CF, including its symptoms, risk factors, and non-pharmacological prevention and treatment strategies. The primary outcomes were frailty status, while the secondary outcomes included cognitive function, balance and gait function, walking ability, and dual-task cognitive load. A total of 72 participants (35 males) were enrolled, including 36 individuals (mean age: 74.81 ± 8.23 years, 17 males, mean BMI: 21.38 ± 2.83 kg/m2) in the dual-task training group, and 36 individuals (mean age: 76.50 ± 7.75 years, 18 males, mean BMI: 22.18 ± 2.12 kg/m2) in the health education group. Participants (n = 72) were 75.66 ± 7.9 years old; 48.6% (35/72) were male and 51.4% (37/72) were female. Following the intervention, the dual-task training group exhibited significant improvements compared to the health education group in the Tilburg Frailty Index (5.14 ± 0.99 vs. 7.36 ± 1.07, p < 0.001) and Montreal Cognitive Assessment scores (27.25 ± 2.41 vs. 23.47 ± 1.87, p < 0.001). Additionally, the dual-task training group demonstrated superior outcomes in the Performance-Oriented Mobility Assessment (POMA) scores (24.64 ± 5.50 vs. 17.39 ± 4.38, p < 0.001), Time Up and Go Test (TUGT) indicators (10.66 ± 1.76 vs. 12.01 ± 2.21, p < 0.05), and cognitive load measures (all p < 0.05). Exercise-cognitive dual-task training may effectively improve frailty status, cognitive function, physical performance, and dual-task cognitive load in older adults with CF, suggesting its potential for broader application in this population. http://www.chictr.org.cn/, ChiCTR2400080105.",include_title_abs,A_primary_fulltext,extraction_candidate,Peer-reviewed community/home/primary-care frailty RCT candidate with relevant outcome,community,balance;aerobic_walking;digital_home,extract_now,High-confidence community/home/primary-care frailty RCT candidate,exercise_only
39798411,10.1016/j.gerinurse.2024.12.010,Effects of interactive boxing-cycling on dual-task walking and prefrontal cortex activation in older adults with cognitive frailty: A randomized controlled trial.,2025,"Geriatric nursing (New York, N.Y.)",https://pubmed.ncbi.nlm.nih.gov/39798411/,Community/primary-care frailty RCT candidate,"Older adults with cognitive frailty often have impaired dual-task walking and prefrontal cortex (PFC) activation. Combining cycling with interactive boxing offers an innovative and interesting dual-task training to challenge both physical and cognitive skills. This study investigated the effects of interactive boxing-cycling on this population. Thirty-nine participants were assigned to the interactive boxing-cycling group (n = 20) or the stationary cycling group (n = 19) for 36 sessions over 12 weeks. The outcomes included dual-task walking performance, PFC activation, cognitive function, and frailty scores. Results showed the interactive boxing-cycling group had greater improvements in dual-task walking speed and cost and beneficially reduced oxygenated hemoglobin levels compared to the stationary group. Furthermore, both groups improved in frailty and cognition, but the interactive boxing-cycling group had better effects on general and specific cognitive function. Interactive boxing-cycling is an efficient intervention to enhance dual-task walking and PFC activation in older adults with cognitive frailty.",include_title_abs,A_primary_fulltext,extraction_candidate,Peer-reviewed community/home/primary-care frailty RCT candidate with relevant outcome,unclear,aerobic_walking,extract_now,High-confidence community/home/primary-care frailty RCT candidate,exercise_only
39736420,10.1016/j.exger.2024.112670,Effects of the Vivifrail-B multicomponent exercise program based on society ecosystems theory on physical function in community-dwelling frail older adults: A randomized controlled trial.,2025,Experimental gerontology,https://pubmed.ncbi.nlm.nih.gov/39736420/,Community/primary-care frailty RCT candidate,"The study aimed to explore the short and long-term effects of the Vivifrail-B multicomponent exercise based on society ecosystems theory on physical function in community-dwelling frail older adults. 59 older adults were randomly assigned to the intervention (n = 30) and control (n = 29) groups. The exercise was performed thrice a week for 12 weeks, with one offline group training and two at home training. The Tilburg Frailty Indicator (TFI), the Short Physical Performance Battery (SPPB), Handgrip strength (HGS), the Physical Self-Maintenance Scale (PSMS), and the Instrumental Activities of Daily Living Scale (IADL) were assessed at baseline, 6 weeks, 12 weeks, 18 weeks, and 24 weeks. Exercise compliance assessments and satisfaction surveys were conducted at post intervention. Generalized estimating equations was used to compare outcome measures. At T1 (6-week), SPPB (P = 0.040) and PSMS (P = 0.042) of subjects in the intervention group were statistically different from the control group. At T2 (12-week), T3 (18-week) and T4 (24-week), all variables were significantly improved compared to the control group (all, P < 0.05), except for IADL (PT2 = 0.181, PT3 = 0.192, PT4 = 0.163). The short and long-term effects of the intervention were significant compared to the baseline level. However, the differences in Psychology (P = 0.699) and Society (P = 0.644) before and after the intervention were not significant. Vivifrail-B multicomponent exercise based on society ecosystems theory improved physical function of community-dwelling frail older adults, and the older adults' exercise compliance and satisfaction were high.",include_title_abs,A_primary_fulltext,extraction_candidate,Peer-reviewed community/home/primary-care frailty RCT candidate with relevant outcome,community,resistance;multicomponent_exercise,extract_now,High-confidence community/home/primary-care frailty RCT candidate,multicomponent_exercise
40024357,10.1016/j.physbeh.2025.114868,"Examining the impact of 28-week multicomponent and strength exercises on brain health, salivary stress, and mental well-being in frail older women: A controlled trial analysis.",2025,Physiology & behavior,https://pubmed.ncbi.nlm.nih.gov/40024357/,Community/primary-care frailty RCT candidate,"In recent years, the efficacy of various physical exercise programs in enhancing functional fitness among frail older adults has gained recognition. However, limited research has concurrently explored the long-term effects of exercise on brain health, stress biomarkers, and mental well-being. This study aimed to investigate the impact of two distinct chair-based exercise programs on salivary stress hormones and psychological well-being in frail older women over a 28-week period. A total of 140 individuals participated in the enrollment phase, with 84 eligible participants randomly assigned to three groups. Following the intervention, data from 60 participants were analyzed across the multicomponent exercise (MCE, n = 23), elastic band muscle-strength exercise (ESE, n=19), and non-exercise control (CG n=18) groups. Salivary biomarkers of alpha-amylase (α-AMY) Cortisol (COR), alpha-amylase/cortisol ratio, psychological indicators and physical frailty (PF) and functional fitness were assessed pre- and post-intervention. Salivary COR levels exhibited a significant time × group interaction, with a moderate increase in MCE, a small decrease in ESE, and a substantial increase in CGne. Salivary α-AMY levels varied significantly over time and by group, with a small decrease in both exercise groups and a moderate increase in CGne. The α-AMY /COR ratio also displayed a significant interaction effect. Additionally, significant improvements were observed in PF compound scores, general self-efficacy, attitudes toward aging, and reductions in perceived stress and depressive symptoms (p < 0.05). Notably, the MCE program demonstrated greater benefits than ESE. The observed associations between changes in α-AMY levels, mental well-being, and functional fitness indicators contribute novel evidence on the psychophysiological adaptations to long-term exercise. Importantly, reductions in PF scores correlated with improvements in self-efficacy, attitudes toward aging, and handgrip strength, reinforcing the link between functional fitness, stress regulation, and psychological well-being. These findings emphasize the need for tailored exercise interventions to enhance both physiological resilience and mental health in frail older populations.",include_title_abs,A_primary_fulltext,extraction_candidate,Peer-reviewed community/home/primary-care frailty RCT candidate with relevant outcome,unclear,resistance;multicomponent_exercise,extract_now,High-confidence community/home/primary-care frailty RCT candidate,multicomponent_exercise
41313689,10.1016/j.tjfa.2025.100106,"Exploratory functional and quality of life outcomes with daily consumption of the ketone ester bis-octanoyl (R)-1,3-butanediol in healthy older adults: a randomized, parallel arm, double-blind, placebo-controlled study.",2025,The Journal of frailty & aging,https://pubmed.ncbi.nlm.nih.gov/41313689/,Community/primary-care frailty RCT candidate,"Ketone bodies are metabolites produced during fasting or on a ketogenic diet that have pleiotropic effects on the inflammatory and metabolic aging pathways underpinning frailty in vivo models. Ketone esters (KEs) are compounds that induce hyperketonemia without dietary changes and that may impact physical and cognitive function in young adults. The functional effects of KEs have not been studied in older adults. Our long-term goal is to examine if KEs modulate aging biology mechanisms and clinical outcomes relevant to frailty in older adults. Here, we report the exploratory functional and quality-of-life outcome measures collected during a 12-week safety and tolerability study of KE (NCT05585762). Randomized, placebo-controlled, double-blinded, parallel-group, pilot trial of 12-weeks of daily KE ingestion. The Clinical Research Unit at the Buck Institute for Research on Aging, California. Community-dwelling older adults (≥65 years), independent in activities of daily living, with no unstable acute medical conditions (n = 30). Participants were randomly allocated (1:1) to consume 25 g daily of either KE (bis-octanoyl (R)-1,3-butanediol) or a taste, appearance, and calorie-matched placebo (PLA) containing canola oil. Longitudinal change in physical function, cognitive function and quality of life were assessed as exploratory outcomes in n = 23 completers (n = 11 PLA, n = 12 KE). A composite functional outcome intended for interventional frailty trials was derived and calculated. Heart rate and activity was measured throughout the study using digital wearables. There were no statistically significant longitudinal differences between groups in exploratory functional, activity-based or quality of life outcomes. Daily ingestion of 25 g of KE did not affect exploratory functional or quality-of-life end points in this pilot cohort of healthy older adults. Future work will address these endpoints as primary and secondary outcomes in a larger trial of pre-frail older adults.",include_title_abs,A_primary_fulltext,extraction_candidate,Peer-reviewed community/home/primary-care frailty RCT candidate with relevant outcome,community,digital_home,exclude_before_extraction,Healthy older-adult trial rather than prefrail/frail population,digital_home_unclear_intervention
40616957,10.1016/j.ygyno.2025.06.020,Fit4Surgery: A pilot randomized controlled trial to assess the feasibility of prehabilitation prior to debulking surgery for ovarian cancer.,2025,Gynecologic oncology,https://pubmed.ncbi.nlm.nih.gov/40616957/,Community/primary-care frailty RCT candidate,"To assess the feasibility of enrolling women with ovarian cancer in a randomized controlled trial (RCT) of a home-based, patient-tailored physical activity prehabilitation program (Fit4Surgery, F4S) and assess adherence while estimating effects on patient-reported outcomes (PROs), frailty, and physical function. Thirty patients aged ≥60 with ovarian cancer, scheduled for neoadjuvant chemotherapy and surgery, were randomized 2:1 to Fit4Surgery or educational control. The intervention group received a Fitbit, access to the F4S app, and weekly coaching calls. Controls received educational calls and access to the Cancer.Net app. The primary outcome was feasibility, defined as >80 % evaluability and adherence. Daily steps and PROs were compared using paired t-tests or Wilcoxon rank sum tests. Of 74 patients approached, 32 consented and 30 were randomized. Average age was 69.7 years (range 60-81). Ninety percent of patients completed both baseline and pre-surgical assessments. Patients wore their FitBit on 94 % of days, attended 97 % of coaching calls, and engaged with the F4S app on 80 % of days. Patients reached personal step goals on 49 % of days, while 77.8 % of patients increased their daily steps over the intervention, with an average increase of 1804 steps per day (37 % increase, p = 0.01). Patient-reported physical function (p = 0.09) and frailty-related metrics, including energy levels (p = 0.01) and weekly walks (p = 0.02) improved in the F4S group, while no differences were detected in surgical outcomes. Fit4Surgery was feasible with high engagement and adherence. Patients demonstrated increased daily step count and positive trends in PROs, frailty, and physical function.",include_title_abs,A_primary_fulltext,secondary_setting,Hospital/post-acute/residential setting; not primary Indian primary-care scope,hospital_or_postacute,digital_home,exclude_before_extraction,"Disease-specific, post-acute or hospital rehabilitation population",digital_home_unclear_intervention
40367490,10.2196/65636,"Frailty, Fitness, and Quality of Life Outcomes of a Healthy and Productive Aging Program (GrandMove) for Older Adults With Frailty or Prefrailty: Cluster Randomized Controlled Trial.",2025,JMIR aging,https://pubmed.ncbi.nlm.nih.gov/40367490/,Community/primary-care frailty RCT candidate,"Exercise interventions can reverse frailty. However, their scalability and sustainability are limited by manpower, which is reducing due to population aging. GrandMove is a program that combines healthy and productive aging strategies to (1) train and employ robust older adults as exercise coaches and (2) improve fitness and motivate the adoption of an exercise habit in older adults with frailty and prefrailty. The aim of this study is to examine the effectiveness of GrandMove in improving frailty, fitness, and quality of life in older adults with frailty and prefrailty. This cluster randomized controlled trial recruited older adults with frailty and prefrailty (N=390) living in the community. The 18-month exercise program consisted of three 6-month phases of lifestyle education (E), resistance exercise (R), and aerobic exercise (A). Each group of participants was randomized into 3 intervention sequence arms: the E-R-A group, the A-R-E group, and the R-A-E group. At 6, 12, and 18 months, 346, 305, and 264 participants completed the frailty assessment, respectively. At 6 months, 100 of 346 participants (28.9%) were robust. A-R-E and R-A-E were no better than E-R-A as the active control in addressing frailty over the first 6 months (A-R-E: interaction coefficient 0.07, 95% CI -0.35 to 0.49, P=.68; R-A-E: interaction coefficient -0.02, 95% CI -0.42 to 0.38, P=.90). Compared to lifestyle education, resistance training and aerobic training over the first 6 months were associated with greater improvement in fitness measures of grip strength for the left hand (A-R-E: interaction coefficient 2.99, 95% CI 0.76 to 5.23, P=.009; R-A-E: interaction coefficient 2.21, 95% CI 0.63 to 4.36, P=.04) and right hand (A-R-E: interaction coefficient 3.75, 95% CI 1.54 to 5.97, P=.001; R-A-E: interaction coefficient 2.29, 95% CI 0.16 to 4.42, P=.04) and arm curl test (A-R-E: interaction coefficient 1.42, 95% CI 0.39 to 2.46, P=.007; R-A-E: interaction coefficient 1.11, 95% CI 0.12 to 2.11, P=.03). The sequence of exercise interventions (R-A-E vs A-R-E) did not make a difference in primary outcomes at 12 months, but the R-A-E group showed better quality of life (interaction coefficient 4.50, 95% CI 0.12 to 8.88, P=.008). Improved frailty outcomes were maintained by the end of the study, but the change in overall physical activity level was limited. Combining healthy and productive aging strategies is a scalable and sustainable way to improve frailty, fitness, and quality of life in older adults with frailty and prefrailty. Different combinations of lifestyle education and physical interventions improved frailty.",include_title_abs,A_primary_fulltext,extraction_candidate,Peer-reviewed community/home/primary-care frailty RCT candidate with relevant outcome,community,resistance;aerobic_walking;multidomain,extract_now,High-confidence community/home/primary-care frailty RCT candidate,multidomain
40042971,10.1016/j.tjfa.2025.100028,Getting fit for hip and knee replacement: The Fit-Joints multimodal intervention for frail patients with osteoarthritis - a pilot randomized controlled trial.,2025,The Journal of frailty & aging,https://pubmed.ncbi.nlm.nih.gov/40042971/,Community/primary-care frailty RCT candidate,"Older adults with frailty have high risk for poor postoperative outcomes. To evaluate the feasibility of a multimodal prehabilitation program in older adults with frailty awaiting hip or knee replacement. Parallel two-arm randomized controlled pilot trial. Community-dwelling older adults with frailty awaiting joint replacement aged ≥60 years recruited from the Musculoskeletal Central Intake and Assessment Centre (MSK CIAC), Ontario. Exercise, protein and vitamin D supplements, and medication review. Feasibility was assessed based on predefined progression criteria for recruitment, retention, data completion and adherence to intervention components. Clinical outcomes including Oxford Knee and Hip Scores, frailty index, Short Physical Performance Battery and health-related quality of life were collected at baseline, 1-week preoperative, 6-weeks and 6-months postoperative and were evaluated using generalized linear mixed models for repeated measures. A total of 69 participants were enrolled. Recruitment rate was 35 %. Participants' mean age was 74 (standard deviation (SD): 7.5); 51 % were prefrail and 36 % were frail. Participant retention was 81 %, and data completion was ≥80 %. Mean adherence to strength exercises was 4 days (95 % confidence interval (CI): 3-5 days/week), balance 3 days (95 % CI: 2-4 days/week), and flexibility 3 days (95 % CI: 3-4 days/week). Adherence to vitamin D intake was 82 % (95 % CI: 73-92 %), and medication review consultation completion was 86 % (95 % CI: 68-95 %). These outcomes met the target values for feasibility success. The Oxford Knee Score at 6-months postoperative 8.78 (95 % CI: 0.40-17.16) showed a clinically meaningful and statistically significant difference between treatment groups. There were also indications of clinically relevant changes for frailty and quality of life post-surgery. This trial provides strong evidence of feasibility and indications of improvements in postoperative clinical outcomes. Challenges to implementation and adherence were identified that can inform modifications to study design for future trials. ClinicalTrials.gov NCT02885337. Registered August 31, 2016. https://classic. gov/ct2/show/NCT02885337.",include_title_abs,A_primary_fulltext,secondary_setting,Hospital/post-acute/residential setting; not primary Indian primary-care scope,hospital_or_postacute,resistance;balance;nutrition,exclude_before_extraction,Protocol/design/baseline paper,exercise_plus_nutrition
39743381,10.1016/j.jnha.2024.100401,Global consensus on optimal exercise recommendations for enhancing healthy longevity in older adults (ICFSR).,2025,"The journal of nutrition, health & aging",https://pubmed.ncbi.nlm.nih.gov/39743381/,Implementation-relevant frailty RCT candidate,"Aging, a universal and inevitable process, is characterized by a progressive accumulation of physiological alterations and functional decline over time, leading to increased vulnerability to diseases and ultimately mortality as age advances. Lifestyle factors, notably physical activity (PA) and exercise, significantly modulate aging phenotypes. Physical activity and exercise can prevent or ameliorate lifestyle-related diseases, extend health span, enhance physical function, and reduce the burden of non-communicable chronic diseases including cardiometabolic disease, cancer, musculoskeletal and neurological conditions, and chronic respiratory diseases as well as premature mortality. Physical activity influences the cellular and molecular drivers of biological aging, slowing aging rates-a foundational aspect of geroscience. Thus, PA serves both as preventive medicine and therapeutic agent in pathological states. Sub-optimal PA levels correlate with increased disease prevalence in aging populations. Structured exercise prescriptions should therefore be customized and monitored like any other medical treatment, considering the dose-response relationships and specific adaptations necessary for intended outcomes. Current guidelines recommend a multifaceted exercise regimen that includes aerobic, resistance, balance, and flexibility training through structured and incidental (integrated lifestyle) activities. Tailored exercise programs have proven effective in helping older adults maintain their functional capacities, extending their health span, and enhancing their quality of life. Particularly important are anabolic exercises, such as Progressive resistance training (PRT), which are indispensable for maintaining or improving functional capacity in older adults, particularly those with frailty, sarcopenia or osteoporosis, or those hospitalized or in residential aged care. Multicomponent exercise interventions that include cognitive tasks significantly enhance the hallmarks of frailty (low body mass, strength, mobility, PA level, and energy) and cognitive function, thus preventing falls and optimizing functional capacity during aging. Importantly, PA/exercise displays dose-response characteristics and varies between individuals, necessitating personalized modalities tailored to specific medical conditions. Precision in exercise prescriptions remains a significant area of further research, given the global impact of aging and broad effects of PA. Economic analyses underscore the cost benefits of exercise programs, justifying broader integration into health care for older adults. However, despite these benefits, exercise is far from fully integrated into medical practice for older people. Many healthcare professionals, including geriatricians, need more training to incorporate exercise directly into patient care, whether in settings including hospitals, outpatient clinics, or residential care. Education about the use of exercise as isolated or adjunctive treatment for geriatric syndromes and chronic diseases would do much to ease the problems of polypharmacy and widespread prescription of potentially inappropriate medications. This intersection of prescriptive practices and PA/exercise offers a promising approach to enhance the well-being of older adults. An integrated strategy that combines exercise prescriptions with pharmacotherapy would optimize the vitality and functional independence of older people whilst minimizing adverse drug reactions. This consensus provides the rationale for the integration of PA into health promotion, disease prevention, and management strategies for older adults. Guidelines are included for specific modalities and dosages of exercise with proven efficacy in randomized controlled trials. Descriptions of the beneficial physiological changes, attenuation of aging phenotypes, and role of exercise in chronic disease and disability management in older adults are provided. The use of exercise in cardiometabolic disease, cancer, musculoskeletal conditions, frailty, sarcopenia, and neuropsychological health is emphasized. Recommendations to bridge existing knowledge and implementation gaps and fully integrate PA into the mainstream of geriatric care are provided. Particular attention is paid to the need for personalized medicine as it applies to exercise and geroscience, given the inter-individual variability in adaptation to exercise demonstrated in older adult cohorts. Overall, this consensus provides a foundation for applying and extending the current knowledge base of exercise as medicine for an aging population to optimize health span and quality of life.",include_title_abs,A_primary_fulltext,context_citation,Review/consensus; use for citation chasing only,residential_or_nursing_home,resistance;balance;aerobic_walking;multicomponent_exercise;nutrition;digital_home;multidomain,exclude_before_extraction,Review/consensus paper,multidomain_exercise_nutrition
41299266,10.1186/s12877-025-06649-3,Hospital-community continuity of care in fragile patients before and after major surgery-an exploratory case control study.,2025,BMC geriatrics,https://pubmed.ncbi.nlm.nih.gov/41299266/,Community/primary-care frailty RCT candidate,"Frailty is a multifaceted geriatric syndrome that heightens vulnerability to adverse health outcomes, especially in surgical settings. While preoperative geriatric assessments have shown promise in mitigating these risks, their translation into actionable care plans across hospital and community settings remains a challenge. The fragmentation in Israel's healthcare system further exacerbates this issue, leaving gaps in care continuity that impact recovery outcomes for frail patients. This study evaluates a structured continuity-of-care model designed to bridge hospital-community gaps by directly transferring geriatric assessment findings to primary care physicians (PCPs). The impact on functional, mental, and physical outcomes, as well as PCP engagement, was examined. A prospective observational study with a parallel-group design was conducted among 161 elective surgery patients aged 87 and older, or 70-86 with high frailty risk scores. Frailty was measured using the Assuta Frailty Score (AFS), based on the validated Multidimensional Frailty Score (MFS). Intervention group patients received a nurse-led geriatric assessment and structured transmission of results to their PCPs, while control patients self-delivered assessment findings. Outcomes were measured three months post-surgery using the Barthel Index, Lawton IADL, and SF-12. Intervention group patients exhibited a smaller decline in ADL scores (-2.10 vs. -6.03, p = 0.14) and improved IADL outcomes (-0.54 vs. -2.09, p = 0.13). Self-reported general health also improved more in the intervention group (+ 3.89 vs. +2.47, p = 0.15). Assessment results were systematically transferred to PCPs in the intervention group, while only 35% of control patients reported doing so. Patient-reported PCP engagement with results was low in both groups (16% vs. 11%; p = 0.298). A structured continuity-of-care model shows potential for improving postoperative recovery among frail patients by enhancing communication between hospitals and community care providers. However, systemic barriers, including low PCP engagement and fragmented healthcare coordination, limit its full impact. Future studies should develop and evaluate integrated care models with structured communication, emotional support, and digital tools, using robust designs such as randomized or cluster trials.",include_title_abs,A_primary_fulltext,secondary_setting,Hospital/post-acute/residential setting; not primary Indian primary-care scope,hospital_or_postacute,digital_home,exclude_before_extraction,Non-randomized observational design,digital_home_unclear_intervention
41120990,10.1186/s12877-025-06471-x,Impact of a functional gait training program as a complementary strategy to improve physical function in older adults: a randomized clinical trial.,2025,BMC geriatrics,https://pubmed.ncbi.nlm.nih.gov/41120990/,Community/primary-care frailty RCT candidate,"Research on healthy aging increasingly highlights the importance of muscle function, strength, and mass due to their pivotal roles in intrinsic capacity, frailty, sarcopenia, and overall health. Physical exercise remains a cornerstone strategy for enhancing these parameters. This study aimed to assess the impact of functional gait training using the sequential square mat (SSM) Fisior® program on physical performance, muscle mass and strength, and overall mobility in aging populations. A randomized clinical trial was conducted with older adults aged 60 years and older from the Comprehensive Senior Adult Center (CIAM) in Lima, Peru. Participants were randomly assigned to a control group (structured physical activity workshops: gymnastics, dance, swimming, and Tai Chi) or an intervention group (same workshops plus SSM Fisior® program for 35 min, three times weekly). The 12-week intervention's impact was analyzed using linear regression models to calculate β coefficients, standard errors, 95% confidence intervals, and p-values. Among 47 participants (95.74% women, mean age 72.66 years), 29 (61.70%) were in the intervention group and 18 (38.30%) in the control group. Significant improvements were observed in the adjusted model (by age and sex) for the Timed Up and Go Test (B = -1.43, p = 0.002), calf circumference (B = -0.10, p = 0.001), grip strength (B = -0.05, p = 0.004), and Barthel index (B = -0.02, p = 0.001). No association was found with other variables: Short Physical Performance Battery, abdominal circumference, and Sarc-F. Integrating the SSM Fisior® program into physical activity workshops enhances muscle activity and functional performance, in terms of Timed Up and Go Test, muscle strength, functionality and calf circumference, supporting its value in promoting healthy aging. ClinicalTrials.gov NCT07006584. Retrospectively registered, Date of registration May 05, 2025.",include_title_abs,A_primary_fulltext,extraction_candidate,Peer-reviewed community/home/primary-care frailty RCT candidate with relevant outcome,unclear,resistance;mind_body,extract_now,High-confidence community/home/primary-care frailty RCT candidate,exercise_only
41946023,10.1016/j.physio.2025.101873,Impact of a physiotherapy-led low threshold exercise and protein supplementation intervention to optimise physical function and target frailty in people experiencing homelessness and addiction: The LEAP-II trial.,2025,Physiotherapy,https://pubmed.ncbi.nlm.nih.gov/41946023/,Community/primary-care frailty RCT candidate,"Frailty is an age-associated state of physiological vulnerability due to loss of biological reserves and is associated with adverse outcomes such as falls, disability and hospitalisation. People who are homeless and in addiction experience health inequities and have a higher burden of poor physical function and frailty than the general population. Pre-post intervention study. Day service centre for people with chronic addiction issues and homelessness. People experiencing homelessness and addiction. A physiotherapy-led low threshold three-times weekly exercise intervention with protein supplementation was flexibly delivered over 12 weeks. The primary outcome of feasibility was measured by recruitment, retention, adherence, acceptability and adverse events. Secondary outcomes were physical function, pain, frailty and nutritional status, and self-reported health. Forty-three participants enrolled. Overall retention was 70%, with higher retention observed in subgroups (women and older adults). Programme adherence and acceptability was reported in 93% and 100% of participants, respectively. No adverse events occurred. At baseline, sub-normative values were demonstrated for limb strength and balance; pain was prevalent in 35%; 70% had poor nutritional health and between 33% and 72% lived with some degree of frailty. Significant improvements were demonstrated for lower limb strength, gait speed, pain, nutritional status and frailty, (p<0.05). This novel and pragmatic intervention delivered to this commonly overlooked population was shown to be feasible and impactful, indicating proof of concept. Clinical Trials.gov: NCT05700305. CONTRIBUTION OF THE PAPER.",include_title_abs,A_primary_fulltext,extraction_candidate,Peer-reviewed community/home/primary-care frailty RCT candidate with relevant outcome,outpatient_or_day_service,resistance;balance;nutrition,exclude_before_extraction,Protocol/design/baseline paper,exercise_plus_nutrition
40121126,10.1016/j.jagp.2025.02.014,"Improvements in Depressive Symptoms, Perceived Social Support, and Quality of Life Through an Educational Program in Community-Dwelling Older Adults With Frailty Phenotype: A Randomized Controlled Trial of the FRAGSALUD Project.",2025,The American journal of geriatric psychiatry : official journal of the American Association for Geriatric Psychiatry,https://pubmed.ncbi.nlm.nih.gov/40121126/,Community/primary-care frailty RCT candidate,"This study examined the impact of an educational program on depressive symptoms, cognitive function, social support, quality of life, and physical frailty among community-dwelling older adults with frailty or prefrailty. In this 12-month multicenter randomized controlled trial, 199 frail/prefrail community-dwelling older adults were allocated into the intervention (n = 109) or the control (n = 90) group. The 6-month educational intervention focused on guidelines for physical activity, nutrition, cognition, and psychosocial well-being, while participants in the control group maintained their usual healthcare attendance. Changes in depressive symptoms (15-item Geriatric-Depressive-Scale, GDS-15), cognitive function (Short Portable Mental Status Questionnaire, SPMSQ), social support (Duke-University of North Carolina Functional Social Support Questionnaire, Duke-UNC-11), quality of life (3-level EuroQoL five-dimensional questionnaire visual analog scale, EQ-VAS, and index, EQ-Index), physical frailty (Short Physical Performance Battery, SPPB, and Fried's criteria) were evaluated after six months of intervention and six months of follow-up. After the follow-up, the intervention group improved the GDS-15 score (p <0.001), Duke-UNC-11 score (p <0.001), quality of life (EQ-VAS: p = 0.001, EQ-Index: p = 0.010), SPPB score (p <0.001), and reduced Fried's criteria (p <0.001) compared to the control group, which worsened Duke-UNC-11 score (p = 0.012) and EQ-Index (p <0.001). No significant changes in cognitive function were observed. Lastly, all significant changes in study variables after follow-up were significantly correlated with each other (p <0.05), indicating an interrelated evolution. This 6-month educational program improved depressive symptoms, social support, quality of life, and physical frailty in community-dwelling frail and prefrail older adults, as observed after a 6-month follow-up.",include_title_abs,A_primary_fulltext,extraction_candidate,Peer-reviewed community/home/primary-care frailty RCT candidate with relevant outcome,community,nutrition,extract_now,High-confidence community/home/primary-care frailty RCT candidate,nutrition_only
39954533,10.1016/j.jnha.2025.100512,Long-term frailty and physical performance transitions in older people with type-2 diabetes. The MIDFRAIL randomized clinical study.,2025,"The journal of nutrition, health & aging",https://pubmed.ncbi.nlm.nih.gov/39954533/,Community/primary-care frailty RCT candidate,"Type 2 diabetes (T2D) is associated with frailty in older people. We aim to explore changes in frailty status after ≥18 months of intervention. 298 community-dwelling older adults (>70 years) participating in MIDFRAIL followed-up for 18-24 months were randomly allocated by trial site (cluster) to intervention IG (16-weeks resistance exercise program, nutritional-educational sessions, optimization of diabetes care), or usual care group (UCG). Frailty status was assessed by the Fried Frailty Phenotype criteria at baseline and final visit. Functional status was assessed by the SPPB in every visit. We used multivariate linear and logistic regression for continuous and dichotomous outcomes. This study was registered at Clinicaltrials.gov (NCT01654341). Mean age was 77.7 (SD 5.54), 47% were male, 32.9% frail and 67.1% prefrail. The probability of improving the frailty status and decreasing the number of Fried's frailty criteria was higher in the IG than in the UCG (OR 2.6, 95%CI 1.3-5.4; p = 0.009 and OR 1.9; 95%CI 1.1-3.1; p = 0.02, respectively). IG participants more frequently improved ≥1 point in SPPB score (OR 1.85; 95%CI 1.09-3.12; p = 0.022). These benefits were mainly accounted for the prefrail participants. The MIDFRAIL intervention improved frailty status and physical function at long-term follow-up in older people with T2D.",include_title_abs,A_primary_fulltext,extraction_candidate,Peer-reviewed community/home/primary-care frailty RCT candidate with relevant outcome,community,resistance;nutrition,extract_now,High-confidence community/home/primary-care frailty RCT candidate,exercise_plus_nutrition
40147475,10.1016/j.lanhl.2025.100695,"Metformin and physical performance in older people with probable sarcopenia and physical prefrailty or frailty in England (MET-PREVENT): a double-blind, randomised, placebo-controlled trial.",2025,The lancet. Healthy longevity,https://pubmed.ncbi.nlm.nih.gov/40147475/,Community/primary-care frailty RCT candidate,"Metformin has effects on multiple biological systems relevant to ageing and has been posited as a candidate therapy for sarcopenia and physical frailty. We aimed to test the efficacy and safety of metformin, a candidate geroprotector, to improve physical performance in older people with probable sarcopenia and physical prefrailty or frailty. In this double-blind, randomised, parallel-group, placebo-controlled trial (MET-PREVENT), participants aged 65 years and older with a 4-m walk speed of less than 0·8 m/s and probable sarcopenia, characterised by low handgrip strength (<16 kg for women and <27 kg for men) or five times sit-to-stand time of longer than 15 s (or inability to complete five sit-to-stands) were recruited from primary care and hospital clinics in Gateshead and Newcastle, UK. Participants were randomly assigned (1:1), via a web-based system with minimisation to ensure balance by sex and baseline 4-m walk speed, to receive either 500 mg oral metformin or matching placebo three times a day for 4 months. The primary outcome was the adjusted between-group difference in 4-m walk speed at 4 months. The primary outcome was analysed in the intention-to-treat population (ie, all participants randomly assigned to treatment) who had complete data, and safety was assessed in all participants who received at least one dose of study treatment. This study is registered with the ISRCTN registry, ISRCTN29932357, and is now complete. Between Aug 1, 2021, and Sept 30, 2022, 268 individuals were screened for inclusion in the trial, and 72 participants were randomly assigned to either metformin (n=36) or placebo (n=36; intention-to-treat population). Mean age was 80·4 years (SD 5·7), 42 (58%) of 72 participants were female, 30 (42%) were male, and 70 (97%) were White British. 70 (97%) of 72 participants had complete follow-up data (n=34 in the metformin group and n=36 in the placebo group). Mean 4-m walk speed at 4 months was 0·57 m/s (SD 0·19) in the metformin group and 0·58 m/s (0·24) in the placebo group (adjusted treatment effect 0·001 m/s [95% CI -0·06 to 0·06]; p=0·96). 108 adverse events occurred in 35 (100%) of 35 participants who received metformin and 77 adverse events occurred in 33 (92%) of 36 participants who received placebo, and 12 (34%) of 35 participants had hospital admissions in the metformin group versus three (8%) of 36 participants in the placebo group. One death occurred, in the metformin group (one [3%] of 35), and was judged to be unrelated to study treatment. Metformin did not improve 4-m walk speed and was poorly tolerated in this population. National Institute for Health and Care Research Newcastle Biomedical Research Centre.",include_title_abs,A_primary_fulltext,extraction_candidate,Peer-reviewed community/home/primary-care frailty RCT candidate with relevant outcome,primary_care,resistance;balance,extract_now,High-confidence community/home/primary-care frailty RCT candidate,exercise_only
40749218,10.2196/76357,Mixed Reality-Based Physical Therapy in Older Adults With Sarcopenia: Preliminary Randomized Controlled Trial.,2025,JMIR serious games,https://pubmed.ncbi.nlm.nih.gov/40749218/,Community/primary-care frailty RCT candidate,"Sarcopenia in older adults is associated with reduced muscle mass and function, leading to frailty, increased fall risk, and decreased quality of life (QOL). Mixed reality (MR)-based interventions have emerged as promising tools to enhance physical therapy engagement and effectiveness through immersive, interactive environments. This study aimed to investigate the effects of a Mixed Reality-Based Physical Therapy (Mr.PT) platform on quadricep muscle thickness, balance confidence, activities of daily living, and QOL in older adults with sarcopenia. A preliminary randomized controlled trial was conducted involving 30 older women (mean age 75.3, SD 9.9 y) diagnosed with sarcopenia based on the Asian Working Group for Sarcopenia criteria. Participants were randomly assigned to either the Mr.PT group or a conventional physical activity (CPA) group. Both groups participated in 30-minute exercise sessions, 3 times per week, over 4 weeks. The Mr.PT program used head-mounted MR devices with gamified, interactive training, while the CPA group received standard therapist-led exercises using resistance bands. Outcome measures included ultrasound imaging of quadricep muscle thickness, the Korean version of the Activities of Daily Living scale (Katz Index of Independence in Activities of Daily Living), the Activities-Specific Balance Confidence (ABC) scale, and the 12-Item Short-Form Health Survey. Statistical analysis was performed using repeated-measures ANOVA and Tukey post hoc tests. The Mr.PT group showed significantly greater improvement in quadricep muscle thickness than the CPA group (P=.001). Within-group improvements in balance confidence (ABC scale) and daily functioning (Katz Index of Independence in Activities of Daily Living) were observed in both groups (P<.05), though between-group differences were not statistically significant. However, the Mr.PT group demonstrated significantly greater gains in QOL as measured by 12-Item Short-Form Health Survey (P=.02). All participants completed the intervention without dropouts or adverse events. MR-based exercise using the Mr.PT platform appears effective in increasing muscle mass and enhancing QOL among older adults with sarcopenia. Its interactive and adaptive features may improve engagement and motivation, suggesting potential advantages over traditional programs. Further research with larger cohorts and longer follow-up is recommended to confirm these preliminary findings and explore long-term outcomes.",include_title_abs,A_primary_fulltext,extraction_candidate,Peer-reviewed community/home/primary-care frailty RCT candidate with relevant outcome,unclear,resistance;balance;digital_home,extract_now,High-confidence community/home/primary-care frailty RCT candidate,exercise_only
41370708,10.1080/09638288.2025.2597357,Multicomponent physical exercise program among community-dwelling older adults who are users of home care services: a quasi-experimental pilot study.,2025,Disability and rehabilitation,https://pubmed.ncbi.nlm.nih.gov/41370708/,Community/primary-care frailty RCT candidate,"To analyze the feasibility and preliminary effectiveness of a multicomponent physical exercise program (MPEP) among community-dwelling older adults receiving home care services (HCS). A quasi-experimental pilot study was conducted with 44 participants allocated by preference for pragmatic considerations to MPEP or control group (NCT05726214, ClinicalTrails.gov). Over 16 weeks, the MPEP included strength, balance, flexibility, and aerobic exercises through one weekly physiotherapist-led face-to-face session plus two home-based Vivifrail (evidence-based multicomponent exercise program) sessions tailored to participants' functional level. Feasibility was assessed through recruitment, adherence, safety and acceptability. Physical performance; nutritional, psycho-affective and cognitive status; and frailty were measured at baseline and post-intervention. The completion rate was 77%. Face-to-face session attendance and compliance were 83% and 73%, respectively. At-home compliance was 71%. No severe adverse events occurred. Satisfaction was 9/10. Group-by-time analyses suggested improvements in the MPEP group for the Short Physical Performance Battery (η2ₚ=0.154) and Fried Frailty Scale (η2ₚ=0.164). Frailty decreased on both scales (OR = 0.142 and 0.125). No further significant effects were observed. The assessed intervention is feasible and suggests benefits in improving physical function and reducing frailty among older adults receiving HCS. Further robust studies, including explanatory and pragmatic randomised controlled trials are needed.",include_title_abs,A_primary_fulltext,extraction_candidate,Peer-reviewed community/home/primary-care frailty RCT candidate with relevant outcome,home,resistance;balance;aerobic_walking;multicomponent_exercise;nutrition;digital_home,exclude_before_extraction,Protocol/design/baseline paper,exercise_plus_nutrition
40297922,10.1080/07853890.2025.2496409,Multidomain intervention for delaying aging in community-dwelling older adults (MIDA): study design and protocol.,2025,Annals of medicine,https://pubmed.ncbi.nlm.nih.gov/40297922/,Community/primary-care frailty RCT candidate,"The exploration of interventions to delay aging is an emerging topic that promotes healthy aging. The multidomain intervention has the potential to be applied in the field of aging because it concentrates on the functional ability of older adults. There is currently no literature reporting on a multidomain intervention involving cognition, exercise and nutrition for delaying aging. The Multidomain Intervention for Delaying Aging in Community-dwelling Older Adults (MIDA) is a Zelen-design randomized controlled trial with a 6-month intervention duration. The multidomain intervention comprises cognitive training, exercise training, and nutritional guidance, delivered through both group sessions and individual family interventions. A total of 248 participants aged 60 to 85 years will be randomized to the intervention group or control group and followed up for 12 months. The primary outcome is the change in epigenetic age acceleration and pace of aging following the multidomain intervention. The secondary outcomes are the changes in frailty score and intrinsic capacity Z-score. Other outcomes include physical functions, body composition, aging biomarkers, inflammatory markers, haematology and biochemistry parameters, and lifestyle factors. This study will explore the effects of the multidomain intervention on delaying aging in community-dwelling older adults. We aim to introduce a new approach to delaying aging and offer a practical multidomain intervention strategy for healthcare institutions.",include_title_abs,A_primary_fulltext,exclude,Protocol/design/baseline paper rather than outcome report,community,nutrition;digital_home;multidomain,exclude_before_extraction,Protocol/design/baseline paper,multidomain
41103092,10.1080/21551197.2025.2572678,Nutritional Guidance Decreases the Prevalence of Frailty Among Older Caregivers.,2025,Journal of nutrition in gerontology and geriatrics,https://pubmed.ncbi.nlm.nih.gov/41103092/,Implementation-relevant frailty RCT candidate,"The aim of this study was to investigate the effect of individually tailored dietary counseling on frailty status among older family caregivers (FC). This study is part of the LifEstyle, NutriTion, and Oral health in caregivers (LENTO) intervention study. There were a total of 113 participants, with a mean age of 74 years (SD 8.0). This randomized intervention included individually tailored nutritional guidance given by the clinical nutritionist at the baseline and at the 2-month visit and the intervention period was 6 months. At the baseline frailty prevalence was 68% (n = 43 out of 63) in the intervention group and 78% (n = 39 out of 50) in the control group. At the end of the 6-month intervention the prevalence in the intervention group had decreased to 41% (n = 24 out of 59) but remained stable in the control group with 79% (n = 37 out of 47). There was a significant difference in the change of the prevalence of frailty between the groups (P < 0.001). The intervention resulted in increased protein intake in the intervention group from 0.95 g/kg/d (SD 0.34) to 1.05 g/kg/d (SD 0.37) (P = 0.003). The results suggest that frailty among older caregivers can be decreased with personalized nutritional guidance.",include_title_abs,A_primary_fulltext,extraction_candidate,Peer-reviewed community/home/primary-care frailty RCT candidate with relevant outcome,unclear,nutrition;multidomain,extract_now,High-confidence community/home/primary-care frailty RCT candidate,multidomain
40471669,10.2196/69259,"Outdoor Exercise Facility-Based Integrative Mobile Health Intervention to Support Physical Activity, Mental Well-Being, and Exercise Self-Efficacy Among Older Adults With Prefrailty and Frailty in Hong Kong: Pilot Feasibility Randomized Controlled Trial Study.",2025,JMIR mHealth and uHealth,https://pubmed.ncbi.nlm.nih.gov/40471669/,Community/primary-care frailty RCT candidate,"Engaging in an adequate amount of physical activity (PA) serves as a protective factor against frailty. While previous PA interventions have been effective in improving physical functioning outcomes, they have not consistently succeeded in sustaining PA behavioral changes. The primary aim of this pilot randomized controlled trial (RCT) is to explore the feasibility and acceptability of an integrative mobile health (mHealth) intervention among community-dwelling older adults with prefrailty and frailty. The secondary aim was to investigate the potential effects of the intervention on sustaining PA levels and improving mental well-being and exercise self-efficacy in this population. A 2-armed pilot feasibility randomized controlled trial was conducted. A total of 38 inactive, community-dwelling older adults (aged>55 years) with prefrailty and frailty were randomized to either the intervention group (n=19), which received 4 weekly educational workshops at a university and a mobile app to support their use of outdoor exercise facilities in their neighborhood, or the control group (n=19), which received 4 weekly health education workshops with exercise experiential sessions tailored for older adults with frailty. To assess the acceptability of the intervention, individual semistructured interviews were conducted with, and a self-developed questionnaire was administered to, 14 participants from the intervention group. The mean age of the participants was 71.8 (SD 9.34) years, and 24 out of 34 (71%) were female. As many as 34 participants out of 38 (89%) completed the study (18/19 in the control group and 16/19 in the intervention group). Workshop attendance rates were very high in both groups (intervention group, 63/68, 93%, and control group, 72/76, 95%). Self-reported adherence to the unsupervised outdoor practical sessions and engagement with the app was over 65% (36/51, 71%, and 35/51, 69%, in the intervention group. Two adverse events were reported in the intervention group, and none in the control group. As hypothesized, secondary outcome analyses showed that both groups increased their PA levels immediately after the intervention; however, only the intervention group maintained this increase at the 3-month follow-up. Additionally, favorable changes in mental well-being and exercise self-efficacy were observed in the intervention group. Feasibility and acceptability data also highlighted areas for improvement that should be addressed before a larger trial. This study provides initial proof-of-concept evidence for the integrative mHealth intervention. However, modifications are needed to enhance user adherence to both the mobile app and the outdoor practice component before proceeding to a larger trial. ClinicalTrials.gov NCT06326710; https://clinicaltrials.gov/ct2/show/NCT06326710.",include_title_abs,A_primary_fulltext,extraction_candidate,Peer-reviewed community/home/primary-care frailty RCT candidate with relevant outcome,community,digital_home,extract_now,High-confidence community/home/primary-care frailty RCT candidate,digital_home_unclear_intervention
40005003,10.3390/nu17040675,"Personalized Diet With or Without Physical Exercise Improves Nutritional Status, Muscle Strength, Physical Performance, and Quality of Life in Malnourished Older Adults: A Prospective Randomized Controlled Study.",2025,Nutrients,https://pubmed.ncbi.nlm.nih.gov/40005003/,Community/primary-care frailty RCT candidate,"Objectives: Malnutrition (MN) is prevalent in older adults and closely related to sarcopenia, frailty, morbidity, mortality, and decreased quality of life. In this study, we aimed to evaluate the effects of a personalized diet combined with planned physical exercise on nutritional status, physical performance, and quality of life (QoL) in malnourished older adult patients. Methods: In this prospective study, 20 older adults with MN risk according to the Mini Nutritional Assessment-Short Form (MNA-SF) were randomized into (i) personalized diet (PD) and (ii) personalized diet with physical exercise (PDE) groups, and followed up with for 12 weeks. The physical exercise included warm-up, strengthening, balance, and cooldown phases, with a frequency of 3-4 days per week. Anthropometric measurements, physical performance, and quality of life were assessed using standardized tools at baseline and at the 4th, 8th, and 12th weeks. QoL was measured using the EQ-5D index and EQ-5D visual analog scale (VAS) scores. Results: A total of 20 patients (55% male) participated in the study. During the study, BMIs, MNA-SF scores, and hand grip strength were increased, and the patients' average duration on the Timed Up and Go (TUG) test decreased significantly in both groups. The EQ-5D index score of the PD group and the EQ-5D VAS scores of both groups were increased. Conclusions: A personalized diet with or without physical exercise therapy was associated with improved nutritional status, physical performance, and QoL.",include_title_abs,A_primary_fulltext,extraction_candidate,Peer-reviewed community/home/primary-care frailty RCT candidate with relevant outcome,unclear,resistance;balance;nutrition,extract_now,High-confidence community/home/primary-care frailty RCT candidate,exercise_plus_nutrition
40121486,10.1186/s13102-025-01105-6,Psychophysiological effects of a supervised home-based resistance band exercise program in pre-frail older patients with type 2 diabetes mellitus: a randomized controlled trial.,2025,"BMC sports science, medicine & rehabilitation",https://pubmed.ncbi.nlm.nih.gov/40121486/,Community/primary-care frailty RCT candidate,"Frailty is a syndrome as with aging in the population of type 2 diabetes mellitus (T2DM) and exercise has become an essential non-pharmacological tool especially in the pre-frail stage. Notably, the form of supervised home-based exercise program has been strongly recommended in recent years. This study aimed to verify the potential effects of the supervised home-based elastic band exercise in pre-frail older T2DM patients in China. A total of 100 participants were included and randomly divided into intervention group (IG) (n = 50) and control group (CG) (n = 50). The CG received a routine care, while the IG received an extra home-based elastic band training under online and offline supervisions sustaining 12-weeks. The glycosylated hemoglobin (HbA1c), blood lipids, body composition, physical function, scales of Diabetes specificity quality of life scale (DSQL), Pittsburgh sleep quality index (PSQI) and short form geriatric depression scale (GDS-15) of the participants were evaluated before and after intervention. The average age of the participants were 66.01 ± 4.76 with 55% male and average BMI 24.75 ± 3.51 kg/m2. The clinical characteristics of the two groups were comparable. After 12 weeks' training, muscle mass of the limbs (P < 0.05), physical function indicators including grip strength, chair stands (both P < 0.05), walking time (P < 0.01), HbA1c (P < 0.05), frailty score (P < 0.05), subjective sleep quality (P < 0.05), total DSQL scores (P < 0.01) and the depressive status (P < 0.01) improved significantly in IG when compared with CG. Supervised home-based elastic band exercise could improve limb muscle mass, physical fitness, glucose and lipid control and quality of life in pre-frail older T2DM patients. ChiCTR2300070726; Registration date: 21/04/2023.",include_title_abs,A_primary_fulltext,extraction_candidate,Peer-reviewed community/home/primary-care frailty RCT candidate with relevant outcome,home,resistance;aerobic_walking;digital_home,extract_now,High-confidence community/home/primary-care frailty RCT candidate,exercise_only
40900147,10.1097/jnr.0000000000000698,Pulmonary Rehabilitation Exercise Package for Enhancing Health in Elderly COPD Patients With Frailty: An Experimental Study.,2025,The journal of nursing research : JNR,https://pubmed.ncbi.nlm.nih.gov/40900147/,Community/primary-care frailty RCT candidate,"Frailty may result in decreased physical functioning and worsen the prognosis of chronic diseases. Chronic obstructive pulmonary disease (COPD) is associated with an increased risk of concurrent frailty. Although pulmonary rehabilitation has demonstrated improvements in COPD outcomes, its impact on patients with frailty and COPD remains unclear. This study was designed to examine the effects of the pulmonary rehabilitation exercise package (PREP) on frailty, dyspnea, lower extremity muscular endurance (LEME), and walking ability (WA) in older adult COPD patients with frailty. A single-blind experimental design was used to study 100 elderly COPD patients with frailty, randomly assigned to either the experimental or control group. The experimental group (EG) received the PREP intervention, while the control group (CG) received routine care. The Clinical Frail Scale (CFS) was used to measure frailty, the Modified Medical Research Council scale was used to measure dyspnea, LEME was measured using the 30-second chair stand test, and functional exercise capacity (i.e., walking ability or WA) was measured using the 6-minute walk distance. All measurements were taken at three time points: baseline (preintervention), 1 week postintervention, and 1 month postintervention. Between-group and within-group differences and variations in repeated measurements over time were compared using independent t tests, paired t tests, and generalized estimating equations (GEE). A total of 91 participants completed the study, with 9 participants lost to follow-up. No significant between-group differences were found at baseline in terms of characteristics, frailty, dyspnea, LEME, and WA. Applying difference-in-differences, the EG outperformed the CG in terms of dyspnea and WA at both 1-week and 1-month follow-ups, while the EG significantly outperformed the CG on all measures at the 1-month follow-up. Within-group comparisons also revealed significant improvements in the EG compared with the CG. Using GEE to examine the interaction, the EG demonstrated significantly better improvements in dyspnea, LEME, and WA than the CG at the 1-month mark. The results show that PREP has the potential to significantly improve health in older adults with frailty and COPD by addressing frailty, dyspnea, LEME, and WA. PREP may be implemented as a subacute health care model to manage COPD-related debilitation in hospital settings.",include_title_abs,A_primary_fulltext,secondary_disease_specific,Disease-rehabilitation population; secondary/sensitivity only,unclear,aerobic_walking;digital_home,exclude_before_extraction,"Disease-specific, post-acute or hospital rehabilitation population",exercise_only
40213793,10.1253/circrep.CR-24-0091,Randomised Crossover Trial of Home-Based Neuromuscular Electrical Stimulation Therapy as an Adjunct to Cardiac Rehabilitation in Frail Older Adult Patients With Chronic Heart Failure.,2025,Circulation reports,https://pubmed.ncbi.nlm.nih.gov/40213793/,Implementation-relevant frailty RCT candidate,"Neuromuscular electrical stimulation (NMES) is an alternative therapy for patients unable to perform sufficient voluntary exercises. This randomised crossover study aimed to evaluate the safety and efficacy of home-based NMES as an adjunct to cardiac rehabilitation (CR) for improving physical function in frail older adult patients with chronic heart failure (CHF). 8 frail older adult patients with CHF underwent 8 weeks of CR supplemented with home-based NMES and 8 weeks of CR alone in random order, separated with a 4-week washout period. NMES at 50-Hz frequency was administered for 50 min/day, 5 times per week, with electrodes placed on the legs. Changes in the short physical performance battery (SPPB) score, leg strength, and the Barthel index were assessed between patients with CR with and without home-based NMES. No NMES-related adverse events were observed. CR with home-based NMES had a higher total SPPB score and 5-repetition sit-to-stand test time of 2.67 points and -10.67 s, respectively, than CR alone (95% confidence interval [CI] 0.3-5.0, P<0.05 and 95% CI -19.5 to -1.3, P<0.05, respectively). No significant leg strength or Barthel index changes were observed between CR with and without home-based NMES. Home-based NMES safely improved physical function in frail older adult patients with CHF.",include_title_abs,A_primary_fulltext,extraction_candidate,Peer-reviewed community/home/primary-care frailty RCT candidate with relevant outcome,home,resistance;nutrition;digital_home,exclude_before_extraction,"Disease-specific, post-acute or hospital rehabilitation population",exercise_plus_nutrition
40514302,10.1016/j.tjpad.2025.100231,Tailoring multidomain intervention programs to reduce cognitive and physical decline in older adults: Examining rural-urban differences in a nationwide cluster-randomized controlled trial.,2025,The journal of prevention of Alzheimer's disease,https://pubmed.ncbi.nlm.nih.gov/40514302/,Community/primary-care frailty RCT candidate,"Frailty and cognitive impairment are major challenges in aging populations. Multidomain interventions targeting physical, cognitive, and nutritional health show promise; however, evidence on rural-urban differences in efficacy remains limited. To evaluate the impact of rural-urban disparities on the clinical efficacy of a 12-month multidomain intervention for cognitive and physical outcomes in older adults. Cluster-randomized controlled trial. Community clusters in five cities/counties across Taiwan. A total of 1082 adults aged ≥65 years from 40 community clusters were randomized to intervention or control groups. The intervention group received a 12-month program including physical exercise (45 min/session), cognitive training (1 hour/session), and nutritional guidance (15 min/session). The control group received telephone-based health education. This trial was registered at ClinicalTrials.gov (NCT03056768) MEASUREMENTS: Outcomes included walking speed, grip strength, physical activity (METs), frailty (CHS score), and cognitive function (MoCA), assessed at baseline, 6, and 12 months. Urban participants showed significantly greater gains in visuospatial/executive function at the 12 month (rural-urban difference 0.63, 95 % CI: 0.26 -1.03), and walking speed at the 12 month (rural-urban difference 0.12 m/s, 95 % CI: 0.05 - 0.19). Rural participants demonstrated better improvements in grip strength at the 12 month (rural-urban difference -2.59 kg, 95 % CI: -3.91 - -1.27) and language function (rural-urban difference -0.38, 95 % CI: -0.68 - -0.09). Frailty reduction was more pronounced in urban areas at the 12 month (-0.21, 95 % CI: -0.38 - -0.03, p = 0.025), but showed minimal change in the rural participants. Rural-urban disparities influence the effectiveness of multidomain interventions. Tailored strategies are needed to optimize health outcomes across diverse settings.",include_title_abs,A_primary_fulltext,secondary_disease_specific,Disease-rehabilitation population; secondary/sensitivity only,community,resistance;aerobic_walking;nutrition;multidomain,extract_now,High-confidence community/home/primary-care frailty RCT candidate,multidomain_exercise_nutrition
41095572,10.3390/healthcare13192486,Targeted Physical Function Exercises for Frailty and Falls Management in Pre-Frail Community-Dwelling Older Adults: A Randomized Controlled Trial.,2025,"Healthcare (Basel, Switzerland)",https://pubmed.ncbi.nlm.nih.gov/41095572/,Community/primary-care frailty RCT candidate,"Background/Objectives: Exercise is essential for older adults to maintain or improve their physical condition. This study aimed to investigate whether improvements in physical performance, functional mobility, and balance through targeted physical function exercises could positively influence Concerns about Falling (CaF) and frailty in pre-frail community-dwelling older adults. Methods: We conducted an 18-month randomized controlled trial involving 112 pre-frail community-dwelling older adults aged 65 years or older. 55 individuals in the control group (CG) and 57 in the intervention group (IG) were assessed. The IG participated in a home-based physical function exercise program. Primary outcomes included Physical Performance (Short Physical Performance Battery, SPPB), Functional Mobility (Timed Up and Go, TUG), Balance (Berg Balance Scale, BBS), CaF (Falls Efficacy Scale-International, FES-I), and Frailty status (SHARE-FI). Assessments were conducted at baseline, 6, 12, and 18 months. Results: The IG showed significant improvements in BBS (p < 0.01, partial eta2 0.17), SPPB (p < 0.01, partial eta2 0.13), TUG (p < 0.01, partial eta2 0.14) and FES-I (p < 0.01, partial eta2 0.07) compared to the CG and their baseline after 6, 12 and 18 months of intervention. By 18 months, frailty status improved in the IG, with 12.3% classified as non-frail compared to 2.0% in the CG, while 14.5% of the CG transitioned to frailty versus none in the IG. Discussion: The intervention appears to support improvements in physical function and may contribute to reductions in CaF and beneficial changes in frailty status among pre-frail community-dwelling older adults.",include_title_abs,A_primary_fulltext,extraction_candidate,Peer-reviewed community/home/primary-care frailty RCT candidate with relevant outcome,home,balance;digital_home,extract_now,High-confidence community/home/primary-care frailty RCT candidate,exercise_only
40361174,10.1186/s13195-025-01722-w,"The cost effectiveness of a multidomain intervention on physical, cognitive, vascular, dietary and psychosocial outcomes among community dwelling older adults with cognitive frailty in Malaysia: The AGELESS Trial.",2025,Alzheimer's research & therapy,https://pubmed.ncbi.nlm.nih.gov/40361174/,Community/primary-care frailty RCT candidate,"Cognitive frailty (CF) in older adults is a potentially reversible syndrome that may benefit from lifestyle-based multidomain interventions. This study assessed the AGELESS intervention's impact on cognitive, physical, vascular, dietary, and psychosocial outcomes, along with its cost-effectiveness, in a Low-Middle-Income Country (LMIC). The AGELESS randomized controlled trial recruited 106 older adults (above 60 years) from Klang Valley, Malaysia, with (pre)-CF (≥ 1 Fried's criteria and Clinical Dementia Rating scale = 0.5). Participants were randomly assigned to a 24-month multidomain intervention (physical activity, cognitive training, nutritional and psychological counselling, cardiovascular care) or control group (educational module). Primary outcomes, assessed at baseline, 12 and 24 months, included the modified Neuropsychological Tests Battery (mNTB) and physical performance measures. Intervention costs were calculated to determine Incremental Cost-Effectiveness Ratios (ICERs). An intention-to-treat analysis was conducted to account for attrition. The trial occurred during the COVID-19 pandemic. Despite a 50% dropout rate, adherence among remaining participants was over 50% for all intervention components (range 53%-91%). The intervention led to significant improvements in selected parameters of cognitive function, physical performance, anthropometry, and dietary patterns (for all parameters, p < 0.05 for interaction time*group in repeat-measures ANOVA). The cost per participant was RM 1592.74 (≈USD 355.05) in the multidomain arm, and RM 488.21 (≈USD 108.83) in the control arm. The ICER computation indicated the 2-min step test as the most cost-effective measure (ICER RM 149.19 ≈USD33.26). The AGELESS trial demonstrates that a multidomain, lifestyle-based intervention can improve cognitive and physical function in older adults with (pre)-CF. This cost-effective approach highlights CF as a modifiable health condition and supports its potential inclusion in health policy to promote healthy aging and reduce health risks in LMICs, where there is a larger prevention potential due to prevalent lifestyle-related risk factors.",include_title_abs,A_primary_fulltext,extraction_candidate,Peer-reviewed community/home/primary-care frailty RCT candidate with relevant outcome,community,nutrition;digital_home;multidomain,exclude_before_extraction,"Disease-specific, post-acute or hospital rehabilitation population",multidomain
40938877,10.1371/journal.pone.0323923,The impact of outdoor walking interventions on frailty among older adults with mobility limitations: Findings from the Getting Older Adults Outdoors (GO-OUT) study.,2025,PloS one,https://pubmed.ncbi.nlm.nih.gov/40938877/,Community/primary-care frailty RCT candidate,"Diverse strategies are needed to reduce frailty. This study evaluated the effects of two behavioural interventions targeting outdoor walking on reducing the level of frailty among community-dwelling older adults with mobility limitations. Data from two participant cohorts of the Getting Older Adults Outdoors (GO-OUT) study were analyzed. After baseline evaluations, 190 participants were invited to a one-day educational workshop and were then randomized to either a 10-week supervised outdoor walk group (n = 98) or a 10-week telephone weekly reminders group (n = 92). Frailty was assessed using Fried's frailty index at 0, 3, and 5.5 months. Mixed-effects linear and ordinal regression models were used to evaluate change in frailty score and phenotype over time after accounting for age, sex, study site, participation on own or with a partner, and cohort. At baseline, participant mean age was 74.5 ± 7.1 years; 73% were female, 7% were frail, and 59% were pre-frail. Total frailty scores decreased, on average, by 0.13 points (b = -0.13, 95% CI: -0.26 to -0.01; p = .036) across all participants from 0 to 3 months (immediately post-intervention). Participants were 55% less likely to progress to more severe frailty phenotypes at 3 months compared to baseline (OR=0.45; 95% CI: 0.25 to 0.81; p = .008). No significant between-group differences or long-term effects were observed. A short-term reduction in frailty was observed in older adults with mobility limitations following participation in behavioural interventions aimed at improving outdoor walking; neither intervention was superior. Supervised outdoor walk group and telephone weekly reminder interventions to increase outdoor walking may have the potential to mitigate frailty in older adults with mobility limitations.",include_title_abs,A_primary_fulltext,extraction_candidate,Peer-reviewed community/home/primary-care frailty RCT candidate with relevant outcome,community,aerobic_walking,extract_now,High-confidence community/home/primary-care frailty RCT candidate,exercise_only
41354090,10.1093/ageing/afaf345,Why didn't the senior citizen cross the road? Gait speed in community-dwelling older adults with mobility limitations relative to pedestrian crossing times.,2025,Age and ageing,https://pubmed.ncbi.nlm.nih.gov/41354090/,Community/primary-care frailty RCT candidate,"Supporting older adults to maintain physical activity is a key tool in combating the rising prevalence of physical frailty and its associated social, health and economic burden. Walkability of the physical environment, which in urban areas includes pedestrian infrastructure and safety, is a key facilitator of physical activity. Road crossings may be one such factor that impacts walkability for older populations. This study aimed to determine what proportion of community dwelling adults ≥65 years of age classified as frail/pre-frail in terms of their lower limb physical function would meet the 1.2 m/s required walking speed for pedestrian crossings, and the demographic characteristics associated with low gait speed. Four-metre walking speed data from 1110 older adults in two randomised controlled trials were analysed. Gait speed and the proportion meeting the 1.2 m/s 'green signal' crossing time was calculated. Generalised linear models explored differences in gait speed by sex, age, education, marital status, socioeconomic status and physical function. Seventeen (1.5%) of the sample walked fast enough at their usual comfortable pace to cross during a 1.2 m/s green signal. The mean gait speed for the sample was 0.77 (SD 0.19). Older age, lower physical function and non-white ethnicity were characteristics associated with slower gait speed. Pedestrian crossings assuming a gait speed of 1.2 m/s are inadequate for mobility-limited older adults to cross at a comfortable walking speed. Further studies are needed to assess the impact of slow gait speed on outdoor physical activity and to develop policies for more accommodating pedestrian infrastructure.",include_title_abs,A_primary_fulltext,extraction_candidate,Peer-reviewed community/home/primary-care frailty RCT candidate with relevant outcome,community,aerobic_walking,extract_now,High-confidence community/home/primary-care frailty RCT candidate,exercise_only
39354527,10.1186/s13063-024-08490-2,"A single-center, double-blind, randomized, placebo-controlled, two-arm study to evaluate the safety and efficacy of once-weekly sirolimus (rapamycin) on muscle strength and endurance in older adults following a 13-week exercise program.",2024,Trials,https://pubmed.ncbi.nlm.nih.gov/39354527/,Community/primary-care frailty RCT candidate,"Aging leads to a decline in muscle mass and strength, contributing to frailty and decreased quality of life. Sirolimus (rapamycin) , an mTOR inhibitor, has shown potential in preclinical studies to extend lifespan and improve health span. This study evaluates the safety and efficacy of once-weekly sirolimus (rapamycin) administration on muscle strength and endurance in older adults engaged in a 13-week exercise program. This randomized, double-blind, placebo-controlled trial will enroll 40 participants aged 65-85. Participants will be randomly assigned to receive either sirolimus (rapamycin) 6 mg/week or placebo for 13 weeks, in conjunction with an at-home exercise program. The primary outcome measure is the change in muscle strength and endurance, assessed by the 30-Second Chair-Stand Test. Secondary outcome measures include adverse events, changes in muscle strength and endurance as measured by the 6-min walk test, handgrip strength, and participant-reported outcomes using the SF-36 survey. Assessments will be conducted at baseline, mid-intervention (week 6), and post-intervention (week 13). Blood samples will be collected for hematology and biochemistry analyses, including full blood count, urea and electrolytes, liver function tests, HbA1c, lipids, serum IGF-1, and hs-CRP. DNA methylation will be analyzed using TruDiagnostic™ to explore changes in biological age. This study aims to provide insights into the potential benefits of intermittent sirolimus (rapamycin) administration on muscle performance in older adults. By alternating periods of mTOR inhibition through rapamycin and activation via exercise, this study will explore a novel approach to enhancing muscle strength and endurance in the aging population. The results could have significant implications for developing interventions to improve physical function and overall health outcomes in older adults. Safety and tolerability will also be closely monitored to ensure the feasibility of this regimen for wider application. Australia New Zealand Clinical Trials Registry, ACTRN12624000790549. Registered on 26 June 2024 https://www.anzctr.org.au/Trial/Registration/TrialReview.aspx?ACTRN=12624000790549 .",include_title_abs,A_primary_fulltext,extraction_candidate,Peer-reviewed community/home/primary-care frailty RCT candidate with relevant outcome,unclear,resistance;aerobic_walking;digital_home,extract_now,High-confidence community/home/primary-care frailty RCT candidate,exercise_only
38727090,10.1111/appy.12556,Changes in cognitive function after a 12-week POWER rehabilitation in older adults with schizophrenia and frailty.,2024,Asia-Pacific psychiatry : official journal of the Pacific Rim College of Psychiatrists,https://pubmed.ncbi.nlm.nih.gov/38727090/,Community/primary-care frailty RCT candidate,"The effectiveness of isolated resistance training (RT) on cognitive function among older adults with schizophrenia is insufficiently investigated. This study investigated the effectiveness of 12-weeks POWER rehabilitation, a novel RT regimen, on cognitive function among older patients with schizophrenia and frailty. Thirty-two older adults with schizophrenia and frailty were enrolled and randomized to receive either a 12-week, twice weekly POWER rehabilitation, or without add-on training. Cognitive functioning was assessed using mini-mental state examination (MMSE), digit symbol substitution test, color trail task (CTT), and digit span task (DST). Physical performance was assessed by walking speed and hand grip strength. The generalized estimating equations was used to compare pre- and post-training outcome measure between groups. Between-group analysis revealed significant improvement in CTT1 and hand grip strength in the intervention group compared to the controls. Subgroup analyses showed CTT1 performance significantly improved after 12 weeks of POWER rehabilitation in the intervention group (time, p < .001), independent of age, educational level, global cognition, depressive symptoms, and psychotropic medication use. Increased hand grip strength was significantly associated with improved performance in MMSE, CTT1, and DST forward at study endpoint. A 12-week POWER rehabilitation for older patients with schizophrenia and frailty is safe and feasible, and may benefit physical and some domains of cognitive functioning.",include_title_abs,A_primary_fulltext,extraction_candidate,Peer-reviewed community/home/primary-care frailty RCT candidate with relevant outcome,unclear,resistance;aerobic_walking,extract_now,High-confidence community/home/primary-care frailty RCT candidate,exercise_only
39583027,10.7224/1537-2073.2023-085,Cognitive Function in Frail Older Adults With Multiple Sclerosis: An Exploratory Study Using Secondary Data Analysis.,2024,International journal of MS care,https://pubmed.ncbi.nlm.nih.gov/39583027/,Implementation-relevant frailty RCT candidate,"Studies addressing frailty in the context of multiple sclerosis (MS) are emergent. This study explores cognitive function in older adults with MS as a function of frailty status. This cross-sectional study used baseline data from a feasibility randomized controlled trial of a home-based exercise program for older adults with MS. Frailty was verified using performance scores from the Short Physical Performance Battery (SPPB) and cut points available in the literature. Cognitive function was assessed using the Brief International Cognitive Assessments for Multiple Sclerosis (BICAMS). Data were analyzed using inferential statistics adopting a significance of P < .05. Data from 26 older adults with MS (≥60 years) were analyzed. The majority of the participants were women, and over 85% of the sample had the relapsing-remitting form of MS. Participants reported a mean of more than 20 years of disease and a moderate level of disability (Expanded Disability Status Scale score = 4). Nearly 58% of the sample was classified as frail based on SPPB scores. Univariate analysis demonstrated that frail older adults performed significantly worse (P < .05) on all 3 BICAMS tests. However, after controlling for age and disability level, only visuospatial memory remained significant between frailty groups (P = .043). Our findings suggest reduced cognitive function in frail older adults with MS compared with their nonfrail counterparts. This highlights the need to develop interventions to improve cognitive function and to reverse frailty for older adults with MS.",include_title_abs,A_primary_fulltext,extraction_candidate,Peer-reviewed community/home/primary-care frailty RCT candidate with relevant outcome,home,digital_home,exclude_before_extraction,Non-randomized observational design,digital_home_unclear_intervention
39478450,10.1186/s12877-024-05464-6,Combining motivational and exercise intervention components to reverse pre-frailty and promote self-efficacy among community-dwelling pre-frail older adults: a randomized controlled trial.,2024,BMC geriatrics,https://pubmed.ncbi.nlm.nih.gov/39478450/,Community/primary-care frailty RCT candidate,"Exercise is effective in preventing frailty status in older adults, but the effect of an exercise program based on Wellness Motivation Theory (WMT) on the frailty status, self-efficacy for exercise, and quality of life for older adults with pre-frailty remains unclear. Our objective was to examine the efficacy of a multicomponent exercise program based on WMT on frailty status, self-efficacy, and quality of life among pre-frail older adults. This was a randomized controlled trial of pre-frail older adults aged from 60 years to 85 years. Participants in the intervention group performed exercise three times a week for 24 weeks, once at a community health service station instructed by two researchers and two times at home. Participants in the control group were given one-time advice on physical activity. The assessor was the only one blinded. The primary outcome was the reversal rate of pre-frailty. The secondary outcomes included self-efficacy and quality of life. One hundred and forty-four participants were randomized into two groups (n = 72 in the intervention group and n = 72 in the control group) and analyzed. After 24 weeks, the proportion of pre-frailty was significantly lower in the intervention group than in control (31.8% versus 74.6%, P < 0.001). The absolute risk reduction was 42.8% [95% CI, 25.1-57.1]. In the 8th week and the 24th week, the frailty score of the intervention group was significantly lower than that of the control group. There were significant improvements in self-efficacy at week 2, week 8, and week 24. In weeks 8 and 24, participants in the intervention group reported a higher quality of life than the control group. There were no exercise-related injuries or falls among the participants. The exercise intervention based on WMT for pre-frail older adults could reverse pre-frailty, increase self-efficacy for exercise, and improve the quality of life in older Chinese. This study was registered in www. gov on the 25th of July, 2024, with the identifier NCT06519695. The Consolidated Standards of Reporting Trials (CONSORT) checklist was used in this study for properly reporting how the randomized trial was conducted.",include_title_abs,A_primary_fulltext,extraction_candidate,Peer-reviewed community/home/primary-care frailty RCT candidate with relevant outcome,community,balance;multicomponent_exercise,extract_now,High-confidence community/home/primary-care frailty RCT candidate,multicomponent_exercise
39166366,10.1111/ggi.14960,"Correction to ""Effect of cholecalciferol supplementation on hand grip strength, walking speed, and expression of vitamin D receptor, interleukin-6, and insulin-like growth factor-1 in monocyte in pre-frail older adults: A randomized double-blind placebo-controlled trial"".",2024,Geriatrics & gerontology international,https://pubmed.ncbi.nlm.nih.gov/39166366/,Community/primary-care frailty RCT candidate,,include_title_abs,A_primary_fulltext,extraction_candidate,Peer-reviewed community/home/primary-care frailty RCT candidate with relevant outcome,unclear,resistance;aerobic_walking;nutrition,extract_now,High-confidence community/home/primary-care frailty RCT candidate,exercise_plus_nutrition
38644647,10.1111/ggi.14881,"Effect of cholecalciferol supplementation on hand grip strength, walking speed, and expression of vitamin D receptor, interleukin-6, and insulin-like growth factor-1 in monocyte in pre-frail older adults: A randomized double-blind placebo-controlled trial.",2024,Geriatrics & gerontology international,https://pubmed.ncbi.nlm.nih.gov/38644647/,Community/primary-care frailty RCT candidate,"To investigate the effect of cholecalciferol supplementation on hand grip strength, walking speed, and expression of vitamin D receptor (VDR), interleukine-6 (IL-6) and insulin-like growth factor-1 (IGF-1) in monocyte in pre-frail older adults. We conducted a randomized double-blinded placebo-controlled clinical trial for 12 weeks, involving 120 pre-frail older adults who were randomized to the cholecalciferol group (cholecalciferol 4000 IU/day) or the placebo group. All subjects were given calcium lactate 500 mg/day. Hand grip strength and walking speed, as primary outcomes, were analyzed using intention-to-treat analysis. The expression of VDR, IGF-1 and IL-6 in monocytes, as secondary outcomes, were analyzed using per-protocol analysis. After a 12-week intervention, there was a significant increase in serum 25(OH)D levels in both groups, with the increase being higher in the cholecalciferol group than in the placebo group (49.05 vs. 24.01 ng/mL; P < 0.001). No statistically significant differences were observed in hand grip strength (P = 0.228) and walking speed (P = 0.734) between the groups. There were no differences in the expression of VDR (P = 0.513), IL-6 (P = 0.509), and IGF-1 (P = 0.503) monocytes between the groups. Cholecalciferol supplementation for 12 weeks increased serum 25(OH)D levels among pre-frail older adults. However, it did not improve hand grip strength and walking speed, and nor did it change the expression of VDR, IL-6, and IGF-1 in monocytes. Geriatr Gerontol Int 2024; 24: 554-562.",include_title_abs,A_primary_fulltext,extraction_candidate,Peer-reviewed community/home/primary-care frailty RCT candidate with relevant outcome,unclear,resistance;aerobic_walking;nutrition,exclude_before_extraction,Protocol/design/baseline paper,exercise_plus_nutrition
38691121,10.3928/00989134-20240416-04,"Effectiveness of Resistance Band Use in Conjunction With Tai Chi Among Older Adults With Prefrailty to Improve Functional Fitness, Quality of Life, and Heart Rate Variability.",2024,Journal of gerontological nursing,https://pubmed.ncbi.nlm.nih.gov/38691121/,Community/primary-care frailty RCT candidate,"The current randomized controlled trial aimed to bolster the physical fitness of prefrail older adults, potentially delaying their need for admission to care facilities and enhancing their overall well-being. The experimental group received a physical fitness intervention comprising resistance band use and tai chi three times per week for 12 weeks, whereas the control group received frailty-related health education. Thirty-four male participants completed the study. A total of seven items had statistically significant differences at 12- and 16-week posttest, respectively: frailty index (p = 0.03; p = 0.03); Instrumental Activities of Daily Living Scale (p < 0.001; p < 0.001); and physical fitness, back (p < 0.001; p < 0.001); physical fitness, arm curl (p = 0.02; p < 0.001); physical activity (p < 0.001; p = 0.009); quality of life, physiological (p = 0.04; p < 0.001); and heart rate variability (p < 0.001; p < 0.001). Results revealed substantial improvements in physical fitness, frailty conditions, self-care abilities, and quality of life, but not balance or lower limb flexibility, for the experimental group. Therefore, exercise interventions may effectively improve prefrail older adults' quality of life. [Journal of Gerontological Nursing, 50(5), 19-26.].",include_title_abs,A_primary_fulltext,extraction_candidate,Peer-reviewed community/home/primary-care frailty RCT candidate with relevant outcome,unclear,resistance;balance;mind_body,extract_now,High-confidence community/home/primary-care frailty RCT candidate,exercise_only
39390362,10.1186/s11556-024-00363-6,Effectiveness of community-based Baduanjin exercise intervention for older adults with varying frailty status: a randomized controlled trial.,2024,European review of aging and physical activity : official journal of the European Group for Research into Elderly and Physical Activity,https://pubmed.ncbi.nlm.nih.gov/39390362/,Community/primary-care frailty RCT candidate,"Due to poorer exercise tolerance, it may be challenging for frail older adults to engage in moderate- or vigorous-intensity exercise. While low-intensity exercise interventions may be more feasible, its effectiveness for such population group remains unclear. We examined the effectiveness and implementation of community-based Baduanjin Qigong, a low-intensity exercise program in older adults with varying frailty status. A two-arm, multicenter assessor-blind parallel group randomized controlled trial was conducted at three local senior activity centers. Fifty-six community-dwelling older adults with low handgrip strength were randomly allocated to either the intervention (IG) or wait-list control (CG) group. The IG underwent a supervised 16-week Baduanjin exercise program at a frequency of 2-3 × 60 min sessions/week. The CG was instructed to maintain their usual activity and received a monthly health education talk. The primary outcome measures were knee extension strength, vital exhaustion, and fear of falling. Secondary outcome measures include physiological falls risk, handgrip strength, gait speed, timed up and go test, 30-second sit-to-stand, quality of life, depression, and frailty. All outcome measures were assessed at baseline and 4-month follow-up. Overall, there were no statistically significant differences in all outcome measures between CG and IG at 4-month follow-up. However, in exploratory compliance analysis, a statistically significant group x time interaction was found for vital exhaustion (B = -3.65, 95% CI [-7.13, -0.16], p = .047) among participants with at least 75% attendance. In post-hoc within-group comparisons, IG showed improved vital exhaustion by 4.31 points (95% CI [1.41, 7.20], d = 0.60). The average participant attendance rate was 81.3%. No major adverse events occurred, and all participants reported positive experiences with the exercise intervention. Our study demonstrated that Baduanjin is a safe, feasible, and acceptable exercise program that can be successfully implemented in community settings for older adults with varying frailty status. With good adherence, Baduanjin exercise could potentially be effective in alleviating vital exhaustion. However, the effectiveness of Baduanjin on physical performance, psychological measures and frailty in community-dwelling older adults remains equivocal. ClinicalTrials.gov NCT04549103. Registered September 16, 2020.",include_title_abs,A_primary_fulltext,extraction_candidate,Peer-reviewed community/home/primary-care frailty RCT candidate with relevant outcome,community,resistance;balance;mind_body,extract_now,High-confidence community/home/primary-care frailty RCT candidate,exercise_only
39259959,10.2196/57809,Effects of Virtual Reality Motor-Cognitive Training for Older People With Cognitive Frailty: Multicentered Randomized Controlled Trial.,2024,Journal of medical Internet research,https://pubmed.ncbi.nlm.nih.gov/39259959/,Community/primary-care frailty RCT candidate,"Cognitive frailty refers to a clinical syndrome in which physical frailty and mild cognitive impairment coexist. Motor-cognitive training and virtual reality (VR) have been used to launch various therapeutic modalities to promote health in older people. The literature advocates that motor-cognitive training and VR are effective in promoting the cognitive and physical function of older people. However, the effects on older people with cognitive frailty are unclear. This study examined the effects of VR motor-cognitive training (VRMCT) on global cognitive function, physical frailty, walking speed, visual short-term memory, inhibition of cognitive interference, and executive function in older people with cognitive frailty. This study used a multicentered, assessor-blinded, 2-parallel-group randomized controlled trial design. Participants were recruited face-to-face in 8 older adult community centers. Eligible participants were aged ≥60 years, were community dwelling, lived with cognitive frailty, had no dementia, and were not mobility restricted. In the intervention group, participants received VRMCT led by interventionists with 16 one-hour training sessions delivered twice per week for 8 weeks. In the control group, participants received the usual care provided by the older adult community centers that the investigators did not interfere with. The primary outcome was global cognitive function. The secondary outcomes included physical frailty, walking speed, verbal short-term memory, inhibition of cognitive interference, and executive function. Data were collected at baseline (T0) and the week after the intervention (T1). Generalized estimating equations were used to examine the group, time, and interaction (time × group) effects on the outcomes. In total, 293 eligible participants enrolled in the study. The mean age of the participants was 74.5 (SD 6.8) years. Most participants were female (229/293, 78.2%), had completed primary education (152/293, 52.1%), were married (167/293, 57.2%), lived with friends (127/293, 43.3%), and had no VR experience (232/293, 79.5%). In the intervention group, 81.6% (119/146) of participants attended >80% (13/16, 81%) of the total number of sessions. A negligible number of participants experienced VR sickness symptoms (1/146, 0.7% to 5/146, 3%). VRMCT was effective in promoting global cognitive function (interaction effect: P=.03), marginally promoting executive function (interaction effect: P=.07), and reducing frailty (interaction effect: P=.03). The effects were not statistically significant on other outcomes. VRMCT is effective in promoting cognitive functions and reducing physical frailty and is well tolerated and accepted by older people with cognitive frailty, as evidenced by its high attendance rate and negligible VR sickness symptoms. Further studies should examine the efficacy of the intervention components (eg, VR vs non-VR or dual task vs single task) on health outcomes, the effect of using technology on intervention adherence, and the long-term effects of the intervention on older people with cognitive frailty at the level of daily living. ClinicalTrials.gov NCT04730817; https://clinicaltrials.gov/study/NCT04730817.",include_title_abs,A_primary_fulltext,extraction_candidate,Peer-reviewed community/home/primary-care frailty RCT candidate with relevant outcome,community,aerobic_walking,exclude_before_extraction,"Disease-specific, post-acute or hospital rehabilitation population",exercise_only
39259383,10.1007/s41999-024-01052-4,"Effects of a multicomponent training and detraining on frailty status, physical activity level, sedentary behavior patterns and physical performance of pre-frail older adults: a randomized controlled trial.",2024,European geriatric medicine,https://pubmed.ncbi.nlm.nih.gov/39259383/,Community/primary-care frailty RCT candidate,"To evaluate the effects of a multicomponent training protocol and detraining on frailty status, physical activity level, sedentary behavior patterns, and physical performance in pre-frail older adults. A randomized controlled blinded trial was conducted with pre-frail older adults (74.8 ± 6.4 years, 70.4% female), who were allocated to receive a multicomponent training (MulTI = 16) or control group (CG = 11), which received guidance to maintain their daily living habits. Assessments of the frailty phenotype, physical activity levels measured by accelerometer, and physical performance (gait speed, timed up and go, short physical performance battery) were conducted at pre-intervention, post-intervention (16 weeks), and follow-up (6 weeks). The effect of the intervention was analyzed using the marginal homogeneity test and the two-way ANOVA with repeated measures. All older adults who received the MulTI reversed their frailty status to non-frail (p < 0.001), and after follow-up, 87.5% remained non-frail. In the CG, one older adult reversed their frailty status to non-frail and another became frail (p > 0.05), maintaining this status after the follow-up period. Furthermore, only the older adults in the MulTI showed an improvement in gait speed post-intervention, which was maintained through follow-up (p = 0.008). No changes were observed in the other variables. The MulTI was efficient to reverse the process of frailty and improving gait speed in pre-frail older adults. However, receiving only the MulTI was not sufficient to increase physical activity levels and reduce sedentary behavior patterns, necessitating the implementation of behavioral change strategies. ClinicalTrials.gov NCT03110419.",include_title_abs,A_primary_fulltext,extraction_candidate,Peer-reviewed community/home/primary-care frailty RCT candidate with relevant outcome,unclear,multicomponent_exercise,exclude_before_extraction,Protocol/design/baseline paper,multicomponent_exercise
39371165,10.1101/2024.09.17.24313811,"Exploratory functional and quality of life outcomes with daily consumption of the ketone ester bis-octanoyl (R)-1,3-butanediol in healthy older adults: a randomized, parallel arm, double-blind, placebo-controlled study.",2024,medRxiv : the preprint server for health sciences,https://pubmed.ncbi.nlm.nih.gov/39371165/,Community/primary-care frailty RCT candidate,"Ketone bodies are metabolites produced during fasting or on a ketogenic diet that have pleiotropic effects on the inflammatory and metabolic aging pathways underpinning frailty in in vivo models. Ketone esters (KEs) are compounds that induce hyperketonemia without dietary changes and that may impact physical and cognitive function in young adults. The functional effects of KEs have not been studied in older adults. Our long-term goal is to examine if KEs modulate aging biology mechanisms and clinical outcomes relevant to frailty in older adults. Here, we report the exploratory functional and quality-of-life outcome measures collected during a 12-week safety and tolerability study of KE (NCT05585762). Randomized, placebo-controlled, double-blinded, parallel-group, pilot trial of 12-weeks of daily KE ingestion. The Clinical Research Unit at the Buck Institute for Research on Aging, California. Community-dwelling older adults (≥ 65 years), independent in activities of daily living, with no unstable acute medical conditions (n = 30). Subjects were randomly allocated (1:1) to consume 25 g daily of either KE (bis-octanoyl (R)-1,3-butanediol) or a taste, appearance, and calorie-matched placebo (PLA) containing canola oil. Longitudinal change in physical function, cognitive function and quality of life were assessed as exploratory outcomes in n = 23 completers (n = 11 PLA, n = 12 KE). A composite functional outcome to describe the vigor-frailty continuum was calculated. Heart rate and activity was measured throughout the study using digital wearables. There were no statistically significant longitudinal differences between groups in exploratory functional, activity-based or quality of life outcomes. Daily ingestion of 25 g of KE did not affect exploratory functional or quality-of-life end points in this pilot cohort of healthy older adults. Future work will address these endpoints as primary and secondary outcomes in a larger trial of pre-frail older adults.",include_title_abs,A_primary_fulltext,exclude_or_hold,Preprint; not eligible for IJMR primary evidence unless later peer-reviewed,community,digital_home,exclude_before_extraction,Healthy older-adult trial rather than prefrail/frail population,digital_home_unclear_intervention
38228054,10.1016/j.jgo.2024.101703,How representative are participants in geriatric oncology clinical trials? The case of the 5C RCT in geriatric oncology: A cross-sectional comparison to a geriatric oncology clinic.,2024,Journal of geriatric oncology,https://pubmed.ncbi.nlm.nih.gov/38228054/,Community/primary-care frailty RCT candidate,"Frail older adults make up a substantial portion of the older adult population. However, frail patients are often excluded from randomized controlled trials. This underrepresentation restricts the extent to which trial findings can be generalized to this population. We compared a sample from the Canadian 5C Randomized Controlled Trial investigating comprehensive geriatric assessment (CGA) in the geriatric oncology setting in terms of frailty to patients referred to the Older Adults with Cancer Clinic (OACC) to determine if the trial sample was representative of the normal geriatric oncology practice. Baseline CGA data of 5C Trial participants seen at the Princess Margaret Cancer Centre (PM), were compared to data from OACC patients that were seen during the duration of the 5C trial (between April 2018 and April 2020) and that satisfied the 5C inclusion criteria. To assess the frailty of samples, sex, age, disease site, comorbidity level, medical optimization, social supports, functional status, falls risk, nutrition, cognition, and mood were compared between 5C participants and OACC patients using Fisher's exact and independent samples t-test. A sample of 115 5C participants and 205 OACC patients were included. The mean age of 5C participants and OACC patients was 75.4 and 81.6 years, respectively (p < 0.001). The distribution of disease sites was significantly different between the samples (p < 0.001) and OACC patients were also significantly more impaired compared to 5C participants in comorbidity (23.4% versus 10.4% high comorbidity) (p = 0.001), IADL dependence (55.1% versus 42.6%) (p = 0.036), impaired physical function (70.6% versus 31.3%) (p < 0.001), falls risk (67.8% versus 27%) (p < 0.001), impaired nutrition (55.6% versus 40.9%) (p = 0.014), and cognition (47.2% versus 10%) (p < 0.001). There were no differences in sex, medication optimization, poor social supports, and impaired mood between the samples. The 5C sample was less frail and younger than patients seen in the geriatric oncology clinic. Finding strategies to address barriers to the inclusion of frailer older adults is important to increase their representation in future trials to allow findings to be generalized to this vulnerable population. Clinicaltrials.gov # NCT03154671.",include_title_abs,A_primary_fulltext,extraction_candidate,Peer-reviewed community/home/primary-care frailty RCT candidate with relevant outcome,unclear,balance;nutrition;multidomain,exclude_before_extraction,Non-randomized observational design,multidomain_exercise_nutrition
39182446,10.1016/j.jpsychires.2024.08.029,Impacts of subjective cognitive decline and mild cognitive impairment on the effectiveness of an exercise intervention among community-dwelling (Pre)frail older adults.,2024,Journal of psychiatric research,https://pubmed.ncbi.nlm.nih.gov/39182446/,Community/primary-care frailty RCT candidate,"Subjective cognitive decline (SCD) is prevalent in community-dwelling (pre)frail older adults. This study aimed to investigate whether baseline subjective cognitive decline (SCD) and mild cognitive impairment (MCI) impacted the effectiveness of an exercise intervention among (pre)frail older adults. This is a post hoc analysis of a stepped-wedge cluster randomized trial among (pre)frail older adults across six communities. The intervention effectiveness was examined among (pre)frail older people among subgroups with normal cognition (n = 44), SCD (n = 58), or MCI (n = 30). The normal cognition group had both immediate and persistent treatment responses to most outcomes. The SCD group showed positive responses to frailty (0-, 12-, 24 week), ambulation and dynamic balance (0-week), and depressive symptoms (12-week). The MCI group exhibited immediate improvement in frailty, cognition, depressive symptoms, social support and QoL, which persisted only in frailty status, social support and mental QoL at follow-ups. The MCI group showed superior immediate responses to cognitive function and depressive symptoms compared to another two subgroups. No differences were found between the normal cognition and SCD groups except for cognitive status (12-week). (Pre)frail people with SCD or MCI had fewer improved outcomes compared to those with normal cognition regardless of immediate or persistent improvements. The incorporation of cognitive strategies with exercise interventions are recommended among (pre)frail older adults with SCD or MCI.",include_title_abs,A_primary_fulltext,extraction_candidate,Peer-reviewed community/home/primary-care frailty RCT candidate with relevant outcome,community,balance,extract_now,High-confidence community/home/primary-care frailty RCT candidate,exercise_only
38479253,10.1016/j.rehab.2024.101819,Interactive boxing-cycling on frailty and activity limitations in frail and prefrail older adults: A randomized controlled trial.,2024,Annals of physical and rehabilitation medicine,https://pubmed.ncbi.nlm.nih.gov/38479253/,Community/primary-care frailty RCT candidate,"Frailty is common among older adults, often associated with activity limitations during physical and walking tasks. The interactive boxing-cycling combination has the potential to be an innovative and efficient training method, and our hypothesis was that interactive boxing-cycling would be superior to stationary cycling in improving frailty and activity limitations in frail and prefrail older adults. To examine the impact of interactive boxing-cycling on frailty and activity limitations in frail and prefrail older adults compared to stationary cycling. A single-blinded randomized controlled trial. Forty-five participants who met at least one frailty phenotype criteria were randomly assigned to receive either interactive boxing-cycling (n = 23) or stationary-cycling (n = 22) for 36 sessions over 12 weeks. The interactive boxing-cycling was performed on a cycle boxer bike with an interactive boxing panel fixed in front of the bike. The primary outcomes were frailty status, including score and phenotypes. Secondary outcomes included activity limitations during physical and walking tasks. The pre- and post-intervention data of both groups were analyzed using a repeated measures two-way ANOVA. Both types of cycling significantly improved frailty scores (p<0.001). Interactive boxing-cycling was more effective than stationary cycling in reversing the frailty phenotype of muscle weakness (p = 0.03, odds ratio 9.19) and demonstrated greater improvements than stationary cycling in arm curl (p = 0.002, η2=0.20), functional reach (p = 0.001, η2=0.22), and grip strength (p = 0.02, η2=0.12) tests. Additionally, interactive boxing-cycling exhibited a greater effect on gait speed (p = 0.02, η2=0.13) and gait variability (p = 0.01, η2=0.14) during dual-task walking. In frail and prefrail older adults, interactive boxing-cycling effectively improves frailty but is not superior to stationary cycling. However, it is more effective at improving certain activity limitations. TCTR20220328001.",include_title_abs,A_primary_fulltext,extraction_candidate,Peer-reviewed community/home/primary-care frailty RCT candidate with relevant outcome,unclear,resistance;aerobic_walking,extract_now,High-confidence community/home/primary-care frailty RCT candidate,exercise_only
38866571,10.1136/bmjopen-2023-082155,"Is home-based, virtually delivered, group exercise feasible and acceptable for older patients with hepatocellular carcinoma? A non-randomised feasibility study (TELEX-Liver Cancer).",2024,BMJ open,https://pubmed.ncbi.nlm.nih.gov/38866571/,Community/primary-care frailty RCT candidate,"The study aimed to assess the feasibility, acceptability and safety of delivering a home-based telehealth exercise intervention to older patients with hepatocellular carcinoma (HCC). Non-randomised feasibility study. Patients were recruited from UK outpatient liver cancer clinics. Patients were aged ≥60 years with HCC, with post-treatment imaging reporting a complete response, partial response or stable disease. Patients were invited to attend synchronous online exercise sessions, twice weekly for 10 weeks. Physical function and patient-reported outcomes were assessed pre-intervention and post-intervention. Qualitative data were collected via semistructured interviews after intervention completion. Recruitment, retention, exercise adherence and safety. 40 patients were invited to participate and 19 (mean age 74 years) provided consent (recruitment rate 48%). Patients completed 76% of planned exercise sessions and 79% returned to the clinic for follow-up. Hand grip strength (95% CI 1.0 to 5.6), Liver Frailty Index (95% CI -0.46 to -0.23) and time taken to perform five sit-to-stands (95% CI -3.2 to -1.2) improved from pre-intervention to post-intervention. Patients reported that concerns they had relating to their cancer had improved following the intervention (95% CI 0.30 to 5.85). No adverse events occurred during exercise sessions.Qualitative data highlighted the importance of an instructor in real time to ensure that the sessions were achievable, tailored and well balanced, which helped to foster motivation and commitment within the group. Patients reported enjoying the exercise intervention, including the benefits of peer support and highlighted perceived benefits to both their physical and mental health. Patients felt that the online sessions overcame some of the barriers to exercise participation and preferred attending virtual sessions over face-to-face classes. It is feasible, acceptable and safe to deliver supervised group exercise via videoconferencing to patients with HCC in their own homes. These findings will inform the design of a future, adequately powered randomised controlled trial to evaluate the efficacy of the intervention. ISRCTN14411809.",include_title_abs,A_primary_fulltext,extraction_candidate,Peer-reviewed community/home/primary-care frailty RCT candidate with relevant outcome,home,resistance;balance;digital_home,exclude_before_extraction,Protocol/design/baseline paper,exercise_only
39350375,10.14283/jpad.2024.111,Multidomain Intervention for the Reversal of Cognitive Frailty Using a Personalized Approach (AGELESS Trial): Recruitment and Baseline Characteristics of Participants.,2024,The journal of prevention of Alzheimer's disease,https://pubmed.ncbi.nlm.nih.gov/39350375/,Implementation-relevant frailty RCT candidate,"Reversal of cognitive frailty through a multidomain intervention is desirable to prevent dementia. AGELESS Trial was conducted to determine the effectiveness of a comprehensive, multidomain intervention on older adults with cognitive frailty in Malaysia. However, conducting a clinical trial, particularly during and after Covid-19, posed unique challenges. We aimed to investigate the recruitment process and baseline characteristics of the AGELESS Trial participants to better understand an at-risk population and those who agree to participate in an intervention. 24-month, randomized controlled trial. Community-dwelling older adults with independent mobility, aged ≥ 60 years, with a mini mental state examination score of 19-25, a clinical dementia rating of 0.5 ≥ 1 Fried's physical frailty criteria, and < 22 Beck depression inventory. Participants were randomized 1:1 to a structured multidomain intervention consisting of vascular management, diet, exercise, cognitive and psychosocial stimulation, or to the arm, including routine care and general health consultation. We analyzed the group differences between (1) cognitive frailty and non- cognitive frailty screened subjects, (2) recruited and non-recruited participants, (3) baseline characteristics of participants by arm, (4) adherence to AGELESS intervention at 12 months, and (5) preliminary findings on the effectiveness of the intervention at 12 months. A total of 957 older adults from two locations, i.e., urban (n = 764) and rural (n = 193) areas, were screened, of whom 38.9% had cognitive frailty and were eligible to participate. Those with cognitive frailty had fewer years of education (B = -0.08; 95%CI = 0.88-0.97; p = 0.002), and lower functioning cognition (B = -0.24; 95%CI = 0.74-0.84; p < 0.001). Among those from urban areas, only 33.1% (n = 106) agreed to participate, particularly those with multimorbidity (B = 0.86; 95%CI = 1.31-4.30; p = 0.01), higher physical activity (B = -1.02; 95%CI = 0.19-0.69; p = 0.002), slower walking speed (B = 1.26; 95%CI = 1.62-7.61; p = 0.001), and higher systolic blood pressure (B = 0.02; 95%CI = 1.00-1.03; p = 0.03). At baseline, participants' mean age was 68.1±5.6, years of education was 8.3±3.9, body mass index was 27.5±5.3 kg/m2, and mini mental state examination score was 22.7±4.0. Generally, there were no significant differences between the intervention and control groups for the main outcomes, except those in the intervention group had higher body mass index, mid-upper-arm circumference, and waist circumference (p < 0.05 for all parameters). Overall intervention adherence at 12 months was 52.8%, ranging from 52.8%-90.6% for each of the modules. Preliminary analysis of the effectiveness of the intervention at 12 months was positive on most of the cognitive domains, some of the nutrient intake and food groups, physical function, and vascular outcomes (p < 0.05 for all parameters). Despite the challenges posed by the pandemic, screening, recruitment, and 12-month intervention delivery were achieved in a Malaysian multidomain preventive randomized controlled trial in older adults at risk of dementia, with a satisfactory adherence rate and cognitive benefits at 12 months.",include_title_abs,A_primary_fulltext,exclude,Protocol/design/baseline paper rather than outcome report,hospital_or_postacute,aerobic_walking;digital_home;multidomain,exclude_before_extraction,Protocol/design/baseline paper,multidomain
38783180,10.1186/s12877-024-05079-x,Older people's perception of being frail - a qualitative exploration.,2024,BMC geriatrics,https://pubmed.ncbi.nlm.nih.gov/38783180/,Implementation-relevant frailty RCT candidate,"Frailty is a suggested consequence of ageing, but with a variety of different definitions the understanding of what it means to be frail is challenging. There is a common belief that frailty results in a reduction of physical functioning and ability and therefore is likely to significantly affect a person's quality of life. The aim of this study was to explore the understanding of older people about the meaning of frailty and the potential consequences of being classified as frail. This paper forms a secondary analysis of a process evaluation of a complex intervention that was embedded within the individually randomised Home-based Extended Rehabilitation of Older people (HERO) trial. A maximum variation, purposive sampling strategy sought to recruit participants with a wide range of characteristics. Data collection included observations of the delivery of the intervention, documentary analysis and semi-structured interviews with participants. Thematic analysis was used to make sense of the observational and interview data, adopting both inductive and deductive approaches. Ninety three HERO trial participants were sampled for the process evaluation with a total of 60 observational home visits and 35 interviews were undertaken. There was a wide range in perceptions about what it meant to be classified as frail with no clear understanding from our participants. However, there was a negative attitude towards frailty with it being considered something that needed to be avoided where possible. Frailty was seen as part of a negative decline that people struggled to associate with. There was discussion about frailty being temporary and that it could be reduced or avoided with sufficient physical exercise and activity. Our study provides insight into how older people perceive and understand the concept of frailty. Frailty is a concept that is difficult for patients to understand, with most associating the term with an extreme degree of physical and cognitive decline. Having a label of being ""frail"" was deemed to be negative and something to be avoided, suggesting the term needs to be used cautiously. ISRCTN 13927531. Registered on April 19, 2017.",include_title_abs,A_primary_fulltext,secondary_setting,Hospital/post-acute/residential setting; not primary Indian primary-care scope,hospital_or_postacute,digital_home,exclude_before_extraction,Non-randomized observational design,digital_home_unclear_intervention
39286985,10.1172/JCI176507,"Prebiotics improve frailty status in community-dwelling older individuals in a double-blind, randomized, controlled trial.",2024,The Journal of clinical investigation,https://pubmed.ncbi.nlm.nih.gov/39286985/,Community/primary-care frailty RCT candidate,"BACKGROUNDFrailty significantly affects morbidity and mortality rates in the older population (age >65 years). Age-related degenerative diseases are influenced by the intestinal microbiota. However, limited research exists on alterations in the intestinal microbiota in frail older individuals, and the effectiveness of prebiotic intervention for treating frailty remains uncertain.OBJECTIVEWe sought to examine the biological characteristics of the intestinal microbiome in frail older individuals and assess changes in both frailty status and gut microbiota following intervention with a prebiotic blend consisting of inulin and oligofructose.METHODSThe study consisted of 3 components: an observational analysis with a sample size of 1,693, a cross-sectional analysis (n = 300), and a multicenter double-blind, randomized, placebo-controlled trial (n = 200). Body composition, commonly used scales, biochemical markers, intestinal microbiota, and metabolites were examined in 3 groups of older individuals (nonfrail, prefrail, and frail). Subsequently, changes in these indicators were reevaluated after a 3-month intervention using the prebiotic mixture for the prefrail and frail groups.RESULTSThe intervention utilizing a combination of prebiotics significantly improved frailty and renal function among the older population, leading to notable increases in protein levels, body fat percentage, walking speed, and grip strength. Additionally, it stimulated an elevation in gut probiotic count and induced alterations in microbial metabolite expression levels as well as corresponding metabolic pathways.CONCLUSIONSThe findings suggest a potential link between changes in the gut microbiota and frailty in older adults. Prebiotics have the potential to modify the gut microbiota and metabolome, resulting in improved frailty status and prevention of its occurrence.TRIAL REGISTRATIONClinicalTrials.gov NCT03995342.",include_title_abs,A_primary_fulltext,extraction_candidate,Peer-reviewed community/home/primary-care frailty RCT candidate with relevant outcome,community,resistance;aerobic_walking;nutrition,exclude_before_extraction,Non-randomized observational design,exercise_plus_nutrition
38780837,10.1007/s40520-024-02775-x,Prevention at home in older persons with (pre-)frailty: analysis of participants' recruitment and characteristics of the randomized controlled PromeTheus trial.,2024,Aging clinical and experimental research,https://pubmed.ncbi.nlm.nih.gov/38780837/,Community/primary-care frailty RCT candidate,"The ""PromeTheus"" trial is evaluating a home-based, multifactorial, interdisciplinary prevention program for community-dwelling (pre-)frail older adults. These individuals often suffer from reduced participation, which can complicate the recruitment and enrollment in a clinical trial. The aim of this study was to evaluate different recruitment strategies and differences in participant characteristics in relation to these strategies. This cross-sectional study used baseline data from the randomized-controlled PromeTheus trial, in which community-dwelling (pre-)frail older persons (Clinical Frailty Scale [CFS] 4-6 pt., ≥ 70 years) were recruited via general practitioners (""GP recruitment"") or flyers, newspaper articles, and personalized letters (""direct recruitment""). Differences in the sociodemographic, clinical, physical, functional, mobility-related, psychological and social characteristics were analyzed in relation to the recruitment strategy. A total of 385 participants (mean age = 81.2, SD 5.9 years; women: n = 283, 73.5%) were enrolled, of which 60 (16%) were recruited by GPs and 325 (84%) through direct recruitment. Participants recruited via GPs had significantly higher subjective frailty levels (CFS), were more often physically frail (Fried Frailty Phenotype), and showed lower physical capacity (Short Physical Performance Battery), participation (disability component of the short version of the Late-Life Function and Disability Instrument), and life-space mobility (Life-Space Assessment) compared to those recruited via the direct approach (p = 0.002-0.026). Costs per randomized participant were 94€ for the GP recruitment strategy and €213 for the direct recruitment strategy. Different strategies may be required to successfully recruit (pre-)frail home-living older adults into preventive programs. Direct recruitment strategies, in which potential participants are directly informed about the prevention program, seem to be more promising than GP recruitment but may result in enrolment of persons with less functional impairment and higher recruitment costs. German Clinical Trials Register, DRKS00024638. Registered on March 11, 2021.",include_title_abs,A_primary_fulltext,exclude,Protocol/design/baseline paper rather than outcome report,home,digital_home,exclude_before_extraction,Protocol/design/baseline paper,digital_home_unclear_intervention
38052302,10.1016/j.cjca.2023.11.037,Protein and Exercise to Reverse Frailty in Older Men and Women Undergoing Transcatheter Aortic Valve Replacement: Design of the PERFORM-TAVR Trial.,2024,The Canadian journal of cardiology,https://pubmed.ncbi.nlm.nih.gov/38052302/,Implementation-relevant frailty RCT candidate,"Despite the high procedural success of transcatheter aortic valve replacement (TAVR), 2 out of 5 older adults report poor physical performance and health-related quality of life (HRQOL) in the ensuing months, particularly those with frailty. There has yet to be a trial examining the synergistic effects of exercise and protein supplementation to counteract frailty and improve patient-centred outcomes following TAVR. The PERFORM-TAVR trial is a multicentre parallel-group randomised clinical trial that is enrolling 200 frail older adults ≥ 70 years of age undergoing TAVR. Patients will be randomly allocated to 1 of 2 treatment groups: standard-of-care lifestyle education (control group) or protein-rich oral nutritional supplement for 4 weeks before TAVR with the addition of home-based supervised exercise sessions for 12 weeks after TAVR (intervention group). The primary outcome will be physical performance as measured by a blinded observer using the Short Physical Performance Battery at 3 months. Secondary outcomes at 3, 6, and 12 months will include HRQOL, as measured by the Short-Form 36 Physical and Mental Component summary scores, and a composite safety end point. The PERFORM-TAVR trial is testing a novel frailty intervention in older adults undergoing TAVR to optimise recovery and downstream HRQOL. This represents a potential paradigm shift that highlights the value of assessing and treating patients' frailty in parallel with their underlying heart valve disease. CLINICAL TRIAL REGISTRATION: URL: https://www.clinicaltrials.gov. Unique identifier: NCT03522454.",include_title_abs,A_primary_fulltext,secondary_setting,Hospital/post-acute/residential setting; not primary Indian primary-care scope,hospital_or_postacute,nutrition;digital_home;multidomain,exclude_before_extraction,"Disease-specific, post-acute or hospital rehabilitation population",multidomain
38576769,10.1177/20543581241234724,Randomized Controlled Trial of the Effect of an Exercise Rehabilitation Program on Symptom Burden in Maintenance Hemodialysis: A Clinical Research Protocol.,2024,Canadian journal of kidney health and disease,https://pubmed.ncbi.nlm.nih.gov/38576769/,Implementation-relevant frailty RCT candidate,"People receiving hemodialysis experience high symptom burden that contributes to low functional status and poor health-related quality of life. Management of symptoms is a priority for individuals receiving hemodialysis but limited effective treatments exist. There is emerging evidence that exercise programming can improve several common dialysis-related symptoms. The primary aim of this study is to evaluate the effect of an exercise rehabilitation program on symptom burden in individuals receiving maintenance hemodialysis. Multicenter, randomized controlled, 1:1 parallel, open label, prospective blinded end point trial. Three facility-based hemodialysis units in Winnipeg, Manitoba, Canada. Adults aged 18 years or older with end-stage kidney disease receiving facility-based maintenance hemodialysis for more than 3 months, with at least 1 dialysis-related symptom as indicated by the Dialysis Symptom Index (DSI) severity score >0 (n = 150). Supervised 26-week exercise rehabilitation program and 60 minutes of cycling during hemodialysis thrice weekly. Exercise intensity and duration were supervised and individualized by the kinesiologist as per participant baseline physical function with gradual progression over the course of the intervention. Usual hemodialysis care (no exercise program). Our primary outcome is change in symptom burden at 12 weeks as measured by the DSI severity score. Secondary outcomes include change in modified DSI severity score (includes 10 symptoms most plausible to improve with exercise), change in DSI severity score at 26 and 52 weeks; time to recover post-hemodialysis; health-related quality of life measured using EuroQol (EQ)-5D-5L; physical activity behavior measured by self-report (Godin-Shepherd questionnaire) and triaxial accelerometry; exercise capacity (shuttle walk test); frailty (Fried); self-efficacy for exercise; and 1-year hospitalization and mortality. Change in primary outcome will be compared between groups by independent 2-tailed t test or Mann-Whitney U test depending on data distribution and using generalized linear mixed models, with study time point as a random effect and adjusted for baseline DSI score. Similarly, change in secondary outcomes will be compared between groups over time using appropriate parametric and nonparametric statistical tests depending on data type and distribution. The COVID-19 pandemic restrictions on clinical research at our institution delayed completion of target recruitment and prevented collection of accelerometry and physical function outcome data for 15 months until restrictions were lifted. The application of an exercise rehabilitation program to improve symptom burden in individuals on hemodialysis may ameliorate common symptoms observed in individuals on hemodialysis and result in improved quality of life and reduced disability and morbidity over the long term. Importantly, this pragmatic study, with a standardized exercise intervention that is adaptable to baseline physical function, addresses an important gap in both clinical care of hemodialysis patients and our current knowledge.",include_title_abs,A_primary_fulltext,exclude,Protocol/design/baseline paper rather than outcome report,unclear,digital_home,exclude_before_extraction,Protocol/design/baseline paper,digital_home_unclear_intervention
38251739,10.1093/ageing/afad253,Response rates and associated factors after a multicomponent intervention in frail older adults with diabetes.,2024,Age and ageing,https://pubmed.ncbi.nlm.nih.gov/38251739/,Community/primary-care frailty RCT candidate,"Type 2 diabetes mellitus (T2DM) and frailty are associated with functional decline in older population. To explore the individual response to a multimodal intervention on functional performance. A cluster-randomised multicentre clinical trial. Outpatients in hospital or primary care. 843 (77.83 years, 50.65% men) prefrail and frail individuals ≥70 years with T2DM. Participants were allocated to usual care group (UCG) or a multicomponent intervention group (IG): 16-week progressive resistance training, seven nutritional and diabetological educational sessions and achievement of glycated haemoglobin (7-8%) and blood pressure (<150 mmHg) targets. Functional performance was assessed with the Short Physical Performance Battery (SPPB) at 1 year. We used multivariate binomial and multinomial logistic regression models to explore the effect of the IG, and adherence on the outcomes studied, in several adjusted models. 53.7% in the IG versus 38.0% in the UCG improved by at least 1 point in their SPPB score [OR (95% CI): 2.07 (1.43, 2.98), P value <0.001]. Age, SPPB score and number of frailty criteria met decreased the probability of improving the SPPB score. Factors associated with worsening were pertaining to IG (decreased), age, SPPB score and the number of frailty criteria (increased). An adherence ≥84% was needed to achieve benefits, reaching the peak in the probability of improving SPPB when this was ≥85% [OR(95%CI): 2.38 (1.29, 4.79), P value 0.014]. Factors predicting the likelihood of improvement in a multimodal programme in pre-frail and frail older adults with diabetes are age, basal SPPB score, the number of frailty criteria and adherence.",include_title_abs,A_primary_fulltext,extraction_candidate,Peer-reviewed community/home/primary-care frailty RCT candidate with relevant outcome,primary_care,resistance;multicomponent_exercise;nutrition,extract_now,High-confidence community/home/primary-care frailty RCT candidate,exercise_plus_nutrition
39064319,10.3390/jcm13144279,Telerehabilitation: Vestibular Physiotherapy vs. Multicomponent Exercise for Functional Improvement in Older Adults: Randomized Clinical Trial.,2024,Journal of clinical medicine,https://pubmed.ncbi.nlm.nih.gov/39064319/,Community/primary-care frailty RCT candidate,"The loss of vestibular and motor function can occur naturally with aging. Vestibular physiotherapy exercises (VE) specifically address vestibular rehabilitation to reduce imbalances and improve physical condition, like therapeutic exercise (TE). During COVID-19, technology was used with the elderly for implementation. Objective: to determine if vestibular exercises are as effective as multicomponent exercises in improving functional capacity using technological tools. Methods: A randomized clinical trial compared two intervention groups of 21 subjects with functional limitations and frailty (average age 76.11 years). The intervention involved multicomponent exercise for the control group (Vivifrail protocol) and vestibular exercises for the experimental group (Cawthorne and Cooksey exercises) for 6 weeks with five sessions per week both groups. Two professionals implemented the exercises, and participants received tailored exercise videos. Primary outcomes were gait speed, dynamic balance, and physical capacity. Results: Both groups showed significant improvements. For physical function measured by SPPB (0-12 points), the multicomponent exercise group improved by 1.97 (0.91; 3.03), p < 0.001, and the vestibular exercise group improved by 1.63 (0.65; 2.60), p = 0.002. For dynamic balance measured by the Timed Up and Go (TUG) test, the multicomponent exercise group improved by -0.88 (-1.33; -0.42), p < 0.001, and the vestibular exercise group improved by -0.79 (-1.21; -0.37), p < 0.001. There were no significant differences between groups. Finally, regarding gait speed, there were no differences in either group between pretest and post-test (p > 0.05). Conclusions: Both multicomponent exercise and vestibular exercises improve functional capacities via telerehabilitation as measured by the SPPB, although vestibular physiotherapy does not show superior outcomes compared to the control group.",include_title_abs,A_primary_fulltext,extraction_candidate,Peer-reviewed community/home/primary-care frailty RCT candidate with relevant outcome,unclear,balance;multicomponent_exercise;digital_home,exclude_before_extraction,Protocol/design/baseline paper,multicomponent_exercise
39671585,10.2196/60155,The Effect of the Mediterranean Diet-Integrated Gamified Home-Based Cognitive-Nutritional (GAHOCON) Training Programme for Older People With Cognitive Frailty: Pilot Randomized Controlled Trial.,2024,JMIR rehabilitation and assistive technologies,https://pubmed.ncbi.nlm.nih.gov/39671585/,Implementation-relevant frailty RCT candidate,"Cognitive frailty is known to be associated with both nutrition and cognitive training. However, effective treatments that engage older adults with cognitive frailty in both the Mediterranean diet and cognitive training are lacking. This study aims to examine the feasibility and preliminary effects of Gamified Home-Based Cognitive-Nutritional (GAHOCON) on older adults with cognitive frailty, focusing on Mediterranean diet knowledge, adherence to the Mediterranean diet, cognitive function, physical frailty, grip strength, walking speed, memory, and body composition. This study applied a 2-center, assessor-blinded, 2-parallel-group, noninferiority, randomized controlled trial design. Eligible participants were community-dwelling adults aged 60 years or older, living with cognitive frailty, and exhibiting poor adherence to the Mediterranean diet. Participants were randomly assigned to the intervention or control group in a 1:1 ratio. In the intervention group, participants received 4 weeks of center-based training (health education) followed by 8 weeks of home-based training (GAHOCON). In the control group, participants received only the 4 weeks of center-based training and 8 weeks of self-revision of health educational materials at home. During the intervention period, time spent by the participants and the levels of difficulty completed by them weekly on GAHOCON were measured as markers of feasibility. The outcomes included Mediterranean diet knowledge, adherence to the Mediterranean diet, cognitive function, physical frailty, grip strength, walking speed, memory, and body composition. Data were collected at baseline (T0) and 1 week postintervention (T1). The Wilcoxon signed rank test was used to examine within-group effects for the outcome variables in each group separately. A total of 25 participants were recruited, with 13 allocated to the intervention group and 12 to the control group. The median cumulative minutes spent on GAHOCON training increased from 117 to 926 minutes. The median level of difficulty completed for game 1 increased from level 14 to level 20, while for game 2, it increased from level 2 to level 24. After the completion of the interventions, Mediterranean diet knowledge was retained in the intervention group but significantly decreased in the control group (r=-0.606, P=.04). Significant improvements were observed in the intervention group in Mediterranean diet adherence (r=-0.728, P=.009), cognitive function (r=-0.752, P=.007), physical frailty (r=-0.668, P=.02), and walking speed (r=-0.587, P=.03), but no such improvements were seen in the control group. GAHOCON is feasible in engaging older adults with cognitive frailty to regularly participate in the intervention. Preliminary evidence suggests that it can retain Mediterranean diet knowledge following nutritional education, improve adherence to the Mediterranean diet, and enhance global cognitive function, physical frailty, and walking speed. However, the difficulty of the later levels of game 1 may be too high. Future studies should adjust the difficulty level of game 1. Additionally, trials with larger sample sizes and longer follow-up periods are needed to confirm its effects. ClinicalTrials.gov NCT05207930; https://clinicaltrials.gov/ct2/show/NCT05207930.",include_title_abs,A_primary_fulltext,secondary_setting,Hospital/post-acute/residential setting; not primary Indian primary-care scope,hospital_or_postacute,resistance;aerobic_walking;nutrition;digital_home,exclude_before_extraction,"Disease-specific, post-acute or hospital rehabilitation population",exercise_plus_nutrition
39574284,10.14283/jfa.2024.32,The Efficacy of 12-Week Progressive Home-Based Strength and Tai-Chi Exercise Snacking in Older Adults: A Mixed-Method Exploratory Randomised Control Trial.,2024,The Journal of frailty & aging,https://pubmed.ncbi.nlm.nih.gov/39574284/,Community/primary-care frailty RCT candidate,"Maintaining physical function is important for independence and frailty prevention in later life, but very few older adults meet exercise recommendations. Previous studies found that 4-week 'exercise and Tai-chi snacking' as a viable alternative to traditional exercise is acceptable to healthy older adults. This study aimed to investigate the effectiveness of a 12-week progressive exercise and Tai-chi snacking programme on physical function and psychological outcomes in pre-frail older adults. Randomised controlled trial. Community-dwelling older adults. 90 older adults with impaired strength and balance were recruited. Participants were randomly allocated to an intervention or waitlist control group. A 12-week progressive exercise and Tai-chi snacking programme. Physical function (the short physical performance battery (SPPB), single-leg balance test and sit-to-stand test) was remotely measured at participants' homes via video calls at baseline, 4-, 8-, and 12-weeks. The self-reported psychological outcomes were also assessed every 4 weeks using online questionnaires. A subset of 40 participants also completed in-person functional assessments, and 26 intervention participants underwent semi-structured interviews to feedback on their experiences. The 12-week progressive home-based exercise and Tai-chi snacking improved SPPB strength (estimated mean difference in week 4: 1.05; week 8: 0.79; and week 12: 0.79) and balance (estimated mean difference in week 4: 0.71; week 8: 0.57; and week 12: 0.65) at each timepoint compared to control group. Timed-up-and-go (estimated mean difference in week 4: 1.94; week 8: 1.58; and week 12: 1.1) and total SPPB scores (estimated mean difference in week 4: 2.24; week 8: 1.79; and week 12: 1.76) were also better in the intervention group compared to the control group in lab subset participants. Based on the qualitative findings, Participants found the programme accessible and beneficial, making it suitable for older adults and increasing self-efficacy in physical activities. The home-based exercise and Tai-chi snacking programme significantly improved lower extremity strength, balance, and mobility in pre-frail older adults. This programme is considered to be a beneficial, acceptable and easy implemented physical function intervention.",include_title_abs,A_primary_fulltext,extraction_candidate,Peer-reviewed community/home/primary-care frailty RCT candidate with relevant outcome,home,resistance;balance;digital_home,exclude_before_extraction,Review/consensus paper,exercise_only
39482612,10.1186/s12877-024-05457-5,The WE-RISE™ multi-domain intervention: a feasibility study for the potential reversal of cognitive frailty in Malaysian older persons of lower socioeconomic status.,2024,BMC geriatrics,https://pubmed.ncbi.nlm.nih.gov/39482612/,Implementation-relevant frailty RCT candidate,"Cognitive frailty (CF) is an emerging concern among older persons, particularly within lower socioeconomic statuses (SES) populations. Currently, there is limited evidence on the potential reversibility of CF through multi-domain interventions within this demographic. This study aimed to investigate the effectiveness of the WE-RISE™ multi-domain intervention in addressing the potential reversibility of CF among community-dwelling older persons of lower SES, the intervention effects on multiple health dimensions, and to determine if WE-RISE™ is of low cost. This 24-week randomised controlled trial included 55 community-dwelling older persons of lower SES with CF, who were randomised into either the WE-RISE™ intervention group (n = 27), or the control group receiving usual care (n = 28). The WE-RISE™ intervention comprised of 12 weeks of instructor led, community-based intervention, followed by 12 weeks of WE-RISE™@Home. CF status, cognitive and physical function, nutrition, disability, health-related quality of life, exercise self-efficacy and depression were assessed at baseline, 12th and 24th weeks. Changes in CF status was analysed descriptively, while intervention effects were analyzed with split plot ANOVA. The cost of the WE-RISE™ intervention was calculated using activity-based costing. At baseline, all participants in both the intervention and control groups (100%) were classified as CF. Following 12 weeks of the WE-RISE™ intervention, 74.1% of participants in the experimental group no longer met the criteria for cognitive frailty, with 63% maintaining this improvement at 24 weeks. In contrast, the CF status of participants in the control group remained largely unchanged, with only 10.7% showing improvement at 12 weeks and falling to 3.6% at 24 weeks. Significant intervention effects were observed for cognition, physical function, body composition, disability, health-related quality of life and self-perceived exercise self-efficacy (p < 0.05) following participation in WE-RISE™. The cost per intervention session was RM4.06 (≈ RM3.88), and the cost per subject for 48 sessions was RM194.74 (≈ RM187.01). The WE-RISE™ multi-domain intervention has demonstrated potential in reversing CF among older persons of lower SES, leading to significant improvements across multiple health dimensions at a low cost. WE-RISE™ shows promise to enrich the well-being of ageing societies, contribute to societal health, and ensure equitable access to healthcare, supporting broader implementation by enhancing equitable access to health programs and addressing the needs of older persons, WE-RISE™. This trial was registered in the Australian New Zealand Clinical Trials Registry (ACTRN12619001055190) on the 29th of July 2019 - retrospectively registered.",include_title_abs,A_primary_fulltext,secondary_setting,Hospital/post-acute/residential setting; not primary Indian primary-care scope,hospital_or_postacute,balance;nutrition;multidomain,exclude_before_extraction,"Disease-specific, post-acute or hospital rehabilitation population",multidomain_exercise_nutrition
39211745,10.3389/fragi.2024.1376825,"Underweight, overweight, and weight change in older family caregivers and their care recipients: longitudinal evidence from a randomized controlled trial.",2024,Frontiers in aging,https://pubmed.ncbi.nlm.nih.gov/39211745/,Implementation-relevant frailty RCT candidate,"This study aimed to identify differences among body mass index (BMI) categories of older family caregivers (≥60 years) and their care recipients (≥65 years). Secondly, this study aimed to examine group differences and factors associated with weight change during a nutrition and oral health intervention. This secondary analysis of a randomized controlled trial (ClinicalTrial.gov (NCT04003493)) involved individually tailored nutritional guidance from a clinical nutritionist and oral health guidance from a dental hygienist. Baseline BMI differences were analyzed, followed by further analyses of group differences and associated factors of weight change over a 6-month period using generalized estimating equations. Among the participants (113 family caregivers and 107 care recipients), 36.3% and 35.1% were overweight (BMI >29 kg/m2), while 18.6% and 21.6% were underweight (BMI <24 kg/m2) at baseline, respectively. For family caregivers differences in BMI categories included age, mid-arm and calf circumferences, and plasma prealbumin concentration. For care recipients differences were observed in medication use, mid-arm and calf circumferences, Mini Nutritional Assessment scores, physical function, and number of teeth. During the 6-month intervention, there were no differences in weight change between intervention and control groups for both caregivers and care recipients. Factors significantly associated (p < 0.05) with weight loss included female sex for both caregivers and care recipients, and frailty for caregivers. Family caregivers' characteristics were not significantly associated with weight change in their care recipients. In conclusion, being overweight is a prevalent among older family caregivers and care recipients. Factors such as age, medication use, physical function, number of teeth, and Mini Nutritional Assessment scores varied across BMI categories. Female sex was associated with weight loss in both older family caregivers and care recipients, and frailty was associated with weight loss in caregivers. However, the characteristics of family caregivers did not explain the weight loss of their care recipients. Clinical Trial Registration: [https://www.ClinicalTrial.gov/], identifier [NCT04003493].",include_title_abs,A_primary_fulltext,extraction_candidate,Peer-reviewed community/home/primary-care frailty RCT candidate with relevant outcome,unclear,nutrition,extract_now,High-confidence community/home/primary-care frailty RCT candidate,nutrition_only
38430497,,Verification of the Effects of a YouTube-Based Home-Based (Self-Managed Intervention) Training System Developed for Frailty Prevention: A Pilot Study.,2024,Journal of allied health,https://pubmed.ncbi.nlm.nih.gov/38430497/,Community/primary-care frailty RCT candidate,"Resistance training is considered the most effective intervention for increasing older people's muscle mass and strength. Thus, we created the Sukubara®, a self-administered training system (squat + balance training) that incorporates a new low-load exercise. In this study, we hypothesize that introducing Sukubara will positively affect skeletal muscle mass and physical function. A preliminary verification was carried out on healthy, non-elderly participants who were recruited from the hospital staff. Participants were randomly assigned to two groups for a 12-week intervention: the resistance training group (R group) that performed the Sukubara exercise program and the control group (C group) that did not. This study's primary end¬point was a change in skeletal muscle mass, while the secondary endpoints were knee extension strength and one-leg standing time with eyes closed. An analysis of the 18 participants (R group = 8; C group = 10) was performed. Results showed that skeletal muscle mass, knee extension strength, and one-leg standing time were significantly improved or tended to be significantly higher in the R group than in the C group. Our study concluded that, by incorporating low-load exercise, Sukubara resulted in muscle hypertrophy and improved physical function.",include_title_abs,A_primary_fulltext,extraction_candidate,Peer-reviewed community/home/primary-care frailty RCT candidate with relevant outcome,home,resistance;balance;digital_home,extract_now,High-confidence community/home/primary-care frailty RCT candidate,exercise_only
39647881,10.3143/geriatrics.61.447,[The difference in effect between individual exercise and collective exercise in older adults with frailty-A randomized controlled trial].,2024,Nihon Ronen Igakkai zasshi. Japanese journal of geriatrics,https://pubmed.ncbi.nlm.nih.gov/39647881/,Community/primary-care frailty RCT candidate,"To examine the influence of exercises, including individual and collective exercises, on older adults with frail and prefrail. We enrolled 21 older adults with pre-frail and frail (77.1±3.3 years, 90.5% women). The participants were randomly divided into 2 groups: an individual group (n=11) and a collective group (n=10). They performed exercises for 90 minutes once a week for 12 weeks. The individual groups underwent a multi-component exercise program that included strength training using a training machine. The collective group underwent a multi-component exercise program that included strength training in a chair. We evaluated body composition and physical and cognitive functions. These functions were compared before and after the intervention in each group, and the rates of change in the evaluated items were compared between the 2 groups. In the individual group, after the intervention, BMI (p=0.03) and fat mass (p<0.01) decreased, and the 5 Stand Test (p<0.01) and walking speed (p=0.02) improved. In the collective group, the intervention, 5 Stand Test (p<0.01) and information processing (p=0.03) improved after the intervention. Furthermore, the rate of improvement in the 5 Stand Test was higher in the individual group than in the collective group (p<0.01). In the individual exercise group, the physical function improved and fat mass decreased. The cognitive function improved in the collective exercise group. These findings could serve as the basis for formulating an effective exercise program for frail older adults.",include_title_abs,A_primary_fulltext,extraction_candidate,Peer-reviewed community/home/primary-care frailty RCT candidate with relevant outcome,unclear,resistance;aerobic_walking;multicomponent_exercise,extract_now,High-confidence community/home/primary-care frailty RCT candidate,multicomponent_exercise
36426763,10.1111/ggi.14511,"Adherence, safety and potential effectiveness of a home-based Radio-Taiso exercise program in older adults with frailty: A pilot randomized controlled trial.",2023,Geriatrics & gerontology international,https://pubmed.ncbi.nlm.nih.gov/36426763/,Community/primary-care frailty RCT candidate,"Radio-Taiso, a traditional exercise program in Japan, may serve as a coping strategy for older adults with frailty during the COVID-19 pandemic. This phase II trial tested program adherence and safety and explored the potential effectiveness of a home-based Radio-Taiso. This assessor-blind parallel randomized controlled trial included community-dwelling Jolder Japanese adults with frailty and pre-frailty. Fifty-eight eligible participants were randomly allocated to intervention and control groups. Intervention participants performed 3-5-min sessions of Radio-Taiso one to four times per day for 12 weeks. Feasibility criteria were set at practice and retention rates of ≥75%. Safety was monitored by assessing all adverse events reported by participants during the intervention period, irrespective of causality. Potential effectiveness was exploratorily assessed using items that allow clinical interpretation of changes: mobility and health-related quality of life (HR-QoL), assessed using the modified short physical performance battery (SPPB) and the SF-36, respectively. Both practice (83%) and retention rates (100%) met the predetermined feasibility criteria. Eleven adverse events were reported but were supposedly unrelated to the intervention. In the intention-to-treat analysis, there was no clinically significant difference in the change in SPPB score between groups (-0.4 points, 95% confidence interval [CI], -1.2, 0.3); however, the intervention group scored higher in the mental component of HR-QoL than did the control group (3.4 points, 95% CI: -1.1, 7.8). The preliminary data indicate that a phase III trial is feasible, focusing on the mental aspect of HR-QoL as the primary outcome. Geriatr Gerontol Int 2023; 23: 32-37.",include_title_abs,A_primary_fulltext,extraction_candidate,Peer-reviewed community/home/primary-care frailty RCT candidate with relevant outcome,home,digital_home,extract_now,High-confidence community/home/primary-care frailty RCT candidate,digital_home_unclear_intervention
36849160,10.1093/ageing/afad012,Building resilience and reversing frailty: a randomised controlled trial of a primary care intervention for older adults.,2023,Age and ageing,https://pubmed.ncbi.nlm.nih.gov/36849160/,Community/primary-care frailty RCT candidate,"There is a need for effective primary care interventions that help older people combat frailty and build resilience. To study the effectiveness of an optimised exercise and dietary protein intervention. Multicentre, randomised-controlled, parallel-arm trial. Six primary care practices, Ireland. Six general practitioners enrolled adults aged 65+ with Clinical Frailty Scale score ≤5 from December 2020 to May 2021. Participants were randomised to intervention or usual care with allocation concealed until enrolment. Intervention comprised a 3-month home-based exercise regime, emphasising strength, and dietary protein guidance (1.2 g/kg/day). Effectiveness was measured by comparing frailty levels, based on the SHARE-Frailty Instrument, on an intention-to-treat basis. Secondary outcomes included bone mass, muscle mass and biological age measured by bioelectrical impedance analysis. Ease of intervention and perceived health benefit were measured on Likert scales. Of the 359 adults screened, 197 were eligible and 168 enrolled; 156 (92.9%) attended follow-up (mean age 77.1; 67.3% women; 79 intervention, 77 control). At baseline, 17.7% of intervention and 16.9% of control participants were frail by SHARE-FI. At follow-up, 6.3 and 18.2% were frail, respectively. The odds ratio of being frail between intervention and control groups post-intervention was 0.23 (95% confidence interval: 0.07-0.72; P = 0.011), adjusting for age, gender and site. Absolute risk reduction was 11.9% (CI: 0.8%-22.9%). Number needed to treat was 8.4. Grip strength (P < 0.001) and bone mass (P = 0.040) improved significantly. 66.2% found the intervention easy, 69.0% reported feeling better. A combination of exercises and dietary protein significantly reduced frailty and improved self-reported health.",include_title_abs,A_primary_fulltext,extraction_candidate,Peer-reviewed community/home/primary-care frailty RCT candidate with relevant outcome,primary_care,resistance;nutrition;digital_home,extract_now,High-confidence community/home/primary-care frailty RCT candidate,exercise_plus_nutrition
34889703,10.1080/09638288.2021.2012844,Conceptualization of frailty in rehabilitation interventions with adults: a scoping review.,2023,Disability and rehabilitation,https://pubmed.ncbi.nlm.nih.gov/34889703/,Implementation-relevant frailty RCT candidate,"Purpose: We aimed to synthesize the literature that considered frailty in the evaluation of rehabilitation interventions for adults (aged ≥18) by answering: (1) how is frailty defined in rehabilitation intervention research?; (2) how is frailty operationalized in rehabilitation intervention research?; (3) what are the characteristics of rehabilitation interventions for frail adults and what frailty related outcomes are assessed?Materials and methods: A scoping review was conducted. Data were analyzed using descriptive statistics and qualitative content analysis.Results: 53 articles met the inclusion criteria. Most studies were conducted in Europe and involved randomized control trials. The included studies reported on rehabilitation interventions that only included individuals aged 50 or older. Thirteen studies used Fried's definition of frailty, but most (n = 27) did not use any definition. Many studies did not differentiate between the conceptualization (e.g., definition) and operationalization (e.g., use of inclusion/exclusion criteria, outcome measures) of frailty. Most interventions focused on exercise. Instrumental activities of daily living reported most frequently as outcomes (n = 11).Conclusions: There is an absence of consistent definitions of frailty in rehabilitation interventions and current definitions tend to focus on physical functioning. The authors suggest rehabilitation researchers consider an expanded definition of frailty informed by the International Classification of Functioning, Disability and Health framework.IMPLICATIONS FOR REHABILITATIONRehabilitation professionals should use an expanded definition of frailty, informed by the International Classification of Functioning, Disability and Health framework, should include physical, mental, personal, environmental, and social factors to decrease, delay, or prevent frailty in adults.Rehabilitation professionals should consider a broader operationalization of frailty that is not dependent on age and physical functioning.Rehabilitation professionals that consider a broader conceptualization of frailty should tailor interventions to the specific needs of frail adults.",include_title_abs,A_primary_fulltext,context_citation,Review/consensus; use for citation chasing only,unclear,unclear,exclude_before_extraction,Review/consensus paper,unclear
35226732,10.1093/gerona/glac055,Development and Validation of a Cutoff for the Chair Stand Test as a Screening for Mobility Impairment in the Context of the Integrated Care for Older People Program.,2023,"The journals of gerontology. Series A, Biological sciences and medical sciences",https://pubmed.ncbi.nlm.nih.gov/35226732/,Community/primary-care frailty RCT candidate,"The 5-repetition chair stand test (CST) is increasingly being used to assess locomotion capacity in older adults. However, there is a lack of age-stratified cutoffs for adults aged ≥70 validated against a higher risk of functional loss. We used 2 population-based studies (Study on global AGEing and adult health in Mexico [SAGE Mexico] and Toledo Study for Healthy Aging [TSHA]) and receiver operating characteristic (ROC) analyses to develop and cross-validate age-stratified chair stand cutoffs with activities of daily living (ADL) disability as the outcome. Then, we used data from an randomized controlled trial (RCT) (Multidomain Alzheimer Preventive Trial [MAPT]) and a frailty day-hospital for external validation with cross-sectional and longitudinal measures of ADL disability. The merged sample of SAGE Mexico and TSHA was n = 1 595; sample sizes for external validation were: MAPT n = 1 573 and Frailty day-hospital n = 2 434. The Cox models for incident disability in MAPT had a mean follow-up of 58.6 months. Cutoffs obtained were 14 second (ages 70-79) and 16 second (ages 80+). Those cutoffs identified older adults at higher odds of incident ADL disability odds ratio (OR) = 1.72 (95% confidence interval [CI] 1.06; 2.78) for ages 70-79 and odds ratio (OR) = 2.27 (95% CI 1.07; 4.80) in those aged 80+. Being a slow chair stander according to the cut points was associated with ADL disability in cross-sectional and longitudinal measures. Fourteen- and 16-second cut points for the CST are suitable to identify people at higher risk of functional decline among older adults in Mexico and Toledo, Spain. Adjusting the cut point from 14 to 16 second generally improved the psychometric properties of the test. The validation of these cutoffs can facilitate the screening for limited mobility and the implementation of the Integrated Care for Older People program.",include_title_abs,A_primary_fulltext,secondary_disease_specific,Disease-rehabilitation population; secondary/sensitivity only,unclear,multidomain,exclude_before_extraction,Non-randomized observational design,multidomain
37875291,10.1002/jcsm.13359,Dose-response effects of resistance training on physical function in frail older Chinese adults: A randomized controlled trial.,2023,"Journal of cachexia, sarcopenia and muscle",https://pubmed.ncbi.nlm.nih.gov/37875291/,Community/primary-care frailty RCT candidate,"Effective exercise for the frail elderly has been found to contribute to healthy aging; the corresponding relationship between intensity and volume of exercise and health effects remains unclear. The present study aimed to investigate the dose-response effects of resistance training on muscle strength and physical fitness in frail older adults. In this randomized controlled trial, participants were randomized into seven groups: moderate-volume low-intensity, moderate-volume moderate-intensity, moderate-volume high-intensity, high-volume low-intensity, high-volume moderate-intensity, high-volume high-intensity and routine care, receiving 12 weeks of resistance training of different intensities and volumes of exercise. The outcomes were muscle strength (assessed by ergonomics force gauges) and physical fitness function (assessed by the 6-min walking test [6MWT], the 30-s sit-to-stand test [30sSTST] and the 8-foot up-and-go test [8-FUGT]) before and at 6 and 12 weeks of intervention. A total of 161 participants completed the exercise intervention. There were no significant differences in age, sex, height, body weight and body mass index among the seven groups. The exercise volume of resistance training showed linear relationships with muscle strength of the lower limbs, 30sSTST and 6MWT results and a non-linear relationship with 8-FUGT. Resistance training intensity was found to have a linear relationship with muscle strength of the lower limbs and 6MWT and non-linear relationships with 30sSTST and 8-FUGT. The mixed linear model analysis revealed that the lower limb muscle strength differed significantly before and during the intervention (W = 8571.5, Padj < 0.001), before and after the intervention (W = 6968, Padj = 0.001) and during and after the intervention (W = 2834.5, Padj < 0.001); that the 6MWT performance differed during and after the intervention (W = 3184, Padj < 0.001); and that the 30sSTST was different between before and during the intervention (W = 2350.5, Padj = 0.012) and between during and after the intervention (W = 2290.5, Padj = 0.045). Resistance training was found to be associated with muscle strength and physical fitness in frail older adults in a dose-dependent manner. High-intensity resistance training could be more effective for improving the muscle strength of frail older adults, and the improvement of 6MWT performance was even higher. High-volume resistance training significantly improved muscle strength, with even greater improvement in the 30sSTST and 6MWT performances. Both the intensity and volume of exercise were found to greatly value physical function in frail older adults. Low-moderate-intensity resistance training and low-moderate-volume resistance training also had some advantages in terms of safety, efficacy and acceptance in elderly with frailty.",include_title_abs,A_primary_fulltext,extraction_candidate,Peer-reviewed community/home/primary-care frailty RCT candidate with relevant outcome,unclear,resistance;aerobic_walking,extract_now,High-confidence community/home/primary-care frailty RCT candidate,exercise_only
36673644,10.3390/healthcare11020276,Effect of the Active Aging-in-Place-Rehabilitation Nursing Program: A Randomized Controlled Trial.,2023,"Healthcare (Basel, Switzerland)",https://pubmed.ncbi.nlm.nih.gov/36673644/,Community/primary-care frailty RCT candidate,"(1) Background: It is of great importance to promote functional capacity and positive lifestyles, since they contribute to preventing the progression of frailty among the older adults. The aim of this study was to evaluate the effect of active aging-in-place−rehabilitation nursing program (AAP-RNP) on the functional capacity and lifestyles of frail older adults. (2) Methods: This was a single-blinded, two-group, randomized, controlled trial of 30 frail older people enrolled at a Health-care unit in Portugal between 2021 and 2022. The duration of the program was 12 weeks, and the sessions took place at the participants’ homes. We used as instruments the Tilburg Frailty Indicator; Fried frailty phenotype; Senior Fitness Test battery; Barthel Index; Lawton Index; handgrip strength measurement; Tinetti Index; Individual lifestyle profile; and Borg’s perception of effort. (3) Results: Post-program, there was an improvement in multidimensional and physical frailty, functional capacity, balance, and perceived exertion (p < 0.05) in the experimental group. Among the older adults’ lifestyles, we observed significant improvements in physical activity habits, relational behavior, and stress management. (4) Conclusions: Rehabilitation nurses have a relevant role, and the AAP-RNP seems to be effective in improving functional capacity and lifestyles in frail older adults.",include_title_abs,A_primary_fulltext,extraction_candidate,Peer-reviewed community/home/primary-care frailty RCT candidate with relevant outcome,unclear,resistance;balance;multidomain,extract_now,High-confidence community/home/primary-care frailty RCT candidate,multidomain
34417416,10.1519/JPT.0000000000000326,Effectiveness of a Supervised Group-Based Otago Exercise Program on Functional Performance in Frail Institutionalized Older Adults: A Multicenter Randomized Controlled Trial.,2023,Journal of geriatric physical therapy (2001),https://pubmed.ncbi.nlm.nih.gov/34417416/,Community/primary-care frailty RCT candidate,"Because of its high prevalence and association with negative health-related outcomes, frailty is considered one of the most important issues associated with human aging and its mitigation is among the essential public health goals for the 21st century. However, very few studies have focused on institutionalized older adults, despite the knowledge that frailty can be reversible when identified and treated from its earliest stages. Therefore, the objective of this study was to evaluate the effects of a supervised group-based multicomponent exercise program intervention with or without oral nutritional supplementation on functional performance in frail institutionalized older adults. This was a multicenter randomized controlled trial study with a 6-month intervention period. A total of 111 frail institutionalized older adults (75 years or older) who met at least 3 of the 5 Fried frailty criteria were randomly allocated to the control group (CG; n = 34, mean age = 87.3 ± 5.3 years), a supervised group-based multicomponent Otago Exercise Program group (OEP; n = 39, mean age = 86 ± 5.9 years), or a supervised group-based multicomponent exercise program intervention with oral nutritional supplementation (OEP+N; n = 38, mean age = 84.9 ± 6 years). Measurements included the Timed Up and Go test (TUG), Berg Balance Scale (BBS), Short Physical Performance Battery, repeated chair stand test (STS-5), handgrip strength (HGS), 10-m walking test, and 6-minute walking test, both at baseline and after the 6-month intervention period. The between-group analysis by 2-way analysis of covariance showed significant improvement in the TUG [{OEP vs CG: -8.2 seconds, 95% CI [-13.3 to -2.9]; P < .001}; {OEP vs OEP+N: -7.3 seconds, 95% CI [-12.4 to -2.2]; P = .002}], BBS [{OEP vs CG; 8.2 points, 95% CI [5.2 to 11.2]; P < .001}; [{OEP+N vs CG: 4.6 points, 95% CI [1.6 to 7.6]; P < .001}; {OEP vs OEP+N: 3.5 points, 95% CI [0.6 to 6.5]; P = .011}], and HGS [{OEP vs CG: 3.4 kg, 95% CI [1.5 to 5.3]; P < .001}; {OEP+N vs CG: 3.6 kg, 95% CI [1.7 to 5.5]; P < .001}]. Additionally, the within-group analysis showed a significant improvement in the TUG (-6.9 seconds, 95% CI [-9.8 to -4.0]; P < .001) and BBS (4.3 points, 95% CI [2.6 to 5.9]; P < .001) in the OEP group. A significant decrease in the BBS and HGS was shown in the CG. A 6-month supervised group-based multicomponent exercise intervention improved the levels of mobility, functional balance, and HGS in frail institutionalized older adults. Further research will be required to evaluate the nutritional supplementation effects on functional performance to better determine its clinical applicability for tackling frailty.",include_title_abs,A_primary_fulltext,extraction_candidate,Peer-reviewed community/home/primary-care frailty RCT candidate with relevant outcome,unclear,resistance;balance;aerobic_walking;multicomponent_exercise;nutrition;digital_home,extract_now,High-confidence community/home/primary-care frailty RCT candidate,exercise_plus_nutrition
37026833,10.1097/PHM.0000000000002246,Effects of Exercise Interventions on Physical Performance and Activities of Daily Living in Oldest-Old and Frail Older Adults: A Review of the Literature.,2023,American journal of physical medicine & rehabilitation,https://pubmed.ncbi.nlm.nih.gov/37026833/,Community/primary-care frailty RCT candidate,"This review examined and compared the effects of exercise interventions using portable exercise equipment on muscle strength, balance, and ability to perform activities of daily living in the oldest-old and frail. We also examined the differences in the intervention characteristics between these two groups. The CINAHL, MEDLINE, and Cochrane databases were searched using specific text words and MeSH for randomized controlled trials published from 2000 to 2021, which involved exercise interventions for either oldest-old (≥75 yrs) or physically frail (reduced muscular strength, endurance, and physiological function) older adults. A total of 76 articles were included in this review, in which 61 studies involved oldest-old adults and 15 studies examined frail adults. Subgroup reviews of community dwelling and institutionalized adults were performed. The empirical evidence suggests that single-component and multicomponent exercise interventions produced positive effects for both older adult groups on muscle strength and balance, respectively. The effects of multicomponent interventions on muscular strength could be dependent on the number of exercise components per session. The effects of exercises on activities of daily living enhancement were less clear. We advocate for single intervention resistance training in all oldest-old and frail seniors to improve strength, if compliance to exercise duration is an issue.",include_title_abs,A_primary_fulltext,extraction_candidate,Peer-reviewed community/home/primary-care frailty RCT candidate with relevant outcome,community,resistance;balance;aerobic_walking;multicomponent_exercise,extract_now,High-confidence community/home/primary-care frailty RCT candidate,multicomponent_exercise
37240869,10.3390/life13051224,"Effects of High-Intensity Functional Training (HIFT) on the Functional Capacity, Frailty, and Physical Condition of Older Adults with Mild Cognitive Impairment: A Blind Randomized Controlled Clinical Trial.",2023,"Life (Basel, Switzerland)",https://pubmed.ncbi.nlm.nih.gov/37240869/,Community/primary-care frailty RCT candidate,"Physical exercise has been established as an intervention in the integral approach for the physical, functional, and social health of older adults. The objective of this study was to determine the effects of a high-intensity functional training (HIFT) program on the physical condition and functional capacity of an elderly Colombian population with mild cognitive impairment. This research corresponds to a blind randomized controlled clinical trial. A total of 169 men and women aged over 65 years were evaluated and distributed in two groups: the experimental group that received a 12-week HIFT intervention (n = 82) and the control group (n = 87) that received general recommendations on the benefits of physical exercise. The outcome variables included physical condition, assessed using the Senior Fitness battery (SNB); Fried's frailty phenotype was applied, and gait and balance were assessed using the Tinetti scale. For the functional variables, activities of daily living, instrumental activities of daily living, and advanced activities of daily living were evaluated. All variables were measured pre- and post-intervention. Statistically significant improvements were observed in the IG for gait stability and balance (p < 0.001), as well as for independence in activities of daily living (p = 0.003), and instrumental and advanced activities (p < 0.001). Likewise, greater functionality was found when assessed with the SNB (p < 0.001), except for upper limb strength. The frailty classification did not show changes post-intervention (p = 0.170) nor in the group x time interaction. MANCOVA analysis showed that regardless of gender, health level, age, BMI, cognition, and health level, the HIFT intervention produced better results in functional capacity, balance, and gait (F = 0.173, p < 0.001, Wilks' λ = 88.231).",include_title_abs,A_primary_fulltext,extraction_candidate,Peer-reviewed community/home/primary-care frailty RCT candidate with relevant outcome,unclear,resistance;balance;digital_home,exclude_before_extraction,Review/consensus paper,exercise_only
36629088,10.14283/jfa.2022.48,"Effects of Vitamin D, Omega-3 Fatty Acids and a Home Exercise Program on Prevention of Pre-Frailty in Older Adults: The DO-HEALTH Randomized Clinical Trial.",2023,The Journal of frailty & aging,https://pubmed.ncbi.nlm.nih.gov/36629088/,Community/primary-care frailty RCT candidate,"The benefits of supplemental vitamin D3, marine omega-3 fatty acids, and a simple home exercise program (SHEP) on frailty prevention in generally healthy community-dwelling older adults are unclear. To test the effect of vitamin D3, omega-3s, and a SHEP, alone or in combination on incident pre-frailty and frailty in robust older adults over a follow-up of 36 months. DO-HEALTH is a multi-center, double-blind, placebo-controlled, 2x2x2 factorial randomized clinical trial among generally healthy European adults aged 70 years or older, who had no major health events in the 5 years prior to enrollment, sufficient mobility and intact cognitive function. As a secondary outcome of the DO-HEALTH trial, among the subset of participants who were robust at baseline, we tested the individual and combined benefits of supplemental 2,000 IU/day of vitamin D3, 1 g/day of marine omega-3s, and a SHEP on the odds of being pre-frail and frail over 3 years of follow-up. At baseline, 1,137 out of 2,157 participants were robust (mean age 74.3 years, 56.5% women, mean gait speed 1.18 m/s). Over a median follow-up time of 2.9 years, 696 (61.2%) became pre-frail and 29 (2.6%) frail. Odds ratios for becoming pre-frail were not significantly lower for vitamin D3, or omega 3-s, or SHEP, individually, compared to control (placebo for the supplements and control exercise). However, the three treatments combined showed significantly decreased odds (OR 0.61 [95% CI 0.38-0.98; p=0.04) of becoming pre-frail compared to control. None of the individual treatments or their combination significantly reduced the odds of becoming frail. Robust, generally healthy and active older adults without major comorbidities, may benefit from a combination of high-dose, supplemental vitamin D3, marine omega-3s, and SHEP with regard to the risk of becoming pre-frail over 3 years.",include_title_abs,A_primary_fulltext,extraction_candidate,Peer-reviewed community/home/primary-care frailty RCT candidate with relevant outcome,community,nutrition,extract_now,High-confidence community/home/primary-care frailty RCT candidate,nutrition_only
37328797,10.1186/s12877-023-04080-0,Effects of an individualised exercise programme plus Behavioural Change Enhancement (BCE) strategies for managing fatigue in frail older adults: a cluster randomised controlled trial.,2023,BMC geriatrics,https://pubmed.ncbi.nlm.nih.gov/37328797/,Community/primary-care frailty RCT candidate,"To the best of our knowledge, although ageing-induced fatigue could cause adverse outcomes such as frailty, there is currently no intervention for it. This study evaluated the effects of an individualised exercise programme with/without BCE strategies on reducing fatigue in older adults. A three-armed cluster-randomised controlled trial (RCT) was conducted with 184 participants (mean age: 79.1 ± 6.4; mean frailty score: 2.8 + 0.8) from 21 community centres (ClinicalTrials.gov: NCT03394495). They were randomised into either: the COMB group (n = 64), receiving 16 weeks of exercise training plus the BCE programme; the EXER group (n = 65), receiving exercise training and health talks; or the control group (n = 55), receiving only health talks. Fatigue was assessed using the Multi-dimensional Fatigue Inventory (range: 20 to 100, with higher scores indicating higher fatigue levels) at baseline, and immediately, 6 months, and 12 months post-intervention. The GEE analyses showed significant interaction (time x group) between the COMB and control groups immediately (p < 0.001), 6 months (p < 0.001), and 12 months (p < 0.001) post-intervention. Comparing the COMB and EXER groups, there was a significant interaction immediately (p = 0.013) and at 12 months post-intervention (p = 0.007). However, no significant difference was seen between the EXER group and control group at any time point. The COMB intervention showed better immediate and sustainable effects (i.e., 12 months after the intervention) on reducing fatigue in frail older adults than exercise training or health education alone. ClinicalTrials.gov (NCT03394495), registered on 09/01/2018.",include_title_abs,A_primary_fulltext,extraction_candidate,Peer-reviewed community/home/primary-care frailty RCT candidate with relevant outcome,community,unclear,extract_now,High-confidence community/home/primary-care frailty RCT candidate,unclear
37111195,10.3390/nu15081976,"Efficacy of Dietary Intervention with Group Activities on Dietary Intakes, Frailty Status, and Working Memory: A Cluster-Randomized Controlled Trial in Community Strongholds.",2023,Nutrients,https://pubmed.ncbi.nlm.nih.gov/37111195/,Community/primary-care frailty RCT candidate,"Geriatric community centers often offer nutrition lectures to older adults. In order to make learning more interesting and pragmatic, we developed group activity sessions. This undertaking was tested for its efficacy in changes of frailty status and several other geriatric health parameters. A cluster-randomized controlled trial was conducted between September 2018 and December 2019 at 13 luncheon-providing community strongholds in Taipei, Taiwan. During the 3-month intervention period, 6 experimental strongholds received a weekly 1 h exercise workout and 1 h nutrition activities aiming at achieving the recommendations of the Taiwanese Daily Food Guide for elderlies; the other 7 received a weekly 1 h exercise workout and 1 h other activities. Dietary intakes and frailty status were the primary outcomes. Secondary outcomes included working memory and depression. The measurements were performed at baseline, 3 months, and 6 months. The nutrition intervention significantly reduced the intake of refined grains and roots (p = 0.003) and increased that of non-refined grains and roots (p = 0.008), dairy products (p < 0.0001), and seeds and nuts (at borderline, p = 0.080) at 3 months. Some, but not all, of these changes were maintained at 6 months. Performance improvements included the frailty status score (p = 0.036) and forward digit span (p = 0.004), a working memory parameter, at 3 months. Only the forward digit span remained improved (p = 0.007) at 6 months. The 3-month nutrition group activities combined with exercise sessions improved the frailty status and working memory more than exercise alone. The dietary and frailty improvements were accompanied by improved dietary intakes and advanced behavioral stages. However, the improved frailty status backslid after intervention ceased, suggesting that boosting activities are needed for maintaining the intervention effect.",include_title_abs,A_primary_fulltext,extraction_candidate,Peer-reviewed community/home/primary-care frailty RCT candidate with relevant outcome,community,nutrition,exclude_before_extraction,Review/consensus paper,nutrition_only
36528997,10.1016/j.gerinurse.2022.11.019,Efficacy of a multicomponent exercise training program intervention in community-dwelling older adults during the COVID-19 pandemic: A cluster randomized controlled trial.,2023,"Geriatric nursing (New York, N.Y.)",https://pubmed.ncbi.nlm.nih.gov/36528997/,Community/primary-care frailty RCT candidate,"The coronavirus disease 2019 (COVID-19) pandemic caused changes in lifestyle for older adults such as reduced physical activity and community participation. Community activity centers were randomly assigned to the intervention (n = 82) or control arm (n = 85). The intervention comprised one 60 min group exercise session per week in weeks 1-8 and an online home exercise program in weeks 9-16. Physical activity, physical performance, and prefrailty rates were assessed at baseline and 16 weeks. At 16 weeks, compared to the control arm, the intervention arm exhibited improved (p < 0.05) leisure-time physical activity (phi = 0.571), vigorous physical activity (phi = 0.534), and moderate-vigorous physical activity (phi = 0.344); prefrailty rates (phi = 0.179); and short physical performance battery results (η2p = 0.113). The intervention thus effectively improved physical activity levels, physical performance, and prefrailty rates in community-dwelling older adults during the COVID-19 pandemic.",include_title_abs,A_primary_fulltext,extraction_candidate,Peer-reviewed community/home/primary-care frailty RCT candidate with relevant outcome,community,multicomponent_exercise;multidomain,extract_now,High-confidence community/home/primary-care frailty RCT candidate,multidomain
37997084,10.1016/S0140-6736(23)02071-8,Enabling health and maintaining independence for older people at home (HomeHealth trial): a multicentre randomised controlled trial.,2023,"Lancet (London, England)",https://pubmed.ncbi.nlm.nih.gov/37997084/,Community/primary-care frailty RCT candidate,"NHS frailty services commonly target more severely frail older people, despite evidence suggesting frailty can be prevented or reversed when addressed at an earlier stage. HomeHealth is a new home-based, manualised voluntary sector service supporting older people with mild frailty to maintain their independence through behaviour change. Over six appointments, a trained HomeHealth worker discusses what matters to the older person and supports them to set and achieve goals around mobility, nutrition, socialising and/or psychological wellbeing. The service showed promising effects in a feasibility trial. We aimed to test the clinical and cost-effectiveness of HomeHealth for maintaining independence in older people with mild frailty compared with treatment as usual. In this single-blind multicentre randomised controlled trial, we recruited community-dwelling older people aged 65 years or older with mild frailty from 27 general practices, community groups and sheltered housing in London, Yorkshire, and Hertfordshire. Participants were randomly assigned (1:1) to receive either HomeHealth monthly for 6 months or treatment as usual (usual GP and outpatient care, no specific frailty services). Our primary outcome was independence in activities of daily living, measured by blinded outcome assessors using the modified Barthel Index, and analysed using linear mixed models, including 6-month and 12-month data and controlling for baseline Barthel score and site. The study was approved by the Social Care Research Ethics Committee, and all participants provided written or orally recorded informed consent. This study is registered with the ISRCTN registry, ISRCTN54268283. This trial took place between Jan 18, 2021, and July 4, 2023. We recruited 388 participants (mean age 81·4 years; 64% female [n=250], 94% White British/European [n=364], 2·5% Asian [n=10], 1·5% Black [n=6], 2·0% other [n=8]). We achieved high retention for 6-month follow-up (89%, 345/388), 12-month follow-up (86%, 334/388), and medical notes data (89%, 347/388). 182 (93%) of 195 participants in the intervention group completed the intervention, attending a mean of 5·6 appointments. HomeHealth had no effect on Barthel Index scores at 12 months (mean difference 0·250, 95% CI -0·932 to 1·432). At 6 months, there was a small reduction in psychological distress (-1·237, -2·127 to -0·348) and frailty (-0·124, -0·232 to -0·017), and at 12 months, we found small positive effects on wellbeing (1·449, 0·124 to 2·775) in those receiving HomeHealth. Other outcomes in analysis to date showed no significant difference. Health economic outcomes (including quality of life, capability, health services use and care needs or burden) are pending. This high-quality trial showed that HomeHealth did not maintain independence in older people with mild frailty, and had limited effects upon secondary outcomes. Future studies need to explore different ways to promote health in this population. National Institute for Health and Care Research Health Technology Assessment (NIHR HTA).",include_title_abs,A_primary_fulltext,extraction_candidate,Peer-reviewed community/home/primary-care frailty RCT candidate with relevant outcome,primary_care,nutrition;digital_home,extract_now,High-confidence community/home/primary-care frailty RCT candidate,nutrition_only
36525074,10.1519/JPT.0000000000000334,"Home-Based Health Care Interventions for People Aged 75 Years and Above With Chronic, Noninflammatory Musculoskeletal Pain: A Scoping Review.",2023,Journal of geriatric physical therapy (2001),https://pubmed.ncbi.nlm.nih.gov/36525074/,Community/primary-care frailty RCT candidate,"Chronic, noninflammatory musculoskeletal pain is common in the aged population and management can be challenging for older people due to multimorbidity, social isolation, and physical frailty. The aim of this scoping review is to summarize and discuss the evidence related to home-based health care interventions for older adults, with chronic, musculoskeletal pain. A review of the literature using 8 electronic databases (Embase, MEDLINE, CINAHL, PubMed, Cochrane Library, Physiotherapy Evidence Database [PEDro], Scopus, and Web of Science) was performed, following the PRISMA-ScR guidelines. English language published studies that assessed home-based health care intervention/s, in men and women 75 years and older, with chronic, noninflammatory musculoskeletal pain where included. Two authors independently reviewed the articles and extracted data into a preformulated chart. The database search identified 4722 studies of which 7 studies met the inclusion criteria. Six of the 7 studies were randomized controlled trials and 5 studies focused on a single-site pain. The type of home-based interventions in the included studies was physical therapy (n = 2), psychotherapy (n = 3), and multimodal therapy (combination of multiple therapies) (n = 2). Participation completion rate was more than 74% in 6 out of 7 studies. Most studies used pain and/or physical function as their primary outcome (n = 6). Music therapy showed a statistically significant reduction in visual analog scale score for pain, and there was a trend toward improvement of pain and function in the physical therapy studies. No significant differences in outcomes between intervention and control groups were observed in the multimodal studies. This review highlights the scarcity of evidence related to home-based health interventions in older people 75 years and older, living with chronic, noninflammatory musculoskeletal pain. The findings were that physical, psychotherapeutic, and multimodal interventions are usually well tolerated and can be delivered as a safe self-management option. There remains a substantial need for more high-quality research with wider range of home-based interventions and comprehensive assessment of outcomes for this age group.",include_title_abs,A_primary_fulltext,context_citation,Review/consensus; use for citation chasing only,home,digital_home,exclude_before_extraction,Review/consensus paper,digital_home_unclear_intervention
37960913,10.1007/s12603-023-1991-0,Hybrid Exercise Program Enhances Physical Fitness and Reverses Frailty in Older Adults: Insights and Predictions from Machine Learning.,2023,"The journal of nutrition, health & aging",https://pubmed.ncbi.nlm.nih.gov/37960913/,Community/primary-care frailty RCT candidate,"The declining physical condition of the older adults is a pressing issue. Wu Qin Xi exercise, despite being low-intensity, is highly effective among older adults. Inspired by its characteristics, we designed a new exercise program for frail older adults, combining strength, endurance, and Wu Qin Xi. Furthermore, we employed machine learning to predict whether frailty can be reversed in older adults after the intervention. A total of 181 community-dwelling frail older adults aged 65 years or older participated in this single-center, randomized controlled study, with 54.7% (n=99) being female. The study assessed the effectiveness of several exercise modalities in reversing frailty. The Fried's frailty criterion was used to assess the degree of frailty of the subjects. Participants were assigned a three-digit code 001-163 and randomly assigned (1:1:1) by computer to three different groups based on the study participant number: the Wu Qin Xi group (WQX), the strength exercise mixed with endurance exercise training group (SE), and the WQXSE hybrid exercise group incorporated the above two. Body composition and frailty-related physical fitness factors were measured before and after a 24-week intervention. The measurements included Body height, Body mass, Timed Up and Go Test (TUGT), grip strength assessment (GS), 6min walk test (6 min WT), and 10 m maximum walk speed (10 m MWS). Data were analyzed using repeated measures ANOVA to determine group and time interaction effects and machine learning models were used to predict program effectiveness. A total of 163 participants completed the study, with 53.9% (n=88) of them being female. The two items, 10 m maximum walking speed (10 m MWS) and grip strength, were significantly affected by the interaction of group and time. Compared to the other two groups, the WQXSE group showed the most improvement in the item 10 m MWS. In addition, following 24 weeks of training, 68 (41.7%) of the initially frail older adults had reversed their frailty status. Among them, 19 (36.5%) were in the WQX group, 24 (44.4%) were in the WQXSE group, and 25 (43.9%) were in the SE group. The stacking model exhibited superior performance when compared to other algorithms. A hybrid exercise regimen comprising the Wu Qin Xi routine and exercises focused on both strength and endurance holds the potential to yield greater improvements in the physical fitness of older adults, as well as reducing frailty. Leveraging a stacking model, it is possible to forecast the likelihood of older adults successfully reversing their frailty status following participation in a prevention exercise program.",include_title_abs,A_primary_fulltext,extraction_candidate,Peer-reviewed community/home/primary-care frailty RCT candidate with relevant outcome,community,resistance;aerobic_walking;nutrition,extract_now,High-confidence community/home/primary-care frailty RCT candidate,exercise_plus_nutrition
37357328,10.1007/s12603-023-1928-7,"Impact of Exercise and Cognitive Stimulation Therapy on Physical Function, Cognition and Muscle Mass in Pre-Frail Older Adults in the Primary Care Setting: A Cluster Randomized Controlled Trial.",2023,"The journal of nutrition, health & aging",https://pubmed.ncbi.nlm.nih.gov/37357328/,Community/primary-care frailty RCT candidate,"Multicomponent exercise program have shown to improve function and cognition in older adults but studies on pre-frail older adults in the primary care setting are limited. This study aimed i) to evaluate impact of 6 months exercise (Ex) versus complementary effect of 3 months of cognitive stimulation therapy (CST) to 6 months of Ex (Ex+CST) on physical function, muscle mass and cognition versus control group at 3, 6 and 12 months ii) inflammatory biomarkers such as Interleukin-6 (IL-6) and Tumor Necrosis Factor Alpha (TNF-α). Cluster randomised control trial. Pre-frail older adults ≥ 65 years attending primary care clinic. Two intervention groups i) Ex 6 months ii) CST 3 months with Ex 6 months. At 0, 3, 6 and 12 months, questionnaires (on demographics, physical function, cognition, and depression) were administered and physical function assessment (gait speed, short physical performance battery (SPPB) test, handgrip strength, five times sit-to-stand (5x-STS)) was conducted. Muscle mass and its surrogates such as phase angle and body cell mass were measured using bioelectrical impedance analysis machine. Inflammatory biomarkers were measured at 0 and 3 months. Data from 190 participants was analysed at 3 months (111 control, 37 Ex and 41 Ex+CST). At 3 months, significant improvement in cognition was seen only in the Ex+CST group whereas improvements in depression, gait speed, SPPB and 5x-STS were seen in both the Ex and Ex+CST groups. At 6 months, the Ex+CST group improved in cognition and depression whereas improvement in frailty and muscle mass indices were seen in both the interventions groups. At 12 months, both the interventions groups had better perceived health, gait speed and less decline in muscle mass compared with control groups. Both the Ex and Ex+CST had significant association with TNF-α at 3 months (β -2.71 (95% CI -4.80 - -0.62); p = 0.012 and β -1.74 (95% CI -3.43 - -0.06); p = 0.043 respectively). Combined Ex+CST had significant improvement in cognition whereas the intervention groups improved in depression, physical function, muscle mass, frailty, perceived health and TNF-α levels. With growing evidence of the benefits of multicomponent interventions at primary care level, incorporating it into mainstream care with action plans on long-term sustainability and scalability should be a priority for every country.",include_title_abs,A_primary_fulltext,extraction_candidate,Peer-reviewed community/home/primary-care frailty RCT candidate with relevant outcome,primary_care,resistance;multicomponent_exercise;nutrition,extract_now,High-confidence community/home/primary-care frailty RCT candidate,exercise_plus_nutrition
38111605,10.3389/fnut.2023.1284497,Medium-chain triglycerides (8:0 and 10:0) increase muscle mass and function in frail older adults: a combined data analysis of clinical trials.,2023,Frontiers in nutrition,https://pubmed.ncbi.nlm.nih.gov/38111605/,Community/primary-care frailty RCT candidate,"Three clinical trials have examined the chronic effects of medium-chain triglycerides (MCTs) on muscle mass and function in frail older adults (mean age 85 years old). However, significant increases in muscle mass and some muscle function relative to long-chain triglycerides (LCTs) have yet to be shown, possibly due to the small number of participants in each trial. We re-analyzed these previous clinical trials to clarify whether MCT supplementation can increase muscle mass and function. After adding post hoc tests to the original report, we compared changes in measurement between the MCT and LCT groups in the first 2 trials and conducted a combined data analysis. In a combined data analysis, changes from baseline in measurements at the 3 months intervention in the MCTs- and LCTs-containing groups were assessed by analysis of covariance adjusted for baseline values of each measurement, age, sex, BMI, allocation to trial, habitual intakes in energy, protein, leucine, octanoic acid, decanoic acid, and vitamin D during the baseline period. The Mann-Whitney U test was used to analyze data on right and left knee extension times. MCT supplementation for 3 months increased muscle function relative to LCT supplementation with and without an L-leucine (1.2 g) and vitamin D (cholecalciferol, 20 μg)-enriched supplement. In a combined data analysis (n = 29 in MCTs, n = 27 in LCTs), relative to supplementation with 6 g LCTs/day, supplementation with 6 g MCTs/day at dinner for 3 months significantly increased body weight (adjusted mean change from baseline: MCTs 1.2 vs. LCTs 0.2 kg, p = 0.023), right arm muscle area (MCTs 1.4 vs. LCTs-0.7 cm2, p = 0.002), left calf circumference (p = 0.015), right-hand grip strength (MCTs 1.6 vs. LCTs 0.3 kg, p = 0.017), right knee extension time (p = 0.021), left knee extension time (p = 0.034), walking speed (p = 0.002), and number of iterations in leg open and close test (p < 0.001) and decreased right triceps skinfold thickness (p = 0.016). In frail older adults, supplementation for 3 months with a low dose (6 g/day) of MCTs (C8:0 and C10:0) increased muscle mass and function. These findings indicate the potential for the practical use of MCTs in daily life in treating sarcopenia.",include_title_abs,A_primary_fulltext,extraction_candidate,Peer-reviewed community/home/primary-care frailty RCT candidate with relevant outcome,unclear,resistance;aerobic_walking;nutrition,extract_now,High-confidence community/home/primary-care frailty RCT candidate,exercise_plus_nutrition
37325959,10.1093/gerona/glad024,Optimizing the Design of Clinical Trials to Evaluate the Efficacy of Function-Promoting Therapies.,2023,"The journals of gerontology. Series A, Biological sciences and medical sciences",https://pubmed.ncbi.nlm.nih.gov/37325959/,Community/primary-care frailty RCT candidate,"Several candidate molecules that may have application in treating physical limitations associated with aging and chronic diseases are in development. Challenges in the framing of indications, eligibility criteria, and endpoints and the lack of regulatory guidance have hindered the development of function-promoting therapies. Experts from academia, pharmaceutical industry, National Institutes of Health (NIH), and Food and Drug Administration (FDA) discussed optimization of trial design including the framing of indications, eligibility criteria, and endpoints. Mobility disability associated with aging and chronic diseases is an attractive indication because it is recognized by geriatricians as a common condition associated with adverse outcomes, and it can be ascertained reliably. Other conditions associated with functional limitation in older adults include hospitalization for acute illnesses, cancer cachexia, and fall injuries. Efforts are underway to harmonize definitions of sarcopenia and frailty. Eligibility criteria should reconcile the goals of selecting participants with the condition and ensuring generalizability and ease of recruitment. An accurate measure of muscle mass (eg, D3 creatine dilution) could be a good biomarker in early-phase trials. Performance-based and patient-reported measures of physical function are needed to demonstrate whether treatment improves how a person lives, functions, or feels. Multicomponent functional training that integrates training in balance, stability, strength, and functional tasks with cognitive and behavioral strategies may be needed to translate drug-induced muscle mass gains into functional improvements. Collaborations among academic investigators, NIH, FDA, pharmaceutical industry, patients, and professional societies are needed to conduct well-designed trials of function-promoting pharmacological agents with and without multicomponent functional training.",include_title_abs,A_primary_fulltext,secondary_disease_specific,Disease-rehabilitation population; secondary/sensitivity only,unclear,resistance;balance;multicomponent_exercise;digital_home,exclude_before_extraction,Protocol/design/baseline paper,multicomponent_exercise
36266559,10.1007/s11357-022-00674-5,Pre-frail older adults show improved cognition with StayFitLonger computerized home-based training: a randomized controlled trial.,2023,GeroScience,https://pubmed.ncbi.nlm.nih.gov/36266559/,Community/primary-care frailty RCT candidate,"Multidomain interventions have shown tremendous potential for improving cognition in older adults. It is unclear if multidomain interventions can be delivered remotely and whether remote intervention is beneficial for older adults who are vulnerable or at risk of cognitive decline. In a 26-week multi-site, home-based, double-blind, randomized controlled trial, 120 cognitively healthy older adults (75 robust, 45 pre-frail; age range = 60-94) recruited from Switzerland, Canada, and Belgium were randomized to receive either the StayFitLonger (SFL) computerized multidomain training program or an active control intervention. Delivered on tablets, the SFL intervention combined adapted physical exercises (strength, balance, and mobility), cognitive training (divided attention, problem solving, and memory), opportunities for social and contributive interactions, and psychoeducation. The active control intervention provided basic mobilization exercises and access to video games. Cognitive outcomes were global cognition (Z-scores of attention, verbal fluency, and episodic memory for nondemented older adults; ZAVEN), memory, executive function, and processing speed. Linear mixed model analyses indicated improved performance on the ZAVEN global cognition score in the SFL group but not in the active control group. Stratified analyses by frailty status revealed improved ZAVEN global cognition and processing speed scores following SFL in the pre-frail group but not in the robust group. Overall, the study indicates that a computerized program providing a multidomain intervention at home can improve cognition in older adults. Importantly, pre-frail individuals, who are at higher risk of cognitive decline, seem to benefit more from the intervention. Trial registration: ClinicalTrials.gov, NCT037519 Registered on January 22, 2020-Retrospectively registered, https://clinicaltrials.gov/ct2/show/NCT04237519 .",include_title_abs,A_primary_fulltext,extraction_candidate,Peer-reviewed community/home/primary-care frailty RCT candidate with relevant outcome,home,resistance;balance;digital_home;multidomain,exclude_before_extraction,Healthy older-adult trial rather than prefrail/frail population,multidomain
36636457,10.2147/CIA.S391700,Protein-Added Healthy Lunch-Boxes Combined with Exercise for Improving Physical Fitness and Vascular Function in Pre-Frail Older Women: A Community-Based Randomized Controlled Trial.,2023,Clinical interventions in aging,https://pubmed.ncbi.nlm.nih.gov/36636457/,Community/primary-care frailty RCT candidate,"Preventive or therapeutic interventions are key to maintaining independence in pre-frail and/or frail elderly. Therefore, we investigated whether multi-component interventions were effective in physical fitness levels and vascular functions in pre-frail older women. Sixty participants aged ≥ 65 years (81.5 ± 4.3 yrs) were divided equally into control group, diet group, aerobic exercise and diet group, and aerobic exercise with electromyostimulation and diet group. For 8 weeks, the participants received a set of protein-added meals twice daily on weekdays. The aerobic exercise groups performed 45 mins of stepping exercise at 50-70% of the maximal heart rate for 3 days/week, and the aerobic exercise with electromyostimulation was applied on each limb in 8 weeks. Blood pressure, physical fitness, cardiovascular biomarkers, pulse wave velocity, and flow-mediated dilation were measured before and after the 8-week. There were no group differences in age, height, weight, body mass index, free fat mass, and %body fat at baseline. The right grip strength significantly increased in the diet group, aerobic exercise and diet group, and aerobic exercise with electromyostimulation and diet group (p < 0.05). Short physical performance battery, 6-min walking distance, and flow-mediated dilation significantly increased in the aerobic exercise and diet group and aerobic exercise with electromyostimulation and diet group (p < 0.05). Blood pressure and pulse wave velocity did not differ between interventions. High-density lipoprotein-cholesterol levels significantly increased after 8 weeks in all intervention groups (p < 0.05). There were no significant differences in glucose, HbA1c, total cholesterol, low-density lipoprotein-cholesterol, triglyceride, insulin, Homeostatic Model Assessment for Insulin Resistance, nitric oxide, and C-reactive protein levels. These results show that multi-component interventions appear to improve physical fitness and vascular function in pre-frail older women. Thus, possible strategies to prevent early frailty including proper nutrition and exercise may be needed.",include_title_abs,A_primary_fulltext,extraction_candidate,Peer-reviewed community/home/primary-care frailty RCT candidate with relevant outcome,community,resistance;aerobic_walking;multicomponent_exercise;nutrition;digital_home,extract_now,High-confidence community/home/primary-care frailty RCT candidate,exercise_plus_nutrition
37808397,10.1002/jbm4.10801,"The Association of Tryptophan and Its Metabolites With Incident Hip Fractures, Mortality, and Prevalent Frailty in Older Adults: The Cardiovascular Health Study.",2023,JBMR plus,https://pubmed.ncbi.nlm.nih.gov/37808397/,Community/primary-care frailty RCT candidate,"Amino acids are the building blocks of proteins, and sufficient protein intake is important for skeletal health. We utilized stored serum from the Cardiovascular Health Study in 1992-1993 to examine the relationship between levels of the essential amino acid tryptophan (trp) and its oxidized and nonoxidized metabolites to risk for incident hip fractures and mortality over 12 years of follow-up. We included 131 persons who sustained a hip fracture during this time period and 131 without a hip fracture over these same 12 years of follow-up; 58% female and 95% White. Weighted multivariable Cox hazards models were used to estimate the hazard ratios (HR) and 95% confidence intervals (CI) of incident hip fracture associated with a one standard deviation (SD) higher trp or its metabolites exposure. Relative risk regression was used to evaluate the cross-sectional association of trp and its metabolites with frailty. Higher serum levels of trp were significantly associated with lower risk of incident hip fractures (HR = 0.75 per SD of trp (95% CI 0.57-0.99) but were not significantly associated with mortality or frailty status by Freid's frailty index. There were no statistically significant associations between any of the oxidized or nonoxidized products of trp with incident hip fractures (p ≥ 0.64), mortality (p ≥ 0.20), or cross-sectional frailty status (p ≥ 0.13) after multiple testing adjustment. Randomized clinical trials examining whether increasing trp intake is beneficial for osteoporosis are needed. © 2023 The Authors. JBMR Plus published by Wiley Periodicals LLC on behalf of American Society for Bone and Mineral Research. This article has been contributed to by U.S. Government employees and their work is in the public domain in the USA.",include_title_abs,A_primary_fulltext,secondary_setting,Hospital/post-acute/residential setting; not primary Indian primary-care scope,hospital_or_postacute,nutrition,exclude_before_extraction,Non-randomized observational design,nutrition_only
37049448,10.3390/nu15071607,The Impact of Nutrition and Oral Function Exercise on among Community-Dwelling Older People.,2023,Nutrients,https://pubmed.ncbi.nlm.nih.gov/37049448/,Community/primary-care frailty RCT candidate,"Oral function (OF) decline in older people is associated with nutritional deficiencies, which increases frailty risk and the need for nursing care. We investigated whether the delivery of an oral function improvement program on a tablet device was as effective as delivery through a paper-based program. We also investigated the association between tongue pressure (TP) improvement and nutritional status at the baseline. The participants involved in the study were 26 community-dwelling older people with low TP, <30 kPa, aged ≥65 years, who were enrolled in a randomized controlled trial for a month in Itoshima City, Fukuoka, Japan. Oral and physical functions and body composition were measured at the baseline and at follow-up. Two-way analysis of variance revealed that body mass index (p = 0.004) increased, and maximum masticatory performance (p = 0.010), maximum TP (p = 0.035), and oral diadochokinesis /pa/ and /ka/ (p = 0.009 and 0.017, respectively) improved in a month. Participants with higher TP improvement showed an increased intake of animal proteins at the baseline: fish (p = 0.022), meat (p = 0.029), and egg (p = 0.009). OF exercises for improving TP were associated with higher animal protein intake at the baseline. This study has been registered with the UMIN Clinical Trials Registry (UMIN 000050292).",include_title_abs,A_primary_fulltext,extraction_candidate,Peer-reviewed community/home/primary-care frailty RCT candidate with relevant outcome,community,nutrition,extract_now,High-confidence community/home/primary-care frailty RCT candidate,nutrition_only
38066459,10.1186/s12877-023-04552-3,The reliability and suitability of strength assessments in frail and pre-frail older adults: recommendations for strength testing in older populations.,2023,BMC geriatrics,https://pubmed.ncbi.nlm.nih.gov/38066459/,Implementation-relevant frailty RCT candidate,"Lifelong strength is fundamental to physical function, health, and quality of life. Reliable appropriate strength assessment measures for older adults play an important role in effective evaluation of baseline ability and exercise prescription to counter disease and disuse. This study aimed to investigate the within-session reliability of maximal isometric knee extension and flexion, hip abduction and adduction, and handgrip strength measures in frail and pre-frail older adults. The study was conducted at a residential care home in Birmingham, UK. All care home residents aged ≥ 65 years; pre-frail or frail according to the Fried Frailty phenotype criteria; able to speak and read English; not currently involved in any other clinical trial; without severe sensory impairments; and with a predicted life expectancy greater than the trial length were eligible. Maximal isometric lower limb testing was performed using specialised resistance training equipment and a portable measurement device, and grip strength was assessed using a portable dynamometer. All eligible participants attended a single testing session and performed three trials per measure. Peak force measures were obtained for analysis. Within-session reliability for each measure was calculated from repeated-measures analysis of variance, intraclass correlation coefficients (ICC), and coefficients of variation (CV) with 95% confidence intervals. Eleven frail and eleven pre-frail older adults participated in the study. Within-session absolute and relative measures were found to be reliable with the highest overall repeatability indicated between trial 2 and trial 3 for knee extension, hip abduction, and handgrip (CV ≤ 4.65%, ICC ≥ 0.96) with variation evident across all measures, except knee extension, from trial 1 to 2. Overall, maximal isometric strength in frail and pre-frail older adults with no previous testing experience can be measured with good to high reliability within their first testing session. An initial two familiarisation trials followed by two measurement trials is recommended to achieve the highest level of overall repeatability. The trial was registered with ClinicalTrials.gov: NCT03141879 on 05/05/2017.",include_title_abs,A_primary_fulltext,context_citation,Review/consensus; use for citation chasing only,residential_or_nursing_home,resistance;digital_home,exclude_before_extraction,Review/consensus paper,exercise_only
36259579,10.1007/s12603-022-1843-3,Clinical Efficacy of Multidomain Interventions among Multimorbid Older People Stratified by the Status of Physio-Cognitive Declines: A Secondary Analysis from the Randomized Controlled Trial for Healthy Aging.,2022,"The journal of nutrition, health & aging",https://pubmed.ncbi.nlm.nih.gov/36259579/,Community/primary-care frailty RCT candidate,"To investigate the clinical efficacy of integrated multidomain intervention among community-living older adults with multimorbidity and physio-cognitive decline syndrome (PCDS). This is the secondary analysis from a randomized controlled trial that data of 340 participants with Montreal Cognitive Assessment (MoCA) scores≥18 were excerpted for analysis. Sixteen 2-hour sessions per year were provided for participants, including physical exercise, cognitive training, dietician education and individualized integrated care for multimorbidity. Handgrip strength, 6-m walking speed, MoCA (total score and sub-domains), Cardiovascular Health Study (CHS) frailty score, quality of life, and serum biochemistry biomarkers. Overall, 96/340 (28.2%) of all participants have PCDS, and the integrated multidomain intervention significantly improved global cognitive performance (overall difference 1.1, 95% CI 0.4 - 1.8, p=0.003), and domains of concentration (overall difference 0.3, 95%CI 0.1 - 0.5, p=0.011), language (overall difference 0.2, 95%CI 0.1 - 0.3, p=0.006), abstract thinking (overall difference 0.1, 95%CI 0.0 - 0.3, p=0.027), and orientation(overall difference 0.2, 95%CI 0.0 - 0.4, p=0.013) across all timepoints among those with PCDS. Besides, interventions also significantly reduced frailty score among those with cognitive impairment no dementia (overall difference -0.3, 95%CI -0.5 - -0.1, p=0.011) and mobility impairment no disability (overall difference -0.3, 95%CI -0.4 - -0.1, p=0.004). and improved quality of life at domain of physical role limitation among those with PCDS (overall difference 5.3, 95%CI 0.3 - 10.4, p=0.038). The integrated multidomain lifestyle intervention plus multimorbidity management significantly improved cognitive function, and enhanced quality of life among older adults with multimorbidity and PCDS in the communities.",include_title_abs,A_primary_fulltext,secondary_disease_specific,Disease-rehabilitation population; secondary/sensitivity only,community,resistance;aerobic_walking;nutrition;multidomain,exclude_before_extraction,"Disease-specific, post-acute or hospital rehabilitation population",multidomain_exercise_nutrition
36031320,10.1016/j.identj.2022.06.010,Decline in Oral Function and Its Management.,2022,International dental journal,https://pubmed.ncbi.nlm.nih.gov/36031320/,Community/primary-care frailty RCT candidate,"With the renewed focus on eating abilities in the ageing population, new concepts referred to as oral frailty and oral hypofunction have been introduced in Japan. We aimed to provide an overview of (i) the evaluation and management of oral function in ageing populations according to oral frailty and oral hypofunction and (ii) recent scientific evidence of the associations of poor oral function with physical function and nutritional status. Both oral frailty and oral hypofunction are multidimensional concepts that describe poor oral function. In epidemiologic and/or clinical settings, they are defined as the accumulation of factors leading to poor oral status. Oral hypofunction is a core component of oral frailty. To date, there are no systematic strategies for addressing oral frailty or oral hypofunction. Nevertheless, recent randomised controlled trials revealed that several components of oral function can be improved through appropriate training. On the other hand, multiple observational studies published in recent years have demonstrated that oral frailty and oral hypofunction are associated with physical function (gait performance, frailty, and sarcopenia) and nutritional status (low protein intake, poor dietary diversity, and malnutrition) in community-dwelling older adults. Moreover, studies have reported a significant association between insufficient participation in social networks and poor oral function. However, most of the studies conducted to date have utilised a cross-sectional design, which does not permit assessment of the temporal association between comprehensive oral function and general health. Maintaining good oral function may be key to longevity. However, evidence is limited thus far, and comprehensive oral function has not been studied in detail; thus, additional high-quality studies are needed.",include_title_abs,A_primary_fulltext,extraction_candidate,Peer-reviewed community/home/primary-care frailty RCT candidate with relevant outcome,community,nutrition;digital_home,exclude_before_extraction,Non-randomized observational design,nutrition_only
35677205,10.3389/fnagi.2022.845825,"Does Cognitive Training Improve Mobility, Enhance Cognition, and Promote Neural Activation?",2022,Frontiers in aging neuroscience,https://pubmed.ncbi.nlm.nih.gov/35677205/,Community/primary-care frailty RCT candidate,"A close inter-relationship between mobility and cognition is reported in older adults, with improvements in gait performance noticeable after cognitive remediation in frail individuals. The aim of this study was to evaluate the efficacy of computerized cognitive training (CCT) on mobility in healthy, independently living older adults, and to determine whether CCT is associated with changes in neural activation for mobility-related brain processes. Using a randomized single-blind control design, sixty-three non-demented adults age 60 y and older (mean age = 67 y; 76% female, mean Montreal Cognitive Assessment [MoCA] score = 27) were recruited from a local Senior Activity Center. Participants were randomly assigned to either a 2-month CCT program (8 weeks, 3x/week, 40 min/session) or a wait-list control group. Primary outcome was self-selected gait speed during single- and dual-task walking. Secondary outcome was executive function on Trail Making Test (TMT), Part B. Neural activity was assessed via electroencephalography/event-related potentials (EEG/ERPs) targeting lower-limb performance. Results from a linear mixed effect model, adjusted for baseline MoCA score, age, gender, and study completion revealed that compared to controls, CCT improved gait speed during the dual-task (p = 0.008) but not during the single-task walking condition (p = 0.057). CCT also improved executive function (p = 0.024). Further, shorter foot reaction time responses (p = 0.019) were found with enhanced neural activation over sensorimotor areas, with shorter ERP latencies during the P2 component (p = 0.008) and enhanced motor responses (p = 0.009) also evident in the CCT group after the intervention. Overall, the electrophysiological findings suggest possible neural adaptations that could explain improvements in mobility and executive functions associated with CCT in healthy older adults.",include_title_abs,A_primary_fulltext,extraction_candidate,Peer-reviewed community/home/primary-care frailty RCT candidate with relevant outcome,unclear,aerobic_walking,exclude_before_extraction,Healthy older-adult trial rather than prefrail/frail population,exercise_only
36098968,10.1001/jamanetworkopen.2022.31206,Effect of Vitamin D3 and Omega-3 Fatty Acid Supplementation on Risk of Frailty: An Ancillary Study of a Randomized Clinical Trial.,2022,JAMA network open,https://pubmed.ncbi.nlm.nih.gov/36098968/,Community/primary-care frailty RCT candidate,"Preventive strategies for frailty are needed. Whether supplements with anti-inflammatory properties, such as vitamin D3 or marine omega-3 fatty acids, are useful for frailty prevention is unknown. To test the effects of vitamin D3 and omega-3 supplements on change in frailty in older individuals. This study was conducted in 2021, as a prespecified ancillary to the Vitamin D and Omega-3 (VITAL) trial, a 2 × 2 factorial randomized clinical trial. A total of 25 871 individuals (men aged ≥50 years and women aged ≥55 years), without cancer or cardiovascular disease and with data on frailty, were recruited across all 50 US states from November 2011 to March 2014 and followed up through December 31, 2017. Data analysis for the ancillary study was conducted from December 1, 2019, to March 30, 2022. Vitamin D3, 2000 IU/d, and marine omega-3 fatty acids, 1 g/d. Frailty was measured using a validated 36-item frailty index that includes measures of function, cognition, mood, and comorbidities from annual questionnaires. Change in frailty score from baseline to year 5, according to randomization, using an intention-to-treat protocol, was assessed using repeated measures. Cox proportional hazards regression models assessed incident frailty. In subgroup analysis, an alternative frailty definition, the physical phenotype, was used as a sensitivity analysis. Of 25 871 VITAL trial participants randomized, 25 057 had sufficient data to calculate a frailty index. Baseline mean (SD) age was 67.2 (7.0) years, and 12 698 (50.7.%) were women. Mean (SD) frailty score was 0.109 (0.090) (range, 0.00-0.685), and 3174 individuals (12.7%) were frail. During a median 5-year follow-up, mean (SD) frailty scores increased to 0.121 (0.099) (range, 0.00-0.792). Neither vitamin D3 nor omega-3 fatty acid supplementation affected mean frailty scores over time (mean difference at year 5: vitamin D3, -0.0002; P = .85; omega-3 fatty acid, -0.0001; P = .90) or rate of change in mean frailty score (interaction with time: vitamin D3; P = .98; omega-3 fatty acid; P = .13) Incident frailty remained similar over time (interaction with time: vitamin D3, P = .90; omega-3 fatty acid; P = .32). Results were unchanged using the frailty physical phenotype. In this ancillary study of the VITAL randomized clinical trial, treatment with vitamin D3 or omega-3 fatty acid supplementation, compared with placebo, did not affect the rate of frailty change or incidence over time. These results do not support routine use of either vitamin D3 or omega-3 fatty acid supplementation for frailty prevention in generally healthy community-dwelling older adults not selected for vitamin D3 deficiency. ClinicalTrials.gov Identifier: NCT01169259.",include_title_abs,A_primary_fulltext,extraction_candidate,Peer-reviewed community/home/primary-care frailty RCT candidate with relevant outcome,community,nutrition,exclude_before_extraction,Protocol/design/baseline paper,nutrition_only
36102762,10.1016/S2666-7568(22)00124-6,Effectiveness of a complex intervention of group-based nutrition and physical activity to prevent frailty in pre-frail older adults (SUPER): a randomised controlled trial.,2022,The lancet. Healthy longevity,https://pubmed.ncbi.nlm.nih.gov/36102762/,Community/primary-care frailty RCT candidate,"The increasing prevalence of frailty with age is becoming a public health priority in countries with ageing populations. Pre-frailty presents a window of opportunity to prevent the development of frailty in community-dwelling older adults. This study aimed to examine the effectiveness of a complex intervention that combined a nutrition-based intervention and a physical activity intervention, along with the effectiveness of each intervention individually, to reduce physical frailty in pre-frail older adults over 2 years. In this single-blind, 2 x 2 factorial, randomised, controlled trial, we recruited pre-frail community-dwelling older adults in Aotearoa New Zealand via mail through general medical practices. To be eligible, participants had to be pre-frail according to self-reported FRAIL scores of 1 or 2, aged 75 years or older (or 60 years or older for Māori and Pacific Peoples), not terminally ill or with advanced dementia as judged by a general practitioner, able to stand, medically safe to participate in low-intensity exercise, and able to use kitchen utensils safely. Participants were randomly allocated to receive an 8-week Senior Chef programme (SC group), a 10-week Steady As You Go programme (SAYGO group), a 10-week combined SC and SAYGO intervention (combined group), or a 10-week social programme (control group), using computer-generated block randomisation administered through an electronic data capture system by local study coordinators. Assessors were masked to group allocation for all assessments. SC is a group-based nutrition education and cooking class programme (3 h weekly), SAYGO is a group-based strength and balance exercise programme (1 h weekly), and the social control programme was a seated, group socialising activity (once a week). Masked assessors ascertained Fried frailty scores at baseline, end of intervention, and at 6, 12, and 24 months after the programme. The primary outcome was change in Fried frailty score at 2 years. Intention-to-treat analyses were completed for all randomised participants, and all participants who had a high (≥75%) adherence were analysed per protocol. This study is registered at ANZCTR, ACTRN12614000827639. Between May 12, 2016 and April 9, 2018, we assessed 2678 older adults for eligibility, of whom 468 (17%) consented and completed baseline assessment, with a mean age of 80·3 years (SD 5·1) and a mean Fried score of 1·9 (1·2); 59% were women. We randomly allocated these participants into the four groups: 117 in the SC group, 118 in the SAYGO group, 118 in the combined group, and 115 in the control group; 318 participants attended the 24-month follow-up: 89 in the SC group, 78 in the SAYGO group, 73 in the combined group, and 78 in the control group. At the 24-month follow-up, there were no differences in mean Fried scores between the intervention groups and the control group. No adverse events were reported. The study did not find that the combined SC and SAYGO programme was effective in reducing frailty in pre-frail older adults. Although some short-term benefits were observed in each individual programme, there was no clear evidence of long-term impact. Further research is needed to evaluate combinations of group-based programmes for community-dwelling older adults to optimise their physical function. Health Research Council New Zealand and Ageing Well Challenge (Ministry of Business Innovation and Employment).",include_title_abs,A_primary_fulltext,extraction_candidate,Peer-reviewed community/home/primary-care frailty RCT candidate with relevant outcome,community,resistance;balance;nutrition,exclude_before_extraction,Protocol/design/baseline paper,exercise_plus_nutrition
35098980,10.14283/jpad.2021.40,Effects of Mindfulness-Based Tai Chi Chuan on Physical Performance and Cognitive Function among Cognitive Frailty Older Adults: A Six-Month Follow-Up of a Randomized Controlled Trial.,2022,The journal of prevention of Alzheimer's disease,https://pubmed.ncbi.nlm.nih.gov/35098980/,Community/primary-care frailty RCT candidate,"To assess the effectiveness of a mindfulness-based Tai Chi Chuan on physical performance and cognitive function among cognitive frailty older adults. A single-blind,three-arm randomized controlled trial. Three communities in Daqing, China. The study sample comprised 93 men and women aged 65 years or older who were able to walk more than 10 m without helping tools, scored 0.5 on Clinical Dementia Rating (CDR) and absence of concurrent dementia, identified pre-frailty (scored 1-2 on Fried Frailty Criteria) and frailty older adults (scored 3-5 on Fried Frailty Criteria). Subjects were randomly allocated to three groups: Group1, which received mindfulness intervention (formal and informal mindfulness practices); Group 2, which received Tai-Chi Chuan intervention; Group 3, which received MTCC intervention. The primary outcomes was cognitive frailty rate(measured by Fried Frailty Criteria and Clinical Dementia Rating-CDR) , the secondary outcome were cognitive function (measured by Min-Mental State Examination-MMES) and physical level (measured by Short physical performance battery- SPPB, Timed up and Go test-TUG and the 30-second Chair test). They were all assessed at Time 1-baseline, Time 2-after the end of 6-month intervention and the follow up (Time 3-half year after the end of 6-month intervention). The baseline characteristics did not differ among the groups.Improvements in the cognitive function (MMES), physical performance (SPPB, TUG, 30-second Chair test) were significantly difference between time-group interaction (p<.05). The rate of CF was significantly different among groups at 6-month follow-up period (χ2=6.37, p<.05). A lower prevalence of frailty and better cognitive function and physical performance were found in the Group 3 compared with other two groups at the follow-up period (p<.05). MTCC seems to be effectively reverse CF, improving the cognitive and physical function among older adults, suggesting that MTCC is a preferably intervention option in community older adults with cognitive frailty.",include_title_abs,A_primary_fulltext,secondary_disease_specific,Disease-rehabilitation population; secondary/sensitivity only,community,mind_body,exclude_before_extraction,Protocol/design/baseline paper,mind_body
35150086,10.1002/jcsm.12925,"Effects of Vivifrail multicomponent intervention on functional capacity: a multicentre, randomized controlled trial.",2022,"Journal of cachexia, sarcopenia and muscle",https://pubmed.ncbi.nlm.nih.gov/35150086/,Community/primary-care frailty RCT candidate,"Physical exercise is an effective strategy for preserving functional capacity and improving the symptoms of frailty in older adults. In addition to functional gains, exercise is considered to be a cornerstone for enhancing cognitive function in frail older adults with cognitive impairment and dementia. We assessed the effects of the Vivifrail exercise intervention for functional capacity, cognition, and well-being status in community-dwelling older adults. In a multicentre randomized controlled trial conducted in three tertiary hospitals in Spain, a total of 188 older patients with mild cognitive impairment or mild dementia (aged >75 years) were randomly assigned to an exercise intervention (n = 88) or a usual-care, control (n = 100) group. The intervention was based on the Vivifrail tailored multicomponent exercise programme, which included resistance, balance, flexibility (3 days/week), and gait-retraining exercises (5 days/week) and was performed for three consecutive months (http://vivifrail.com). The usual-care group received habitual outpatient care. The main endpoint was change in functional capacity from baseline to 1 and 3 months, assessed with the Short Physical Performance Battery (SPPB). Secondary endpoints were changes in cognitive function and handgrip strength after 1 and 3 months, and well-being status, falls, hospital admission rate, visits to the emergency department, and mortality after 3 months. The Vivifrail exercise programme provided significant benefits in functional capacity over usual-care. The mean adherence to the exercise sessions was 79% in the first month and 68% in the following 2 months. The intervention group showed a mean increase (over the control group) of 0.86 points on the SPPB scale (95% confidence interval [CI] 0.32, 1.41 points; P < 0.01) after 1 month of intervention and 1.40 points (95% CI 0.82, 1.98 points; P < 0.001) after 3 months. Participants in the usual-care group showed no significant benefit in functional capacity (mean change of -0.17 points [95% CI -0.54, 0.19 points] after 1 month and -0.33 points [95% CI -0.70, 0.04 points] after 3 months), whereas the exercise intervention reversed this trend (0.69 points [95% CI 0.29, 1.09 points] after 1 month and 1.07 points [95% CI 0.63, 1.51 points] after 3 months). Exercise group also obtained significant benefits in cognitive function, muscle function, and depression after 3 months over control group (P < 0.05). No between-group differences were obtained in other secondary endpoints (P > 0.05). The Vivifrail exercise training programme is an effective and safe therapy for improving functional capacity in community-dwelling frail/prefrail older patients with mild cognitive impairment or mild dementia and also seems to have beneficial effect on cognition, muscle function, and mood status.",include_title_abs,A_primary_fulltext,extraction_candidate,Peer-reviewed community/home/primary-care frailty RCT candidate with relevant outcome,community,resistance;balance;multicomponent_exercise,exclude_before_extraction,"Disease-specific, post-acute or hospital rehabilitation population",multicomponent_exercise
36580558,10.1093/ageing/afac303,Effects of a 12-week Vivifrail exercise program on intrinsic capacity among frail cognitively impaired community-dwelling older adults: secondary analysis of a multicentre randomised clinical trial.,2022,Age and ageing,https://pubmed.ncbi.nlm.nih.gov/36580558/,Community/primary-care frailty RCT candidate,"The World Health Organisation recently defined the construct of intrinsic capacity (IC), a function-based marker of older adult's health encompassing all mental and physical capacities of the individual. Multicomponent physical exercise (MCE) is a potential intervention capable to maintain/increase IC at older age; however, evidence is scarce on the effects of MCE on IC in cognitively impaired pre-frail/frail older adults. Secondary analyses of a randomised clinical trial. One hundred and eighty-eight older outpatients (age = 84.06 ± 4.77, 70.2% women) presenting with pre-frailty/frailty (according to Fried Criteria) and mild cognitive impairment (MCI)/mild dementia were recruited in the Geriatric clinics of three tertiary hospitals in Spain. Subjects were randomised to participate in the 12-week home-based individualised Vivifrail MCE or usual care. An IC index was created based on the z-score of the locomotion (Short Physical Performance Battery), cognitive (Montreal Cognitive Assessment), psychology (15-item Geriatric Depression Scale Yesavage) and vitality (handgrip strength) domains. After the 3-month intervention, linear mixed models showed significant between-group differences in the evolution of the IC composite score (β=0.48; 95% confidence interval [CI] = 0.24, 0.74; P < 0.001), IC Locomotion (β = 0.42; 95% CI = 0.10, 0.74; P < 0.001), IC Cognition (β = 0.45; 95% CI = 0.03, 0.87; P < 0.05) and IC Vitality domains (β = 0.50; 95% CI = 0.25, 0.74 at 3-month) favouring the MCE group. The 12-week Vivifrail multicomponent exercise program is an effective strategy to enhance IC, especially in terms of locomotion, cognition and vitality IC domains in community-dwelling older adults with pre-frailty/frailty and MCI/mild dementia, compared to usual care.",include_title_abs,A_primary_fulltext,extraction_candidate,Peer-reviewed community/home/primary-care frailty RCT candidate with relevant outcome,home,resistance;multicomponent_exercise;digital_home,exclude_before_extraction,"Disease-specific, post-acute or hospital rehabilitation population",multicomponent_exercise
35766913,10.24095/hpcdp.42.6.02,"Encouraging older adults with pre-frailty and frailty to ""MoveStrong"": an analysis of secondary outcomes for a pilot randomized controlled trial.",2022,"Health promotion and chronic disease prevention in Canada : research, policy and practice",https://pubmed.ncbi.nlm.nih.gov/35766913/,Community/primary-care frailty RCT candidate,"This 8-week pilot stepped-wedge randomized controlled trial evaluated the MoveStrong program for teaching adults who have frailty/pre-frailty about balance and functional strength training and sufficient protein intake to prevent falls and improve mobility. We recruited individuals aged 60 years and over, with a FRAIL scale score of 1 or higher and at least one chronic condition, who were not currently strength training. The program included 16 exercise physiologist-led hour-long group sessions and two dietitian-led hour-long nutrition sessions. We analyzed secondary outcomes-weight, gait speed, grip strength, physical capacity (fatigue levels), sit-to-stand functioning, dynamic balance, health-related quality of life (HRQoL), physical activity levels and protein intake-using a paired t test and a generalized estimating equation (GEE). Of 44 participants (mean [SD] age 79 [9.82] years), 35 were pre-frail and 9 were frail. At follow-up, participants had significantly improved grip strength (1.63 kg, 95% CI: 0.62 to 2.63); sit-to-stand functioning (2 sit-to-stands, 95% CI: 1 to 3); and dynamic balance (1.68 s, 95% CI: 0.47 to 2.89). There were no significant improvements in gait speed, HRQoL index scores, self-rated health, physical activity levels (aerobic activity and strength training) or protein intake. GEE analysis revealed an interaction between exposure to MoveStrong and gait speed, sit-to-stand functioning, dynamic balance and HRQoL index scores. The total cost to administer the program and purchase equipment was CAD 14 700, equivalent to CAD 377 per participant. Exploratory analyses suggest MoveStrong exercises may improve gait speed, sit-to-stand functioning, dynamic balance and HRQoL index scores in older individuals who are frail and pre-frail.",include_title_abs,A_primary_fulltext,extraction_candidate,Peer-reviewed community/home/primary-care frailty RCT candidate with relevant outcome,unclear,resistance;balance;aerobic_walking;nutrition,extract_now,High-confidence community/home/primary-care frailty RCT candidate,exercise_plus_nutrition
36045320,10.1186/s12877-022-03370-3,Exercise interventions for older people with cognitive frailty-a scoping review.,2022,BMC geriatrics,https://pubmed.ncbi.nlm.nih.gov/36045320/,Implementation-relevant frailty RCT candidate,"As the global population ages, the issue of frailty in older people is gaining international attention. As one of the major subtypes of frailty, cognitive frailty is a heterogeneous clinical manifestation characterised by the co-existence of physical decline and cognitive impairment. The occurrence of cognitive frailty increases the risk of adverse health outcomes in older people, affecting their daily functioning and quality of life. However, cognitive frailty is a reversible state, and many interventions have been explored, with exercise interventions playing an important role in the non-pharmacological management of cognitive frailty. This study describes and summarises current exercise interventions for older people with cognitive frailty (including parameters such as mode, frequency and duration of exercise) and identifies the limitations of existing studies to inform future exercise interventions for older people with cognitive frailty. Using a scoping review approach, Chinese and English literature published in PubMed, Web of Science, Cochrane Library, Embase, China Knowledge Network, Wanfang Database, China Biomedical Literature Database (SinoMed) and Vipshop from April 2013, when the definition of cognitive frailty first appeared, to August 2021 was searched to select studies related to exercise interventions for this group, extract information from the included literature, and summarise and report the findings. Nine RCT trial studies and one quasi-experiment study were included, for a total of 10 articles. The exercise modalities involved walking, brisk walking, Otago exercise, resistance exercise, balance training, flexibility training and Baduanjin, etc.; the intensity of exercise was based on individualised guidance and graded exercise intensity; the frequency of exercise was mostly 3-4 times/week; the duration of exercise was mostly 30-60 min/time; compared to the control group, the included studies showed statistically significant improvements in cognitive function, frailty status, and depression with the exercise intervention. There is a paucity of evidence on exercise interventions for older people with cognitive frailty. The evidence provided in this study suggests that exercise interventions may be beneficial for older people with cognitive frailty. However, the existing studies suffer from small sample sizes, short intervention periods, inadequate monitoring of the entire exercise process, and non-uniformity in the assessment of exercise effects. More randomized controlled trials should be conducted in the future to explore the most effective, low-cost and simple interventions to meet the needs of the older people with cognitive frailty.",include_title_abs,A_primary_fulltext,context_citation,Review/consensus; use for citation chasing only,unclear,resistance;balance;aerobic_walking;mind_body;digital_home,exclude_before_extraction,Review/consensus paper,exercise_only
35887850,10.3390/jcm11144077,Frailty Status Improvement after 5-Month Multicomponent Program PROMUFRA in Community-Dwelling Older People: A Randomized Controlled Trial.,2022,Journal of clinical medicine,https://pubmed.ncbi.nlm.nih.gov/35887850/,Community/primary-care frailty RCT candidate,"A study was made of the effect of the PROMUFRA multicomponent frailty program upon physical frailty, kinanthropometry, pain and muscle function parameters in frail and pre-frail community-dwelling older people. Eighty-one participants were randomly allocated to the intervention group (IG) or control group (CG). The IG performed PROMUFRA for 20 weeks, using six strength exercises with three series of 8-12 repetitions until muscular failure, and seven myofascial exercises, with one set of 10 repetitions. The CG continued their routine. The frailty criteria number (FCN), kinanthropometric parameters and muscle function were measured at baseline and after the program. Between-group differences were found in the interaction for FCN, muscle mass, fat mass, skeletal muscle mass index, knee flexion range of motion (ROM), hip flexion with knee straight ROM, maximum isometric knee extension, maximum isotonic knee extension, maximum leg press and hand grip strength., and also on post-intervention frailty status. The IG showed a statistical trend towards decreased pain. In conclusion, the PROMUFRA program is a potential training approach that can bring benefits in physical frailty status, body composition, ROM and muscle function among frail or pre-frail community-dwelling older people.",include_title_abs,A_primary_fulltext,extraction_candidate,Peer-reviewed community/home/primary-care frailty RCT candidate with relevant outcome,community,resistance;multicomponent_exercise;digital_home,extract_now,High-confidence community/home/primary-care frailty RCT candidate,multicomponent_exercise
35616653,10.5014/ajot.2022.045948,Habit Formation Intervention to Reduce Frailty Risk Factors: A Feasibility Study.,2022,The American journal of occupational therapy : official publication of the American Occupational Therapy Association,https://pubmed.ncbi.nlm.nih.gov/35616653/,Community/primary-care frailty RCT candidate,"Frailty is common, detrimental, and costly in later life. Interventions can reduce the risk for frailty. To assess the feasibility of a frailty prevention intervention. A two-arm, prospective randomized controlled trial with blinded participant allocation and data collection at baseline and 1 wk postintervention by data collectors blinded to participant assignment. Community. Thirty community-dwelling, English-speaking, older African-Americans who were classified as prefrail were randomly recruited from a university research subject registry. The habit formation treatment was delivered face to face during 12 weekly home-based sessions approximately 45 min in length. We assessed feasibility as reflected in participant recruitment, retention, session attendance, and program satisfaction. Clinical outcomes included sedentary time and dietary quality (primary) as well as frailty status, physical activity, physical function, depression, quality of life, and anthropometry (secondary). Habit formation (mechanism of change) was assessed in the treatment group only. Twenty women (M age = 73.5 yr) completed the study. The recruitment rate was 69.8%, and we retained 95.2% of participants through the end of the study, with session attendance rates of 98.1% and 88.6% for the treatment and control groups, respectively, and mean acceptability scores of 30.3 and 28.0 for the treatment and control groups, respectively. Changes in primary and secondary clinical outcomes were largely in the expected direction. The intervention was feasible to deliver. Although future efficacy studies are needed, our preliminary data suggest the potential of an occupational therapy intervention to reduce frailty risk. What This Article Adds: Although it may be possible to slow or prevent the progression to frailty by modifying existing habits and occupations, few occupational therapy interventions address frailty. Our data provide new and much-needed insights about the potential feasibility of an occupational therapy intervention to reduce frailty risk.",include_title_abs,A_primary_fulltext,extraction_candidate,Peer-reviewed community/home/primary-care frailty RCT candidate with relevant outcome,home,digital_home,exclude_before_extraction,Protocol/design/baseline paper,digital_home_unclear_intervention
35589429,10.1016/j.bja.2022.04.006,Home-based prehabilitation with exercise to improve postoperative recovery for older adults with frailty having cancer surgery: the PREHAB randomised clinical trial.,2022,British journal of anaesthesia,https://pubmed.ncbi.nlm.nih.gov/35589429/,Community/primary-care frailty RCT candidate,"Frailty is a state of vulnerability as a result of decreased reserves. Prehabilitation may increase reserve and improve postoperative outcomes. Our objective was to determine if home-based prehabilitation improves postoperative functional recovery in older adults with frailty having cancer surgery. This double blind randomised trial enrolled people ≥60 yr having elective cancer surgery and ≥3 weeks from enrolment to surgery as eligible. Participation in a remotely supported, home-based exercise prehabilitation program plus nutritional guidance was compared with standard care plus written advice on age-appropriate activity and nutrition. The primary outcome was 6-min walk test (6MWT) distance at the first postoperative clinic visit. Secondary outcomes included physical performance, quality of life, disability, length of stay, non-home discharge, and 30-day readmission. Of 543 patients assessed, 254 were eligible and 204 (80%) were randomised (102 per arm); 182 (94 intervention and 88 control) had surgery and were analysed. Mean age was 74 yr and 57% were female. Mean duration of participation was 5 weeks, mean adherence was 61% (range 0%-100%). We found no significant difference in 6MWT at follow-up (+14 m, 95% confidence interval -26-55 m, P=0.486), or for secondary outcomes. Analyses using a prespecified adherence definition of ≥80% supported improvements in 6MWT distance, complication count, and disability. A home-based prehabilitation program did not significantly improve postoperative recovery or other outcomes in older adults with frailty having cancer surgery. Program adherence may be a key mediator of prehabilitation efficacy. NCT02934230.",include_title_abs,A_primary_fulltext,secondary_setting,Hospital/post-acute/residential setting; not primary Indian primary-care scope,hospital_or_postacute,nutrition;digital_home,exclude_before_extraction,"Disease-specific, post-acute or hospital rehabilitation population",nutrition_only
36341237,10.3389/fmed.2022.971497,Intrinsic capacity rather than intervention exposure influences reversal to robustness among prefrail community-dwelling older adults: A non-randomized controlled study of a multidomain exercise and nutrition intervention.,2022,Frontiers in medicine,https://pubmed.ncbi.nlm.nih.gov/36341237/,Community/primary-care frailty RCT candidate,"The differential risk profiles associated with prefrailty may be attributable to underlying intrinsic capacity (IC). We examine (i) effect of a multi-domain physical exercise and nutrition intervention on pre-frailty reversal in community-dwelling older adults at 1-year, and (ii) whether IC contributes to pre-frailty reversal. Prefrail participants in this non-randomized study were invited to attend a 4-month exercise and nutritional intervention following a frailty screen in the community. Prefrailty was operationalized as (i) FRAIL score 1-2 or (ii) 0 positive response on FRAIL but with weak grip strength or slow gait speed based on the Asian Working Group for Sarcopenia cut-offs. Participants who fulfilled operational criteria for prefrailty but declined enrolment in the intervention programme served as the control group. All participants completed baseline IC assessment: locomotion (Short Physical Performance Battery, 6-minute walk test), vitality (nutritional status, muscle mass), sensory (self-reported hearing and vision), cognition (self-reported memory, age- and education adjusted cognitive performance), psychological (Geriatric Depression Scale-15, self-reported anxiety/ depression). Reversal of prefrailty was defined as achieving a FRAIL score of 0, with unimpaired grip strength and gait speed at 1-year follow-up. Of 81 participants (70.0 ± 6.6 years, 79.0% female), 52 participants (64.2%) were enrolled in the multi-domain intervention, and 29 participants (35.8%) who declined intervention constituted the control group. There was no difference in age, gender and baseline composite IC between groups. Reversal to robustness at 1-year was similar between intervention and control groups (30.8% vs. 44.8% respectively, p = 0.206). Reduced prevalence of depression was observed among participants in the intervention group at 1-year relative to baseline (7.8% vs. 23.1%, p = 0.022). In multiple logistic regression, intervention had no effect on prefrailty reversal, while higher composite IC exhibited reduced likelihood of remaining prefrail at 1-year (OR = 0.67, 95% CI 0.45-1.00, p = 0.049). Focusing only on the locomotion and vitality domains through a combined exercise and nutritional intervention may not adequately address component domain losses to optimize prefrailty reversal. Future studies should examine whether an IC-guided approach to target identified domain declines may be more effective in preventing frailty progression.",include_title_abs,A_primary_fulltext,extraction_candidate,Peer-reviewed community/home/primary-care frailty RCT candidate with relevant outcome,community,resistance;multicomponent_exercise;nutrition;digital_home;multidomain,extract_now,High-confidence community/home/primary-care frailty RCT candidate,multidomain_exercise_nutrition
35049127,10.1002/alz.12544,Is more always better? Dose effect in a multidomain intervention in older adults at risk of dementia.,2022,Alzheimer's & dementia : the journal of the Alzheimer's Association,https://pubmed.ncbi.nlm.nih.gov/35049127/,Community/primary-care frailty RCT candidate,"Little is known regarding the dose-response function in multidomain interventions for dementia prevention. The Multidomain Alzheimer Preventive Trial is a 3-year randomized controlled trial comprising cognitive training, physical activity, nutrition, and omega-3 polyunsaturated fatty acids for at-risk older adults. The dose delivered (number of sessions attended) was modeled against global cognition, memory, and fluency in 749 participants. Interaction effects were assessed for age, sex, education, dementia score (CAIDE), frailty score, and apolipoprotein E (APOE) ε4 status. The dose-response models were non-linear functions indicating benefits up to about 12 to 14 training hours or 15 to 20 multidomain sessions followed by a plateau. Participants who benefited from a higher dose included women, younger participants, frail individuals, and those with lower education or lower risk of dementia. The non-linear function indicates that a higher dose is not necessarily better in multidomain interventions. The optimal dose was about half of the potentially available sessions.",include_title_abs,A_primary_fulltext,secondary_disease_specific,Disease-rehabilitation population; secondary/sensitivity only,unclear,nutrition;multidomain,exclude_before_extraction,"Disease-specific, post-acute or hospital rehabilitation population",multidomain
35771806,10.1002/14651858.CD010494.pub2,Mobility training for increasing mobility and functioning in older people with frailty.,2022,The Cochrane database of systematic reviews,https://pubmed.ncbi.nlm.nih.gov/35771806/,Community/primary-care frailty RCT candidate,"Frailty is common in older people and is characterised by decline across multiple body systems, causing decreased physiological reserve and increased vulnerability to adverse health outcomes. It is estimated that 21% of the community-dwelling population over 65 years are frail. Frailty is independently predictive of falls, worsening mobility, deteriorating functioning, impaired activities of daily living, and death. The World Health Organization's International Classification of Functioning, Disability and Health (ICF) defines mobility as: changing and maintaining a body position, walking, and moving. Common interventions used to increase mobility include functional exercises, such as sit-to-stand, walking, or stepping practice. To summarise the evidence for the benefits and safety of mobility training on overall functioning and mobility in frail older people living in the community. We searched CENTRAL, MEDLINE, Embase, AMED, PEDro, US National Institutes of Health Ongoing Trials Register, and the World Health Organization International Clinical Trials Registry Platform (June 2021). We included randomised controlled trials (RCTs) evaluating the effects of mobility training on mobility and function in frail people aged 65+ years living in the community. We defined community as those residing either at home or in places that do not provide rehabilitative services or residential health-related care, for example, retirement villages, sheltered housing, or hostels. DATA COLLECTION AND ANALYSIS: We undertook an 'umbrella' comparison of all types of mobility training versus control. This review included 12 RCTs, with 1317 participants, carried out in 9 countries. The median number of participants in the trials was 97. The mean age of the included participants was 82 years. The majority of trials had unclear or high risk of bias for one or more items. All trials compared mobility training with a control intervention (defined as one that is not thought to improve mobility, such as general health education, social visits, very gentle exercise, or ""sham"" exercise not expected to impact on mobility). High-certainty evidence showed that mobility training improves the level of mobility upon completion of the intervention period. The mean mobility score was 4.69 in the control group, and with mobility training, this score improved by 1.00 point (95% confidence interval (CI) 0.51 to 1.51) on the Short Physical Performance Battery (on a scale of 0 to 12; higher scores indicate better mobility levels) (12 studies, 1151 participants). This is a clinically significant change (minimum clinically important difference: 0.5 points; absolute improvement of 8% (4% higher to 13% higher); number needed to treat for an additional beneficial outcome (NNTB) 5 (95% CI 3.00 to 9.00)). This benefit was maintained at six months post-intervention. Moderate-certainty evidence (downgraded for inconsistency) showed that mobility training likely improves the level of functioning upon completion of the intervention. The mean function score was 86.1 in the control group, and with mobility training, this score improved by 8.58 points (95% CI 3.00 to 14.30) on the Barthel Index (on a scale of 0 to 100; higher scores indicate better functioning levels) (9 studies, 916 participants) (absolute improvement of 9% (3% higher to 14% higher)). This result did not reach clinical significance (9.8 points). This benefit did not appear to be maintained six months after the intervention. We are uncertain of the effect of mobility training on adverse events as we assessed the certainty of the evidence as very low (downgraded one level for imprecision and two levels for bias). The number of events was 771 per 1000 in the control group and 562 per 1000 in the group with mobility training (risk ratio (RR) 0.74, 95% CI 0.63 to 0.88; 2 studies, 225 participants) (absolute difference of 19% fewer (9% fewer to 26% fewer)). Mobility training may result in little to no difference in the number of people who are admitted to nursing care facilities at the end of the intervention period as the 95% confidence interval includes the possibility of both a reduced and increased number of admissions to nursing care facilities (low-certainty evidence, downgraded for imprecision and bias). The number of events was 248 per 1000 in the control group and 208 per 1000 in the group with mobility training (RR 0.84, 95% CI 0.53 to 1.34; 1 study, 241 participants) (absolute difference of 4% fewer (8% more to 12% fewer)). Mobility training may result in little to no difference in the number of people who fall as the 95% confidence interval includes the possibility of both a reduced and increased number of fallers (low-certainty evidence, downgraded for imprecision and study design limitations). The number of events was 573 per 1000 in the control group and 584 per 1000 in the group with mobility training (RR 1.02, 95% CI 0.87 to 1.20; 2 studies, 425 participants) (absolute improvement of 1% (12% more to 7% fewer)). Mobility training probably results in little to no difference in the death rate at the end of the intervention period as the 95% confidence interval includes the possibility of both a reduced and increased death rate (moderate-certainty evidence, downgraded for bias). The number of events was 51 per 1000 in the control group and 59 per 1000 in the group with mobility training (RR 1.16, 95% CI 0.64 to 2.10; 6 studies, 747 participants) (absolute improvement of 1% (6% more to 2% fewer)). The data in the review supports the use of mobility training for improving mobility in a frail community-dwelling older population. High-certainty evidence shows that compared to control, mobility training improves the level of mobility, and moderate-certainty evidence shows it may improve the level of functioning in frail community-dwelling older people. There is moderate-certainty evidence that the improvement in mobility continues six months post-intervention. Mobility training may make little to no difference to the number of people who fall or are admitted to nursing care facilities, or to the death rate. We are unsure of the effect on adverse events as the certainty of evidence was very low.",include_title_abs,A_primary_fulltext,extraction_candidate,Peer-reviewed community/home/primary-care frailty RCT candidate with relevant outcome,community,balance;aerobic_walking;digital_home,exclude_before_extraction,Protocol/design/baseline paper,exercise_only
36037722,10.1016/j.archger.2022.104792,Resistance training-induced improvement in physical function is not associated to changes in endocrine somatotropic activity in prefrail older adults.,2022,Archives of gerontology and geriatrics,https://pubmed.ncbi.nlm.nih.gov/36037722/,Community/primary-care frailty RCT candidate,"Resistance training improves muscle function in prefrail and frail elderly. The role of the somatotropic axis in this physiologic process remains unclear. Insulin-like growth factor I (IGF-I) and its associated proteins Insulin-like growth factor binding protein 3 (IGFBP3) and acid labile subunit (ALS) build a circulating ternary complex that mediates growth hormone (GH) effects on peripheral organs and can serve as a measure of endocrine somatotropic activity. The aim of this study was to assess the association between resistance training-induced changes in physical performance and basal levels of IGF-I, IGFBP-3 and ALS in prefrail older adults. 69 prefrail community-dwelling older adults, aged 65 to 94 years, were randomly assigned to a 12-week period of strength or power training or to a control group. The study was registered at clinicaltrials.gov as NCT00783159. Serum concentrations of IGF-I, IGFBP-3 and ALS were measured at rest before and after the intervention. Hormonal differences were examined in relation to changes in physical performance assessed by the Short Physical Performance Battery (SPPB). While resistance training led to significant improvements in SPPB score it did not induce significant differences in somatotropic hormone concentrations. Pre- and post-intervention changes in IGF-I, IGFBP-3, ALS or IGF/IGFBP-3 molar ratio were not related to the intervention mode, even after adjustment for age, sex, nutritional status, as well as SPPB and hormone concentrations at baseline. Training-induced improvements in physical performance in prefrail older adults were not associated with significant changes in endocrine somatotropic activity.",include_title_abs,A_primary_fulltext,extraction_candidate,Peer-reviewed community/home/primary-care frailty RCT candidate with relevant outcome,community,resistance;nutrition,extract_now,High-confidence community/home/primary-care frailty RCT candidate,exercise_plus_nutrition
34637524,10.1093/gerona/glab312,The Association of Prior Intensive Lifestyle Intervention and Diabetes Support and Education With Frailty Prevalence at Long-Term Follow-Up in the Action for Health in Diabetes Extension Study.,2022,"The journals of gerontology. Series A, Biological sciences and medical sciences",https://pubmed.ncbi.nlm.nih.gov/34637524/,Community/primary-care frailty RCT candidate,"Frailty is common in older adults with obesity and diabetes. We compared prevalence of the frailty phenotype between intervention groups in long-term follow-up of Look Action for Health in Diabetes Study (AHEAD), a randomized trial comparing a multidomain intensive lifestyle intervention (ILI) that promoted weight loss and physical activity with a diabetes support and education (DSE) control group in adults with type 2 diabetes and overweight or obesity. Participants included 2 979 individuals randomized to ILI or DSE in 2001-2004 who completed frailty assessment in Look AHEAD-Extension Wave 1 (2016-2018) at an average age of 72.1 ± 6.2 years. Frailty was assessed using a modified frailty phenotype definition (excluding weight loss) defined as the presence of 3 or more of the following frailty characteristics: weakness, slow gait speed, low physical activity, and exhaustion. Frailty odds by intervention assignment (DSE vs ILI) were estimated using multivariable logistic regression, adjusting for sex, clinic site, and time since randomization. At median follow-up of 14.0 years (interquartile range: 13.8-14.1), frailty prevalence was 10.9% in ILI compared with 11.6% in DSE (odds ratio for frailty in ILI vs DSE = 0.94, 95% confidence interval: 0.75-1.18, p = .60). Frailty was more prevalent in participants who were older, female, non-White, of lower socioeconomic status, and at baseline had a higher body mass index and waist circumference, longer duration of diabetes, history of cardiovascular disease, and metabolic syndrome. Prior randomization to ILI compared with DSE was not associated with a lower prevalence of frailty after a median follow-up of 14.0 years in adults with diabetes and overweight or obesity.",include_title_abs,A_primary_fulltext,secondary_setting,Hospital/post-acute/residential setting; not primary Indian primary-care scope,hospital_or_postacute,multidomain,exclude_before_extraction,"Disease-specific, post-acute or hospital rehabilitation population",multidomain
35297463,10.1007/s12603-022-1745-4,The Effects of an Integrated Exercise Intervention on the Attenuation of Frailty in Elderly Nursing Homes: A Cluster Randomized Controlled Trial.,2022,"The journal of nutrition, health & aging",https://pubmed.ncbi.nlm.nih.gov/35297463/,Implementation-relevant frailty RCT candidate,"The frail elderly have an increased risk of frailty because of reduced physical activity, cognitive ability and quality of life. This study aims to evaluate the effects of integrated exercise intervention on the attenuation of frailty in elderly nursing home residents. This study was a cluster randomized controlled trial. 146 elderly frailty people from 8 elderly nursing homes in Harbin, China, were randomly assigned into the intervention group and control group after obtaining their informed consent. The intervention group performed integrated exercise interventions for 12 months, while the control group only continued with their daily activities. Sociodemographic, health-related data, frailty levels, gait parameters, cognition, and quality of life were evaluated. The mean age of participants was 80.74± 2.89 years, and 70.37% (n=95) were female. The Difference-in-difference regression showed that, compared with the control group, phenotypic frailty score (β3 =-1.40, p < 0.001) and stride time (β3 = -0.38, p <0.001) decreased significantly in the intervention group, stride velocity (β3 = 0.24, p < 0.001), step length (β3 = 0.08, p <0.001), cadence (β3 = 17.79, p < 0.001), MMSE total score (β3 = 1.90, p < 0.001) and QOL total score (β3 = 11.84, p < 0.001) increased significantly in the intervention group. The integrated exercise intervention can effectively improve the attenuation of frailty, gait parameters, cognitive function, and quality of life in elderly nursing homes. We can use the findings of this study as a reference for the design of activities for the elderly nursing home residents, to provide them with appropriate exercises, improve their physical functions, and improve or delay their frailty level, which is principally important for developing countries in east Asia where rehabilitation resources are generally scarce.",include_title_abs,A_primary_fulltext,secondary_setting,Hospital/post-acute/residential setting; not primary Indian primary-care scope,residential_or_nursing_home,nutrition;digital_home,exclude_before_extraction,Setting outside primary community/home/outpatient scope,nutrition_only
35399053,10.1186/s12877-022-02888-w,The effects of vitamin D supplementation on frailty in older adults at risk for falls.,2022,BMC geriatrics,https://pubmed.ncbi.nlm.nih.gov/35399053/,Community/primary-care frailty RCT candidate,"Low serum 25-hydroxyvitamin D [25(OH)D] level is associated with a greater risk of frailty, but the effects of daily vitamin D supplementation on frailty are uncertain. This secondary analysis aimed to examine the effects of vitamin D supplementation on frailty using data from the Study To Understand Fall Reduction and Vitamin D in You (STURDY). The STURDY trial, a two-stage Bayesian, response-adaptive, randomized controlled trial, enrolled 688 community-dwelling adults aged ≥ 70 years with a low serum 25(OH)D level (10-29 ng/mL) and elevated fall risk. Participants were initially randomized to 200 IU/d (control dose; n = 339) or a higher dose (1000 IU/d, 2000 IU/d, or 4000 IU/d; n = 349) of vitamin D3. Once the 1000 IU/d was selected as the best higher dose, other higher dose groups were reassigned to the 1000 IU/d group and new enrollees were randomized 1:1 to 1000 IU/d or control group. Data were collected at baseline, 3, 12, and 24 months. Frailty phenotype was based on number of the following conditions: unintentional weight loss, exhaustion, slowness, low activity, and weakness (≥ 3 conditions as frail, 1 or 2 as pre-frail, and 0 as robust). Cox proportional hazard models estimated the risk of developing frailty, or improving or worsening frailty status at follow-up. All models were adjusted for demographics, health conditions, and further stratified by baseline serum 25(OH)D level (insufficiency (20-29 ng/mL) vs. deficiency (10-19 ng/mL)). Among 687 participants (mean age 77.1 ± 5.4, 44% women) with frailty assessment at baseline, 208 (30%) were robust, 402 (59%) were pre-frail, and 77 (11%) were frail. Overall, there was no significant difference in risk of frailty outcomes comparing the pooled higher doses (PHD; ≥ 1000 IU/d) vs. 200 IU/d. When comparing each higher dose vs. 200 IU/d, the 2000 IU/d group had nearly double the risk of worsening frailty status (HR = 1.89, 95% CI: 1.13-3.16), while the 4000 IU/d group had a lower risk of developing frailty (HR = 0.22, 95% CI: 0.05-0.97). There were no significant associations between vitamin D doses and frailty status in the analyses stratified by baseline serum 25(OH)D level. High dose vitamin D supplementation did not prevent frailty. Significant subgroup findings might be the results of type 1 error. ClinicalTrials.gov: NCT02166333 .",include_title_abs,A_primary_fulltext,extraction_candidate,Peer-reviewed community/home/primary-care frailty RCT candidate with relevant outcome,community,balance;nutrition,extract_now,High-confidence community/home/primary-care frailty RCT candidate,exercise_plus_nutrition
33691612,10.1080/21551197.2021.1886222,A Randomized Controlled Pilot Exercise and Protein Effectiveness Supplementation Study (EXPRESS) on Reducing Frailty Risk in Community-Dwelling Older People.,2021,Journal of nutrition in gerontology and geriatrics,https://pubmed.ncbi.nlm.nih.gov/33691612/,Community/primary-care frailty RCT candidate,"This pilot study aimed to examine the feasibility and effectiveness of a 6-months multi-component exercise program combined with twice daily consumption of either rice (RicePro) or whey-based (WheyPro) protein supplements (2 × 20 g of protein) on gait speed, grip strength and physical performance in community-dwelling pre-frail and frail older adults. Secondary outcomes included: frailty score, muscle mass, quality of life, nutritional intake, cognitive performance, depression and physical activity levels. A total of 70 participants (mean age 73.34 ± 6.85 years) were randomly allocated to either RicePro (n = 36) or WheyPro (n = 34). No adverse events were reported in regards to the exercise, however, several gastrointestinal symptoms were noted with the whey protein causing two-fold more symptoms compared to the rice protein. No differences were found between the groups (p > 0.05), except the total consumed energy (kJ) (p = 0.014) and fat (g) (p = 0.012) which was significantly lower in WheyPro. The results indicate that the quality of protein may not be as important as long as a sufficient amount is consumed.",include_title_abs,A_primary_fulltext,extraction_candidate,Peer-reviewed community/home/primary-care frailty RCT candidate with relevant outcome,community,resistance;multicomponent_exercise;nutrition,extract_now,High-confidence community/home/primary-care frailty RCT candidate,exercise_plus_nutrition
34725661,10.1007/s12603-021-1671-x,"Association of Pain and Impact of Dual-Task Exercise on Function, Cognition and Quality of Life.",2021,"The journal of nutrition, health & aging",https://pubmed.ncbi.nlm.nih.gov/34725661/,Community/primary-care frailty RCT candidate,"This study aimed to assess the factors associated with pain and evaluate the impact of dual-task exercise on pain improvement, quality of life (QOL), cognition and function in older adults. This study is a secondary data analysis of the HAPPY (Healthy Ageing Promotion Program for You) study. At risk older adults ≥ 60 years old were enrolled in a community dual-task exercise program. Assessments for frailty, sarcopenia, falls, quality of life (QOL) and perceived health, depression, cognition and physical function were performed at baseline and 3 months. Pain intensity was derived from EQ-5D and stratified into no pain, slight pain and moderate to extreme pain. Out of 296 participants, 37.2% had slight pain and 11.1% had moderate to severe pain. Both slight and moderate to extreme pain compared with no pain group were significantly associated with lower perceived health (68.2,63.6 vs 76.0) and QOL index (0.70,0.59 vs 0.93); moderate to extreme pain was also significantly associated with depression, low mental vitality, frailty, sarcopenia and poorer physical performance. After 3 months of dual-task exercise, pain improved in 70.8% of the moderate to extreme pain group and 50.8% of slight pain group. Significant improvement in perceived health, QOL, physical function and cognition were also observed. Proactive efforts are required to screen for pain and manage frailty, sarcopenia and depression. Dual-task exercise proved safe and possibly effective in reducing pain and improving QOL, physical and cognitive function in older adults. Prospective randomized studies are needed to validate the effectiveness of dual-task vs single-task exercise, including impact of reversal of frailty and sarcopenia in pain management.",include_title_abs,A_primary_fulltext,extraction_candidate,Peer-reviewed community/home/primary-care frailty RCT candidate with relevant outcome,community,balance;nutrition;digital_home,extract_now,High-confidence community/home/primary-care frailty RCT candidate,exercise_plus_nutrition
32858228,10.1016/j.cct.2020.106124,DO-HEALTH: Vitamin D3 - Omega-3 - Home exercise - Healthy aging and longevity trial - Design of a multinational clinical trial on healthy aging among European seniors.,2021,Contemporary clinical trials,https://pubmed.ncbi.nlm.nih.gov/32858228/,Community/primary-care frailty RCT candidate,"DO-HEALTH is a multi-center clinical trial among 2157 community-dwelling European men and women age 70 and older. The 2x2x2 randomized-control factorial design trial tested the individual and additive benefit, as well as the cost-effectiveness, of 3 interventions: vitamin D 2000 IU/day, omega-3 fatty acids 1000 mg/day (EPA + DHA, ratio 1:2), and a 30-minute 3 times/week home exercise (strength versus flexibility). Each treatment tested has shown considerable prior promise from mechanistic studies, small clinical trials, or large cohort studies, in the prevention of common age-related chronic diseases, but definitive data are missing. DO-HEALTH will test these interventions in relation to 6 primary endpoints (systolic and diastolic blood pressure, non-vertebral fractures, Short Physical Performance Battery score, the Montreal Cognitive Assessment, and risk of infections), plus several secondary endpoints explored in ancillary studies (i.e. rate of any falls and injurious falls, joint pain, oral health, quality of life, and incident frailty). As the 3 interventions have distinct mechanisms of action for each of the 6 primary endpoints, a maximum benefit is expected for their additive benefit as a ""multi-modal"" intervention. The trial duration is 3 years with in-person contacts with all participants at 4 clinical visits and by quarterly phone calls. Baseline and follow-up blood samples were collected in all participants to measure changes in 25-hydroxyvitamin D and poly-unsaturated fatty acid concentrations. Our objective was to test interventions that are expected to promote healthy aging and longer life expectancy and that can be easily and safely implemented by older community-dwelling adults.",include_title_abs,A_primary_fulltext,extraction_candidate,Peer-reviewed community/home/primary-care frailty RCT candidate with relevant outcome,community,resistance;balance;nutrition,extract_now,High-confidence community/home/primary-care frailty RCT candidate,exercise_plus_nutrition
34283997,10.1016/j.apmr.2021.06.017,"Effect of 12-Month Supervised, Home-Based Physical Exercise on Functioning Among Persons With Signs of Frailty: A Randomized Controlled Trial.",2021,Archives of physical medicine and rehabilitation,https://pubmed.ncbi.nlm.nih.gov/34283997/,Community/primary-care frailty RCT candidate,"To investigate the effects of a 12-month home-based exercise program on functioning and falls among persons with signs of frailty. A randomized controlled trial with a 1:1 allocation. Home-based. Home-dwelling persons aged 65 years or older meeting at least 1 frailty phenotype criteria (N=300). The mean age of the participants was 82.2±6.3 years, 75% were women, 61% met 1-2 frailty criteria, and 39% met ≥3 criteria. A 12-month, individually tailored, progressive, and physiotherapist-supervised physical exercise twice a week (n=150) vs usual care (n=149). FIM, Short Physical Performance Battery (SPPB), handgrip strength, instrumental activities of daily living (IADL), and self-reported falls and physical activity (other than intervention). Assessed 4 times at home over 12 months. FIM deteriorated in both groups over 12 months, -4.1 points (95% confidence interval [CI], -5.6 to -2.5) in the exercise group and -6.9 (95% CI, -8.4 to -2.3) in the usual care group (group P=.014, time P<.001, interaction P=.56). The mean improvement in SPPB was significantly greater in the exercise group (1.6 [95% CI, 1.3-2.0]) than in the usual care group (0.01 [95% CI, -0.3 to 0.3]) (group P<.001, time P=.11, interaction P=.027). The exercise group reported significantly fewer falls per person-year than the usual care group (incidence rate ratio, 0.47 [95% CI, 0.40-0.55]; P<.001). There was no significant difference between the groups over 12 months in terms of handgrip strength, IADL function, or self-reported physical activity. One year of physical exercise improved physical performance and decreased the number of falls among people with signs of frailty. FIM differed between the groups at 12 months, but exercise did not prevent deterioration of FIM, IADL, or handgrip strength.",include_title_abs,A_primary_fulltext,extraction_candidate,Peer-reviewed community/home/primary-care frailty RCT candidate with relevant outcome,home,resistance;balance;digital_home,extract_now,High-confidence community/home/primary-care frailty RCT candidate,exercise_only
33742266,10.1007/s11121-021-01221-y,Effectiveness of Community-Delivered Functional Power Training Program for Frail and Pre-frail Community-Dwelling Older Adults: a Randomized Controlled Study.,2021,Prevention science : the official journal of the Society for Prevention Research,https://pubmed.ncbi.nlm.nih.gov/33742266/,Community/primary-care frailty RCT candidate,"Translation of community-based functional training for older adults to reduce frailty is still lacking. We evaluated the effectiveness and implementation of a community-delivered group-based functional power training (FPT) program for frail older adults within their neighborhoods. A two-arm, multicenter assessor-blind stratified randomized controlled trial was conducted at four local senior activity centers in Singapore. Sixty-one community-dwelling older adults with low handgrip strength were randomized to intervention (IG) or control (CG) group. The IG underwent the FPT program (power and balance exercises using simple equipment) delivered by a community service provider. The 12-week program comprised 2 × 60 min sessions/week. CG continued usual activities at the centers. Functional performance, muscle strength, and frailty status were assessed at baseline and 3 months. Program implementation was evaluated using RE-AIM framework. The program was halted due to Coronavirus Disease 2019-related suspension of senior center activities. Results are reported from four centers, which completed the program. IG showed significantly greater improvement in the Short Physical Performance Battery test as compared to CG (p = 0.047). No effects were found for timed up and go test performance, muscle strength, and frailty status. The community program exhibited good reach, effectiveness, adoption, and implementation. Our study demonstrated that FPT was associated with greater improvement in physical function in pre-frail/frail participants as compared to exercise activities offered at local senior activity centers. It is a feasible intervention that can be successfully implemented for frail older adults in their neighborhoods. Trial registration ClinicalTrials.gov, NCT04438876. Registered 19 June 2020-retrospectively registered.",include_title_abs,A_primary_fulltext,extraction_candidate,Peer-reviewed community/home/primary-care frailty RCT candidate with relevant outcome,community,resistance;balance,extract_now,High-confidence community/home/primary-care frailty RCT candidate,exercise_only
33968874,10.3389/fpubh.2021.610184,Effectiveness of a Community-Based Muscle Strengthening Exercise Program to Increase Muscle Strength Among Pre-frail Older Persons in Malaysia: A Pilot Study.,2021,Frontiers in public health,https://pubmed.ncbi.nlm.nih.gov/33968874/,Community/primary-care frailty RCT candidate,"Deterioration in muscle mass and muscle strength is common among the frail older persons, cause functional dependence and decrease in the quality of life. Therefore, the identification of cost-effective interventions to prevent or ameliorate frailty is crucially needed. The aim of this study is to determine the effectiveness of a Community-based Muscle Strengthening Exercise (COME) program to increase muscle strength among pre-frail older persons. This study was a quasi-experimental study. A total of 32 older persons aged 60 years and older with pre-frail symptoms were recruited from the community center. The COME was developed based on the Growing Stronger program and the Otago Home Exercise Program. COME was designed to strengthen all of the major muscle groups in the upper and lower extremities. The exercise program was conducted for 12 weeks and divided into 3 parts; (1) to strengthen the body slowly and gently, using only body weight, (2) to introduce dumbbells and ankle weights to increase strength and (3) to add various new ways to boost strength even more. Functional tests were measured before and after the intervention. The results revealed non-significant p-value for pre- and post-intervention comparison for all study outcomes. Observing the values of mean difference, the study intervention was shown to have slightly improved the time up and go (Mean difference = -0.25), and sit-to-stand duration (Mean difference = -0.41) as well as the handgrip strength (Mean difference = 0.68) among the participants. On the assessment of Cohen ES, all three improvements exhibited small effect sizes. Sit-to-stand duration was shown to have most benefited from the intervention with highest ES among the outcome variables (ES = 0.20). COME intervention program among pre-frail older persons showed favorable trend toward improvement of upper and lower extremities muscle strength. This study should be further tested in randomized control trial to confirm its effectiveness.",include_title_abs,A_primary_fulltext,extraction_candidate,Peer-reviewed community/home/primary-care frailty RCT candidate with relevant outcome,community,resistance,extract_now,High-confidence community/home/primary-care frailty RCT candidate,exercise_only
34620081,10.1186/s11556-021-00273-x,Effectiveness of a community-delivered pneumatic machine resistance training programme (Gym Tonic) for older adults at neighbourhood senior centres - a randomized controlled trial.,2021,European review of aging and physical activity : official journal of the European Group for Research into Elderly and Physical Activity,https://pubmed.ncbi.nlm.nih.gov/34620081/,Community/primary-care frailty RCT candidate,"Resistance training with pneumatic machines attenuates the age-associated loss in muscle strength and function in older adults. However, effectiveness of scaled-up pneumatic machine resistance training in the community is not known. We evaluated the effectiveness of a multi-site community-delivered 12-week pneumatic machine resistance programme (Gym Tonic (GT)) on muscle strength and physical function in older adults. Three hundred eighteen community-dwelling older adults aged ≥65 years were randomized into 12-week (twice/week) coach-supervised-community-based-GT-programme(n = 168) and wait-list control groups(n = 150). After 12 weeks, the intervention group continued with GT-training and the control group received supervised-GT-programme for further 12 weeks (partial-crossover-design). Fried frailty score, lower-extremity muscle strength and physical function (i.e., fast and habitual gait-speed, balance, repeated-chair-sit-to-stand, short physical performance battery (SPPB)) were determined at baseline, 12 and 24 weeks. Analysis adopted a modified-intention-to-treat-approach. After 12 weeks, lower-extremity muscle strength improved by 11-26%(all p < 0.05) and fast gait-speed improved by 7%(p = 0.008) in GT-intervention group(n = 132) than controls(n = 118), regardless of frailty status. Other physical function performance did not differ between control and intervention groups after 12 weeks (all p > 0.05). Frailty score improved by 0.5 in the intervention but not control group(p = 0.004). Within the intervention group, lower-extremity muscle strength and physical function outcomes improved at 24 weeks compared with baseline (all p < 0.001). Within controls, lower-extremity muscle strength, SPPB, repeated-chair-sit-to-stand and fast gait-speed improved post-GT (24-week) compared to both pre-GT (12-week) and baseline. Programme adherence was high in intervention [0-12-weeks,90%(SD,13%); 12-24-weeks,89%(SD,17%)] and control [12-24-weeks,90%(SD,19%)] groups. Community-delivered GT resistance training programme with pneumatic machines has high adherence, improves muscle strength and fast gait-speed, and can be effectively implemented at scale for older adults. Future studies could examine if including other multi-modal function-specific training to complement GT can achieve better physical/functional performance in power, balance and endurance tasks. ClinicalTrials.gov, NCT04661618 , Registered 10 December 2020 - Retrospectively registered.",include_title_abs,A_primary_fulltext,extraction_candidate,Peer-reviewed community/home/primary-care frailty RCT candidate with relevant outcome,community,resistance;balance;aerobic_walking;digital_home,extract_now,High-confidence community/home/primary-care frailty RCT candidate,exercise_only
35011838,10.3390/jcm11010097,Effects of Resistance Training Intervention along with Leucine-Enriched Whey Protein Supplementation on Sarcopenia and Frailty in Post-Hospitalized Older Adults: Preliminary Findings of a Randomized Controlled Trial.,2021,Journal of clinical medicine,https://pubmed.ncbi.nlm.nih.gov/35011838/,Implementation-relevant frailty RCT candidate,"Resistance training and protein supplementation are expected to exert the greatest effect in counteracting muscle-wasting conditions. Myokines might play a key role, but this remains to be elucidated. The aim of this study (NCT03815201) was to examine the effects of a resistance training program with post-exercise leucine-enriched protein supplementation on sarcopenia and frailty status and on the plasma myokine concentrations of post-hospitalized older adults. A total of 41 participants were included in this 12-week resistance training intervention and randomized either to the placebo group or the protein group. Sarcopenia, frailty, body composition and blood-based myokines were measured at baseline and after 12 weeks. Both groups improved in terms of physical performance (p < 0.005) and frailty (p < 0.07) following the resistance training intervention, but without any difference between groups. Myokine concentrations did not change after the intervention in either group. Changes in myostatin concentrations were associated with greater improvements in appendicular skeletal muscle mass at the end of the intervention (p < 0.05). In conclusion, the implementation of resistance training programs after hospitalization in older adults should be prioritized to combat sarcopenia and frailty immediately. The results regarding myostatin should be taken as preliminary findings.",include_title_abs,A_primary_fulltext,secondary_setting,Hospital/post-acute/residential setting; not primary Indian primary-care scope,hospital_or_postacute,resistance;nutrition;digital_home,exclude_before_extraction,"Disease-specific, post-acute or hospital rehabilitation population",exercise_plus_nutrition
33765656,10.1016/j.archger.2021.104392,Efficacy of Multidomain Intervention Against Physio-cognitive Decline Syndrome: A Cluster-randomized Trial.,2021,Archives of gerontology and geriatrics,https://pubmed.ncbi.nlm.nih.gov/33765656/,Community/primary-care frailty RCT candidate,"To investigate the efficacy of a community group-based intervention among community-dwelling older adults with physio-cognitive decline syndrome (PCDS). A prospective cluster randomized controlled trial included 733 community-dwelling older adults with adjusted Montreal Cognitive Assessment (MoCA adj) scores >18 from 40 community-based sites across Taiwan. PCDS was defined as the concomitant presence of physical declines, i.e., slowness and/or weakness plus dysfunction in any cognitive domain. The multidomain intervention integrated physical exercise, cognitive training, nutritional advices and health education lessons. Conventional health education in control group entailed periodic telephone calls to offer participants health education and advice. The primary outcome was the mean differences of MoCA adj total scores and all domains of MoCA adj between baseline and 6- and 12-month follow-up in each group of PCDS, cognitive dysfunction, mobility-type frailty and normal functioning, and the secondary outcomes included the changes of frailty score, handgrip strength, gait speed and physical activity. Intervention effects were analysed using a generalized linear mixed model. Overall, 18.9% of the study sample had PCDS. Multidomain intervention for 12 months significantly improved cognitive performance in people with PCDS, and those with cognitive dysfunction only. An early benefit on visuo-spatial executive function was seen in older adults with mobility-type frailty. Intervention also improved frailty scores among participants with mobility-type frailty, handgrip strength for participants with PCDS, and gait speed in the normal group. PCDS is a potentially reversible condition that may prevent subsequent disability and dementia, which deserves further investigation to confirm the long-term effects.",include_title_abs,A_primary_fulltext,extraction_candidate,Peer-reviewed community/home/primary-care frailty RCT candidate with relevant outcome,community,resistance;nutrition;multidomain,exclude_before_extraction,"Disease-specific, post-acute or hospital rehabilitation population",multidomain_exercise_nutrition
34449605,10.3390/geriatrics6030072,Enhancement of Anticipatory Postural Adjustments by Virtual Reality in Older Adults with Cognitive and Motor Deficits: A Randomised Trial.,2021,"Geriatrics (Basel, Switzerland)",https://pubmed.ncbi.nlm.nih.gov/34449605/,Community/primary-care frailty RCT candidate,"Postural activities involved in balance control integrate the anticipatory postural adjustments (APA) that stabilize balance and posture, facilitating arm movements and walking initiation and allowing an optimal coordination between posture and movement. Several studies reported the significant benefits of virtual reality (VR) exercises in frail older adults to decrease the anxiety of falling and to induce improvements in behavioural and cognitive abilities in rehabilitation processes. The aim of this study was thus to test the efficiency of a VR system on the enhancement of the APA period, compared to the use of a Nintendo Wii system. Frail older adults (n = 37) were included in this study who were randomized and divided into a VR exercises group (VR group) or a control group using the Nintendo Wii system (CTRL group). Finally, 22 patients were included in the data treatment. APA were studied through muscular activation timings measured with electromyographic activities. The functional reach test, the gait speed, and the time up and go were also evaluated before and after a 3-week training phase. As the main results, the training phase with VR improved the APA and the functional reach test score along the antero-posterior axis. Together, these results highlight the ability of a VR training phase to induce neuromuscular adaptations during the APA period in frail older adults. Then, it underlines the effective transfer from learning carried out during the VR training movements to control balance abilities in a more daily life context.",include_title_abs,A_primary_fulltext,extraction_candidate,Peer-reviewed community/home/primary-care frailty RCT candidate with relevant outcome,unclear,balance;aerobic_walking,extract_now,High-confidence community/home/primary-care frailty RCT candidate,exercise_only
34383662,10.2196/28400,Feasibility and Effects of Virtual Reality Motor-Cognitive Training in Community-Dwelling Older People With Cognitive Frailty: Pilot Randomized Controlled Trial.,2021,JMIR serious games,https://pubmed.ncbi.nlm.nih.gov/34383662/,Community/primary-care frailty RCT candidate,"Cognitive frailty refers to the coexistence of physical frailty and cognitive impairment, and is associated with many adverse health outcomes. Although cognitive frailty is prevalent in older people, motor-cognitive training is effective at enhancing cognitive and physical function. We proposed a virtual reality (VR) simultaneous motor-cognitive training program, which allowed older people to perform daily activities in a virtual space mimicking real environments. We aimed to (1) explore the feasibility of offering VR simultaneous motor-cognitive training to older people with cognitive frailty and (2) compare its effects with an existing motor-cognitive training program in the community on the cognitive function and physical function of older people with cognitive frailty. A two-arm (1:1), assessor-blinded, parallel design, randomized controlled trial was employed. The eligibility criteria for participants were: (1) aged ≥60 years, (2) community dwelling, and (3) with cognitive frailty. Those in the intervention group received cognitive training (ie, cognitive games) and motor training (ie, cycling on an ergometer) simultaneously on a VR platform, mimicking the daily living activities of older people. Those in the control group received cognitive training (ie, cognitive games) on tablet computers and motor training (ie, cycling on the ergometer) sequentially on a non-VR platform. Both groups received a 30-minute session twice a week for 8 weeks. Feasibility was measured by adherence, adverse outcomes, and successful learning. The outcomes were cognitive function, physical frailty level, and walking speed. Seventeen participants were recruited and randomized to either the control group (n=8) or intervention group (n=9). At baseline, the median age was 74.0 years (IQR 9.5) and the median Montreal Cognitive Assessment score was 20.0 (IQR 4.0). No significant between-group differences were found in baseline characteristics except in the number of chronic illnesses (P=.04). At postintervention, the intervention group (Z=-2.67, P=.01) showed a significantly larger improvement in cognitive function than the control group (Z=-1.19, P=.24). The reduction in physical frailty in the intervention group (Z=-1.73, P=.08) was similar to that in the control group (Z=-1.89, P=.06). Improvement in walking speed based on the Timed Up-and-Go test was moderate in the intervention group (Z=-0.16, P=.11) and greater in the control group (Z=-2.52, P=.01). The recruitment rate was acceptable (17/33, 52%). Both groups had a 100% attendance rate. The intervention group had a higher completion rate than the control group. Training was terminated for one participant (1/9, 11%) due to minimal VR sickness (Virtual Reality Sickness Questionnaire score=18.3/100). Two participants (2/8, 25%) in the control group withdrew due to moderate leg pain. No injuries were observed in either group. This study provides preliminary evidence that the VR simultaneous motor-cognitive training is effective at enhancing the cognitive function of older people with cognitive frailty. The effect size on frailty was close to reaching a level of significance and was similar to that observed in the control group. VR training is feasible and safe for older people with cognitive frailty. ClinicalTrials.gov NCT04467216; https://clinicaltrials.gov/ct2/show/NCT04467216.",include_title_abs,A_primary_fulltext,extraction_candidate,Peer-reviewed community/home/primary-care frailty RCT candidate with relevant outcome,community,aerobic_walking,exclude_before_extraction,Protocol/design/baseline paper,exercise_only
34179937,10.1007/s12603-021-1636-0,Gait Speed and Evolution of Verbal Fluencies in Frail or Prefrail Older People with Type 2 Diabetes. A Pilot Study.,2021,"The journal of nutrition, health & aging",https://pubmed.ncbi.nlm.nih.gov/34179937/,Community/primary-care frailty RCT candidate,"Type 2 diabetes (T2D) is a risk factor of frailty and cognitive impairment. Impaired gait in older people is associated with incident vascular dementia. We aimed to assess whether in frail or prefrail older subjects with T2D, lower gait speed can be associated with faster cognitive decline. Case-control study nested in a large randomized control trial (RCT, MID-frail); post hoc analysis. Older frail and prefrail subjects (>70y) with T2D and with no history of cognitive problems were enrolled in a single recruiting center. Participants were divided into two groups depending on their walking speed - above (fast walkers) or below (slow walkers) using a cut off of 1 m/sec. Cognitive function was assessed at baseline and during follow-up with the MMSE, category and letter fluencies at 15 sec (initiation) and 15-60 sec (late). 48 subjects were included, 22 were fast walkers, 26 were slow walkers. The mean follow-up was 60.9 (SD 17.5) weeks. The baseline 0-15 sec letter fluency was higher in fast walkers (p=0.008). There was no difference at baseline with MMSE scores and category fluency. The MID-Frail intervention did not change the evolution of any cognitive changes. Comparisons were adjusted for age, sex and baseline performance, and showed a steeper decline of category fluency score in slow walkers (fast walkers +0.04 (-1.49 to1.56) compared with -0.89 (-2.15 to 0.38), p=0.049) with a moderate effect size. In frail or prefrail older adults with diabetes, we observed a decline in category fluency in those with low gait speed.",include_title_abs,A_primary_fulltext,extraction_candidate,Peer-reviewed community/home/primary-care frailty RCT candidate with relevant outcome,unclear,aerobic_walking;nutrition,exclude_before_extraction,"Disease-specific, post-acute or hospital rehabilitation population",exercise_plus_nutrition
33128790,10.1111/joor.13122,Improvement of oral hypofunction by a comprehensive oral and physical exercise programme including textured lunch gatherings.,2021,Journal of oral rehabilitation,https://pubmed.ncbi.nlm.nih.gov/33128790/,Community/primary-care frailty RCT candidate,"The deterioration of oral function to a state of oral hypofunction (OHF) is reportedly associated with malnutrition and frailty. Thus, we Investigated the association of OHF with physical characteristics and function and test the effects of a programme including comprehensive oral and physical exercises and textured lunch gatherings (COPE-TeL programme) on oral and physical function in older adults with OHF. Eighty-six community-dwelling older adults were randomly assigned into control (n = 43) or intervention (n = 43) groups. The participants were further divided into OHF and normal oral function (NOF) sub-groups based on initial oral examinations. The intervention group participated in the 12-week COPE-TeL programme, while the control group performed the physical exercise regimen only. The differences in measured variables for physical and oral function between the OHF and NOF groups were statistically tested, and changes in the proportion of participants with OHF were examined. Physical function, such as hand grip strength and walking speed, was significantly lower in the OHF group at the initial assessment. The proportion of participants with OHF was 56% in the intervention group and 67% in the control group before the trial, which became significantly reduced after completing the COPE-TeL programme in the intervention group (26%, P = .002), but not in the controls (61%, P = .549). Older adults with OHF may have diminished physical function. The COPE-TeL programme of oral and physical exercises along with textured lunch gatherings may be effective for older adults with OHF.",include_title_abs,A_primary_fulltext,extraction_candidate,Peer-reviewed community/home/primary-care frailty RCT candidate with relevant outcome,community,resistance;aerobic_walking;nutrition,extract_now,High-confidence community/home/primary-care frailty RCT candidate,exercise_plus_nutrition
33513714,10.3390/md19020062,Limited Benefit of Marine Protein Hydrolysate on Physical Function and Strength in Older Adults: A Randomized Controlled Trial.,2021,Marine drugs,https://pubmed.ncbi.nlm.nih.gov/33513714/,Community/primary-care frailty RCT candidate,"Age-related muscle wasting can compromise functional abilities of the elderly. Protein intake stimulates muscle protein synthesis; however, ageing muscle is more resistant to stimuli. This double-blinded, randomized, controlled trial is one of the first registered studies to evaluate the effects of a supplement of marine protein hydrolysate (MPH) on measures of physical function and strength. Eighty-six older adults received nutritional supplements containing 3 g of MPH or a placebo for up to 12 months. Short Physical Performance Battery (SPPB), grip strength and gait speed were measured, and dietary intake was registered at baseline, 6 months, and 12 months. No difference was found between the intervention and control groups in mean change in SPPB (independent sample t-test, p = 0.41) or regarding time trend in SPPB, grip strength, or gait speed (linear mixed model). The participants in our study were well functioning, causing a ceiling effect in SPPB. Further, they had sufficient protein intake and were physically active. Differences in physical function between those completing the intervention and the dropouts might also have created bias in the results. We recommend that future studies of MPH be carried out on a more frail or malnourished population.",include_title_abs,A_primary_fulltext,extraction_candidate,Peer-reviewed community/home/primary-care frailty RCT candidate with relevant outcome,unclear,resistance;nutrition,extract_now,High-confidence community/home/primary-care frailty RCT candidate,exercise_plus_nutrition
34351363,10.1093/ageing/afab149,Long-term effect of a 24-week multicomponent intervention on physical performance and frailty in community-dwelling older adults.,2021,Age and ageing,https://pubmed.ncbi.nlm.nih.gov/34351363/,Community/primary-care frailty RCT candidate,"Multicomponent interventions improve physical function and frailty in older adults, but their long-term benefit remains uncertain. This prospective non-randomised study was conducted in 383 older Koreans (mean age, 76.8 years; female 72.3%) who were living alone or receiving medical aid. Of these, 187 individuals chose to receive a 24-week intervention that consisted of group exercise, nutritional supplements, depression management, deprescribing and home hazard reduction. The remaining 196 individuals received usual care. We compared the short physical performance battery (SPPB) score (0-12 points), frailty phenotype scale (0-5 points) and deficit-accumulation frailty index (0-1) at baseline, 6, 18 and 30 months. After 1:1 propensity score matching (n = 117 per group), the mean SPPB scores for the intervention and comparison groups were 7.6 versus 7.6 at baseline, 10.7 versus 7.1 at 6 months (mean difference, 3.5; 95% confidence interval [CI], 2.8-4.2), 9.1 versus 7.8 at 18 months (1.3; 95% CI, 0.6-2.0) and 8.6 versus 7.5 at 30 months (1.1; 95% CI, 0.4-1.8). The intervention group had lower frailty phenotype scale (1.1 versus 1.8; difference, -0.7; 95% CI -1.0 to -0.3) and frailty index (0.22 versus 0.27; difference, -0.04; -0.06 to -0.02) at 6 months, but similar scores at 18 and 30 months. The 30-month mean institutionalisation-free survival time was 28.5 months in the intervention group versus 23.3 months in the comparison group (difference, 5.2 months; 95% CI, 3.1-7.4). The 24-week multicomponent intervention showed sustained improvement in physical function, temporary reduction in frailty and longer institutionalisation-free survival over 30 months.",include_title_abs,A_primary_fulltext,extraction_candidate,Peer-reviewed community/home/primary-care frailty RCT candidate with relevant outcome,community,multicomponent_exercise;nutrition,extract_now,High-confidence community/home/primary-care frailty RCT candidate,exercise_plus_nutrition
34105709,10.14283/jfa.2021.2,Multicomponent exercise program in older adults with lung cancer during adjuvant/palliative treatment: A secondary analysis of an intervention study.,2021,The Journal of frailty & aging,https://pubmed.ncbi.nlm.nih.gov/34105709/,Community/primary-care frailty RCT candidate,"Lung cancer is the second most prevalent common cancer in the world and predominantly affects older adults. This study aimed to examine the impact of an exercise programme in the use of health resources in older adults and to assess their changes in frailty status. This is a secondary analysis of a quasi-experimental study with a non-randomized control group. Oncogeriatrics Unit of the Complejo Hospitalario de Navarra, Spain. Newly diagnosed patients with NSCLC stage I-IV. Multicomponent exercise programme that combined resistance, endurance, balance and flexibility exercises. Each session lasted 45-50 minutes, and the exercise protocol was performed twice a week over 10 weeks. Mortality, readmissions and Visits to the Emergency Department. Change in frailty status according to Fried, VES-13 and G-8 scales. 26 patients completed the 10-weeks intervention (IG). Mean age in the control group (CG) was 74.5 (3.6 SD) vs 79 (3 SD) in the IG, and 78,9% were male in the IG vs 71,4% in the CG. No major adverse events or health-related issues attributable to the testing or training sessions were noted. Significant between-group differences were obtained on visits to the emergency department during the year post-intervention (4 vs 1; p:0.034). No differences were found in mortality rate and readmissions, where an increasing trend was observed in the CG compared with the IG in the latter (2 vs 0; p 0.092). Fried scale was the unique indicator that seemed to be able to detect changes in frailty status after the intervention. A multicomponent exercise training programme seems to reduce the number of visits to the emergency department at one-year post-intervention in older adults with NSCLC during adjuvant therapy or palliative treatment, and is able to modify the frailty status when measured with the Fried scale.",include_title_abs,A_primary_fulltext,secondary_disease_specific,Disease-rehabilitation population; secondary/sensitivity only,unclear,resistance;balance;aerobic_walking;multicomponent_exercise,exclude_before_extraction,Protocol/design/baseline paper,multicomponent_exercise
34092633,10.3233/JAD-201607,"Multidomain Intervention for Reversal of Cognitive Frailty, Towards a Personalized Approach (AGELESS Trial): Study Design.",2021,Journal of Alzheimer's disease : JAD,https://pubmed.ncbi.nlm.nih.gov/34092633/,Community/primary-care frailty RCT candidate,"Cognitive frailty (CF) is identified as one of the main precursors of dementia. Multidomain intervention has been found to delay or prevent the onset of CF. The aim of our present study is to determine the effectiveness of a comprehensive, multidomain intervention on CF; to evaluate its cost effectiveness and the factors influencing adherence toward this intensive intervention. A total of 1,000 community dwelling older adults, aged 60 years and above will be screened for CF. This randomized controlled trial involves recruitment of 330 older adults with CF from urban, semi-urban, and rural areas in Malaysia. Multidomain intervention comprised of physical, nutritional, cognitive, and psychosocial aspects will be provided to participants in the experimental group (n = 165). The control group (n = 165) will continue their usual care with their physician. Primary outcomes include CF status, physical function, psychosocial and nutritional status as well as cognitive performance. Vascular health and gut microbiome will be assessed using blood and stool samples. A 24-month intensive intervention will be prescribed to the participants and its sustainability will be assessed for the following 12 months. The effective intervention strategies will be integrated as a personalized telerehabilitation package for the reversal of CF for future use. The multidomain intervention developed from this trial is expected to be cost effective compared to usual care as well as able is to reverse CF. This project will be part of the World-Wide FINGERS (Finnish Geriatric Intervention Study to Prevent Cognitive Impairment and Disability) Network, of which common identifiable data will be shared and harmonized among the consortia.",include_title_abs,A_primary_fulltext,exclude,Protocol/design/baseline paper rather than outcome report,hospital_or_postacute,nutrition;digital_home;multidomain,exclude_before_extraction,Protocol/design/baseline paper,multidomain
32443963,10.1089/rej.2020.2302,Perceptive-Cognitive and Physical Function in Prefrail Older Adults: Exergaming Versus Traditional Multicomponent Training.,2021,Rejuvenation research,https://pubmed.ncbi.nlm.nih.gov/32443963/,Community/primary-care frailty RCT candidate,"Research highlights the benefits of regular traditional multicomponent training in older adults. The potential effect of exergames on perceptive-cognitive and physical function in prefrail older adults is still little explored. The study aimed to compare the effects of two physical exercise training programs (exergaming vs. traditional multicomponent) on perceptive-cognitive and physical functions of prefrail older adults. This study was a randomized controlled trial having 66 prefrail older adults assigned to two groups (exergame group [EG]: n = 32, 70.84 ± 4.53 years; multicomponent group [MG]: n = 34, 70.76 ± 5.60 years). Frailty phenotype, fall history, basic and advanced cognition, perceptual, physical (mobility, gait speed, and balance), and muscle (strength and power) functions were evaluated. Intervention was conducted during 12 weeks. The EG and MG performed similar exercise routines involving the main lower limb muscle groups required in daily activities. A mixed model analysis of variance (ANOVA) and effect size (d) revealed that both programs were effective in postponing frailty status, reducing the fear of falling (EG: d = 1.65; MG: d = 1.40), increasing fall risk awareness (EG: d = 2.14; MG: d = 1.60), improving cognitive status (EG: d = 0.83-2.61; MG: d = 0.86-1.43), muscle (EG: d = 0.54; MG: d = 0.51-0.73), and physical function (EG: d = 0.97-1.55; MG: d = 1.01-2.23). The exergame training might be a better alternative to improve cognition, whereas the multicomponent program may be a better option to provide physical function gains.",include_title_abs,A_primary_fulltext,extraction_candidate,Peer-reviewed community/home/primary-care frailty RCT candidate with relevant outcome,unclear,resistance;balance;multicomponent_exercise;digital_home,extract_now,High-confidence community/home/primary-care frailty RCT candidate,multicomponent_exercise
33999544,10.1056/NEJMoa2026141,Physical Rehabilitation for Older Patients Hospitalized for Heart Failure.,2021,The New England journal of medicine,https://pubmed.ncbi.nlm.nih.gov/33999544/,Implementation-relevant frailty RCT candidate,"Older patients who are hospitalized for acute decompensated heart failure have high rates of physical frailty, poor quality of life, delayed recovery, and frequent rehospitalizations. Interventions to address physical frailty in this population are not well established. We conducted a multicenter, randomized, controlled trial to evaluate a transitional, tailored, progressive rehabilitation intervention that included four physical-function domains (strength, balance, mobility, and endurance). The intervention was initiated during, or early after, hospitalization for heart failure and was continued after discharge for 36 outpatient sessions. The primary outcome was the score on the Short Physical Performance Battery (total scores range from 0 to 12, with lower scores indicating more severe physical dysfunction) at 3 months. The secondary outcome was the 6-month rate of rehospitalization for any cause. A total of 349 patients underwent randomization; 175 were assigned to the rehabilitation intervention and 174 to usual care (control). At baseline, patients in each group had markedly impaired physical function, and 97% were frail or prefrail; the mean number of coexisting conditions was five in each group. Patient retention in the intervention group was 82%, and adherence to the intervention sessions was 67%. After adjustment for baseline Short Physical Performance Battery score and other baseline characteristics, the least-squares mean (±SE) score on the Short Physical Performance Battery at 3 months was 8.3±0.2 in the intervention group and 6.9±0.2 in the control group (mean between-group difference, 1.5; 95% confidence interval [CI], 0.9 to 2.0; P<0.001). At 6 months, the rates of rehospitalization for any cause were 1.18 in the intervention group and 1.28 in the control group (rate ratio, 0.93; 95% CI, 0.66 to 1.19). There were 21 deaths (15 from cardiovascular causes) in the intervention group and 16 deaths (8 from cardiovascular causes) in the control group. The rates of death from any cause were 0.13 and 0.10, respectively (rate ratio, 1.17; 95% CI, 0.61 to 2.27). In a diverse population of older patients who were hospitalized for acute decompensated heart failure, an early, transitional, tailored, progressive rehabilitation intervention that included multiple physical-function domains resulted in greater improvement in physical function than usual care. (Funded by the National Institutes of Health and others; REHAB-HF ClinicalTrials.gov number, NCT02196038.).",include_title_abs,A_primary_fulltext,secondary_setting,Hospital/post-acute/residential setting; not primary Indian primary-care scope,hospital_or_postacute,resistance;balance;aerobic_walking,exclude_before_extraction,Protocol/design/baseline paper,exercise_only
33937294,10.3389/fmed.2021.660463,"Possible Sarcopenia and Impact of Dual-Task Exercise on Gait Speed, Handgrip Strength, Falls, and Perceived Health.",2021,Frontiers in medicine,https://pubmed.ncbi.nlm.nih.gov/33937294/,Community/primary-care frailty RCT candidate,"Background: Sarcopenia is defined as a progressive age-related loss in muscle mass and strength affecting physical performance. It is associated with many negative outcomes including falls, disability, cognitive decline, and mortality. Protein enriched diet and resistance training have shown to improve muscle strength and function but there is limited evidence on impact of dual-task exercise in possible sarcopenia. Objective: To evaluate impact of community-based dual-task exercise on muscle strength and physical function in possible sarcopenia defined by either slow gait (SG) or poor handgrip strength (HGS). The secondary aims include effect on cognition, frailty, falls, social isolation, and perceived health. Methods: Community-dwelling older adults ≥60 years old were recruited from screening program intended to identify seniors at risk, and invited to participate in dual-task exercise program called HAPPY (Healthy Aging Promotion Program for You). One hundred and eleven participants with possible sarcopenia completed 3 months follow-up. Questionnaire was administered on demographics, frailty, sarcopenia, falls, perceived health, social network, functional, and cognitive status. Physical performance included assessment of HGS, gait speed, and Short Physical Performance Battery test (SPPB). Results: The mean age of the Exercise group was 75.9 years old and 73.0% were women. The Exercise group had more female (73.0 vs. 47.5%), were older (75.9 vs. 72.5 years old), had higher prevalence of falls (32.4 vs. 15.0%), lower BMI (23.7 vs. 25.8), and education (4.0 vs. 7.2 years). The gait speed of the Exercise group increased significantly with significant reduction in the prevalence of SG and poor HGS. All components of SPPB as well as the total score increased significantly while the prevalence of pre-frailty and falls dropped by half. The risk of social isolation reduced by 25% with significant improvement in perceived health and cognition in the Exercise group. Significant impact on improvement gait speed and SPPB persisted after adjustment for baseline factors. Conclusion: Dual-task exercise program is effective in improving gait speed, SPPB score, and reducing the prevalence of poor HGS with significant improvement in perceived health, cognition, and reduction in falls and frailty. Future prospective randomized control trials are needed to evaluate the effectiveness of dual-task interventions in reversing sarcopenia.",include_title_abs,A_primary_fulltext,extraction_candidate,Peer-reviewed community/home/primary-care frailty RCT candidate with relevant outcome,community,resistance;balance;nutrition;digital_home,extract_now,High-confidence community/home/primary-care frailty RCT candidate,exercise_plus_nutrition
33228950,10.1016/j.amjmed.2020.09.019,Randomized Comparison of Exercise Intervention Versus Usual Care in Older Adult Patients with Frailty After Acute Myocardial Infarction.,2021,The American journal of medicine,https://pubmed.ncbi.nlm.nih.gov/33228950/,Community/primary-care frailty RCT candidate,"Older adult patients with frailty are rarely involved in rehabilitation programs after myocardial infarction. Our aim was to investigate the benefits of exercise intervention in these patients. A total of 150 survivors after acute myocardial infarction, ≥70 years and with pre-frailty or frailty (Fried scale ≥1 points), were randomized to control (n = 77) or intervention (n = 73) groups. The intervention consisted of a 3-month exercise program, under physiotherapist supervision, followed by an independent home-based program. The main outcome was frailty (Fried scale) at 3 months and 1 year. Secondary endpoints were clinical events (mortality or any readmission) at 1 year. Mean age was 80 years (range = 70-96). In the intervention group, 44 (60%) out of 73 patients participated in the program and 23 (32%) completed it. Overall, there was a decrease in the Fried score in the intervention group at 3 months, with no effect at 1 year. However, in the intention-to-treat analysis, such change did not achieve statistical significance (P = 0.110). Only treatment comparisons made among the subgroups that participated in (P = 0.033) and completed (P = 0.018) the program achieved statistical significance. There were no differences in clinical events. Worse Fried score trajectory along follow-up increased mortality risk (hazard ratio [HR] = 2.38, 95% confidence interval [CI] 1.24-4.55, P = 0.009) CONCLUSIONS: Recruitment and retention for a physical program in older adult patients with frailty after myocardial infarction was challenging. Frailty status improved in the subgroup that participated in the program, although this benefit was attenuated after shifting to a home-based program. A better frailty trajectory might influence midterm prognosis. (ClinicalTrials.govNCT02715453).",include_title_abs,A_primary_fulltext,extraction_candidate,Peer-reviewed community/home/primary-care frailty RCT candidate with relevant outcome,home,digital_home,exclude_before_extraction,Protocol/design/baseline paper,digital_home_unclear_intervention
33546255,10.3390/ijerph18041396,Randomized Controlled Trial on the Effects of a Combined Intervention of Computerized Cognitive Training Preceded by Physical Exercise for Improving Frailty Status and Cognitive Function in Older Adults.,2021,International journal of environmental research and public health,https://pubmed.ncbi.nlm.nih.gov/33546255/,Community/primary-care frailty RCT candidate,"(1) Objective: This study examined the effects of a combined intervention of Brainastic computerized cognitive training (CCT) preceded by physical exercise (PE) for improving frailty status and cognitive function in older adults. (2) Methods: Older adults aged 50 years or older attending elderly centers, without frailty/history of cognitive impairment, were randomly allocated into either a 12-week (i) multi-domain CCT + PE (n = 117), (ii) two-domain CCT + PE (n = 116) or (iii) video watching + PE (i.e., control, n = 114). Brainastic is an online application for cognitive training through video games. The multi-domain CCT targeted memory, attention, executive function, flexibility and visuospatial ability while the two-domain CCT targeted memory and attention. PE included both aerobic and resistance exercises. Outcomes were changes in frailty levels as measured with a simple frailty questionnaire (FRAIL), global cognition as measured with the Rapid Cognitive Screen (RCS), total learning and verbal memory abilities as measured with the Hong Kong List Learning Test (HKLLT), and executive functions as measured with the Frontal Assessment Battery (FAB) over 12 weeks. (3) Results: Participants in the intervention groups (multi-/two-domain CCT + PE) showed greater improvements in frailty status, total learning ability and verbal memory ability than control participants (all p < 0.05). The multi-domain CCT did not outperform the two-domain CCT in improving frailty status or cognitive function. The training effects were independent of the baseline cognition of the participants. (4) Conclusions: A combined intervention of multi-/two-domain CCT preceded by PE seemed to convey benefit over video watching preceded by PE in improving frailty status and cognitive function among older adults attending elderly centers.",include_title_abs,A_primary_fulltext,extraction_candidate,Peer-reviewed community/home/primary-care frailty RCT candidate with relevant outcome,unclear,resistance;aerobic_walking;digital_home;multidomain,extract_now,High-confidence community/home/primary-care frailty RCT candidate,multidomain
33975304,10.1159/000514676,Reinforcement Effects of Social Network Intervention during Nutritional Supplementation in Frail Older Adults.,2021,Gerontology,https://pubmed.ncbi.nlm.nih.gov/33975304/,Community/primary-care frailty RCT candidate,"Chronic undernutrition and a homebound state are corelated and are both important components of frailty. However, whether social network intervention combined with protein supplementation is an effective strategy to prevent functional decline among frail older adults is unclear. 150 frail older adults participated in a 3-month, 3-armed, community-based clinical trial and were randomly assigned to one of 3 groups: high-protein supplementation (additional 27 g of protein/day), the Social Nutrition Program (additional 27 g of protein/day and social network intervention), or a control group. Those assigned to the Social Nutrition Program group received individual counseling from 1 dietitian and 1 social worker during 6 home visits and were encouraged to participate in 4 sessions of community-based cooking activities, the social kitchen program. Primary outcomes were changes in Physical Functioning (PF) and the Timed Up and Go (TUG) test and were assessed at 0 months (baseline), 1.5 months (interim), and 3, 6, and 9 months (postintervention). Compared with the control group, participants in the Social Nutrition Program showed an average improvement of 2.2-3.0 s in the TUG test and this improvement persisted for 3 months after the end of the program (post hoc p ≤ 0.030). The Social Nutrition Program also increased PF by 1.3 points while the control group showed a 1.4 point reduction at the end of the program (post hoc p = 0.045). Improvement in PF and TUG results was primarily observed for the socially frail subgroup of older adults in the Social Nutrition Program group rather than the physically frail subgroup. Frequency of leaving home functioned as a mediator (p = 0.042) and explained 31.2% of the total effect of the Social Nutrition Program on PF change. Our results indicate that social network intervention combined with protein supplementation can improve both the magnitude and duration of functional status among frail older community-dwelling adults.",include_title_abs,A_primary_fulltext,extraction_candidate,Peer-reviewed community/home/primary-care frailty RCT candidate with relevant outcome,community,nutrition,extract_now,High-confidence community/home/primary-care frailty RCT candidate,nutrition_only
34302941,10.1016/j.exger.2021.111496,Resistance exercise training at different loads in frail and healthy older adults: A randomised feasibility trial.,2021,Experimental gerontology,https://pubmed.ncbi.nlm.nih.gov/34302941/,Community/primary-care frailty RCT candidate,"This trial aimed to determine the feasibility of recruitment, retention, adherence, and safety of a resistance training (RT) intervention to skeletal muscle failure in both frail and non-frail older adults. An 8-week randomised feasibility trial. Older adults, with and without frailty, recruited from both clinics and community. Recruitment was based on the number of participants enrolled from those provided with a Patient Information Sheet (PIS). Retention was based on the number of participants who completed the trial. Adherence was based on the number of RT sessions attended out of 16. Outcomes included frailty (Fried criteria), muscle strength (maximal voluntary contraction), functional abilities (Short Physical Performance battery), quality of life (EQ-5D-5L), activities of daily living (LIADL) and safety (diary). Recruitment target (n = 60) was achieved within 15 months, 58 were randomised to high (n = 30) or low repetition-load (n = 28) groups. Mean age of participants was 72 years (range 65-93). Adherence and retention rate for the RT intervention was ≥70%. There was one serious adverse experience due to the RT intervention. There were no differences (P > 0.05) in effects of RT on outcome variables between low and high repetition-load groups. Recruitment of frail people was challenging. Older adults performing supervised RT to skeletal muscle failure was feasible and safe, with appropriate caution, and the repetition-load did not appear to influence its efficacy. Future research into the effectiveness of this simplified model of RT is warranted.",include_title_abs,A_primary_fulltext,extraction_candidate,Peer-reviewed community/home/primary-care frailty RCT candidate with relevant outcome,community,resistance;digital_home,exclude_before_extraction,Protocol/design/baseline paper,exercise_only
34559837,10.1371/journal.pone.0257742,The MoveStrong program for promoting balance and functional strength training and adequate protein intake in pre-frail older adults: A pilot randomized controlled trial.,2021,PloS one,https://pubmed.ncbi.nlm.nih.gov/34559837/,Community/primary-care frailty RCT candidate,"Balance and functional strength training can improve muscle strength and physical functioning outcomes and decrease the risk of falls in older adults. To maximize the benefits of strength training, adequate protein intake is also important. However, the number of older individuals that consume enough protein or routinely engage in strength training remains low at less than 5% and even lower for activities that challenge balance. Our primary aim was to assess the feasibility of implementing a model (MoveStrong) of service delivery to teach older adults about balance and functional strength training and methods to increase protein intake. This study was a closed cohort stepped wedge randomized controlled trial. We recruited individuals ≥60 years considered pre-frail or frail with at least one chronic condition who were not currently engaging in regular strength training from Northern (rural) and Southern (urban) Ontario sites in Canada. The primary outcome was feasibility of implementation, defined by recruitment, retention, and adherence, and safety (defined by monitoring adverse events). We also reported participants' and providers' experience with MoveStrong, adaptations to the model based on participant's and provider's experience, and program fidelity. We recruited 44 participants to the study and the average adherence rate was 72% with a retention of 71%. The program had a high-fidelity score. One person experienced a fall-related injury during exercise, while two other participants reported pain during certain activities. Five individuals experienced injuries or health problems that were not related to the program. Suggestions for future trials include modifying some exercises, exploring volunteer assistance, increasing the diversity of participants enrolled, and considering a different study design. Our pilot trial demonstrates the feasibility of recruitment and adherence for a larger multisite RCT of balance and functional strength training with attention to protein intake in pre-frail and frail older adults.",include_title_abs,A_primary_fulltext,extraction_candidate,Peer-reviewed community/home/primary-care frailty RCT candidate with relevant outcome,unclear,resistance;balance;nutrition,exclude_before_extraction,Protocol/design/baseline paper,exercise_plus_nutrition
32114877,10.1177/0733464820902652,"The Otago Exercise Program With or Without Motivational Interviewing for Community-Dwelling Older Adults: A 12-Month Follow-Up of a Randomized, Controlled Trial.",2021,Journal of applied gerontology : the official journal of the Southern Gerontological Society,https://pubmed.ncbi.nlm.nih.gov/32114877/,Community/primary-care frailty RCT candidate,"The aim of this randomized controlled trial was to examine the 12-month effects of the home-based Otago Exercise Program (OEP) with or without the support of motivational interviewing (MI) on community-dwelling people 75 years and older who needed walking aids and/or home help service. In total, 175 participants were randomized into three groups: OEP (n = 61), OEP with MI (n = 58), and a control group (n = 56) (M age = 83 years). Measures were physical performance, physical activity level, balance, grip strength, fall-related self-efficacy, fall rate, and fall injury rate. The OEP with and the OEP without MI, with the support of a physical therapist (six home visits and three phone calls), demonstrated no benefits in any of the measures compared with a control group. In this subgroup of pre-frail older adults, more frequent support by personnel may be required to secure efficient intensity and progression in the exercises performed on your own at home.",include_title_abs,A_primary_fulltext,extraction_candidate,Peer-reviewed community/home/primary-care frailty RCT candidate with relevant outcome,home,resistance;balance;aerobic_walking;digital_home,extract_now,High-confidence community/home/primary-care frailty RCT candidate,exercise_only
33583000,10.1007/s41999-020-00438-4,The sarcopenia and physical frailty in older people: multi-component treatment strategies (SPRINTT) project: description and feasibility of a nutrition intervention in community-dwelling older Europeans.,2021,European geriatric medicine,https://pubmed.ncbi.nlm.nih.gov/33583000/,Community/primary-care frailty RCT candidate,"The ""Sarcopenia and Physical Frailty in Older People: Multicomponent Treatment Strategies"" (SPRINTT) project sponsored a multi-center randomized controlled trial (RCT) with the objective to determine the effect of physical activity and nutrition intervention for prevention of mobility disability in community-dwelling frail older Europeans. We describe here the design and feasibility of the SPRINTT nutrition intervention, including techniques used by nutrition interventionists to identify those at risk of malnutrition and to carry out the nutrition intervention. SPRINTT RCT recruited older adults (≥ 70 years) from 11 European countries. Eligible participants (n = 1517) had functional limitations measured with Short Physical Performance Battery (SPPB score 3-9) and low muscle mass as determined by DXA scans, but were able to walk 400 m without assistance within 15 min. Participants were followed up for up to 3 years. The nutrition intervention was carried out mainly by individual nutrition counseling. Nutrition goals included achieving a daily protein intake of 1.0-1.2 g/kg body weight, energy intake of 25-30 kcal/kg of body weight/day, and serum vitamin D concentration ≥ 75 mmol/L. Survey on the method strategies and feasibility of the nutrition intervention was sent to all nutrition interventionists of the 16 SPRINTT study sites. Nutrition interventionists from all study sites responded to the survey. All responders found that the SPRINTT nutrition intervention was feasible for the target population, and it was well received by the majority. The identification of participants at nutritional risk was accomplished by combining information from interviews, questionnaires, clinical and laboratory data. Although the nutrition intervention was mainly carried out using individual nutritional counselling, other assisting methods were used as appropriate. The SPRINTT nutrition intervention was feasible and able to adapt flexibly to varying needs of this heterogeneous population. The procedures adopted to identify older adults at risk of malnutrition and to design the appropriate intervention may serve as a model to deliver nutrition intervention for community-dwelling older people with mobility limitations.",include_title_abs,A_primary_fulltext,extraction_candidate,Peer-reviewed community/home/primary-care frailty RCT candidate with relevant outcome,community,multicomponent_exercise;nutrition;digital_home,extract_now,High-confidence community/home/primary-care frailty RCT candidate,exercise_plus_nutrition
32375239,10.3390/geriatrics5020029,"A Novel Exercise for Enhancing Visuospatial Ability in Older Adults with Frailty: Development, Feasibility, and Effectiveness.",2020,"Geriatrics (Basel, Switzerland)",https://pubmed.ncbi.nlm.nih.gov/32375239/,Community/primary-care frailty RCT candidate,"We aimed to develop a novel exercise to improve visuospatial ability and evaluate its feasibility and effectiveness in older adults with frailty. A non-randomized preliminary trial was conducted between June 2014 and March 2015. We recruited 35 adults with frailty (24 women), aged 66-92 years. Participants were assigned to either locomotive- or visuospatial-exercise groups. All participants exercised under the supervision of physiotherapists for 90 min/week for 12 weeks. The visuospatial exercise participants used cubes with six colored patterns and were instructed to ""reproduce the same colored pattern as shown in the photo"", using the cubes. In the locomotive exercise group, lower extremity functional training was provided. Rates of retention and attendance measured feasibility. Most participants completed the intervention (77.3%, locomotive; 84.6%, visuospatial) and had good attendance (83.8%, locomotive; 90.7%, visuospatial). Mini-mental state examination (MMSE), clock drawing test (CDT), and seven physical performance tests were conducted before and after interventions. The improvement in the MMSE score, qualitative analysis of CDT, grip strength, and sit and reach assessments were significantly greater in the visuospatial exercise group than in the locomotive exercise group. The cube exercise might be a feasible exercise program to potentially improve visuospatial ability and global cognition in older adults with frailty.",include_title_abs,A_primary_fulltext,extraction_candidate,Peer-reviewed community/home/primary-care frailty RCT candidate with relevant outcome,unclear,resistance,extract_now,High-confidence community/home/primary-care frailty RCT candidate,exercise_only
33032532,10.1186/s12877-020-01805-3,A physical activity program versus usual care in the management of quality of life for pre-frail older adults with chronic pain: randomized controlled trial.,2020,BMC geriatrics,https://pubmed.ncbi.nlm.nih.gov/33032532/,Community/primary-care frailty RCT candidate,"Exercise has shown being effective for managing chronic pain and preventing frailty status in older adults but the effect of an exercise program in the quality of life of pre-frail older adults with chronic pain remains unclear. Our objective was to evaluate the effectiveness of multicomponent structured physical exercise program for pre-frail adults aged 65 years or more with chronic pain to improve their perceived health related quality of life, compared with usual care. Open label randomized controlled trial. Participants were community-dwelling pre-frail older adults aged 65 years or older with chronic pain and non-dependent for basic activities of daily living attending a Primary Healthcare Centre. Forty-four participants were randomly allocated to a control group (n = 20) that received usual care or an intervention group (n = 24) that received an 8-week physical activity and education program. Frailty status (SHARE Frailty Index), quality of life (EuroQol-5D-5L), pain intensity (Visual Analogue Scale), physical performance (Short Physical Performance Battery) and depression (Yessavage) were assessed at baseline, after the intervention and after 3 months follow-up. The effect of the intervention was analysed by mean differences between the intervention and control groups. The follow-up period (3 months) was completed by 32 patients (73%), 17 in the control group and 15 in the intervention group. Most participants were women (78.1%) with a mean age (standard deviation) of 77.2 (5.9) years and a mean pain intensity of 48.1 (24.4) mm. No relevant differences were found between groups at baseline. After the intervention, mean differences in the EuroQol Index Value between control and intervention groups were significant (- 0.19 95% CI(- 0.33- -0.04)) and remained after 3 months follow-up (- 0.21 95% CI(- 0.37- -0.05)). Participants in the exercise group showed better results in pain intensity and frailty after the intervention, and an improvement in physical performance after the intervention and after 3 months. An eight-week physical activity and education program for pre-frail older adults with chronic pain, compared with usual care, could be effective to improve quality of life after the intervention and after three-months follow-up. This study was retrospectively registered in ClinicalTrials.gov with the identifier NCT04045535 .",include_title_abs,A_primary_fulltext,extraction_candidate,Peer-reviewed community/home/primary-care frailty RCT candidate with relevant outcome,community,multicomponent_exercise,extract_now,High-confidence community/home/primary-care frailty RCT candidate,multicomponent_exercise
32276783,10.1016/j.jamda.2020.02.008,Comparative Effectiveness of Functional Tests in Fall Prediction After Hip Fracture.,2020,Journal of the American Medical Directors Association,https://pubmed.ncbi.nlm.nih.gov/32276783/,Community/primary-care frailty RCT candidate,"To assess the validity of 4 functional tests in predicting falls within the first year after hip fracture. Prospective study of functional tests shortly after hip surgery and incident falls during 12 months' follow-up. The sample comprised 173 adults with acute hip fracture, aged 65 years and older (79% women, 77% community dwelling, mean age 84.2 years), who participated in a clinical trial of vitamin D or home exercise. We assessed 4 functional tests [Timed Up and Go test (TUG), grip strength, and knee flexor and extensor strength in the nonoperated leg] by trained study physiotherapists at baseline (1-12 days after hip fracture surgery). During 12 months' follow-up, we ascertained all fall events by monthly personal phone calls, a telephone hotline, and a patient diary. Then we compared TUG and strength test performance at baseline between future single fallers, recurrent fallers, and nonfallers over the 12-month follow-up. All analyses adjusted for age, body mass index, gender, 25-hydroxyvitamin D status at baseline, days of follow-up, and treatment allocation (the original trial tested vitamin D treatment and/or a home exercise program). Ninety-two of 173 (53%) participants fell and experienced 212 falls. Participants who became recurrent fallers (n = 54) had significantly longer TUG times at baseline than those who did not fall (n = 81) in the following 12 months (mean TUG for recurrent fallers = 71.6 seconds, SD = 8.2 seconds, vs mean TUG for nonfallers = 51.4 seconds, SD = 6.9 seconds; P = .02). There were no significant differences in TUG times between single fallers and nonfallers. For all 3 strength tests, there were no significant differences between single fallers, recurrent fallers, and nonfallers. In this population of frail older adults recruited shortly after hip fracture surgery, only the TUG test discriminated between future recurrent fallers and nonfallers over a 12-month follow-up. Because of the high incidence and serious consequences of falls in older adults after a hip fracture, it is very important to identify practical and clinically related tests to predict repeated falls in the first year after a hip fracture, which is of great public health importance.",include_title_abs,A_primary_fulltext,secondary_setting,Hospital/post-acute/residential setting; not primary Indian primary-care scope,hospital_or_postacute,resistance;balance;nutrition,exclude_before_extraction,"Disease-specific, post-acute or hospital rehabilitation population",exercise_plus_nutrition
31997543,10.1002/jcsm.12504,Comprehensive geriatric intervention in community-dwelling older adults: a cluster-randomized controlled trial.,2020,"Journal of cachexia, sarcopenia and muscle",https://pubmed.ncbi.nlm.nih.gov/31997543/,Community/primary-care frailty RCT candidate,"In longevity societies, one of the most serious social issues is sarcopenia and/or frailty. Preventing them is important for maintaining independence and quality of life in the older population. This study investigated the effect of a self-monitoring comprehensive geriatric intervention programme (CGIP) on physical function and muscle size in community-dwelling older adults. We compared the effects of a CGIP using weekly class-styled (CS) sessions and a home-based (HB) programme. The 526 participants were randomized into one of two groups (CS 251, HB 275) based on their residential districts. We conducted a 12 week CGIP, which consisted of low-load resistance exercise, physical activity increments, oral function improvements, and a nutritional guide. All participants were encouraged to attend two 90 min lectures that included instructions on the CGIP. They were provided with exercise materials (triaxial-accelerometers/pedometers, ankle weights, and elastic bands) and diary logs. The CS group attended 90 min weekly sessions and independently executed the programme on other days, whereas the HB group only received instructions on how to execute the programme. Physical functions, such as knee extension strength (KES), normal and maximum walking speed, the timed up-and-go test, and anterior thigh muscle thickness (MT), were measured and analysed using intention-to-treat analysis before and after the 12 week intervention. Of the 526 participants identified, 517 (CS 243 age 74.0 ± 5.4 women 57.2%, HB 274 age 74.0 ± 5.6 women 58.8%) were enrolled. Nine (CS 8, HB 1) were excluded from the analysis because they did not participate in the pre-intervention measurements. Both interventions significantly improved KES (CS 18.5%, HB 10.6%), normal walking speed (CS 3.7%, HB 2.8%), and MT (CS 3.2%, HB 3.5%). Greater improvement of KES was observed in the CS group (P = 0.003). Maximum walking speed (CS 4.7%, HB 1.8%; P = 0.001) and timed up-and-go (CS -4.7%, HB -0.2%; P < 0.001) significantly improved in the CS group only. The intervention was effective in preventing sarcopenia and/or frailty. Most physical functions and MT improved after both interventions. The HB intervention is cost-effective and may help prevent sarcopenia and/or frailty in the large older population.",include_title_abs,A_primary_fulltext,extraction_candidate,Peer-reviewed community/home/primary-care frailty RCT candidate with relevant outcome,home,resistance;aerobic_walking;nutrition;digital_home;multidomain,extract_now,High-confidence community/home/primary-care frailty RCT candidate,multidomain_exercise_nutrition
33444206,10.1136/bmjopen-2020-040637,Effectiveness and cost-effectiveness of personalised dietary advice aiming at increasing protein intake on physical functioning in community-dwelling older adults with lower habitual protein intake: rationale and design of the PROMISS randomised controlled trial.,2020,BMJ open,https://pubmed.ncbi.nlm.nih.gov/33444206/,Community/primary-care frailty RCT candidate,"Short-term metabolic and observational studies suggest that protein intake above the recommended dietary allowance of 0.83 g/kg body weight (BW)/day may support preservation of lean body mass and physical function in old age, but evidence from randomised controlled trials is inconclusive. The PRevention Of Malnutrition In Senior Subjects in the EU (PROMISS) trial examines the effect of personalised dietary advice aiming at increasing protein intake with or without advice regarding timing of protein intake to close proximity of usual physical activity, on change in physical functioning after 6 months among community-dwelling older adults (≥65 years) with a habitual protein intake of <1.0 g/kg adjusted (a)BW/day. Participants (n=264) will be recruited in Finland and the Netherlands, and will be randomised into three groups; two intervention groups and one control group. Intervention group 1 (n=88) receives personalised dietary advice and protein-enriched food products in order to increase their protein intake to at least 1.2 g/kg aBW/day. Intervention group 2 (n=88) receives the same advice as described for intervention group 1, and in addition advice to consume 7.5-10 g protein through protein-(en)rich(ed) foods within half an hour after performing usual physical activity. The control group (n=88) receives no intervention. All participants will be invited to attend lectures not related to health. The primary outcome is a 6-month change in physical functioning measured by change in walk time using a 400 m walk test. Secondary outcomes are: 6-month change in the Short Physical Performance Battery score, muscle strength, body composition, self-reported mobility limitations, quality of life, incidence of frailty, incidence of sarcopenia risk and incidence of malnutrition. We also investigate cost-effectiveness by change in healthcare costs. The PROMISS trial will provide evidence whether increasing protein intake, and additionally optimising the timing of protein intake, has a positive effect on the course of physical functioning after 6 months among community-dwelling older adults with a habitual protein intake of <1.0 g/kg aBW/day. The study has been approved by the Ethics Committee of the Helsinki University Central Hospital, Finland (ID of the approval: HUS/1530/2018) and The Medical Ethical Committee of the Amsterdam UMC, location VUmc, Amsterdam, the Netherlands (ID of the approval: 2018.399). All participants provided written informed consent prior to being enrolled onto the study. Results will be submitted for publication in peer-reviewed journals and will be made available to stakeholders (ie, older adults, healthcare professionals and industry). ClinicalTrials.gov Registry (NCT03712306).",include_title_abs,A_primary_fulltext,extraction_candidate,Peer-reviewed community/home/primary-care frailty RCT candidate with relevant outcome,community,resistance;nutrition;digital_home,exclude_before_extraction,Non-randomized observational design,exercise_plus_nutrition
31706917,10.1016/j.jamda.2019.08.024,Effects of a Multicomponent Frailty Prevention Program in Prefrail Community-Dwelling Older Persons: A Randomized Controlled Trial.,2020,Journal of the American Medical Directors Association,https://pubmed.ncbi.nlm.nih.gov/31706917/,Community/primary-care frailty RCT candidate,"To examine the effects of a multicomponent frailty prevention program in community-dwelling older persons with prefrailty. A randomized controlled trial. A community elderly center in Hong Kong. Persons aged ≥50 years who scored 1-2 on a simple frailty questionnaire (FRAIL) METHODS: Participants (n = 127) were randomly assigned to a 12-week multicomponent frailty prevention program (exercise, cognitive training, board game activities) or to a wait-list control group. The primary outcomes were FRAIL scores, frailty status, and a combined frailty measure including subjective (FRAIL total score) and objective (grip strength, muscle endurance, balance, gait speed) measures. The secondary outcomes were verbal fluency assessed by dual-task gait speed, attention and memory assessed by digit span task, executive function assessed by the Frontal Assessment Battery, self-rated health, and life satisfaction. Assessments were conducted at baseline and at week 12. The mean age of the participants was 62.2 years, and 88.2% were women. At week 12, the FRAIL score had decreased in the intervention group (-1.3, P < .001) but had increased in the control group (0.3, P < .01) (between-group differences P < .001). In addition, 83.3% and 1.6% of the intervention and control groups, respectively, had reversed from prefrailty to robust phenotype (between-group differences P < .001). Participants in the intervention group also had a greater reduction in the combined frailty score and greater improvements in muscle endurance, balance, verbal fluency, attention and memory, executive function, and self-rated health than those in the control group (all P < .05). There were no significant differences between the groups with respect to grip strength, gait speed, and life satisfaction. The multicomponent frailty prevention program reduced frailty and improved physical and cognitive functions, and self-rated health in community-dwelling older persons with prefrailty. Findings can provide insights into the consideration of incorporating frailty prevention programs into the routine practice of community elderly services.",include_title_abs,A_primary_fulltext,extraction_candidate,Peer-reviewed community/home/primary-care frailty RCT candidate with relevant outcome,community,resistance;balance;aerobic_walking;multicomponent_exercise,extract_now,High-confidence community/home/primary-care frailty RCT candidate,multicomponent_exercise
32702879,10.1097/MD.0000000000021187,Effects of concurrent aerobic and resistance exercise in frail and pre-frail older adults: A randomized trial of supervised versus home-based programs.,2020,Medicine,https://pubmed.ncbi.nlm.nih.gov/32702879/,Community/primary-care frailty RCT candidate,"This study aimed to investigate the effects of supervised and home-based exercise programs on older people with frailty or pre-frailty. A total of 146 community-dwelling participants aged 65 and older who were prefrail or frail were randomly allocated into supervised exercise (N = 74) and home exercise (N = 72) groups. The 3-month supervised exercise training consisted of 3 exercise sessions per week, was performed at a hospital and supervised by a physical therapist. Home exercise participants took instructions on exercise and illustrated exercise handouts. The baseline and 3-month follow-up measurements included body composition, strength of selected upper and lower limb muscle groups, grip and leg press strengths, and five physical performance tests. Mixed-model repeated-measures analysis was applied to determine whether two groups differ in terms of changes before and after the intervention and to compare within-group improvements. After 3 months of supervised or home-based exercise, the average number of frailty criteria met and fat percentage decreased significantly. Strength of knee extensors, knee flexors and leg press improved significantly in supervised exercise group. In home-based exercise group, the strength of all muscle groups tested improved significantly, except for leg press strength. Walking speed improved in both groups, and timed-up-and-go and timed chair rise tests improved significantly only in supervised exercise group. Three-month supervised or home-based exercise improved walking speed and strength of the limb muscles. Supervised group showed more improvements in the physical performance tests compared with home-based exercise group.",include_title_abs,A_primary_fulltext,extraction_candidate,Peer-reviewed community/home/primary-care frailty RCT candidate with relevant outcome,home,resistance;aerobic_walking;digital_home,extract_now,High-confidence community/home/primary-care frailty RCT candidate,exercise_only
32134208,10.1002/jcsm.12534,"Efficacy of multidomain interventions to improve physical frailty, depression and cognition: data from cluster-randomized controlled trials.",2020,"Journal of cachexia, sarcopenia and muscle",https://pubmed.ncbi.nlm.nih.gov/32134208/,Community/primary-care frailty RCT candidate,"Frailty is the pre-eminent exigency of aging. Although frailty-related impairments are preventable, and multidomain interventions appear more effective than unimodal ones, the optimal components remain uncertain. We devised multidomain interventions against physical and cognitive decline among prefrail/frail community-dwelling ≥65-year-olds and evaluated these in complementary cluster-randomized trials of efficacy and participant empowerment. The Efficacy Study compared ~3-monthly telephone consultations vs. 16, 2 h sessions/year comprising communally partaken physical and cognitive training plus nutrition and disease education; the Empowerment Study compared the standard Efficacy Study multidomain intervention (Sessions 1-10) vs. an enhanced version redesigned to empower and motivate individual participants. Changes from baseline in physical, functional, and cognitive performance were measured after 6 and 12 months in the Efficacy Study and after 6 months in the Empowerment Study, with post-intervention follow-up at 9 months. Primary outcomes are as follows: Cardiovascular Health Study frailty score; gait speed; handgrip strength; and Montreal Cognitive Assessment (MoCA). Secondary outcomes are as follows: instrumental activities of daily living; metabolic equivalent of task (MET); depressed mood (Geriatric Depression Scale-5 ≥2); and malnutrition (Mini-Nutritional Assessment short-form ≤11). Intervention effects were analyzed using a generalized linear mixed model. Efficacy Study participants (n = 1082, 40 clusters) were 75.1 ± 6.3 years old, 68.7% women, and 64.7% prefrail/frail; analytic clusters: 19 intervention (410/549 completed) vs. 21 control (375/533 completed). Empowerment Study participants (n = 440, 14 clusters) were 75.9 ± 7.1 years old, 83.6% women, and 56.7% prefrail/frail; analytic clusters: seven intervention (209/230 completed) vs. seven control (189/210 completed). The standard and enhanced multidomain interventions both reduced frailty and significantly improved aspects of physical, functional, and cognitive performance, especially among ≥75-year-olds. Standard multidomain intervention decreased depression [odds ratio 0.56, 95% confidence interval (CI) 0.32, 0.99] and malnutrition (odds ratio 0.45, 95% CI 0.26, 0.78) by 12 months and improved concentration at Months 6 (0.23, 95% CI 0.04, 0.42) and 12 (0.46, 95% CI 0.22, 0.70). Participant empowerment augmented activity (4.67 MET/h, 95% CI 1.64, 7.69) and gait speed (0.06 m/s, 95% CI 0.00, 0.11) at 6 months, with sustained improvements in delayed recall (0.63, 95% CI 0.20, 1.06) and MoCA performance (1.29, 95% CI 0.54, 2.03), and less prevalent malnutrition (odds ratio 0.39, 95% CI 0.18, 0.84), 3 months after the intervention ceased. Pragmatic multidomain intervention can diminish physical frailty, malnutrition, and depression and enhance cognitive performance among community-dwelling elders, especially ≥75-year-olds; this might supplement healthy aging policies, probably more effectively if participants are empowered.",include_title_abs,A_primary_fulltext,extraction_candidate,Peer-reviewed community/home/primary-care frailty RCT candidate with relevant outcome,community,resistance;nutrition;digital_home;multidomain,extract_now,High-confidence community/home/primary-care frailty RCT candidate,multidomain_exercise_nutrition
32259186,10.14283/jfa.2020.13,"Multi-Component Exercise with High-Intensity, Free-Weight, Functional Resistance Training in Pre-Frail Females: A Quasi-Experimental, Pilot Study.",2020,The Journal of frailty & aging,https://pubmed.ncbi.nlm.nih.gov/32259186/,Community/primary-care frailty RCT candidate,"No study has performed an exercise intervention that included high-intensity, free-weight, functional resistance training, and assessed frailty status as an inclusion criteria and outcome measure via original, standardized tools, in pre-frail females. Determine if the intervention strategy is not only feasible and safe, but can also improve frailty status, functional task performance, and muscle strength. Pilot, quasi-experimental. Community. 20 older-adults with pre-frailty characteristics. 12-weeks (3 days/week, 45-60 minutes/session) of multi-component exercise, inclusive of aerobic, resistance, balance and flexibility exercises. The crux of the program was balance and resistance exercises, the latter utilized high-intensity, free-weight, functional resistance training. The control group maintained their usual care. 1) Feasibility and safety (dropout, adherence, and adverse event); 2) Frailty (Frailty Phenotype, Clinical Frailty Scale, and gait speed); 3) Functional task performance (grip strength and sit-to-stand time); and 4) Isometric and isotonic strength of the knee extensors and elbow flexors. No participants dropped out of the intervention or experienced an adverse event, and adherence averaged 88.3%. The exercise group became less frail, whereas the control group became more frail. There was a significant within-group improvement in exercise participants gait speed (p ≤ 0.01, +0.24 m/sec), grip strength (p ≤ 0.01, +3.9 kg), and sit-to-stand time (p ≤ 0.01, -5.0 sec). There was a significant within-group improvement in exercise participants knee extension isometric torque (p ≤ 0.05, +7.4 Nm) and isotonic velocity (p = ≤ 0.01, +37.5 ˚/sec). Elbow flexion isotonic velocity significantly declined within the control group (p ≤ 0.01, -20.2 ˚/sec) and demonstrated a significant between-group difference (p ≤ 0.05, 40.73 ˚/sec) post-intervention. The intervention strategy appears to be feasible and safe, and may also improve frailty status, functional task performance, and muscle strength. These results help calculate effect size for a future randomized controlled trial.",include_title_abs,A_primary_fulltext,extraction_candidate,Peer-reviewed community/home/primary-care frailty RCT candidate with relevant outcome,community,resistance;balance;aerobic_walking;multicomponent_exercise;digital_home,extract_now,High-confidence community/home/primary-care frailty RCT candidate,multicomponent_exercise
32466446,10.3390/ijerph17113760,Multicomponent Exercise Program Reduces Frailty and Inflammatory Biomarkers and Improves Physical Performance in Community-Dwelling Older Adults: A Randomized Controlled Trial.,2020,International journal of environmental research and public health,https://pubmed.ncbi.nlm.nih.gov/32466446/,Community/primary-care frailty RCT candidate,"The efficacy of exercise to reverse frailty in the aging population has not been extensively investigated. This study aimed to investigate the effectiveness of a multicomponent exercise program (MCEP) on frailty, physical performance (handgrip strength, Berg Balance Scale (BBS), Timed Up and Go test (TUG), and VO2Max), blood biomarkers (Interleukin-6 (IL-6) and C-reactive protein (CRP)) in frail older adults. A randomized controlled trial using an allocation concealment method, included 64 older adults (77.78 ± 7.24 years), were divided into two parallel groups using block randomization: an MCEP group (n = 32) and a control group (n = 32). The combined center- and home-based MCEP training consisted of chair aerobic, resistance, and balance, which was carried out 3 days per week for 24 weeks. A mixed model repeated measure ANOVA demonstrated significant interaction effects of group x time for BBS, TUG and frailty scores (p < 0.001). Additionally, the post-hoc analysis revealed that the MCEP group showed significantly improved BBS, TUG, and frailty scores (p < 0.01), at both 12- and 24-weeks. When compared with controls at 12-weeks, the MCEP group decreased IL-6 and CRP levels (p < 0.05). The combined center- and home-based MCEP were effective in reversing frailty to pre-frailty and improving physical performance especially balance in the older population.",include_title_abs,A_primary_fulltext,extraction_candidate,Peer-reviewed community/home/primary-care frailty RCT candidate with relevant outcome,home,resistance;balance;aerobic_walking;multicomponent_exercise;nutrition;digital_home,extract_now,High-confidence community/home/primary-care frailty RCT candidate,exercise_plus_nutrition
32545408,10.3390/nu12061755,Nutrition and Sarcopenia-What Do We Know?,2020,Nutrients,https://pubmed.ncbi.nlm.nih.gov/32545408/,Community/primary-care frailty RCT candidate,"Muscle health is important for the functionality and independence of older adults, and certain nutrients as well as dietary patterns have been shown to offer protective effects against declines in strength and function associated with aging. In this paper, micronutrients, macronutrients, and food groups have been reviewed, along with their studied effects on the prevalence and incidence of sarcopenia, as well as their ability to preserve muscle mass and optimize physical performance. Randomized controlled trials appear to suggest a critical role for dietary intake of protein in preventing sarcopenia and muscle loss, although the optimal dose and type of protein is unknown. There are some promising data regarding the role of vitamin D and sarcopenia, but it is unclear whether the dose, frequency of dose, or length of treatment impacts the efficacy of vitamin D on improving muscle mass or function. Selenium, magnesium, and omega 3 fatty acids have been studied as supplements in clinical trials and in the diet, and they appear to demonstrate a potential association with physical activity and muscle performance in older individuals. Following the Mediterranean diet and higher consumption of fruits and vegetables have been associated with improved physical performance and protection against muscle wasting, sarcopenia, and frailty.",include_title_abs,A_primary_fulltext,extraction_candidate,Peer-reviewed community/home/primary-care frailty RCT candidate with relevant outcome,unclear,resistance;nutrition;digital_home,extract_now,High-confidence community/home/primary-care frailty RCT candidate,exercise_plus_nutrition
32762725,10.1186/s12877-020-01668-8,Nutrition assessment and geriatric associated conditions among community dwelling Iranian elderly people.,2020,BMC geriatrics,https://pubmed.ncbi.nlm.nih.gov/32762725/,Community/primary-care frailty RCT candidate,"Although malnutrition risk is well documented in elderly care institutions, few studies have been conducted to address concerns regarding community-dwelling elderly people. This study has been aimed to describe the nutritional status and its related socioeconomic and geriatric factors in community-dwelling elders with malnutrition. For this study, a randomized sampling among people aged 60 has been done (n = 326). Information on nutrition status (full MNA) and health information, like cognitive status (MMSE), daily functional status (ADL and IADL scales) and frailty was obtained. Multiple logistic regression analyses have been carried out, in order to identify the association of demographical and clinical factors with malnutrition. 28.1% of the participants suffered from poor nutrition. In the binary analysis, low MNA scores were associated with increasing age, female gender, lower education level, financial dependence, solitary life, poor self-rated health, multiple physical disabilities and chronic disease, polypharmacy, smoking, functional and cognitive decrease and frailty. In the final model of the multivariate analysis, living alone (OR:1.249,CI:1.105-2.620), multiple physical disabilities (OR:2.183,CI:1.246 ± 3..250) and chronic disease (OR: 2.148,CI:1.167-2.879) were independently associated with malnutrition. Also financial independency (OR:0.625,CI:0.233-0.938), functional ability on ADL (OR:0.536,CI:0.327-0.976) and IADL (OR:0.319,CI:0.194-0.856), normal cognitive (OR:0.456,CI:0.293-0.934) and no frailty (OR:0.253,CI:0.117-0.729) independently were inversely associated with malnutrition. The model was adjusted for all socio- demographic and health variables that were significantly related in the previous models. Our results indicated a strong correlation between malnutrition and health status. Identifying predictive factors can potentially improve prevention and management strategies used for malnutrition in elderly.",include_title_abs,A_primary_fulltext,extraction_candidate,Peer-reviewed community/home/primary-care frailty RCT candidate with relevant outcome,community,nutrition,extract_now,High-confidence community/home/primary-care frailty RCT candidate,nutrition_only
32859156,10.1186/s12877-020-01709-2,Rationale and protocol of the StayFitLonger study: a multicentre trial to measure efficacy and adherence of a home-based computerised multidomain intervention in healthy older adults.,2020,BMC geriatrics,https://pubmed.ncbi.nlm.nih.gov/32859156/,Community/primary-care frailty RCT candidate,"In older adults, multidomain training that includes physical and cognitive activities has been associated with improvement of physical and cognitive health. The goal of the multisite StayFitLonger study is to assess a home-based computerised training programme, which combines physical exercises, stimulating cognitive activities and virtual coaching. One hundred twenty-eight cognitively healthy older adults will be recruited from the community in Switzerland, Canada and Belgium. The study will comprise (1) a 26-week double-blind randomized controlled efficacy trial and (2) a 22-week pragmatic adherence sub-study. In the efficacy trial, participants will be randomly assigned to an experimental or an active control intervention. In the experimental intervention, participants will use the StayFitLonger programme, which is computerised on a tablet and provides content that combines physical activities with a focus on strength and balance, as well as divided attention, problem solving and memory training. Outcomes will be measured before and after 26 weeks of training. The primary efficacy outcome will be performance on the ""Timed-Up & Go"" test. Secondary outcomes will include measures of frailty, cognition, mood, fear of falling, quality of life, and activities of daily living. Age, sex, education, baseline cognition, expectation, and adherence will be used as moderators of efficacy. Following the 26-week efficacy trial, all participants will use the experimental programme meaning that participants in the control group will 'cross over' to receive the StayFitLonger programme for 22 weeks. Adherence will be measured in both groups based on dose, volume and frequency of use. In addition, participants' perception of the programme and its functionalities will be characterised through usability, acceptability and user experience. This study will determine the efficacy, adherence and participants' perception of a home-based multidomain intervention programme and its functionalities. This will allow for further development and possible commercialization of a scientifically validated training programme. ClinicalTrials.gov , NCT04237519 Registered on January 22, 2020 - Retrospectively registered.",include_title_abs,A_primary_fulltext,exclude,Protocol/design/baseline paper rather than outcome report,home,resistance;balance;digital_home;multidomain,exclude_before_extraction,Protocol/design/baseline paper,multidomain
32375700,10.1186/s12877-020-01572-1,Sensor-based characterization of daily walking: a new paradigm in pre-frailty/frailty assessment.,2020,BMC geriatrics,https://pubmed.ncbi.nlm.nih.gov/32375700/,Community/primary-care frailty RCT candidate,"Frailty is a highly recognized geriatric syndrome resulting in decline in reserve across multiple physiological systems. Impaired physical function is one of the major indicators of frailty. The goal of this study was to evaluate an algorithm that discriminates between frailty groups (non-frail and pre-frail/frail) based on gait performance parameters derived from unsupervised daily physical activity (DPA). DPA was acquired for 48 h from older adults (≥65 years) using a tri-axial accelerometer motion-sensor. Continuous bouts of walking for 20s, 30s, 40s, 50s and 60s without pauses were identified from acceleration data. These were then used to extract qualitative measures (gait variability, gait asymmetry, and gait irregularity) and quantitative measures (total continuous walking duration and maximum number of continuous steps) to characterize gait performance. Association between frailty and gait performance parameters was assessed using multinomial logistic models with frailty as the dependent variable, and gait performance parameters along with demographic parameters as independent variables. One hundred twenty-six older adults (44 non-frail, 60 pre-frail, and 22 frail, based on the Fried index) were recruited. Step- and stride-times, frequency domain gait variability, and continuous walking quantitative measures were significantly different between non-frail and pre-frail/frail groups (p < 0.05). Among the five different durations (20s, 30s, 40s, 50s and 60s), gait performance parameters extracted from 60s continuous walks provided the best frailty assessment results. Using the 60s gait performance parameters in the logistic model, pre-frail/frail group (vs. non-frail) was identified with 76.8% sensitivity and 80% specificity. Everyday walking characteristics were found to be associated with frailty. Along with quantitative measures of physical activity, qualitative measures are critical elements representing the early stages of frailty. In-home gait assessment offers an opportunity to screen for and monitor frailty. The clinical trial was retrospectively registered on June 18th, 2013 with ClinicalTrials.gov, identifier NCT01880229.",include_title_abs,A_primary_fulltext,extraction_candidate,Peer-reviewed community/home/primary-care frailty RCT candidate with relevant outcome,unclear,aerobic_walking,extract_now,High-confidence community/home/primary-care frailty RCT candidate,exercise_only
29962492,10.2188/jea.JE20170109,A Community-Wide Intervention Trial for Preventing and Reducing Frailty Among Older Adults Living in Metropolitan Areas: Design and Baseline Survey for a Study Integrating Participatory Action Research With a Cluster Trial.,2019,Journal of epidemiology,https://pubmed.ncbi.nlm.nih.gov/29962492/,Community/primary-care frailty RCT candidate,"Preventing and reducing frailty is an important challenge for Japan in the next decade, especially in metropolitan areas. We launched a community-wide intervention trial (the Ota Genki Senior Project) in 2016 to develop effective community-based strategies for frailty prevention in metropolitan areas. This report describes the study design and baseline survey. This study is a community-wide intervention trial that integrates participatory action research into a cluster non-randomized controlled trial for adults aged 65 years or older living in Ota City, Tokyo. We allocated 3 of 18 districts to an intervention group and the other 15 to a control group. Using a mailed self-administered questionnaire, we conducted a baseline survey of 15,500 residents (8,000 and 7,500 in the intervention and control groups, respectively) from July through August 2016. In addition to socioeconomic status and lifestyle variables, we assessed frailty status (primary outcome) and physical, nutritional, and psychosocial variables (secondary outcomes). Based on the baseline findings, an intervention to improve outcomes will be implemented as participatory action research. Follow-up surveys will be conducted in the same manner as the baseline survey. A total of 11,925 questionnaires were returned (76.9% response rate; 6,105 [76.3%] and 5,820 [77.6%] in the intervention and control groups, respectively), and 11,701 were included in the analysis (mean age, 74.3 [standard deviation, 5.5] years; 48.5% were men). This study is expected to contribute to development of a prototype of a community-wide frailty prevention strategy, especially in metropolitan areas in Japan. UMIN Clinical Trials Registry (UMIN000026515).",include_title_abs,A_primary_fulltext,extraction_candidate,Peer-reviewed community/home/primary-care frailty RCT candidate with relevant outcome,community,nutrition;multidomain,exclude_before_extraction,Protocol/design/baseline paper,multidomain
29395372,10.1016/j.clnu.2017.12.020,"A high whey protein, vitamin D and E supplement preserves muscle mass, strength, and quality of life in sarcopenic older adults: A double-blind randomized controlled trial.",2019,"Clinical nutrition (Edinburgh, Scotland)",https://pubmed.ncbi.nlm.nih.gov/29395372/,Community/primary-care frailty RCT candidate,"Sarcopenia, an age-related decline of muscle mass, strength, and physical function, was associated with falls, frailty, and poor quality of life. The aim of the current study is to examine the effect of nutritional supplement containing whey protein, vitamin D and E on measures of sarcopenia. A total of 60 sarcopenic older adult subjects participated in the current randomized, double-blind, placebo-controlled (iso-caloric control product) trial for 6 months. Muscle mass [Relative skeletal mass index (RSMI) measured by bioimpedance analysis (BIA)], muscle strength (handgrip strength), physical function (6-m gait speed, chair stand test, and timed-up-and-go test, TUG), quality of life (measured by Short-Form 36-Item Health Survey, SF-36), and blood biochemical indexes were measured before and after the 6-month intervention. Compared to placebo group, nutritional supplementation improves RSMI (mean difference: 0.18 kg/m2, 95%CI: 0.01-0.35, P = 0.040), handgrip strength (mean difference: 2.68 kg, 95%CI: 0.71-4.65, P = 0.009), SF-36 mental component summary (SF-36 MCS) (mean difference: 11.26, 95%CI: 3.86-18.65, P = 0.004), SF-36 physical component summary (SF-36 PCS) (mean difference: 20.21, 95%CI: 11.30-29.12, P < 0.001), serum IGF-1 (mean difference: 14.34 ng/mL, 95%CI: 2.06-26.73), IL-2 (mean difference: -575.32 pg/mL, 95%CI: -1116.94 ∼ -33.70, P = 0.038), serum vitamin D3 (mean difference: 11.01 ng/mL, 95%CI: 6.44-15,58, P < 0.001), and serum vitamin E (mean difference: 4.17 ng/L, 95%CI: 1.89-6.45, P = 0.001). The current study demonstrated that the combined supplementation of whey protein, vitamin D and E can significantly improve RSMI, muscle strength, and anabolic markers such as IGF-I and IL-2 in older adults with sarcopenia. Further larger well-designed studies are warranted to evaluate whether long-term whey protein supplementation can blunt the declines of muscle function and mass in older adults with sarcopenia.",include_title_abs,A_primary_fulltext,extraction_candidate,Peer-reviewed community/home/primary-care frailty RCT candidate with relevant outcome,unclear,resistance;balance;nutrition,extract_now,High-confidence community/home/primary-care frailty RCT candidate,exercise_plus_nutrition
31360662,,"An Interregional, Transdisciplinary and Good Practice-Based Approach for Frailty: the Mind&Gait Project.",2019,Translational medicine @ UniSa,https://pubmed.ncbi.nlm.nih.gov/31360662/,Community/primary-care frailty RCT candidate,"Social facilities such residential structures and day-centres increasingly seek integrated, structured, adapted, creative, dynamic and economic strategies to prevent frailty. The arising need of an aged and frail population requires innovative interventions and products to prevent cognitive and physical decline. The interregional MIND&GAIT project aims to promote independent living in frail older adults by improving cognition and gait ability by using assistive products. This transdisciplinary strategy within a 24-months period expects as project' deliverables: i) a structured and good practice-based combined intervention (CI) consisting of a cognitive stimulation programme and a physical exercise programme; ii) an auto-blocking mechanism for rolling walkers with biofeedback acquisition (ABMRW); iii) a randomized clinical trial to assess CI' effectiveness; and iv) a web-platform to be used as a repository that will support and disseminate the intervention materials, covering the action-line of translational research. Positive benefits are expected in prevention and maintenance of frail older adults' capacities. Preliminary results showed positive effects on the improvement of cognitive and physical functions, functionality and depressive symptomatology. The interregional geographical coverage induced by MIND&GAIT underlines the potential replicability of the project extension to the community in the Centro and Alentejo regions of Portugal. MIND&GAIT network supports actions and provides learning opportunities and emergence of locally-embedded support systems towards social innovation for older adults.",include_title_abs,A_primary_fulltext,extraction_candidate,Peer-reviewed community/home/primary-care frailty RCT candidate with relevant outcome,community,digital_home,extract_now,High-confidence community/home/primary-care frailty RCT candidate,digital_home_unclear_intervention
31169912,10.1111/jgs.15994,Association of 3-Year Multidomain Intervention and Omega-3 Supplementation with Frailty Incidence.,2019,Journal of the American Geriatrics Society,https://pubmed.ncbi.nlm.nih.gov/31169912/,Community/primary-care frailty RCT candidate,"To assess the associations of long-term lifestyle multidomain intervention (MI) and omega-3 supplementation with frailty level evolution and frailty incidence in community-dwelling older persons. Secondary analysis of the randomized controlled Multidomain Alzheimer Preventive Trial. Thirteen memory centers in France and Monaco between 2008 and 2011. A total of 1588 community-dwelling persons aged 70 years or older with memory complaints (without dementia), slow gait speed, or limitation in one instrumental activity of daily living. A 3-year MI (43 group sessions including cognitive training, physical activity, and nutrition advice and three preventive consultations) plus daily omega-3 fatty acids, MI plus placebo, omega-3 alone, or placebo alone. The frailty phenotype (unintentional weight loss, exhaustion, low physical activity, slow gait, low handgrip strength: 0 to 5 score, higher is worse; a score of 3 or higher defines frailty) was assessed at baseline, 6, 12, 24, and 36 months. We used mixed-effect models for frailty level (0-5 score as an ordinal variable) and Cox models for frailty incidence. No differences were found between the intervention groups and placebo on the 3-year evolution of frailty level. Among 1394 non-frail participants at baseline, frailty incidence occurred in 134 (9.6%) persons: 26 (7.6%) in the MI plus omega-3 group, 34 (10%) in the omega-3 alone group, 31 (8.5%) in the MI plus placebo group, and 43 (12.3%) in the placebo-alone group). No differences regarding frailty incidence were found between intervention groups and placebo. After exclusion of 53 participants with incident frailty during the first year of follow-up, MI plus omega-3 was associated with a lower frailty incidence compared with placebo (hazard ratio = .43; 95% confidence interval = .22-.81). In community-dwelling older persons, the combination of a long-term lifestyle MI and omega-3 supplementation did not reduce frailty level or incidence. The reduction of frailty incidence associated with the combined intervention in a sensitivity analysis needs to be further confirmed. J Am Geriatr Soc 67:1700-1706, 2019.",include_title_abs,A_primary_fulltext,extraction_candidate,Peer-reviewed community/home/primary-care frailty RCT candidate with relevant outcome,community,resistance;nutrition;multidomain,exclude_before_extraction,"Disease-specific, post-acute or hospital rehabilitation population",multidomain_exercise_nutrition
31774406,10.2196/15191,Continuous Digital Monitoring of Walking Speed in Frail Elderly Patients: Noninterventional Validation Study and Longitudinal Clinical Trial.,2019,JMIR mHealth and uHealth,https://pubmed.ncbi.nlm.nih.gov/31774406/,Community/primary-care frailty RCT candidate,"Digital technologies and advanced analytics have drastically improved our ability to capture and interpret health-relevant data from patients. However, only limited data and results have been published that demonstrate accuracy in target indications, real-world feasibility, or the validity and value of these novel approaches. This study aimed to establish accuracy, feasibility, and validity of continuous digital monitoring of walking speed in frail, elderly patients with sarcopenia and to create an open source repository of raw, derived, and reference data as a resource for the community. Data described here were collected as a part of 2 clinical studies: an independent, noninterventional validation study and a phase 2b interventional clinical trial in older adults with sarcopenia. In both studies, participants were monitored by using a waist-worn inertial sensor. The cross-sectional, independent validation study collected data at a single site from 26 naturally slow-walking elderly subjects during a parcours course through the clinic, designed to simulate a real-world environment. In the phase 2b interventional clinical trial, 217 patients with sarcopenia were recruited across 32 sites globally, where patients were monitored over 25 weeks, both during and between visits. We have demonstrated that our approach can capture in-clinic gait speed in frail slow-walking adults with a residual standard error of 0.08 m per second in the independent validation study and 0.08, 0.09, and 0.07 m per second for the 4 m walk test (4mWT), 6-min walk test (6MWT), and 400 m walk test (400mWT) standard gait speed assessments, respectively, in the interventional clinical trial. We demonstrated the feasibility of our approach by capturing 9668 patient-days of real-world data from 192 patients and 32 sites, as part of the interventional clinical trial. We derived inferred contextual information describing the length of a given walking bout and uncovered positive associations between the short 4mWT gait speed assessment and gait speed in bouts between 5 and 20 steps (correlation of 0.23) and longer 6MWT and 400mWT assessments with bouts of 80 to 640 steps (correlations of 0.48 and 0.59, respectively). This study showed, for the first time, accurate capture of real-world gait speed in slow-walking older adults with sarcopenia. We demonstrated the feasibility of long-term digital monitoring of mobility in geriatric populations, establishing that sufficient data can be collected to allow robust monitoring of gait behaviors outside the clinic, even in the absence of feedback or incentives. Using inferred context, we demonstrated the ecological validity of in-clinic gait assessments, describing positive associations between in-clinic performance and real-world walking behavior. We make all data available as an open source resource for the community, providing a basis for further study of the relationship between standardized physical performance assessment and real-world behavior and independence.",include_title_abs,A_primary_fulltext,extraction_candidate,Peer-reviewed community/home/primary-care frailty RCT candidate with relevant outcome,community,aerobic_walking;digital_home,exclude_before_extraction,Non-randomized observational design,exercise_only
30528641,10.1016/j.exger.2018.11.022,Effect of a short multicomponent exercise intervention focused on muscle power in frail and pre frail elderly: A pilot trial.,2019,Experimental gerontology,https://pubmed.ncbi.nlm.nih.gov/30528641/,Community/primary-care frailty RCT candidate,"The aim was to establish whether a short supervised facility-based exercise program improved frailty, physical function and performance in comparison with usual care treatment. This was a quasi-experimental, non-randomized controlled intervention study in frail (2.75 ± 1.25 Frailty Phenotype criteria) older adults (range:77.2-95.8 years). The exercise (EX) group (n = 11) performed concurrent training (power training + high-intensity interval training, HIIT) twice weekly for 6 weeks while the control (CT) group (n = 9) followed usual care. The exercise intervention improved frailty status in 64% of the subjects improving Frailty Phenotype by 1.6 points (95%CI 0.8-2.5, p < 0.05), and increasing SPPB score by 3.2 points (95%CI: 2.4-4.0, Cohen's d = 2.0, p < 0.05), muscle power by 47% (95%CI: 7-87%, Cohen's d = 0.5, p < 0.05), muscle strength by 34%(95%CI: 7-60, Cohen's d = 0.6, p < 0.05) and the aerobic capacity by 19% (6 minute walking test +45 m, 95%CI: 7-83, Cohen's d = 0.7, p = 0.054). The CT did not experience any significant changes in frailty status, physical function or performance. A short concurrent exercise program of muscle power and walking-based HIIT training is a feasible and safe method to increase physical performance and improve function and frailty in elder (pre)frail patients.",include_title_abs,A_primary_fulltext,extraction_candidate,Peer-reviewed community/home/primary-care frailty RCT candidate with relevant outcome,unclear,resistance;aerobic_walking;multicomponent_exercise,extract_now,High-confidence community/home/primary-care frailty RCT candidate,multicomponent_exercise
31466229,10.3390/ijerph16173125,Effectiveness of a Combined Intervention on Psychological and Physical Capacities of Frail Older Adults: A Cluster Randomized Controlled Trial.,2019,International journal of environmental research and public health,https://pubmed.ncbi.nlm.nih.gov/31466229/,Community/primary-care frailty RCT candidate,"Older adults experience physical and psychological declines affecting independency. Adapted and structured combined interventions composed of cognitive stimulation and physical exercise contribute to comorbidities' reduction. Methods: Multicenter single-blinded two-arm cluster randomized controlled trial conducted to assess effectiveness of a combined intervention (CI), composed of a cognitive stimulation program (CSP) and a physical exercise program (PEP), on psychological and physical capacities of frail older adults as to on their activities of daily living. Were recruited 50 subjects from two elderly end-user organizations. Of these, 44 (65.9% females, mean age of 80.5 ± 8.47 years) were considered eligible, being randomly allocated in experimental (EG) or control group (CG). Data collected at baseline and post-intervention. EG received CI three times a week during 12 weeks. CG received standard care. Non-parametric measures were considered. Results: At baseline, groups were equivalent for study outcomes. The comparison of pre- and post-intervention data revealed that subjects receiving CI reduced depressive symptomatology and risk of fall based on gait and balance, and improved gait speed. Simultaneously, in the CG a significant decline on activities of daily living was observed. Significant results were found among biomechanical parameters of gait (BPG). EG' effect size revealed to be small (0.2 ≤ r < 0.5). CG' effect size was also small; but for activities of daily living there was an evident decrease. Conclusion: The CI is effective on managing older adults' psychological and physical capacities.",include_title_abs,A_primary_fulltext,extraction_candidate,Peer-reviewed community/home/primary-care frailty RCT candidate with relevant outcome,unclear,balance,extract_now,High-confidence community/home/primary-care frailty RCT candidate,exercise_only
31016897,10.1002/jcsm.12432,Effectiveness of a multimodal intervention in functionally impaired older people with type 2 diabetes mellitus.,2019,"Journal of cachexia, sarcopenia and muscle",https://pubmed.ncbi.nlm.nih.gov/31016897/,Implementation-relevant frailty RCT candidate,"Type 2 diabetes, a highly prevalent chronic disease, is associated with increasing frailty and functional decline in older people. We aimed to evaluate the effectiveness of a multimodal intervention on functional performance in frail and pre-frail participants aged ≥70 years with type 2 diabetes mellitus. The MID-Frail study was a cluster-randomized multicenter clinical trial conducted in 74 trial sites across seven European countries. The trial recruited 964 participants who were aged >70 years [mean age in intervention group, 78.4 (SD 5.6) years, 49.2% male and 77.6 (SD 5.29) years, 52.4% male in usual care group], with type diabetes mellitus and determined to be frail or pre-frail using Fried's frailty phenotype. Participants were allocated by trial site to follow either usual care (UCG) or intervention procedures (IG). Intervention group participants received a multimodal intervention composed of (i) an individualized and progressive resistance exercise programme for 16 weeks; (ii) a structured diabetes and nutritional educational programme over seven sessions; and (iii) Investigator-linked training to ensure optimal diabetes care. Short Physical Performance Battery (SPPB) scores were used to assess change in functional performance at 12 months between the groups. An analysis of the cost-effectiveness of the intervention was undertaken using the incremental cost-effectiveness ratio (ICER). Secondary outcomes included mortality, hospitalization, institutionalization, quality of life, burden on caregivers, the frequency and severity of hypoglycaemia episodes, and the cost-effectiveness of the intervention. After 12 months, IG participants had mean SPPB scores 0.85 points higher than those in the UCG (95% CI, 0.44 to 1.26, P < 0.0001). Dropouts were higher in frail participants and in the intervention group, but significant differences in SPPB between treatment groups remained consistent after sensitivity analysis. Estimates suggest a mean saving following intervention of 428.02 EUR (2016) per patient per year, with ICER analysis indicating a consistent benefit of the described health care intervention over usual care. No statistically significant differences between groups were detected in any of the other secondary outcomes. We have demonstrated that a 12 month structured multimodal intervention programme across several clinical settings in different European countries leads to a clinically relevant and cost-effective improvement in the functional status of older frail and pre-frail participants with type 2 diabetes mellitus.",include_title_abs,A_primary_fulltext,secondary_disease_specific,Disease-rehabilitation population; secondary/sensitivity only,unclear,resistance;nutrition,extract_now,High-confidence community/home/primary-care frailty RCT candidate,exercise_plus_nutrition
30691405,10.1186/s12877-018-1024-8,"Effectiveness of an intervention in multicomponent exercise in primary care to improve frailty parameters in patients over 70 years of age (MEFAP-project), a randomised clinical trial: rationale and study design.",2019,BMC geriatrics,https://pubmed.ncbi.nlm.nih.gov/30691405/,Community/primary-care frailty RCT candidate,"Physical activity may reverse frailty in the elderly, but we encounter barriers to the implementation of exercise programs in this population. Our main aim is to evaluate the effect of a multicomponent physical activity program, versus regular medical practice, on reverting pre-frailty status among the elderly, 12 months post-intervention. Randomized parallel group multicenter clinical trial located in primary care setting, among non-dependent and pre-frail patients > 70 years old, including 190 patients (95 intervention, 95 control group). Multicomponent physical activity program (MEFAP, for its acronym in Spanish) with twelve 1.5 h-weekly sessions comprised of: 1. Informative session; 2. Exercises for improving aerobic resistance, muscle strength, propioception-balance and flexibility; and 3. Handing out of at-home exercise chart (twice/week). Main variable: pre-frailty according to the Fried phenotype. Secondary variables: sociodemographic, clinical and functional variables; exercise program adherence, patient satisfaction with the program and quality of life. We will perform an intention-to-treat analysis by comparing the retrogression from pre-frailty (1 or 2 Fried criteria) to robust status (0 Fried criteria) by the end of the intervention, 6 months and 12 months post-intervention. The accumulated incidence in each group will be calculated, as well as the relative risk (RR) and the number needed to treat (NNT) with their corresponding 95% confidence intervals. Protocol was approved by the Ethics Committee Hospital la Paz. Within the context of regular clinical practice, our results will provide evidence regarding the effects of exercise interventions on frailty among pre-frail older adults, a key population given their significant potential for functional, physical, and mental health improvement. NCT03568084 . Registered 26 June 2018. Date of enrollment of the first participant to the trial: July 2nd 2018.",include_title_abs,A_primary_fulltext,exclude,Protocol/design/baseline paper rather than outcome report,primary_care,resistance;balance;aerobic_walking;multicomponent_exercise;digital_home,exclude_before_extraction,Protocol/design/baseline paper,multicomponent_exercise
31249332,10.1038/s41598-019-45767-y,Effects of Kinect-based exergaming on frailty status and physical performance in prefrail and frail elderly: A randomized controlled trial.,2019,Scientific reports,https://pubmed.ncbi.nlm.nih.gov/31249332/,Community/primary-care frailty RCT candidate,"Frailty status can be improved by intervention. Both exergaming and combined exercise have been proposed for improving physical performance in community-dwelling elderly. However, whether frailty status can be improved by exergaming is unclear. Moreover, whether Kinect-based exergaming training can exert a stronger effect on improving frailty status than combined exercise needs to be established. The aim of this study was to investigate the effects of Kinect-based exergaming on improving frailty status and physical performance in the prefrail and frail elderly by comparing its effects with those of combined exercise. Fifty-two prefrail and frail elderly were recruited and randomized to the Kinect-based exergaming group (EXER group) or combined exercise group (CE group), emphasizing resistance, aerobic, and balance training for 36 sessions over 12 weeks. Our results showed that both groups improved the frailty status (EXER group: p = 0.016, effect size = 2.29; and CE group: p = 0.031, effect size = 2.67). Three out of 5 physical characteristics of the frailty phenotype, namely, weakness, slow walking speed, and low activity level, were significantly reversed by both exergaming and combined exercise. However, the exergaming training also significantly reversed exhaustion. Furthermore, compared with the CE group, the EXER group showed greater improvement in dynamic balance control, as indicated by the forward reaching test (p = 0.0013, effect size = 0.40) and single leg stance test (p = 0.049, effect size = 0.42). Thus, Kinect-based exergaming exerted effects that were at least as beneficial as those of combined exercise in improving frailty status and the frailty phenotype. We recommend the use of exergaming aided by Kinect in the prefrail and frail elderly.",include_title_abs,A_primary_fulltext,extraction_candidate,Peer-reviewed community/home/primary-care frailty RCT candidate with relevant outcome,community,resistance;balance;aerobic_walking;multicomponent_exercise,extract_now,High-confidence community/home/primary-care frailty RCT candidate,multicomponent_exercise
31133863,10.3389/fphys.2019.00445,Exercise and Dietary-Protein as a Countermeasure to Skeletal Muscle Weakness: Liverpool Hope University - Sarcopenia Aging Trial (LHU-SAT).,2019,Frontiers in physiology,https://pubmed.ncbi.nlm.nih.gov/31133863/,Community/primary-care frailty RCT candidate,"To investigate the effects of a 16-week concurrent exercise regimen [resistance exercise (RE) + functional exercise (FE)] in combination with, or without, a leucine-enriched whey protein isolate supplement on muscle strength, physical functioning, aerobic capacity, and cardiometabolic health in older adults (≥60 years). Physical activity levels were also evaluated 6 months post-cessation of the intervention. Forty-six, community-dwelling, previously untrained males, and females [age: 68 ± 5 years (mean ± SD); BMI: 27.8 ± 6.2 kg/m2] who completed the trial were initially randomized to one of two independent arms [Exercise n = 24 (E); Exercise+Protein n = 22 (EP)]. Both arms completed 16 weeks of RE (performed to fatigue) (2 times/week) with FE (1 time/week) on non-consecutive days. Additionally, EP were administered a leucine-enriched whey protein supplement (3 times/day) for 16 weeks based on individual body-weight (1.5 g/kg/day). As a result of dietary supplementation, protein intake increased in EP (∼1.2 ± 0.4 to 1.5 ± 0.7 g/kg/day) during the intervention. Maximal strength (1RM) values for leg press (E: +39 ± 7 kg, p = 0.006; EP: +63 ± 7 kg, p < 0.001), chest press (E: +22 ± 4 kg, p < 0.001; EP: +21 ± 6 kg, p < 0.001), and bicep curl (E: +7 ± 0 kg, p = 0.002; EP: +6 ± 1 kg, p = 0.008) significantly increased in E and EP respectively, with no differences between arms (p > 0.05). Physical functioning in the obstacle course (E: -5.1 ± 6.8 s, p < 0.001; EP: -2.8 ± 0.8 s, p < 0.001) and short-physical performance battery scores (E: +0.5 ± 0.5, p = <0.001; EP: +0.4 ± 0.5, p = 0.038), and aerobic capacity in the 6-min walk test (E: +37 ± 24 m, p = 0.014; EP: +36 ± 3 m, p = 0.005) improved in E and EP respectively, with no differences between arms (p > 0.05). No significant change was observed for markers of cardiometabolic health (glycaemic control or blood pressure) (p > 0.05). At follow-up, 86% of older adults reported to performing physical activity ≥1 per week. Of those, 61% were still participating in strength- and cardiovascular- based exercise. Concurrent exercise (RE + FE) offers a potent method to combat age-related muscle weakness, and our results suggest a high proportion of older adults may continue to exercise unsupervised. However, leucine-enriched whey protein isolate supplementation did not confer any additional benefit in those already consuming ample amounts of dietary protein at trial enrolment. Future trials should utilize a whole-foods approach and investigate the effects in frail and non-frail older adults habitually consuming the RDA of protein, to assess if a higher intake of protein is needed to delay the onset of muscle weakness. Clinicaltrials.gov Identifier: NCT02912130.",include_title_abs,A_primary_fulltext,extraction_candidate,Peer-reviewed community/home/primary-care frailty RCT candidate with relevant outcome,community,resistance;aerobic_walking;nutrition;digital_home,extract_now,High-confidence community/home/primary-care frailty RCT candidate,exercise_plus_nutrition
31791364,10.1186/s12966-019-0855-9,Individualized home-based exercise and nutrition interventions improve frailty in older adults: a randomized controlled trial.,2019,The international journal of behavioral nutrition and physical activity,https://pubmed.ncbi.nlm.nih.gov/31791364/,Community/primary-care frailty RCT candidate,"Frail older adults are predisposed to multiple comorbidities and adverse events. Recent interventional studies have shown that frailty can be improved and managed. In this study, effective individualized home-based exercise and nutrition interventions were developed for reducing frailty in older adults. This study was a four-arm, single-blind, randomized controlled trial conducted between October 2015 and June 2017 at Miaoli General Hospital in Taiwan. Overall, 319 pre-frail or frail older adults were randomly assigned into one of the four study groups (control, exercise, nutrition, and exercise plus nutrition [combination]) and followed up during a 3-month intervention period and 3-month self-maintenance period. Improvement in frailty scores was the primary outcome. Secondary outcomes included improvements in physical performance and mental health. The measurements were performed at baseline, 1 month, 3 months, and 6 months. At the 6-month measurement, the exercise (difference in frailty score change from baseline: - 0.23; 95% confidence interval [CI]: - 0.41, - 0.05; p = 0.012), nutrition (- 0.28; 95% CI: - 0.46, - 0.11; p = 0.002), and combination (- 0.34; 95% CI: - 0.52, - 0.16; p < 0.001) groups exhibited significantly greater improvements in the frailty scores than the control group. Significant improvements were also observed in several physical performance parameters in the exercise, nutrition, and combination groups, as well as in the 12-Item Short Form Health Survey mental component summary score for the nutrition group. The designated home-based exercise and nutrition interventions can help pre-frail or frail older adults to improve their frailty score and physical performance. Retrospectively registered at ClinicalTrials.gov (identifier: NCT03477097); registration date: March 26, 2018.",include_title_abs,A_primary_fulltext,extraction_candidate,Peer-reviewed community/home/primary-care frailty RCT candidate with relevant outcome,home,nutrition;digital_home,extract_now,High-confidence community/home/primary-care frailty RCT candidate,nutrition_only
30941731,10.1007/s40520-019-01180-z,Older persons with signs of frailty in a home-based physical exercise intervention: baseline characteristics of an RCT.,2019,Aging clinical and experimental research,https://pubmed.ncbi.nlm.nih.gov/30941731/,Community/primary-care frailty RCT candidate,"Increasing the level of physical activity among persons with signs of frailty improves physical functioning. There is a lack of long-term supervised physical exercise intervention studies including a validated definition of frailty. To present baseline characteristics of persons with signs of frailty participating in a randomized long-term home-based physical exercise trial (HIPFRA), and to study associations between the severity of frailty, functional independence and health-related quality-of-life (HRQoL). Three hundred persons, ≥ 65 years old and with signs of frailty (assessed by Fried´s phenotype criteria) were recruited from South Karelia, Finland and randomized to a 12-month physiotherapist-supervised home-based physical exercise program (n = 150), and usual care (n = 150). Assessments at the participants' homes at baseline, and after 3, 6 and 12 months included the Short Physical Performance Battery (SPPB), the Functional Independence Measure (FIM), HRQoL (15D) and the Mini-Mental State Examination (MMSE). Eligibility was screened among 520 persons; 300 met the inclusion criteria and were randomized. One person withdrew consent after randomization. A majority (75%) were women, 182 were pre-frail and 117 frail. The mean age was 82.5 (SD 6.3) years, SPPB 6.2 (2.6), FIM 108.8 (10.6) and MMSE 24.4 (3.1) points, with no significant differences between the study groups. Inverse associations between the severity of frailty vs. FIM scores and HRQoL (p < 0.001 for both) were found. Our participants showed marked physical frailty without major disabilities. The severity of frailty seems to be associated with impaired functional independence and HRQoL. ClinicalTrials.gov NCT02305433.",include_title_abs,A_primary_fulltext,exclude,Protocol/design/baseline paper rather than outcome report,home,digital_home,exclude_before_extraction,Protocol/design/baseline paper,digital_home_unclear_intervention
29672184,10.1080/19390211.2018.1454568,"Oral Supplementation with Beta-Hydroxy-Beta-Methylbutyrate, Arginine, and Glutamine Improves Lean Body Mass in Healthy Older Adults.",2019,Journal of dietary supplements,https://pubmed.ncbi.nlm.nih.gov/29672184/,Community/primary-care frailty RCT candidate,"Oral intake of beta-hydroxy-beta-methylbutyrate (HMB), arginine, and glutamine may ameliorate muscle loss by stimulating protein synthesis and decreasing protein degradation while simultaneously decreasing inflammation. Previous studies provide evidence for improvement in body composition with dietary supplementation of these ingredients among patients with muscle-wasting diseases. The objectives of this study were to examine the effects of this amino acid mixture on lean body mass, muscle volume, and physical function among healthy older adults. Thirty-one community-dwelling men and women, aged 65-89 years, were randomized to either two oral doses of the amino acid supplement (totaling 3 g HMB, 14 g arginine, 14 g glutamine) or placebo daily for six months. At baseline and month six, lean body mass was measured by air displacement plethysmography, dual-energy X-ray absorptiometry (DXA), and four-compartment model. Muscle volume of quadriceps was quantified by magnetic resonance imaging (MRI), and participants performed a battery of tests to assess physical function. As compared to the placebo group, the treatment group exhibited improvement in a timed stair climb (p =.016) as well as significant increases in lean body mass by all methods of assessment (p <.05). Regional analysis by DXA revealed increased arm lean mass in the supplement group only (p =.035). However, no change was observed in MRI-derived quadriceps volume. Dietary supplementation with HMB, arginine, and glutamine improved total body lean mass among a small sample of healthy older adults. Further research is indicated to elucidate mechanisms of action and to determine whether supplementation may benefit frail elders. Registered under ClinicalTrials.gov identifier no. NCT01057082.",include_title_abs,A_primary_fulltext,extraction_candidate,Peer-reviewed community/home/primary-care frailty RCT candidate with relevant outcome,community,resistance;nutrition,exclude_before_extraction,Healthy older-adult trial rather than prefrail/frail population,exercise_plus_nutrition
31367733,10.1007/s12603-019-1216-8,"Positive Effects of ""Textured Lunches"" Gatherings and Oral Exercises Combined with Physical Exercises on Oral and Physical Function in Older Individuals: A Cluster Randomized Controlled Trial.",2019,"The journal of nutrition, health & aging",https://pubmed.ncbi.nlm.nih.gov/31367733/,Community/primary-care frailty RCT candidate,"Proper nutrition and physical exercises are essential to prevent frailty in older adults. Proper masticatory performance and oral function may influence on physical activities as well since the mouth is the entrance of nutrition and digestion. Thus, the present study aimed to test the combined program of specially devised lunch gatherings containing textured foods with oral and physical exercises on the improvement of oral and physical function in community-dwelling older adults. A Cluster randomized controlled trial; Setting and Participants: Eighty-six community-dwelling older adults in Daito city, Japan, were randomly assigned into control (n = 43) or intervention (n = 43) groups. The control group performed the physical exercise regimen only. The intervention group participated in a 12-week physical and oral exercise program and ate a so-called ""munchy lunch"" that introduced textured foods with proper nutrients together after performing the physical exercise twice a week following brief dietary instruction at the intervention onset. Physical training and lunch gatherings were held at local public centers. The differences in measured variables for physical and oral function between baseline and 12 weeks of intervention were statistically tested. Oral function as measured by tongue pressure increased significantly in the intervention group (p=0.031), but not in the control group. Physical properties and activities, including body fat percentage and results of the timed up and go test, decreased more significantly in the intervention group than in controls (p<0.05). Our findings suggest that a combined program of textured lunch gatherings with oral and physical exercises may improve physical and oral function as a preventative approach for frailty in community-dwelling older adults.",include_title_abs,A_primary_fulltext,extraction_candidate,Peer-reviewed community/home/primary-care frailty RCT candidate with relevant outcome,community,nutrition;digital_home,extract_now,High-confidence community/home/primary-care frailty RCT candidate,nutrition_only
29381526,10.1519/JPT.0000000000000155,The Modified Otago Exercises Prevent Grip Strength Deterioration Among Older Fallers in the Malaysian Falls Assessment and Intervention Trial (MyFAIT).,2019,Journal of geriatric physical therapy (2001),https://pubmed.ncbi.nlm.nih.gov/29381526/,Implementation-relevant frailty RCT candidate,"Exercise-based interventions, such as the Otago Exercise Program (OEP), are effective in preventing falls in the older adult. Previous studies evaluating the OEP have determined falls, lower limb strength, or balance outcomes but with lack of assessment of hand grip strength. The objective of this study is to evaluate the effect of OEP on hand grip strength alongside mobility and balance outcomes. This was a single-center, prospective, and single-blind randomized controlled trial conducted at the University Malaya Medical Centre. Patients older than 65 years presenting to the hospital emergency department or geriatric clinic with 1 injurious fall or 2 falls in the past year and with impaired functional mobility were included in the study. The intervention group received a modified OEP intervention (n = 34) for 3 months, while the control group received conventional care (n = 33). All participants were assessed at baseline and 6 months. Twenty-four participants in both OEP and control groups completed the 6-month follow-up assessments. Within-group analyses revealed no difference in grip strength in the OEP group (P = 1.00, right hand; P = .55, left hand), with significant deterioration in grip strength in the control group (P = .01, right hand; P = .005, left hand). Change in grip strength over 6 months significantly favored the OEP group (P = .047, right hand; P = .004, left hand). Significant improvements were also observed in mobility and balance in the OEP group. In addition to benefits in mobility and balance, the OEP also prevents deterioration in upper limb strength. Additional benefits of exercise interventions for secondary prevention of falls in term of sarcopenia and frailty should also be evaluated in the future.",include_title_abs,A_primary_fulltext,extraction_candidate,Peer-reviewed community/home/primary-care frailty RCT candidate with relevant outcome,unclear,resistance;balance,extract_now,High-confidence community/home/primary-care frailty RCT candidate,exercise_only
32300691,10.22540/JFSF-03-026,Breaking sedentary behaviour has the potential to increase/ maintain function in frail older adults.,2018,"Journal of frailty, sarcopenia and falls",https://pubmed.ncbi.nlm.nih.gov/32300691/,Community/primary-care frailty RCT candidate,"This pilot study aimed to evaluate the effect of a sedentary behaviour (SB) reduction intervention (Stomp Out (Prolonged) Sitting (SOS)) in frail older adults. Participants (>65years) were recruited from sheltered housing complexes and randomized into 2 groups. On weeks 2, 6 and 10 both groups had face-to-face 40min motivational sessions, including feedback on physical function and SB. One group had the addition of real-time tactile feedback on sitting. Total sedentary time and patterns of SB were recorded by activPAL, along with validated measures of function: Timed Up and Go (TUG), Sit-to-Stand (STS) and balance tests. Outcomes were analyzed by intention-to-treat mixed model analysis. Twenty-three participants started the SOS intervention. Health issues led to high attrition in this frail population. TUG (4 seconds faster) and STS (>2 rises more in 30 seconds) scores improved significantly in both groups. There were no significant changes in SB parameters. Motivational interviewing alongside functional test feedback, visual and real-time feedback on SB improved physical function over the study. This pilot study suggests that sit-to-stand transitions to break prolonged sitting time may help reduce frailty and functional decline in people who are often unable to engage in more intense exercise interventions.",include_title_abs,A_primary_fulltext,extraction_candidate,Peer-reviewed community/home/primary-care frailty RCT candidate with relevant outcome,unclear,balance,extract_now,High-confidence community/home/primary-care frailty RCT candidate,exercise_only
30053278,10.1093/jn/nxy024,Cholecalciferol or 25-Hydroxycholecalciferol Supplementation Does Not Affect Muscle Strength and Physical Performance in Prefrail and Frail Older Adults.,2018,The Journal of nutrition,https://pubmed.ncbi.nlm.nih.gov/30053278/,Community/primary-care frailty RCT candidate,"Vitamin D supplementation is proposed as a potential treatment strategy to counteract functional decline in older adults. However, data from randomized trials are either limited or inconsistent. This study investigated the effect of daily supplementation with 25-hydroxycholecalciferol [25(OH)D3] or cholecalciferol (vitamin D3) on muscle strength and physical performance in older adults. This was a randomized, double-blind, placebo-controlled trial of 6 mo including 78 prefrail or frail (according to the Fried criteria), community-dwelling older adults (n = 43 men) aged ≥65 y, with a baseline 25-hydroxyvitamin D [25(OH)D] concentration between 20 and 50 nmol/L. Participants were supplemented daily with 10 µg 25(OH)D3, 20 µg vitamin D3, or a placebo capsule. Serum 25(OH)D was measured by liquid chromatography-tandem mass spectrometry. The primary outcome was maximal isometric knee-extension strength (Biodex System 4); secondary outcomes included knee-flexion and hand grip strength, Short-Physical Performance Battery score, Timed Up and Go score, postural sway, muscle mass (dual-energy X-ray absorptiometry), and muscle fiber type and size. The mean baseline serum 25(OH)D concentration was 37.7 nmol/L (95% CI: 35.4, 39.9 nmol/L). After 6 mo of supplementation, concentrations increased to 98.7 nmol/L (95% CI: 93.1, 104.4 nmol/L) in the 25(OH)D3 group and to 72.0 nmol/L (95% CI: 66.1, 77.8 nmol/L) in the vitamin D3 group, compared with 47.5 nmol/L (95% CI: 41.8, 53.3 nmol/L) in the placebo group (P-interaction < 0.01). Knee-extension strength did not significantly change in the 25(OH)D3 group (5.9 Nm; 95% CI: -6.2, 18.0 Nm), in the vitamin D3 group (5.5 Nm; 95% CI: -6.8, 17.8 Nm), or in the placebo group (1.8 Nm; 95% CI: -10.7, 14.4 Nm) (P-interaction = 0.74). Furthermore, mean changes in physical performance tests, muscle mass, and muscle fiber type and size did not differ between the groups. Increasing the serum 25(OH)D concentration over a period of 6 mo did not significantly change muscle strength and physical performance in prefrail and frail older adults. This trial was registered at www.clinicaltrials.gov as NCT02349282.",include_title_abs,A_primary_fulltext,extraction_candidate,Peer-reviewed community/home/primary-care frailty RCT candidate with relevant outcome,community,resistance;nutrition,extract_now,High-confidence community/home/primary-care frailty RCT candidate,exercise_plus_nutrition
29310138,10.7326/M16-2011,Effect of Physical Activity on Frailty: Secondary Analysis of a Randomized Controlled Trial.,2018,Annals of internal medicine,https://pubmed.ncbi.nlm.nih.gov/29310138/,Community/primary-care frailty RCT candidate,"Limited evidence suggests that physical activity may prevent frailty and associated negative outcomes in older adults. Definitive data from large long-term randomized trials are lacking. To determine whether a long-term, structured, moderate-intensity physical activity program is associated with a lower risk for frailty and whether frailty status alters the effect of physical activity on the reduction in major mobility disability (MMD) risk. Multicenter, single-blind, randomized trial. 8 centers in the United States. 1635 community-dwelling adults, aged 70 to 89 years, with functional limitations. A structured, moderate-intensity physical activity program incorporating aerobic, resistance, and flexibility activities or a health education program consisting of workshops and stretching exercises. Frailty, as defined by the SOF (Study of Osteoporotic Fractures) index, at baseline and 6, 12, and 24 months, and MMD, defined as the inability to walk 400 m, for up to 3.5 years. Over 24 months of follow-up, the risk for frailty (n = 1623) was not statistically significantly different in the physical activity versus the health education group (adjusted prevalence difference, -0.021 [95% CI, -0.049 to 0.007]). Among the 3 criteria of the SOF index, the physical activity intervention was associated with improvement in the inability to rise from a chair (adjusted prevalence difference, -0.050 [CI, -0.081 to -0.020]). Baseline frailty status did not modify the effect of physical activity on reducing incident MMD (P for interaction = 0.91). Frailty status was neither an entry criterion nor a randomization stratum. A structured, moderate-intensity physical activity program was not associated with a reduced risk for frailty over 2 years among sedentary, community-dwelling older adults. The beneficial effect of physical activity on the incidence of MMD did not differ between frail and nonfrail participants. National Institute on Aging, National Institutes of Health.",include_title_abs,A_primary_fulltext,extraction_candidate,Peer-reviewed community/home/primary-care frailty RCT candidate with relevant outcome,community,resistance;aerobic_walking,extract_now,High-confidence community/home/primary-care frailty RCT candidate,exercise_only
30328470,10.2340/16501977-2490,Effect of respiratory rehabilitation for frail older patients with musculoskeletal disorders: a randomized controlled trial.,2018,Journal of rehabilitation medicine,https://pubmed.ncbi.nlm.nih.gov/30328470/,Community/primary-care frailty RCT candidate,"To investigate the effects of respiratory rehabilitation on respiratory function, swallowing in community-dwelling frail older patients with musculoskeletal disorders. Randomized open-label controlled trial. Day-care facility in a rehabilitation hospital in Japan. A total of 63 participants with musculoskeletal disorders (intervention group: n = 31; control group: n = 32) completed the randomized controlled trial. All participants received 12 20-min sessions twice a week for 6 weeks of either typical rehabilitation (control) or typical rehabilitation with respiratory rehabilitation (intervention). Outcome measures were assessed prior to rehabilitation and after 12 sessions. The measures included: respiratory function, swallowing function, exercise tolerance, 6-min walk distance, thorax flexibility, muscle strength (grip and abdominal), activities of daily living, and quality of life. Participants in the intervention group showed significantly greater improvement in respiratory function (95% confidence interval (CI), 3.8-6.6; p = 0.01), swallowing function (95% CI -1.8-0.6; p = 0.01), and quality of life (SF8 Physical Summary Score) (95% CI 2.4-7.1; p = 0.01) compared with those in the control group. Addition of respiratory rehabilitation to a typical rehabilitation programme could improve not only respiratory and swallowing function, but also quality of life, in frail older patients.",include_title_abs,A_primary_fulltext,extraction_candidate,Peer-reviewed community/home/primary-care frailty RCT candidate with relevant outcome,community,resistance,extract_now,High-confidence community/home/primary-care frailty RCT candidate,exercise_only
30005654,10.1186/s12889-018-5788-8,"Effect, process, and economic evaluation of a combined resistance exercise and diet intervention (ProMuscle in Practice) for community-dwelling older adults: design and methods of a randomised controlled trial.",2018,BMC public health,https://pubmed.ncbi.nlm.nih.gov/30005654/,Community/primary-care frailty RCT candidate,"Exercise and nutrition are important for older adults to maintain or to regain their muscle mass, function, strength, and ultimately quality of life. The effectiveness of combined resistance exercise and diet interventions is commonly evaluated in controlled clinical studies, but evidence from real-life settings is lacking. This article describes the effectiveness, process, and economic evaluation design of a combined nutrition and exercise intervention for community-dwelling older adults in a Dutch real-life setting. The ProMuscle in Practice study is a randomised controlled multicentre intervention study, conducted in five municipalities in the Netherlands. Two hundred community-dwelling older adults (≥65 years) who are frail or pre-frail based on Fried frailty criteria or who experience strength loss are randomised over an intervention and control group by municipality. In the first 12-week intensive support intervention, participants in the intervention group perform resistance exercise training guided by a physiotherapist twice a week and increase protein intake by consuming protein-rich products under the supervision of a dietitian. Afterwards, they continue with a 12-week moderate support intervention. The control group receives only regular care during the two 12-week periods. Effect outcomes are measured at all locations at baseline, 12 weeks, 24 weeks, 36 weeks and only at three locations at 52 weeks. The primary outcome is physical functioning (Short Physical Performance Battery). Secondary outcomes include leg muscle strength, lean body mass, activities of daily living, social participation, food intake, and quality of life. Qualitative and quantitative implementation process data are collected during the intervention. Healthcare use and intervention costs are registered for the economic evaluation. Evaluating the effects, implementation, and costs of this combined intervention provides valuable insight into the feasibility of this intervention for community-dwelling older adults and into the intervention's ability to improve or to maintain physical functioning and quality of life. Netherlands Trial Register ( NTR6038 ) since 30 August 2016.",include_title_abs,A_primary_fulltext,secondary_setting,Hospital/post-acute/residential setting; not primary Indian primary-care scope,hospital_or_postacute,resistance;nutrition,exclude_before_extraction,"Disease-specific, post-acute or hospital rehabilitation population",exercise_plus_nutrition
30272098,10.1007/s12603-018-1090-9,Effects of Resistance Exercise Training on Cognitive Function and Physical Performance in Cognitive Frailty: A Randomized Controlled Trial.,2018,"The journal of nutrition, health & aging",https://pubmed.ncbi.nlm.nih.gov/30272098/,Community/primary-care frailty RCT candidate,"Cognitive frailty is defined as the presence of both physical frailty and cognitive impairment (clinical dementia rating score = 0.5), in the absence of dementia. It is characterized by concurrent physical frailty and potentially reversible cognitive impairment. In this study, we sought to elucidate the effects of high-speed resistance exercise training on cognitive function and physical performance in older adults with cognitive frailty. We conducted a parallel-group, randomized controlled trial involving community-living older adults with cognitive frailty. The participants' mean age was 73.9 (± 4.3 SD) years, and 69.8% (n=30) were female. Two different 4-month interventions included high-speed resistance exercise training group (n=22) and a control group (balance and band stretching, n=23). Frailty score, cognitive function (memory, processing speed, cognitive flexibility, working memory, executive function), physical function (SPPB, TUG, gait speed), and muscle strength (grip strength, knee extension strength) were assessed at baseline, 8 weeks, and 16 weeks. Statistical analysis showed that exercise improved performance significantly in the tests for cognitive function (processing speed and executive function, both p < 0.05), physical function (SPPB, TUG, gait speed, both p < 0.05), and muscle strength (grip strength, knee extension strength, both p < 0.05). However, no significant changes in frailty score were observed between intervention and either control group (p < 0.05). In conclusion, our findings indicate that high-speed resistance exercise training approaches are effective in improving cognitive function and physical performance in older adults with cognitive frailty. This study shows that it is feasible to identify older adults with cognitive frailty in the community and primary care setting for effective intervention to reduce their level of frailty and cognitive impairment.",include_title_abs,A_primary_fulltext,extraction_candidate,Peer-reviewed community/home/primary-care frailty RCT candidate with relevant outcome,primary_care,resistance;balance;nutrition;digital_home,exclude_before_extraction,"Disease-specific, post-acute or hospital rehabilitation population",exercise_plus_nutrition
29988285,10.1155/2018/8916274,"Effects of Strength Training on Muscle Properties, Physical Function, and Physical Activity among Frail Older People: A Pilot Study.",2018,Journal of aging research,https://pubmed.ncbi.nlm.nih.gov/29988285/,Community/primary-care frailty RCT candidate,"The aim of this study was to determine the effects of a 10-week strength training intervention on isometric strength, rate of force development (RFD), physical function (stair climbing, rising from a chair, and preferred and maximal walking speed), and physical activity among frail elderly people receiving home-care services. Thirty participants were randomly assigned (by sex) to a control group (CON) or a strength training group (ST) performing a supervised training programme using elastic bands, box-lifting, and body weight exercises twice per week. Twenty-three participants were selected to complete the study (age 84.9 ± 6.1 years). For the ST, only improvement in muscle properties was the peak RFD in leg extension (p=0.04). No significant differences were observed in muscle properties for the control group (CON) (p=0.16-1.00) or between groups (p=0.39-1.00). There were no changes within and between the groups in physical function (p=0.12-0.19) or physical activity levels (p=0.06-0.73). The results of this pilot study did not demonstrate greater improvements in muscle properties and physical function and improved physical activity after attending a home-based resistance program compared to physical activity advise; however, larger population studies should examine these findings. This trial is registered with ISRCTN10967873.",include_title_abs,A_primary_fulltext,extraction_candidate,Peer-reviewed community/home/primary-care frailty RCT candidate with relevant outcome,home,resistance;aerobic_walking;digital_home,extract_now,High-confidence community/home/primary-care frailty RCT candidate,exercise_only
29346524,10.1093/gerona/glx259,"Effects of a Primary Care-Based Multifactorial Intervention on Physical and Cognitive Function in Frail, Elderly Individuals: A Randomized Controlled Trial.",2018,"The journals of gerontology. Series A, Biological sciences and medical sciences",https://pubmed.ncbi.nlm.nih.gov/29346524/,Community/primary-care frailty RCT candidate,"Detecting and managing frailty at early stages can prevent disability and other adverse outcomes. The study aim was to evaluate whether a multifactorial intervention program could modify physical and cognitive frailty parameters in elderly individuals. We conducted a multicenter, randomized, single-blind, parallel-group trial in community-living prefrail/frail elderly individuals in Barcelona. A total of 352 patients, aged ≥65 years old with positive frailty screening, was randomized into two groups to receive a 12-week multidisciplinary intervention or usual care, with concealed allocation. The intervention consisted of: exercise training, intake of hyperproteic nutritional shakes, memory training, and medication review. Main outcome assessments with multivariate analysis were conducted at 3 and 18 months. A total of 347 participants (98.6%) completed the study, mean age 77.3 years, 89 prefrail subjects (25.3%), and 75.3% female (n = 265). Eighteen-month assessments were performed in 76% of the sample. After 3 and 18 months, adjusted means difference between-groups showed significant improvements for the intervention group in all comparisons: Short Physical Performance Battery score improved 1.58 and 1.36 points (p < .001), handgrip strength 2.84 and 2.49 kg (p < .001), functional reach 4.3 and 4.52 cm (p < .001), and number of prescriptions decreased 1.39 and 1.09 (p < .001), respectively. Neurocognitive battery also showed significant improvements across all dimensions at 3 and 18 months. A physical, nutritional, neurocognitive, and pharmacological multifaceted intervention was effective in reversing frailty measures both at short-term and 18 months. Lasting benefits of a multi-intervention program among frail elderly individuals encourage its prioritization.",include_title_abs,A_primary_fulltext,extraction_candidate,Peer-reviewed community/home/primary-care frailty RCT candidate with relevant outcome,primary_care,resistance;nutrition,extract_now,High-confidence community/home/primary-care frailty RCT candidate,exercise_plus_nutrition
30217182,10.1186/s12877-018-0890-4,Nordic walking training and nutritional supplementation in pre-frail older Indians: an open-labelled experimental pre-test and post-test pilot study to develop intervention model.,2018,BMC geriatrics,https://pubmed.ncbi.nlm.nih.gov/30217182/,Community/primary-care frailty RCT candidate,"Identifying and treating people in a pre-frail state may be an effective way to prevent or delay frailty and preserve their functional capacity. This study aimed to assess the efficacy of, and compliance with, a 12 week individualized nutritional supplementation (INS) and Nordic walking (NW) program in pre-frail older Indians. The primary measure is physical performance, as indicated by Fried's Frailty scale. Other measures include: cognition, as indicated by the Hindi Mental Status Examination; mood, by the Geriatric Depression Scale; and nutritional status, by the Mini Nutritional Assessment. This is an open-labeled experimental pre-test and post-test study, which took place from October 2012 to December 2014. The study was approved by Institute Ethics committee (IEC/NP-350/2012/RP-26/2012) at the All India Institute of Medical Sciences (AIIMS), New Delhi. Participants were sixty-six pre-frail elderly, who were randomly allocated into three subgroups, namely: A (NW only), B (INS only), and C (NW and INS). One-way ANOVA was used to statistically assess differences in baseline characteristics for quantitative variables, with the Chi-Square/Fischer exact test utilized for qualitative variables. Paired t-tests were used to assess pre and post intervention difference within the group for quantitative variables, with McNemar's Chi-Square test used for qualitative variables. Kruskal Wallis test was used to assess significant intervention effects among the groups. A p-value < 0.05 was considered as statistically significant. There was significant effect of intervention in gait speed in group A (p = 0.001) and C (p = 0.002), but not in group B (p = 0.926). While there was no significant change in grip strength in Group A (p = 0.488) and B (p = 0.852), a statistically significant increase was observed in group C (p = 0.013). Mood significantly improved in group B (p = 0.025) and C (p = 0.021). No significant difference was noted in cognitive status across groups. Following the interventions, a total of 18.18% of pre-frail participants were classified as non-frail. Combining NW and INS provides a simple, pragmatic intervention with efficacy in the management of functionally vulnerable older adults, and allows their maintained independence. Future studies should replicate this readily applicable intervention in a larger cohort with a longer follow-up period. Clinical Trial Registry-India CTRI/2016/05/006937 [Registered on: 16/05/2016]; Trial was Registered Retrospectively.",include_title_abs,A_primary_fulltext,extraction_candidate,Peer-reviewed community/home/primary-care frailty RCT candidate with relevant outcome,unclear,resistance;aerobic_walking;nutrition;digital_home,exclude_before_extraction,Protocol/design/baseline paper,exercise_plus_nutrition
29455058,10.1016/j.archger.2018.02.005,Physical activity combined with resistance training reduces symptoms of frailty in older adults: A randomized controlled trial.,2018,Archives of gerontology and geriatrics,https://pubmed.ncbi.nlm.nih.gov/29455058/,Community/primary-care frailty RCT candidate,"Increased physical activity (PA) is a crucial factor in the prevention of physical deterioration, and resistance training (RT) is also a common and effective intervention for older adults. However, the effects of PA as an adjunct to RT on frailty status remains unclear; therefore, we clarified the effect of a PA intervention with feedback, as an adjunct to resistance strength training, on the physical and mental outcomes of frail older adults. We employed a randomized controlled trial. Community-dwelling frail older adults in Japan were recruited to participate. Forty-one participants (mean age 81.5) were randomly assigned to engage in a resistance training with PA (RPA group) or RT group for six months. Frailty status and frailty scores, which were measured according to the Cardiovascular Health Study criteria-muscle strength, mobility, instrumental activities of daily living, and health-related quality of life-were assessed. Participants in the RPA group exhibited a significant increase in light-intensity PA, the number of steps taken daily (p < 0.05), and lower-limb muscle strength (p < 0.05) and a significant decrease in frailty scores. However, pre- and postintervention frailty status, instrumental activities of daily living, and health-related quality of life did not differ significantly. Implementation of a PA intervention as an adjunct to RT is feasible, as it reduced frailty scores and increased lower-limb muscle strength and mobility in older adults with frailty symptoms.",include_title_abs,A_primary_fulltext,extraction_candidate,Peer-reviewed community/home/primary-care frailty RCT candidate with relevant outcome,community,resistance,extract_now,High-confidence community/home/primary-care frailty RCT candidate,exercise_only
29783928,10.1186/s12872-018-0839-8,Physical activity intervention for elderly patients with reduced physical performance after acute coronary syndrome (HULK study): rationale and design of a randomized clinical trial.,2018,BMC cardiovascular disorders,https://pubmed.ncbi.nlm.nih.gov/29783928/,Community/primary-care frailty RCT candidate,"Reduced physical performance and impaired mobility are common in elderly patients after acute coronary syndrome (ACS) and they represent independent risk factors for disability, morbidity, hospital readmission and mortality. Regular physical exercise represents a means for improving functional capacity. Nevertheless, its clinical benefit has been less investigated in elderly patients in the early phase after ACS. The HULK trial aims to investigate the clinical benefit of an early, tailored low-cost physical activity intervention in comparison to standard of care in elderly ACS patients with reduced physical performance. HULK is an investigator-initiated, prospective multicenter randomized controlled trial (NCT03021044). After successful management of the ACS acute phase and uneventful first 1 month, elderly (≥70 years) patients showing reduced physical performance are randomized (1:1 ratio) to either standard of care or physical activity intervention. Reduced physical performance is defined as a short physical performance battery (SPPB) score of 4-9. The early, tailored, low-cost physical intervention includes 4 sessions of physical activity with a supervisor and an home-based program of physical exercise. The chosen primary endpoint is the 6-month SPPB value. Secondary endpoints briefly include quality of life, on-treatment platelet reactivity, some laboratory data and clinical adverse events. To demonstrate an increase of at least one SPPB point in the experimental arm, a sample size of 226 patients is needed. The HULK study will test the hypothesis that an early, tailored low-cost physical activity intervention improves physical performance, quality of life, frailty status and outcome in elderly ACS patients with reduced physical performance. Clinicaltrials.gov, identifier NCT03021044 , first posted January, 13th 2017.",include_title_abs,A_primary_fulltext,extraction_candidate,Peer-reviewed community/home/primary-care frailty RCT candidate with relevant outcome,home,digital_home,extract_now,High-confidence community/home/primary-care frailty RCT candidate,digital_home_unclear_intervention
30498835,10.1007/s12603-018-1127-0,Quality of Life and Mental Health in Older Adults with Obesity and Frailty: Associations with a Weight Loss Intervention.,2018,"The journal of nutrition, health & aging",https://pubmed.ncbi.nlm.nih.gov/30498835/,Community/primary-care frailty RCT candidate,"To examine the bi-directional associations of a weight loss intervention with quality of life and mental health in obese older adults with functional limitations. Combined-group analyses of secondary variables from the MEASUR-UP randomized controlled trial. Academic medical center. Obese community-dwelling men and women (N = 67; age ≥60; BMI ≥30) with functional limitations (Short Physical Performance Battery [SPPB] score of 4-10 out of 12). Six-month reduced calorie diet at two protein levels. Weight, height, body composition, physical function, medical history, and mental health and quality of life assessments (Center for Epidemiologic Studies Depression Scale [CES-D]; Profile of Mood States [POMS], Pittsburgh Sleep Quality Index [PSQI]; Perceived Stress Scale [PSS]; Satisfaction with Life Scale [SWLS]; and Short Form Health Survey [SF-36]) were acquired at 0, 3 and 6 months. Physical composite quality of life (SF-36) improved significantly at 3 months (β = 6.29, t2,48 = 2.60, p = 0.012) and 6 months (β = 10.03, t2,48 = 4.83, p < 0.001), as did several domains of physical quality of life. Baseline depression symptoms (CES-D and POMS) were found to predict lower amounts of weight loss; higher baseline sleep latency (PSQI) and anger (POMS) predicted less improvement in physical function (SPPB). The significant bi-directional associations found between a weight loss intervention and mental health/quality of life, including substantial improvements in physical quality of life with obesity treatment, indicate the importance of considering mental health and quality of life as part of any weight loss intervention for older adults.",include_title_abs,A_primary_fulltext,extraction_candidate,Peer-reviewed community/home/primary-care frailty RCT candidate with relevant outcome,community,nutrition,extract_now,High-confidence community/home/primary-care frailty RCT candidate,nutrition_only
30138718,10.1016/j.cct.2018.08.004,Rationale and design of the Study To Understand Fall Reduction and Vitamin D in You (STURDY): A randomized clinical trial of Vitamin D supplement doses for the prevention of falls in older adults.,2018,Contemporary clinical trials,https://pubmed.ncbi.nlm.nih.gov/30138718/,Community/primary-care frailty RCT candidate,"Prior evidence suggests that vitamin D supplementation may reduce fall risk, but existing data are inconsistent and insufficient to guide policy. We designed a two-stage Bayesian response-adaptive dose-finding and seamless confirmatory randomized trial of vitamin D supplementation to prevent falls. Up to 1200 community-dwelling persons, aged ≥70 years, of predominantly white and African-American race, with serum 25(OH)D concentrations of 10-29 ng/mL and at elevated fall risk, will be randomized to one of four vitamin D3 (cholecalciferol) supplement doses: 200 (control), 1000, 2000, or 4000 IU/day and treated for up to 2 years. Stage 1 is designed to identify the best of the non-control doses for fall prevention. If a best dose is selected, Stage 2 will start seamlessly, with enrollees assigned to control or the best dose in Stage 1 continuing on that dose unchanged, enrollees assigned to the two non-control, non-best doses in Stage 1 switched to the best dose, and new enrollees randomly assigned 1:1 to control or the best dose. In Stage 2, we will compare the control dose group to the best dose group to potentially confirm the efficacy of that dose for fall prevention. The primary outcome measure in both stages is time to first fall or death, whichever comes first. Falls are ascertained from calendars, scheduled interviews, or interim self-reports. Secondary outcome measures include time to each component of the composite primary outcome and gait speed. Additional outcomes include the Short Physical Performance Battery score, physical activity level (assessed by accelerometry), and frailty score. NCT02166333.",include_title_abs,A_primary_fulltext,extraction_candidate,Peer-reviewed community/home/primary-care frailty RCT candidate with relevant outcome,community,balance;nutrition,extract_now,High-confidence community/home/primary-care frailty RCT candidate,exercise_plus_nutrition
30445919,10.1186/s12877-018-0967-0,The prevalence and characteristics of frailty by frailty phenotype in rural Tanzania.,2018,BMC geriatrics,https://pubmed.ncbi.nlm.nih.gov/30445919/,Community/primary-care frailty RCT candidate,"The frailty phenotype is defined by the presence of three from the following five clinical features: weakness, slow walking speed, unintentional weight loss, exhaustion, and low physical activity. It has been widely applied in different research and clinical contexts, including across many low and middle-income countries. However, there is evidence that the operationalisation of each component of the frailty phenotype significantly alters its characteristics and predictive validity, and care is needed when applying the phenotype across settings. The study's objective was to operationalise the frailty phenotype in a rural Tanzanian population of older community-dwelling adults. Consenting adults aged ≥60 years, and resident in five randomly selected villages of Hai district Demographic Surveillance Site, were eligible to participate in this cross-sectional study. From a screened sample of 1207 older adults, 235 were randomised and consented to an assessment of their frailty status by the frailty phenotype. Trained research fieldworkers (Tanzanian medical doctors and nurses) carried out measurements and questionnaires at local village centres or at participants' homes. The prevalence of the frailty phenotype, calculated from complete data for 196 participants, was 9.25% (95% CI 4.39-14.12) When missing data were counted as meeting frailty criterion (i.e. missing due to inability to perform an assessment), the prevalence increased to 11.22% (95% CI 7.11-15.32). Frailty by phenotype criteria was more common in older age groups, and was associated with self-assessed poor health and depression symptoms. Frailty can be successfully estimated using the frailty phenotype, however there are challenges in its operationalisation cross-culturally. Further work is needed to explore the potential clinical application of the frailty phenotype in such settings.",include_title_abs,A_primary_fulltext,extraction_candidate,Peer-reviewed community/home/primary-care frailty RCT candidate with relevant outcome,community,aerobic_walking;digital_home,exclude_before_extraction,Non-randomized observational design,exercise_only
29183035,10.1159/000484663,User-Oriented Evaluation of a Robotic Rollator That Provides Navigation Assistance in Frail Older Adults with and without Cognitive Impairment.,2018,Gerontology,https://pubmed.ncbi.nlm.nih.gov/29183035/,Community/primary-care frailty RCT candidate,"Navigational skills decline with age, and this decline is even more pronounced in cognitively impaired (CI) older adults. Navigation assistance is an emerging functionality of robotic rollators (RRs). The evidence on the effectiveness of RR-integrated navigation systems in potential end-users is, however, scarce. To determine whether RR-provided navigation assistance improves navigation within a real-life environment in the intended user group of frail older adults with and without cognitive impairment currently using a rollator in daily life. A randomized, between-subject, 2 × 2 factorial design was conducted to test the effects of navigation assistance and cognitive status on participants' navigation performance. Twenty CI (Mini-Mental State Examination [MMSE] 17-26) and 22 not cognitively impaired (NCI; MMSE >26) older rollator users (age 82.5 ± 8.7 years) were included. Participants were matched for cognitive status (CI vs. NCI) and randomized to one of two conditions: RR (1) with or (2) without activated navigation system. All participants had to complete a two-section navigation path with the RR in an unfamiliar, real-life environment. Participants with RR-assisted navigation were supported in wayfinding by directional audio cues of the RR-integrated navigation system. Participants without RR-assisted navigation had to complete the sections by orienting themselves along conventional signposts. Outcomes were success rate, completion and stopping time, number of stops, walking distance, and gait speed. The navigation assistance condition had no significant effect on the success rate in the CI, NCI, or total group. We found significant interactions between navigation assistance and cognitive status for both sections (p = 0.002-0.040), such that RR-assisted navigation reduced the completion time (both sections), stopping time (section 1), and number of stops (section 2) in the CI (p ≤ 0.001-0.014) but not in the NCI group. On the more complex section 2, RR-assisted navigation led to a reduced stopping time and walking distance in the total group (p = 0.014-0.016). The RR-integrated navigation system was effective for improving navigation within a real-life environment in potential end-users, especially in those with cognitive impairment. This is the first study to provide statistical evidence on the effectiveness of an RR-integrated navigation system in the intended user group.",include_title_abs,A_primary_fulltext,extraction_candidate,Peer-reviewed community/home/primary-care frailty RCT candidate with relevant outcome,unclear,aerobic_walking,extract_now,High-confidence community/home/primary-care frailty RCT candidate,exercise_only
27993489,10.1016/j.jphys.2016.11.007,A multifactorial intervention for frail older people is more than twice as effective among those who are compliant: complier average causal effect analysis of a randomised trial.,2017,Journal of physiotherapy,https://pubmed.ncbi.nlm.nih.gov/27993489/,Community/primary-care frailty RCT candidate,"What is the effect of a multifactorial intervention on frailty and mobility in frail older people who comply with their allocated treatment? Secondary analysis of a randomised, controlled trial to derive an estimate of complier average causal effect (CACE) of treatment. A total of 241 frail community-dwelling people aged ≥ 70 years. Intervention participants received a 12-month multidisciplinary intervention targeting frailty, with home exercise as an important component. Control participants received usual care. Primary outcomes were frailty, assessed using the Cardiovascular Health Study criteria (range 0 to 5 criteria), and mobility measured using the 12-point Short Physical Performance Battery. Outcomes were assessed 12 months after randomisation. The treating physiotherapist evaluated the amount of treatment received on a 5-point scale. 216 participants (90%) completed the study. The median amount of treatment received was 25 to 50% (range 0 to 100). The CACE (ie, the effect of treatment in participants compliant with allocation) was to reduce frailty by 1.0 frailty criterion (95% CI 0.4 to 1.5) and increase mobility by 3.2 points (95% CI 1.8 to 4.6) at 12 months. The mean CACE was substantially larger than the intention-to-treat effect, which was to reduce frailty by 0.4 frailty criteria (95% CI 0.1 to 0.7) and increase mobility by 1.4 points (95% CI 0.8 to 2.1) at 12 months. Overall, compliance was low in this group of frail people. The effect of the treatment on participants who comply with allocated treatment was substantially greater than the effect of allocation on all trial participants. Australian and New Zealand Trial Registry ANZCTRN12608000250336. [Fairhall N, Sherrington C, Cameron ID, Kurrle SE, Lord SR, Lockwood K, Herbert RD (2016) A multifactorial intervention for frail older people is more than twice as effective among those who are compliant: complier average causal effect analysis of a randomised trial.Journal of Physiotherapy63: 40-44].",include_title_abs,A_primary_fulltext,extraction_candidate,Peer-reviewed community/home/primary-care frailty RCT candidate with relevant outcome,community,unclear,extract_now,High-confidence community/home/primary-care frailty RCT candidate,unclear
28514618,10.1056/NEJMoa1616338,"Aerobic or Resistance Exercise, or Both, in Dieting Obese Older Adults.",2017,The New England journal of medicine,https://pubmed.ncbi.nlm.nih.gov/28514618/,Community/primary-care frailty RCT candidate,"Obesity causes frailty in older adults; however, weight loss might accelerate age-related loss of muscle and bone mass and resultant sarcopenia and osteopenia. In this clinical trial involving 160 obese older adults, we evaluated the effectiveness of several exercise modes in reversing frailty and preventing reduction in muscle and bone mass induced by weight loss. Participants were randomly assigned to a weight-management program plus one of three exercise programs - aerobic training, resistance training, or combined aerobic and resistance training - or to a control group (no weight-management or exercise program). The primary outcome was the change in Physical Performance Test score from baseline to 6 months (scores range from 0 to 36 points; higher scores indicate better performance). Secondary outcomes included changes in other frailty measures, body composition, bone mineral density, and physical functions. A total of 141 participants completed the study. The Physical Performance Test score increased more in the combination group than in the aerobic and resistance groups (27.9 to 33.4 points [21% increase] vs. 29.3 to 33.2 points [14% increase] and 28.8 to 32.7 points [14% increase], respectively; P=0.01 and P=0.02 after Bonferroni correction); the scores increased more in all exercise groups than in the control group (P<0.001 for between-group comparisons). Peak oxygen consumption (milliliters per kilogram of body weight per minute) increased more in the combination and aerobic groups (17.2 to 20.3 [17% increase] and 17.6 to 20.9 [18% increase], respectively) than in the resistance group (17.0 to 18.3 [8% increase]) (P<0.001 for both comparisons). Strength increased more in the combination and resistance groups (272 to 320 kg [18% increase] and 288 to 337 kg [19% increase], respectively) than in the aerobic group (265 to 270 kg [4% increase]) (P<0.001 for both comparisons). Body weight decreased by 9% in all exercise groups but did not change significantly in the control group. Lean mass decreased less in the combination and resistance groups than in the aerobic group (56.5 to 54.8 kg [3% decrease] and 58.1 to 57.1 kg [2% decrease], respectively, vs. 55.0 to 52.3 kg [5% decrease]), as did bone mineral density at the total hip (grams per square centimeter; 1.010 to 0.996 [1% decrease] and 1.047 to 1.041 [0.5% decrease], respectively, vs. 1.018 to 0.991 [3% decrease]) (P<0.05 for all comparisons). Exercise-related adverse events included musculoskeletal injuries. Of the methods tested, weight loss plus combined aerobic and resistance exercise was the most effective in improving functional status of obese older adults. (Funded by the National Institutes of Health; LITOE ClinicalTrials.gov number, NCT01065636 .).",include_title_abs,A_primary_fulltext,extraction_candidate,Peer-reviewed community/home/primary-care frailty RCT candidate with relevant outcome,unclear,resistance;aerobic_walking,extract_now,High-confidence community/home/primary-care frailty RCT candidate,exercise_only
28951766,10.1155/2017/4807046,"Effect of Weight Loss, Exercise, or Both on Undercarboxylated Osteocalcin and Insulin Secretion in Frail, Obese Older Adults.",2017,Oxidative medicine and cellular longevity,https://pubmed.ncbi.nlm.nih.gov/28951766/,Community/primary-care frailty RCT candidate,"Obesity exacerbates age-related decline in glucometabolic control. Undercarboxylated osteocalcin (UcOC) regulates pancreatic insulin secretion. The long-term effect of lifestyle interventions on UcOC and insulin secretion has not been investigated. One hundred seven frail, obese older adults were randomized into the control (N = 27), diet (N = 26), exercise (N = 26), and diet-exercise (N = 28) groups for 1 year. Main outcomes included changes in UcOC and disposition index (DI). UcOC increased in the diet group (36 ± 11.6%) but not in the other groups (P < 0.05 between groups). Although similar increases in DI occurred in the diet-exercise and diet groups at 6 months, DI increased more in the diet-exercise group (92.4 ± 11.4%) than in the diet group (61.9 ± 15.3%) at 12 months (P < 0.05). UcOC and body composition changes predicted DI variation in the diet group only (R2 = 0.712), while adipocytokines and physical function changes contributed to DI variation in both the diet (∆R2 = 0.140 and 0.107) and diet-exercise (∆R2 = 0.427 and 0.243) groups (P < 0.05 for all). Diet, but not exercise or both, increases UcOC, whereas both diet and diet-exercise increase DI. UcOC accounts for DI variation only during active weight loss, while adipocytokines and physical function contribute to diet-exercise-induced DI variation, highlighting different mechanisms for lifestyle-induced improvements in insulin secretion. This trial was registered with ClinicalTrials.gov number NCT00146107.",include_title_abs,A_primary_fulltext,extraction_candidate,Peer-reviewed community/home/primary-care frailty RCT candidate with relevant outcome,unclear,multidomain,extract_now,High-confidence community/home/primary-care frailty RCT candidate,multidomain
28064172,10.1093/ageing/afw242,Effectiveness of an intervention to prevent frailty in pre-frail community-dwelling older people consulting in primary care: a randomised controlled trial.,2017,Age and ageing,https://pubmed.ncbi.nlm.nih.gov/28064172/,Community/primary-care frailty RCT candidate,"evidence on the effectiveness of interventions to prevent frailty is scarce. to assess the effect of an intervention in preventing frailty progression in pre-frail older people. a randomised, open label, controlled trial with two parallel arms. community-dwelling pre-frail older people (≥70 years) consulting in primary care. nutritional assessment (and derivation to a Nutritional Unit for usual care in the event of nutritional risk) and a physical activity programme including aerobic exercise and a set of mixed strengthening, balance and coordination exercises. patients receiving the usual care. prevalence of frailty (Fried criteria) at 12 months. functional capacity (Barthel index), falls and nutritional status (Short-Form Mini Nutritional Assessment) on follow-up at 12 months. one hundred and seventy-two participants were recruited and randomised (mean age: 78.3 years; mean number of Fried criteria: 1.45). Thirty-nine participants (22.6%) were dropped out during the study. At follow-up, 4.9% of the intervention group and 15.3% of the control group had evolved to frailty, for a crude odds ratio (OR) of 0.29 (95% confidence interval [CI]: 0.08-1.08; P = 0.052) and an adjusted (by age, gender and number of co-morbidities) OR of 0.19 (95% CI: 0.04-0.95; P = 0.044). Intervention group showed a higher outdoors walking hour per day (0.97 versus 0.73; P = 0.019) but no difference was observed in muscle strength, gait speed or other functional indicators. an intervention focused on physical exercise and maintaining good nutritional status may be effective in preventing frailty in community-dwelling pre-frail older individuals. NCT02138968.",include_title_abs,A_primary_fulltext,extraction_candidate,Peer-reviewed community/home/primary-care frailty RCT candidate with relevant outcome,primary_care,resistance;balance;aerobic_walking;nutrition,extract_now,High-confidence community/home/primary-care frailty RCT candidate,exercise_plus_nutrition
28393440,10.1111/ggi.13016,"Effects of a multifactorial intervention comprising resistance exercise, nutritional and psychosocial programs on frailty and functional health in community-dwelling older adults: A randomized, controlled, cross-over trial.",2017,Geriatrics & gerontology international,https://pubmed.ncbi.nlm.nih.gov/28393440/,Community/primary-care frailty RCT candidate,"To examine the effects of a multifactorial intervention on frailty and functional health among community-dwelling older adults, a 6-month randomized, controlled, cross-over trial was carried out within the Hatoyama Cohort Study. A total of 77 pre-frail or frail older adults (mean age 74.6 years) were randomly allocated to an immediate intervention group (IIG; n = 38) or delayed intervention group (DIG; n = 39). The IIG participated in a twice-weekly multifactorial intervention comprising resistance exercise, nutritional education and psychosocial programs. No intervention was given to the DIG during the initial 3-month period, and both groups were crossed over for the latter 3-month period. Pre-frailty and frailty were determined by using the Check-List 15, which was validated against Fried's frailty criteria. Effects of the intervention on primary (Check-List 15 score and frailty status) and secondary outcomes (physical and psychosocial functions, and nutritional intake) were examined for both 3-month periods. As compared with the DIG, the IIG had significant reductions in Check-List 15 score (-0.36 points; 95% CI -0.74 to -0.03), frailty prevalence (-23.5%, 95% CI -40.4 to -6.7), Timed Up and Go test (-0.25 s, 95% CI -0.47 to -0.08), and Geriatric Depression Score (-0.92 points, 95% CI -1.44 to -0.39), and improvements in the Dietary Variety Score (0.65 points, 95% CI 0.05-1.25), and protein (1.9% E, 95% CI 1.1-2.7) and micronutrient intakes at 3 months, all of which, excluding protein and micronutrient intakes, persisted at 6 months. The DIG showed similar intervention effects in the latter 3-month period. This 3-month multifactorial intervention reduced frailty and improved functional health. These intervention effects persisted for at least 3 months post-intervention. Geriatr Gerontol Int 2017; 17: 2034-2045.",include_title_abs,A_primary_fulltext,extraction_candidate,Peer-reviewed community/home/primary-care frailty RCT candidate with relevant outcome,community,resistance;nutrition,exclude_before_extraction,Non-randomized observational design,exercise_plus_nutrition
27138245,10.1111/ggi.12795,Effects of an integrated health education and elastic band resistance training program on physical function and muscle strength in community-dwelling elderly women: Healthy Aging and Happy Aging II study.,2017,Geriatrics & gerontology international,https://pubmed.ncbi.nlm.nih.gov/27138245/,Community/primary-care frailty RCT candidate,"In the present study, we determined the effect of an integrated health education and elastic band resistance training program on body composition, physical function, muscle strength and quality in community-dwelling elderly women. We recruited participants with eligibility inclusion criteria, and randomly assigned them to either the control group (n = 19) or the intervention group (n = 19). The integrated intervention program comprised of health education and individual counseling, and elastic band training for 18 weeks (8 weeks of supervised training and 10 weeks of self-directed training). We assessed body composition, muscle strength and quality, and physical function at pre-, after 8 weeks (mid-) and 18 weeks (post-training). After the intervention, there were no significant changes in skeletal muscle index, fat free mass, total lean mass and total fat mass for both the control group and intervention group. However, the interaction effect was significantly different in SPPB score (P < 0.05), isokinetic strength (60 deg/s, P < 0.001; 120 deg/s; P < 0.05) and muscle quality (P < 0.05) after 18 weeks of intervention relative to the baseline of the control and intervention groups. The supervised elastic band training of 8 weeks did not improve short physical performance battery score and isokinetic strength, whereas there was a significant increase of those outcomes (10.6% improvement, 9.8~23.5% improvement) after 10 weeks of following self-directed exercise compared with the baseline. These results show the effectiveness of following self-directed resistance training with health education after supervised training cessation in improvement of short physical performance battery and leg muscle strength. This intervention program might be an effective method to promote muscle strength and quality, and to prevent frailty in elderly women. Geriatr Gerontol Int 2017; 17: 825-833.",include_title_abs,A_primary_fulltext,extraction_candidate,Peer-reviewed community/home/primary-care frailty RCT candidate with relevant outcome,community,resistance;digital_home,extract_now,High-confidence community/home/primary-care frailty RCT candidate,exercise_only
27588891,10.1016/j.archger.2016.08.009,Fear of falling reduced by a lay led home-based program in frail community-dwelling older adults: A randomised controlled trial.,2017,Archives of gerontology and geriatrics,https://pubmed.ncbi.nlm.nih.gov/27588891/,Community/primary-care frailty RCT candidate,"In older adults, fear of falling (FOF) leads to a decline in daily physical activity quality of life and an increased risk of falling. The aim of this randomised controlled trial was to assess the effects of a 12-week home-based intervention program carried out by lay volunteers on FOF in frail older adults. Thirty-nine participants were randomised to a physical training and nutrition (PTN) group and 41 participants to a social support (SOSU) group. In the PTN group, strength training and conversation about optimising nutrition were performed twice weekly, and the SOSU group received home visits without intervention. FOF and change of FOF were assessed using the Falls Efficacy Scale - International (FES-I). The Short Physical Performance Battery (SPPB), the Physical Activity Scale for the Elderly (PASE) and maximum handgrip strength and their changes were also assessed. The mean FES-I score at baseline was 42.7 points and was significantly associated with the SPPB and PASE scores. The FES-I score significantly changed in the PTN group from 44.1 to 39.9 points over the course of the intervention. Twenty-seven percent of the participants showed a decreased FES-I score of at least 4 points. This decrease was associated with an increase in the SPPB score and an increase in handgrip strength CONCLUSION: A 12-week structured physical training and nutrition intervention carried out by lay volunteers, which leads to an increase in physical activity and improved physical performance, can reduce FOF by about 10%.",include_title_abs,A_primary_fulltext,extraction_candidate,Peer-reviewed community/home/primary-care frailty RCT candidate with relevant outcome,home,resistance;balance;nutrition;digital_home,extract_now,High-confidence community/home/primary-care frailty RCT candidate,exercise_plus_nutrition
28085913,10.1371/journal.pone.0169613,Impact of a Home-Based Physical and Nutritional Intervention Program Conducted by Lay-Volunteers on Handgrip Strength in Prefrail and Frail Older Adults: A Randomized Control Trial.,2017,PloS one,https://pubmed.ncbi.nlm.nih.gov/28085913/,Community/primary-care frailty RCT candidate,"A randomized controlled trial was performed to compare the effects of a home-based physical and nutritional intervention program carried out by lay-volunteers to home visits with social support alone. Buddies visited 80 prefrail or frail older persons at home twice a week for 12 weeks. The physical training and nutrition group (PTN, n = 39) performed two sets of six strength exercises, discussed nutritional topics and received social support. The social support group (SoSu, n = 41) received home visits with social support only. In the PTN group, handgrip strength increased significantly by 2.4 kg (95% CI: 1.0-3.8). In the SoSu group we did not see a significant improvement. However, no significant between-group difference was found. Physical performance increased in both groups, although with a higher increase of 1.0 point (95% CI: 0.1-2.0) in the PTN group. In none of the groups muscle mass changed. Further results showed that frail individuals benefit more from the intervention than prefrail individuals (OR: 2.78; 95% CI: 1.01-7.66). Handgrip strength in the intervention group increased by a clinically relevant value and this effect is comparable to that obtained by health-care professionals. Therefore, home visits with a physical training and nutritional program could offer a new perspective in the care of community-dwelling prefrail and frail older persons.",include_title_abs,A_primary_fulltext,extraction_candidate,Peer-reviewed community/home/primary-care frailty RCT candidate with relevant outcome,home,resistance;nutrition;digital_home,extract_now,High-confidence community/home/primary-care frailty RCT candidate,exercise_plus_nutrition
27897406,10.1002/jcsm.12132,Integrated care for geriatric frailty and sarcopenia: a randomized control trial.,2017,"Journal of cachexia, sarcopenia and muscle",https://pubmed.ncbi.nlm.nih.gov/27897406/,Community/primary-care frailty RCT candidate,"Exercise, nutrition, and psychological interventions may all have positive impacts on frailty and sarcopenia. However, it is not known whether an integrated care programme with all three components can be beneficial and the intensity of such programme is also not certain. In this study, we aim to determine the effectiveness of two levels of integrated care on frailty and sarcopenia. A randomized control trial was conducted at two community hospitals in Taiwan. Older adults (65-79 years of age, N = 289) who scored ≥1 on the Cardiovascular Health Study Phenotypic Classification of Frailty (CHS_PCF) were enrolled in the trial. Low-level care (LLC) participants received a 2 h education course on frailty, sarcopenia, coping strategy, nutrition, and demonstration of study exercise programme. Educational multimedia material was distributed as reference for home practice with bi-monthly telephone follow-ups on adherences. High-level care (HLC) participants, in addition to LLC instructions, received six sessions of on-site problem solving therapy and 48 exercise sessions within 6 months. Brief nutrition consultation was also provided during the exercise sessions. Primary outcome was improvement of the CHS_PCF by at least one category (from pre-frail to robust, or from frail to pre-frail or robust) from baseline. Secondary outcomes included changes of individual frailty, and sarcopenia indicators. Assessments were done at 3, 6, and 12 months by trained research assistants blinded to randomization status. Intention-to-treat analysis was applied. Mean age was 71.6 ± 4.3 years, with 53% females. For the entire cohort, improvement of primary outcome was 35% at 3 months, increased to 40% at 6 months, and remained stable at 39% at 12 months. Improvement rates were similar in both groups. Compared with the LLC group, HLC participants had greater improvements in the following indices: energy expenditure of walking, 5 m walking time, dominant hand grip strength, timed-up-and-go-test, and one-leg-stand time - mainly at 6 and 12 month assessments. The 6 month integrated care improved frailty and sarcopenia status among community-dwelling elders, with high-intensity training yielding greater improvements. Low-level care could be promoted as a basic intervention, while HLC could be reserved for those at high risk and with high motivation.",include_title_abs,A_primary_fulltext,extraction_candidate,Peer-reviewed community/home/primary-care frailty RCT candidate with relevant outcome,community,resistance;aerobic_walking;nutrition;digital_home,extract_now,High-confidence community/home/primary-care frailty RCT candidate,exercise_plus_nutrition
28972245,10.1007/s12603-016-0867-y,Multi-Domains Lifestyle Interventions Reduces Depressive Symptoms among Frail and Pre-Frail Older Persons: Randomized Controlled Trial.,2017,"The journal of nutrition, health & aging",https://pubmed.ncbi.nlm.nih.gov/28972245/,Community/primary-care frailty RCT candidate,"We investigated the effect of multi-domain lifestyle (physical, nutritional, cognitive) interventions among frail and pre-frail community-living older persons on reducing depressive symptoms. Participants aged 65 and above were randomly allocated to 24 weeks duration interventions with nutritional supplementation (N=49), physical training (N=48), cognitive training (N=50), combination intervention (N=49) and usual care control (N=50). Depressive symptoms were assessed by the Geriatric Depression Scale (GDS-15) at baseline (0M), 3 month (3M), 6 month (6M) and 12 month (12M). Mean GDS scores in the control group increased from 0.52 (0M) and 0.54 (3M) to 0.74 (6M), and 0.83 (12M). Compared to the control group, interventions showed significant differences (∆=change) at 6M for cognitive versus control (∆=-0.39, p=0.021, group*time interaction p=0.14); physical versus control (∆ =-0.37, p=0.026, group*time interaction p=0.13), and at 12M for nutrition versus control (∆ =-0.46, p=0.016, group*time interaction p=0.15). The effect for combination versus control was significant at 6M (∆ =-0.43, p=0.020) and 12M (∆ =-0.51, p=0.005, group*time interaction p=0.026). Estimated 12-month cumulative incidence of depressive symptoms (GDS≥2) relative to control were OR=0.38, p=0.037 (nutrition); OR=0.71, p=0.40 (cognitive); OR=0.39, p=0.042 (physical training) and OR=0.38, p=0.037 (combination). Changes in gait speed and energy level were significantly associated with changes in GDS scores over time. Multi-domain interventions that reverse frailty among community-living older persons also reduce depressive symptomatology. Public health education and programmatic measures combining nutritional, physical and cognitive interventions for at-risk frail older people may likely benefit psychological wellbeing.",include_title_abs,A_primary_fulltext,extraction_candidate,Peer-reviewed community/home/primary-care frailty RCT candidate with relevant outcome,community,nutrition;multidomain,extract_now,High-confidence community/home/primary-care frailty RCT candidate,multidomain
27695646,10.18848/2160-1909/CGP/v07i02/1-10,The Impact of Strong for Life on the Physical Functioning and Health of Older Adults Receiving Home and Community-Based Services.,2017,Aging and society : an interdisciplinary journal,https://pubmed.ncbi.nlm.nih.gov/27695646/,Community/primary-care frailty RCT candidate,"To test the effects of Strong for Life (SFL) on the physical performance and self-rated health of older adults receiving Home and Community-Based Services (HCBS). Randomized, two-group trial with pre-post measures. In-home exercise program. Clients aged 65-95 (n=42) and their Home Care Aide (HCA) (n=32) were randomly assigned to a usual care and SFL intervention or usual care control group. Clients were instructed in SFL by their HCA and completed SFL 3 times per week for 12-weeks. Outcomes included grip and quadriceps strength, Timed Up and Go, gait speed, Self-Efficacy for Exercise, pain, and PROMIS-global health measured at baseline and immediately following the intervention. Clients completed opened ended survey items on SFL program evaluation. Effect sizes were moderate for grip strength (d= .38), pain (d= .34), and PROMIS-global health (d= .27). Small effect sizes were found for all other measures. Median quadriceps and TUG scores differentially improved among intervention participants versus controls. No adverse health events and high program satisfaction were reported. Frailty prevalence in the control group increased between baseline and post-test while frailty prevalence in the intervention group decreased during the same time period. Strong for Life has the potential to improve the strength, mobility, health, and frailty of older adults receiving HCBS. This study provides initial evidence of the impact of SFL for older adults receiving HCBS, as well as the safety of the intervention evidenced by the lack of reported adverse events.",include_title_abs,A_primary_fulltext,extraction_candidate,Peer-reviewed community/home/primary-care frailty RCT candidate with relevant outcome,community,resistance,extract_now,High-confidence community/home/primary-care frailty RCT candidate,exercise_only
29225812,10.1093/ckj/sfx046,The utility of whole body vibration exercise in haemodialysis patients: a pilot study.,2017,Clinical kidney journal,https://pubmed.ncbi.nlm.nih.gov/29225812/,Implementation-relevant frailty RCT candidate,"Exercise improves physical capacity in patients with end-stage renal disease on haemodialysis (HD), but few patients engage in it. Whole-body vibration exercise (WBVE) is a novel protocol that has been shown to benefit frail elderly patients' rehabilitation. We assessed the utility of WBVE before HD sessions and tested methods to inform the design of a randomized controlled trial (RCT). Physical condition and quality of life were assessed at enrolment and repeated 2 weeks later in a pilot study of 49 patients undergoing regular HD. All patients then undertook 8 weeks of WBVE, thrice weekly for 3 min, after which the assessments were repeated and results compared (paired t-tests). Further assessments were made after a 4-week layoff. Patients completed a post-study questionnaire about their experiences of using WBVE. The reproducibility of WBVE and effects on measures of functionality, muscle strength, indirect exercise capacity, nutritional status, bone health and quality of life were recorded to undertake a power calculation for an RCT. Of 49 patients enrolled, 25 completed all assessments. The dropout rate was high at 49%, but overall, WBVE was an acceptable form of exercise. Functionality as assessed by the 60-s sit-to-stand test (STS-60) improved significantly by 11% (P = 0.002). Some quality of life domains also improved significantly. All improvements were maintained 4 weeks after discontinuing WBVE. WBVE was acceptable, safe, easily incorporated into the routine of HD and was associated with useful improvements in physical function sufficient to justify a RCT.",include_title_abs,A_primary_fulltext,extraction_candidate,Peer-reviewed community/home/primary-care frailty RCT candidate with relevant outcome,unclear,resistance;nutrition,exclude_before_extraction,Protocol/design/baseline paper,exercise_plus_nutrition
26947059,10.1016/j.jamda.2016.01.019,"A Multicomponent Exercise Intervention that Reverses Frailty and Improves Cognition, Emotion, and Social Networking in the Community-Dwelling Frail Elderly: A Randomized Clinical Trial.",2016,Journal of the American Medical Directors Association,https://pubmed.ncbi.nlm.nih.gov/26947059/,Community/primary-care frailty RCT candidate,"Frailty can be an important clinical target to reduce rates of disability. To ascertain if a supervised-facility multicomponent exercise program (MEP) when performed by frail older persons can reverse frailty and improve functionality; cognitive, emotional, and social networking; as well as biological biomarkers of frailty, when compared with a controlled population that received no training. This is an interventional, controlled, simple randomized study. Researchers responsible for data gathering were blinded for this study. Participants from 2 primary rural care centers (Sollana and Carcaixent) of the same health department in Spain were enrolled in the study between December 2013 and September 2014. We randomized a volunteer sample of 100 men and women who were sedentary, with a gait speed lower than 0.8 meters per second and frail (met at least 3 of the frailty phenotype criteria). Participants were randomized to a supervised-facility MEP (n = 51, age = 79.5, SD 3.9) that included proprioception, aerobic, strength, and stretching exercises for 65 minutes, 5 days per week, 24 weeks, or to a control group (n = 49, age = 80.3, SD 3.7). The intervention was performed by 8 experienced physiotherapists or nurses. Protein-calorie and vitamin D supplementation were controlled in both groups. Our MEP reverses frailty (number needed to treat to recover robustness in subjects with attendance to ≥50% of the training sessions was 3.2) and improves functional measurements: Barthel (trained group 91.6 SD 8.0 vs 82.0 SD 11.0 control group), Lawton and Brody (trained group 6.9 SD 0.9 vs 5.7 SD 2.0 control group), Tinetti (trained group 24.5 SD 4.4 vs 21.7 SD 4.5 control group), Short Physical Performance Battery (trained group 9.5 SD 1.8 vs 7.1 SD 2.8 control group), and physical performance test (trained group 23.5 SD 5.9 vs 16.5 SD 5.1 control group) as well as cognitive, emotional, and social networking determinations: Mini-Mental State Examination (trained group 28.9 SD 3.9 vs 25.9 SD 7.3 control group), geriatric depression scale from Yesavage (trained group 2.3 SD 2.2 vs 3.2 SD 2.0 control group), EuroQol quality-of-life scale (trained group 8.2 SD 1.6 vs 7.6 SD 1.3 control group), and Duke social support (trained group 48.5 SD 9.3 vs 41.2 SD 8.5 control group). This program is unique in that it leads to a decrease in the number of visits to primary care physician (trained group 1.3 SD 1.4 vs 2.4 SD 2.9 control group) and to a significant improvement in frailty biomarkers. We have designed a multicomponent exercise intervention that reverses frailty and improves cognition, emotional, and social networking in a controlled population of community-dwelling frail older adults. ClinicalTrials.gov. Identifier: NCT02331459.",include_title_abs,A_primary_fulltext,extraction_candidate,Peer-reviewed community/home/primary-care frailty RCT candidate with relevant outcome,primary_care,resistance;aerobic_walking;multicomponent_exercise;nutrition,extract_now,High-confidence community/home/primary-care frailty RCT candidate,exercise_plus_nutrition
27900185,10.1136/bmjsem-2016-000127,Benefits of a novel concept of home-based exercise with the aim of preventing aspiration pneumonia and falls in frail older women: a pragmatic controlled trial.,2016,BMJ open sport & exercise medicine,https://pubmed.ncbi.nlm.nih.gov/27900185/,Implementation-relevant frailty RCT candidate,"To investigate whether home-based exercise with the aim of preventing aspiration pneumonia and accidental falls improves swallowing-related and physical functions in community-dwelling frail older women. Participants were 266 community-dwelling frail older women in a long-term care prevention class (mean (SD): age 75 (5) years). Participants were allocated to either an intervention group or a control group. In the intervention group, participants were asked to perform, at least three times a week for 6 months, a home-based exercise programme that was specifically developed to prevent aspiration pneumonia and accidental falls. Control group participants were instructed to perform general stretching exercises only. Voluntary peak cough flow and lip closure force were measured as swallowing-related functions. Static and dynamic balance function, lower limb strength and flexibility were measured as secondary outcomes. Intervention effects were determined using t tests; effect sizes were calculated using Cohen's d. Voluntary peak cough flow in the intervention group was significantly greater than in the control group (p<0.01, d=0.5). However, lip closure force did not differ between groups. Regarding physical function, results of the Timed Up and Go Test (p<0.05, d=0.4), Chair Stand Test (p<0.01, d=0.4), maximal knee extension strength (p<0.05, d=0.4), and Sit and Reach Test (p<0.05, d=0.3) showed greater improvement in the intervention group. Specifically developed home-based exercise as described in this study is simple and can be performed briefly. Improvements in voluntary peak cough flow and physical function indicate the possible usefulness of such exercise in preventing falls and aspiration pneumonia in community-dwelling frail older adults. UMIN Clinical Trials Registry (UMIN-CTR): UMIN000014880.",include_title_abs,A_primary_fulltext,secondary_setting,Hospital/post-acute/residential setting; not primary Indian primary-care scope,residential_or_nursing_home,resistance;balance;digital_home,exclude_before_extraction,Setting outside primary community/home/outpatient scope,exercise_only
27346650,10.1016/j.jamda.2016.04.018,"Effects of a Home-Based and Volunteer-Administered Physical Training, Nutritional, and Social Support Program on Malnutrition and Frailty in Older Persons: A Randomized Controlled Trial.",2016,Journal of the American Medical Directors Association,https://pubmed.ncbi.nlm.nih.gov/27346650/,Implementation-relevant frailty RCT candidate,"The aim of this study was to examine the effects of a home-based and volunteer-administered physical training and nutritional intervention program compared with social support intervention on nutritional and frailty status in prefrail and frail community-dwelling older persons. This was a randomized controlled trial in which community-dwelling persons (mean age = 83 years) were recruited and randomly assigned to the physical training and nutritional intervention group (PTN, n = 39) and the social support group (SoSu, n = 41). The study was conducted by trained lay nonprofessionals. The community-dwelling older persons in both groups were visited twice a week by trained nonprofessional volunteers (buddies) in Vienna, Austria. Eighty prefrail and frail adults aged 65 years or older. In the PTN group, both the buddies and older persons performed 6 strength exercises within a circuit training session and discussed nutrition-related aspects. The active control group (SoSu) had the opportunity to perform cognitive training in addition to the social contact. Outcome measures as nutritional (Mini Nutritional Assessment long form [MNA-LF]) and frailty status (Frailty Instrument for Primary Care of the Survey of Health, Ageing and Retirement in Europe [SHARE-FI]) were obtained at baseline and after 12 weeks. Significant improvements in the MNA-LF score (1.54 points, 95% confidence interval [CI] 0.51-2.56; P = .004) and the SHARE-FI score (-0.71 discrete factor score values, 95% CI -1.07, -0.35; P < .001) were observed in the PTN group after 12 weeks. In both groups, the prevalence of impaired nutritional status and frailty decreased significantly over time. The prevalence of impaired nutritional status decreased by 25% in the PTN group and by 23% in the SoSu group. Moreover, the prevalence of frailty decreased by 17% in the PTN group and by 16% in the SoSu group. The presence of impaired nutritional status at baseline was independently associated with greater changes in the nutritional (adjusted odds ratio [OR] 3.18, 95% CI 1.26-7.98; P = .014) and frailty status (adjusted OR 3.16, 95% CI 1.01-9.93; P = .049) after 12 weeks. The results indicate that a home-based physical training, nutritional, and social support intervention conducted by nonprofessionals is feasible and can help to tackle malnutrition and frailty in older persons living at home. Furthermore, social support alone also can result in improvement. In particular, older adults with impaired nutritional status at baseline can benefit more from the intervention. Such a home visit program might also have the potential to prevent future health risks and could allay isolation and loneliness.",include_title_abs,A_primary_fulltext,secondary_setting,Hospital/post-acute/residential setting; not primary Indian primary-care scope,hospital_or_postacute,resistance;nutrition;digital_home,exclude_before_extraction,"Disease-specific, post-acute or hospital rehabilitation population",exercise_plus_nutrition
27178766,10.1016/j.cct.2016.05.001,Identifying effective and feasible interventions to accelerate functional recovery from hospitalization in older adults: A randomized controlled pilot trial.,2016,Contemporary clinical trials,https://pubmed.ncbi.nlm.nih.gov/27178766/,Community/primary-care frailty RCT candidate,"Hospitalization induces functional decline in older adults. Many geriatric patients fail to fully recover physical function after hospitalization, which increases the risk of frailty, disability, dependence, re-hospitalization, and mortality. There is a lack of evidence-based therapies that can be implemented following hospitalization to accelerate functional improvements. The aims of this Phase I clinical trial are to determine 1) the effect size and variability of targeted interventions in accelerating functional recovery from hospitalization and 2) the feasibility of implementing such interventions in community-dwelling older adults. Older patients (≥65years, n=100) will be recruited from a single site during hospitalization for an acute medical condition. Subjects will be randomized to one of five interventions initiated immediately upon discharge: 1. protein supplementation, 2. in-home rehabilitation plus placebo supplementation, 3. in-home rehabilitation plus protein supplementation, 4. single testosterone injection, or 5. isocaloric placebo supplementation. Testing will occur during hospitalization (baseline) and at 1 and 4weeks post-discharge. Each testing session will include measures of muscle strength, physical function/performance, body composition, and psychological function. Physical activity levels will be continuously monitored throughout study participation. Feasibility will be determined through collection of the number of eligible, contacted, and enrolled patients; intervention adherence and compliance; and reasons for declining enrollment and study withdrawal. This research will determine the feasibility of post-hospitalization strategies to improve physical function in older adults. These results will also provide a foundation for performing larger, multi-site clinical trials to improve physical function and reduce readmissions in geriatric patents.",include_title_abs,A_primary_fulltext,extraction_candidate,Peer-reviewed community/home/primary-care frailty RCT candidate with relevant outcome,community,resistance;nutrition,extract_now,High-confidence community/home/primary-care frailty RCT candidate,exercise_plus_nutrition
26786203,10.1093/gerona/glv210,"Improved Function With Enhanced Protein Intake per Meal: A Pilot Study of Weight Reduction in Frail, Obese Older Adults.",2016,"The journals of gerontology. Series A, Biological sciences and medical sciences",https://pubmed.ncbi.nlm.nih.gov/26786203/,Community/primary-care frailty RCT candidate,"Obesity is a significant cause of functional limitations in older adults; yet, concerns that weight reduction could diminish muscle along with fat mass have impeded progress toward an intervention. Meal-based enhancement of protein intake could protect function and/or lean mass but has not been studied during geriatric obesity reduction. In this 6-month randomized controlled trial, 67 obese (body mass index ≥30kg/m(2)) older (≥60 years) adults with a Short Physical Performance Battery score of 4-10 were randomly assigned to a traditional (Control) weight loss regimen or one with higher protein intake (>30g) at each meal (Protein). All participants were prescribed a hypo-caloric diet, and weighed and provided dietary guidance weekly. Physical function (Short Physical Performance Battery) and lean mass (BOD POD), along with secondary measures, were assessed at 0, 3, and 6 months. At the 6-month endpoint, there was significant (p < .001) weight loss in both the Control (-7.5±6.2kg) and Protein (-8.7±7.4kg) groups. Both groups also improved function but the increase in the Protein (+2.4±1.7 units; p < .001) was greater than in the Control (+0.9±1.7 units; p < .01) group (p = .02). Obese, functionally limited older adults undergoing a 6-month weight loss intervention with a meal-based enhancement of protein quantity and quality lost similar amounts of weight but had greater functional improvements relative to the Control group. If confirmed, this dietary approach could have important implications for improving the functional status of this vulnerable population (ClinicalTrials.gov identifier: NCT01715753).",include_title_abs,A_primary_fulltext,extraction_candidate,Peer-reviewed community/home/primary-care frailty RCT candidate with relevant outcome,unclear,nutrition;digital_home,extract_now,High-confidence community/home/primary-care frailty RCT candidate,nutrition_only
27175793,10.1186/s12877-016-0277-3,The effects of a life goal-setting technique in a preventive care program for frail community-dwelling older people: a cluster nonrandomized controlled trial.,2016,BMC geriatrics,https://pubmed.ncbi.nlm.nih.gov/27175793/,Community/primary-care frailty RCT candidate,"Frailty among older people is associated with an increased risk of needing care. There have been many reports on preventive care programs for frail older people, but few have shown positive effects on disability prevention. Physical exercise programs for frail older people affect elements such as physical fitness and balance, but are less effective for disability outcomes and are not followed up in the longer term. We developed a life goal-setting technique (LGST). Our objective was to determine the effect of a LGST plus standard preventive care program for community-dwelling frail older people. We used a cluster nonrandomized controlled trial with seven intervention and nine matched control groups, with baseline assessment and follow-up at 3, 6, and 9 months. Participants were 176 frail older people, aged 65 years or over, living in the community in Izumi, Osaka, Japan. All participants attended regular 120 min preventive care exercise classes each week, over 3 months. They also received oral care and nutrition education. The intervention groups alone received life goal-setting support. We assessed outcomes longitudinally, comparing pre-intervention with follow-up. The primary outcome measure was health improvement according to the Japanese Ministry of Health, Labour and Welfare's ""Kihon Checklist"" for assessment of frailty and quality of life (QOL), analyzed with a two-way ANOVA and post-test comparison. Secondary outcomes included physical functions and assessment of life goals. The improvement on the Kihon Checklist for the intervention group was approximately 60 % from baseline to 9-months follow-up; the control group improved by approximately 40 %. The difference between groups was significant at 3-month (p = 0.043) and 6-month (p = 0.015) follow-ups but not at 9-month (p = 0.098) follow-up. Analysis of QOL yielded a significant time × group interaction effect (p = 0.022). The effect was significant at 3 months in the intervention group, but at no time in the control group. A 3-month exercise program helped to decrease frailty and improve QOL in frail older people, and the addition of LGST increased its effectiveness. The LGST is a feasible and promising intervention for reducing risk of needing care. UMIN000021485 . Registered 15 March 2016.",include_title_abs,A_primary_fulltext,extraction_candidate,Peer-reviewed community/home/primary-care frailty RCT candidate with relevant outcome,community,balance;nutrition;digital_home,extract_now,High-confidence community/home/primary-care frailty RCT candidate,exercise_plus_nutrition
25387728,10.1093/gerona/glu099,A physical activity intervention to treat the frailty syndrome in older persons-results from the LIFE-P study.,2015,"The journals of gerontology. Series A, Biological sciences and medical sciences",https://pubmed.ncbi.nlm.nih.gov/25387728/,Community/primary-care frailty RCT candidate,"The frailty syndrome is as a well-established condition of risk for disability. Aim of the study is to explore whether a physical activity (PA) intervention can reduce prevalence and severity of frailty in a community-dwelling elders at risk of disability. Exploratory analyses from the Lifestyle Interventions and Independence for Elders pilot, a randomized controlled trial enrolling 424 community-dwelling persons (mean age=76.8 years) with sedentary lifestyle and at risk of mobility disability. Participants were randomized to a 12-month PA intervention versus a successful aging education group. The frailty phenotype (ie, ≥3 of the following defining criteria: involuntary weight loss, exhaustion, sedentary behavior, slow gait speed, poor handgrip strength) was measured at baseline, 6 months, and 12 months. Repeated measures generalized linear models were conducted. A significant (p = .01) difference in frailty prevalence was observed at 12 months in the PA intervention group (10.0%; 95% confidence interval = 6.5%, 15.1%), relative to the successful aging group (19.1%; 95% confidence interval = 13.9%,15.6%). Over follow-up, in comparison to successful aging participants, the mean number of frailty criteria in the PA group was notably reduced for younger subjects, blacks, participants with frailty, and those with multimorbidity. Among the frailty criteria, the sedentary behavior was the one most affected by the intervention. Regular PA may reduce frailty, especially in individuals at higher risk of disability. Future studies should be aimed at testing the possible benefits produced by multidomain interventions on frailty.",include_title_abs,A_primary_fulltext,extraction_candidate,Peer-reviewed community/home/primary-care frailty RCT candidate with relevant outcome,community,resistance;multidomain,extract_now,High-confidence community/home/primary-care frailty RCT candidate,multidomain
26663424,10.1111/jgs.13834,Cost-Effectiveness of a Chronic Care Model for Frail Older Adults in Primary Care: Economic Evaluation Alongside a Stepped-Wedge Cluster-Randomized Trial.,2015,Journal of the American Geriatrics Society,https://pubmed.ncbi.nlm.nih.gov/26663424/,Community/primary-care frailty RCT candidate,"To evaluate the cost-effectiveness of the Geriatric Care Model (GCM), an integrated care model for frail older adults based on the Chronic Care Model, with that of usual care. Economic evaluation alongside a 24-month stepped-wedge cluster-randomized controlled trial. Primary care (35 practices) in two regions in the Netherlands. Community-dwelling older adults who were frail according to their primary care physicians and the Program on Research for Integrating Services for the Maintenance of Autonomy case-finding tool questionnaire (N = 1,147). The GCM consisted of the following components: a regularly scheduled in-home comprehensive geriatric assessment by a practice nurse followed by a customized care plan, management and training of practice nurses by a geriatric expert team, and coordination of care through community network meetings and multidisciplinary team consultations of individuals with complex care needs. Outcomes were measured every 6 months and included costs from a societal perspective, health-related quality of life (Medical Outcomes Study 12-item Short-Form Survey (SF-12) physical (PCS) and mental component summary (MCS) scales), functional limitations (Katz activities of daily living and instrumental activities of daily living), and quality-adjusted life years based on the EQ-5D. Multilevel regression models adjusted for time and baseline confounders showed no significant differences in costs ($356, 95% confidence interval = -$488-1,134) and outcomes between intervention and usual care phases. Cost-effectiveness acceptability curves showed that, for the SF-12 PCS and MCS, the probability of the intervention being cost-effective was 0.76 if decision-makers are willing to pay $30,000 per point improvement on the SF-12 scales (range 0-100). For all other outcomes the probability of the intervention being cost-effective was low. Because the GCM was not cost-effective compared to usual care after 24 months of follow-up, widespread implementation in its current form is not recommended.",include_title_abs,A_primary_fulltext,extraction_candidate,Peer-reviewed community/home/primary-care frailty RCT candidate with relevant outcome,primary_care,multidomain,extract_now,High-confidence community/home/primary-care frailty RCT candidate,multidomain
26201510,10.1136/bmj.h3830,Effectiveness of two year balance training programme on prevention of fall induced injuries in at risk women aged 75-85 living in community: Ossébo randomised controlled trial.,2015,BMJ (Clinical research ed.),https://pubmed.ncbi.nlm.nih.gov/26201510/,Community/primary-care frailty RCT candidate,"To assess the effectiveness of a two year exercise programme of progressive balance retraining in reducing injurious falls among women aged 75-85 at increased risk of falls and injuries and living in the community. Pragmatic multicentre, two arm, parallel group, randomised controlled trial. 20 study sites in 16 medium to large cities throughout France. 706 women aged 75-85, living in their own home, and with diminished balance and gait capacities, randomly allocated to the experimental intervention group (exercise programme, n=352) or the control group (no intervention, n=354). Weekly supervised group sessions of progressive balance training offered in community based premises for two years, supplemented by individually prescribed home exercises. A geriatrician blinded to group assignment classified falls into one of three categories (no consequence, moderate, severe) based on physical damage and medical care. The primary outcome was the rate of injurious falls (moderate and severe). The two groups were compared for rates of injurious falls with a ""shared frailty"" model. Other outcomes included the rates of all falls, physical functional capacities (balance and motor function test results), fear of falling (FES-I), physical activity level, and perceived health related quality of life (SF-36). Analysis was by intention to treat. There were 305 injurious falls in the intervention group and 397 in the control group (hazard ratio 0.81, 95% confidence interval 0.67 to 0.99). The difference in severe injuries (68 in intervention group v 87 in control group) was of the same order of magnitude (0.83, 0.60 to 1.16). At two years, women in the intervention group performed significantly better on all physical tests and had significantly better perception of their overall physical function than women in the control group. Among women who started the intervention (n=294), the median number of group sessions attended was 53 (interquartile range 16-71). Five injurious falls related to the intervention were recorded. A two year progressive balance retraining programme combining weekly group and individual sessions was effective in reducing injurious falls and in improving measured and perceived physical function in women aged 75-85 at risk of falling.Trial registration ClinicalTrials.gov (NCT00545350).",include_title_abs,A_primary_fulltext,extraction_candidate,Peer-reviewed community/home/primary-care frailty RCT candidate with relevant outcome,community,balance;nutrition,extract_now,High-confidence community/home/primary-care frailty RCT candidate,exercise_plus_nutrition
25659620,10.1016/j.jamda.2014.12.005,Effects of a combined physical training and nutrition intervention on physical performance and health-related quality of life in prefrail older women living in the community: a randomized controlled trial.,2015,Journal of the American Medical Directors Association,https://pubmed.ncbi.nlm.nih.gov/25659620/,Community/primary-care frailty RCT candidate,"The purpose of this study was to examine whether a 12-week combined physical exercise training and nutritional intervention improves physical performance and enhances health-related quality of life (HRQOL) among prefrail elderly women living in the community. This was a randomized controlled trial in which participants were recruited and randomly assigned to the exercise and nutrition group (EN, n = 30), exercise only group (E, n = 28), and control group (C, n = 31). Group training classes were held at a research center in Itabashi Ward, Tokyo, Japan. Eighty-nine prefrail women aged 70 years or older. The EN group participated in an exercise training and nutritional program (cooking class) once a week, and the E group participated in the exercise training program only. Outcome measures that included physical performance (handgrip strength, balance, walking speed) and HRQOL (Medical Outcomes Study 36-Item Short Form Health Survey) were obtained at entry, the end of the 12-week intervention, and 6 months after completion of the intervention program. At the end of the 12-week intervention, significant improvements in the physical component summary score and 3 (role physical, bodily pain, role emotional) of the 8 domains of the Medical Outcomes Study 36-Item Short Form Health Survey were observed in the EN group. The E group exhibited a significantly increased handgrip strength at postintervention. The positive effects, however, were not maintained at 6-month follow-up, but were reduced. The combined physical exercise training and nutritional intervention program has beneficial effects on several domains of HRQOL and handgrip strength in prefrail elderly women living in the community. However, further studies are needed to examine approaches that facilitate maintenance of the improved outcomes by combined exercise training and nutritional intervention.",include_title_abs,A_primary_fulltext,extraction_candidate,Peer-reviewed community/home/primary-care frailty RCT candidate with relevant outcome,community,resistance;balance;aerobic_walking;multicomponent_exercise;nutrition;digital_home,extract_now,High-confidence community/home/primary-care frailty RCT candidate,exercise_plus_nutrition
25659147,10.1371/journal.pone.0116256,"Effects of exercise and milk fat globule membrane (MFGM) supplementation on body composition, physical function, and hematological parameters in community-dwelling frail Japanese women: a randomized double blind, placebo-controlled, follow-up trial.",2015,PloS one,https://pubmed.ncbi.nlm.nih.gov/25659147/,Community/primary-care frailty RCT candidate,"To investigate the combined and separate effects of exercise and milk fat globule membrane (MFGM) supplementation on frailty, physical function, physical activity level, and hematological parameters in community-dwelling elderly Japanese women. A total of 131 frail, elderly women over 75 years were randomly assigned to one of four groups: exercise and MFGM supplementation (Ex+MFGM), exercise and placebo (Ex+Plac), MFGM supplementation, or the placebo group. The exercise group attended a 60-minute training program twice a week for three months, and the MFGM group ingested 1g of the MFGM supplement in pill form, daily for 3 months. The primary outcome measure was change in frailty status based on Fried's frailty phenotype. Secondary outcome measures included body composition, physical function and hematological parameters, and interview survey components assessing lifestyle factors. Participants were followed for 4 months post-intervention. Significant group × time interactions were observed for usual walking speed (P = 0.005), timed up & go (P<0.001), and insulin-like growth factor-binding protein 3/insulin-like growth factor 1 ratio (P = 0.013). The frailty components revealed that weight loss, exhaustion, low physical activity, and slow walking speed were reversed, but low muscle strength did not significantly changed. Frailty reversal rate was significantly higher in the Ex+MFGM (57.6%) than in the MFGM (28.1%) or placebo (30.3%) groups at post-intervention (χ2 = 8.827, P = 0.032), and at the follow-up was also significantly greater in the Ex+MFGM (45.5%) and Ex+Plac (39.4%) groups compared with the placebo (15.2%) group (χ2 = 8.607, P = 0.035). The exercise+MFGM group had the highest odds ratio (OR) for frailty reversal at post-intervention and follow-up (OR = 3.12, 95% confidence interval (CI) = 1.13-8.60; and OR = 4.67, 95% CI = 1.45-15.08, respectively). This study suggests that interventions including exercise and nutrition can improve frailty status. Statistically significant additive effects of MFGM with exercise could not be confirmed in this population, and further investigation in larger samples is necessary. The Japan Medical Association Clinical Trial Registry (JMACCT)JMA-IIA00069.",include_title_abs,A_primary_fulltext,extraction_candidate,Peer-reviewed community/home/primary-care frailty RCT candidate with relevant outcome,community,resistance;aerobic_walking;nutrition;multidomain,extract_now,High-confidence community/home/primary-care frailty RCT candidate,multidomain_exercise_nutrition
26625940,10.1186/s12877-015-0152-7,Frailty predicts short-term incidence of future falls among British community-dwelling older people: a prospective cohort study nested within a randomised controlled trial.,2015,BMC geriatrics,https://pubmed.ncbi.nlm.nih.gov/26625940/,Community/primary-care frailty RCT candidate,"Although population-based studies have shown frailty predicted future falls, their follow-up periods were one year or longer and short-term fall risks associated with frailty are unknown. A prospective cohort study nested within a randomised controlled trial was conducted to examine associations between frailty and short-term incident future falls among community-dwelling older people. Two hundred forty eight community-dwelling people > =65 years without history of > =three falls and allocated to a usual care arm of exercise intervention trial were prospectively monitored for falls over 24 weeks. Frailty index (FI) was constructed from 40 deficits at baseline. The future fall risks according to frailty status was examined using logistic regression models. Of 248 participants, 46 were classified as frail and 57 had one or more falls during follow-up. Both each 0.01 increase in FI and frailty defined as FI > =0.25 were significantly associated with higher risks of future falls in multivariate logistic regression models adjusted for age, gender and history of two falls in the previous year (odds ratio (OR) = 1.05, 95 % confidence interval (95 % CI) = 1.02-1.07, p < 0.001; OR = 3.04, 95 % CI = 1.53-6.02, p = 0.001, respectively). Receiver operating characteristic (ROC) curve analysis showed FI predicted future falls with fair accuracy with area under ROC curve of 0.62 (95 % CI = 0.53-0.71, p < 0.01). Frailty was a significant and independent predictor of short-term future falls among community-dwelling older people who had volunteered for a physical activity study. It is important for healthcare practitioners to recognise frailty as a risk factor of imminent future falling even in older people who appear to be ageing well.",include_title_abs,A_primary_fulltext,extraction_candidate,Peer-reviewed community/home/primary-care frailty RCT candidate with relevant outcome,community,balance;digital_home,exclude_before_extraction,Non-randomized observational design,exercise_only
25887235,10.1186/s12877-015-0002-7,MultiComponent Exercise and theRApeutic lifeStyle (CERgAS) intervention to improve physical performance and maintain independent living among urban poor older people--a cluster randomised controlled trial.,2015,BMC geriatrics,https://pubmed.ncbi.nlm.nih.gov/25887235/,Community/primary-care frailty RCT candidate,"The ability of older people to function independently is crucial as physical disability and functional limitation have profound impacts on health. Interventions that either delay the onset of frailty or attenuate its severity potentially have cascading benefits for older people, their families and society. This study aims to develop and evaluate the effectiveness of a multiComponent Exercise and theRApeutic lifeStyle (CERgAS) intervention program targeted at improving physical performance and maintaining independent living as compared to general health education among older people in an urban poor setting in Malaysia. This cluster randomised controlled trial will be a 6-week community-based intervention programme for older people aged 60 years and above from urban poor settings. A minimum of 164 eligible participants will be recruited from 8 clusters (low-cost public subsidised flats) and randomised to the intervention and control arm. This study will be underpinned by the Health Belief Model with an emphasis towards self-efficacy. The intervention will comprise multicomponent group exercise sessions, nutrition education, oral care education and on-going support and counselling. These will be complemented with a kit containing practical tips on exercise, nutrition and oral care after each session. Data will be collected over four time points; at baseline, immediately post-intervention, 3-months and 6-months follow-up. Findings from this trial will potentially provide valuable evidence to improve physical function and maintain independence among older people from low-resource settings. This will inform health policies and identify locally acceptable strategies to promote healthy aging, prevent and delay functional decline among older Malaysian adults. ISRCTN22749696.",include_title_abs,A_primary_fulltext,extraction_candidate,Peer-reviewed community/home/primary-care frailty RCT candidate with relevant outcome,community,multicomponent_exercise;nutrition;multidomain,extract_now,High-confidence community/home/primary-care frailty RCT candidate,multidomain_exercise_nutrition
27032052,10.14283/jfa.2015.49,Nutrition and Frailty: A Review of Clinical Intervention Studies.,2015,The Journal of frailty & aging,https://pubmed.ncbi.nlm.nih.gov/27032052/,Community/primary-care frailty RCT candidate,"Frailty is one of the major health concerns in aging. It is considered a geriatric syndrome characterized by muscle weakness, sarcopenia and fatigue. It is also associated with several adverse health outcomes, including disability. Literature shows that there are a number of studies conducted to define the relationship between frailty and nutrition. The majority is from cross sectional, longitudinal, and cohort studies. Few intervention studies using micronutrients, macronutrients, nutritional supplement, or food regimens have been found. This review examines the nutrition intervention studies targeted towards older adults with frailty, and evaluates the effectiveness of nutrition interventions on frailty indicators. Twenty-four intervention studies from six electronic databases met the inclusion criteria. Sixteen were randomized controlled clinical trials; one was a quasi-experimental design, whilst the rest were controlled trials. Participants included in the studies differed in terms of age and frailty status. The studies were inconsistent in intervention type, duration, and targeted outcomes. Most of the studies indicated that modification of nutrition quality, either by giving supplements or by improving diet intake, could improve strength, walking speed, and nutritional status in majority of frail or pre-frail older adults. However, there was limited evidence on the effectiveness of intervention on inflammatory status and other biomarkers related to frailty due to limited number of studies targeting frailty biomarkers as a major outcome.",include_title_abs,A_primary_fulltext,extraction_candidate,Peer-reviewed community/home/primary-care frailty RCT candidate with relevant outcome,unclear,resistance;aerobic_walking;nutrition,extract_now,High-confidence community/home/primary-care frailty RCT candidate,exercise_plus_nutrition
26159634,10.1016/j.amjmed.2015.06.017,"Nutritional, Physical, Cognitive, and Combination Interventions and Frailty Reversal Among Older Adults: A Randomized Controlled Trial.",2015,The American journal of medicine,https://pubmed.ncbi.nlm.nih.gov/26159634/,Community/primary-care frailty RCT candidate,"It is important to establish whether frailty among older individuals is reversible with nutritional, physical, or cognitive interventions, singly or in combination. We compared the effects of 6-month-duration interventions with nutritional supplementation, physical training, cognitive training, and combination treatment vs control in reducing frailty among community-dwelling prefrail and frail older persons. We conducted a parallel group, randomized controlled trial in community-living prefrail and frail old adults in Singapore. The participants' mean age was 70.0 years, and 61.4% (n = 151) were female. Five different 6-month interventions included nutritional supplementation (n = 49), cognitive training (n = 50), physical training (n = 48), combination treatment (n = 49), and usual care control (n = 50). Frailty score, body mass index, knee extension strength, gait speed, energy/vitality, and physical activity levels and secondary outcomes (activities of daily living dependency, hospitalization, and falls) were assessed at 0 months, 3 months, 6 months, and 12 months. Frailty score and status over 12 months were reduced in all groups, including control (15%), but were significantly higher (35.6% to 47.8%) in the nutritional (odds ratio [OR] 2.98), cognition (OR 2.89), and physical (OR 4.05) and combination (OR 5.00) intervention groups. Beneficial effects were observed at 3 months and 6 months, and persisted at 12 months. Improvements in physical frailty domains (associated with interventions) were most evident for knee strength (physical, cognitive, and combination treatment), physical activity (nutritional intervention), gait speed (physical intervention), and energy (combination intervention). There were no major differences with respect to the small numbers of secondary outcomes. Physical, nutritional, and cognitive interventional approaches were effective in reversing frailty among community-living older persons.",include_title_abs,A_primary_fulltext,extraction_candidate,Peer-reviewed community/home/primary-care frailty RCT candidate with relevant outcome,community,resistance;balance;nutrition;digital_home,extract_now,High-confidence community/home/primary-care frailty RCT candidate,exercise_plus_nutrition
24951180,10.1186/1471-2318-14-78,An individually-tailored multifactorial intervention program for older fallers in a middle-income developing country: Malaysian Falls Assessment and Intervention Trial (MyFAIT).,2014,BMC geriatrics,https://pubmed.ncbi.nlm.nih.gov/24951180/,Community/primary-care frailty RCT candidate,"In line with a rapidly ageing global population, the rise in the frequency of falls will lead to increased healthcare and social care costs. This study will be one of the few randomized controlled trials evaluating a multifaceted falls intervention in a low-middle income, culturally-diverse older Asian community. The primary objective of our paper is to evaluate whether individually tailored multifactorial interventions will successfully reduce the number of falls among older adults. Three hundred community-dwelling older Malaysian adults with a history of (i) two or more falls, or (ii) one injurious fall in the past 12 months will be recruited. Baseline assessment will include cardiovascular, frailty, fracture risk, psychological factors, gait and balance, activities of daily living and visual assessments. Fallers will be randomized into 2 groups: to receive tailored multifactorial interventions (intervention group); or given lifestyle advice with continued conventional care (control group). Multifactorial interventions will target 6 specific risk factors. All participants will be re-assessed after 12 months. The primary outcome measure will be fall recurrence, measured with monthly falls diaries. Secondary outcomes include falls risk factors; and psychological measures including fear of falling, and quality of life. Previous studies evaluating multifactorial interventions in falls have reported variable outcomes. Given likely cultural, personal, lifestyle and health service differences in Asian countries, it is vital that individually-tailored multifaceted interventions are evaluated in an Asian population to determine applicability of these interventions in our setting. If successful, these approaches have the potential for widespread application in geriatric healthcare services, will reduce the projected escalation of falls and fall-related injuries, and improve the quality of life of our older community. ISRCTN11674947.",include_title_abs,A_primary_fulltext,extraction_candidate,Peer-reviewed community/home/primary-care frailty RCT candidate with relevant outcome,community,balance;digital_home;multidomain,extract_now,High-confidence community/home/primary-care frailty RCT candidate,multidomain
24381025,10.1093/ageing/aft204,"Effect of a multifactorial, interdisciplinary intervention on risk factors for falls and fall rate in frail older people: a randomised controlled trial.",2014,Age and ageing,https://pubmed.ncbi.nlm.nih.gov/24381025/,Community/primary-care frailty RCT candidate,"frail older people have a high risk of falling. assess the effect of a frailty intervention on risk factors for falls and fall rates in frail older people. randomised controlled trial. 241 community-dwelling people aged 70+ without severe cognitive impairment who met the Cardiovascular Health Study frailty definition. multifactorial, interdisciplinary intervention targeting frailty characteristics with an individualised home exercise programme prescribed in 10 home visits from a physiotherapist and interdisciplinary management of medical, psychological and social problems. risk factors for falls were measured using the Physiological Profile Assessment (PPA) and mobility measures at 12 months by a blinded assessor. Falls were monitored with calendars. participants had a mean (SD) age of 83.3 (5.9) years, 68% were women and 216 (90%) completed the study. After 12 months the intervention group had significantly better performance than the control group, after controlling for baseline values, in the PPA components of quadriceps strength (between-group difference 1.84 kg, 95% CI 0.17-3.51, P = 0.03) and body sway (-90.63 mm, 95% CI -168.6 to -12.6, P = 0.02), short physical performance battery (1.58, 95% CI 1.02-2.14, P ≤ 0.001) and 4 m walk (0.06 m/s 95% CI 0.01-0.10, P = 0.02) with a trend toward a better total PPA score (-0.40, 95% CI -0.83-0.04, P = 0.07) but no difference in fall rates (incidence rate ratio 1.12, 95% CI 0.78-1.63, P = 0.53). the intervention improved performance on risk factors for falls but did not reduce the rate of falls. ACTRN12608000250336.",include_title_abs,A_primary_fulltext,extraction_candidate,Peer-reviewed community/home/primary-care frailty RCT candidate with relevant outcome,community,resistance;balance,extract_now,High-confidence community/home/primary-care frailty RCT candidate,exercise_only
25427568,10.1186/1471-2318-14-125,Effectiveness of a primary care based multifactorial intervention to improve frailty parameters in the elderly: a randomised clinical trial: rationale and study design.,2014,BMC geriatrics,https://pubmed.ncbi.nlm.nih.gov/25427568/,Community/primary-care frailty RCT candidate,"Frailty is a highly prevalent condition in old age leading to vulnerability and greater risk of adverse health outcomes and disability. Detecting and tackling frailty at an early stage can prevent disability. The purpose of this study is to evaluate the effectiveness of a multifactorial intervention program to modify frailty parameters, muscle strength, and physical and cognitive performance in people aged 65 years or more. It also assesses changes from baseline in falls, hospitalizations, nutritional risk, disability, institutionalization, and home-care. The current study is a randomised single-blind, parallel-group clinical trial, with a one and a half year follow-up, conducted in eight Primary Health Care Centres located in the city of Barcelona. Inclusion criteria are to be aged 65 years or older with positive frailty screening, timed get-up-and-go test between 10 to 30 seconds, and Cognition Mini-Exam (MEC-35) of Lobo greater than or equal to 18. A total of 352 patients have been equally divided into two groups: intervention and control. Sample size calculated to detect a 0.5 unit difference in the Short Physical Performance Battery (Common SD: 1.42, 20% lost to follow-up). In the intervention group three different actions on frailty dimensions: rehabilitative therapy plus intake of hyperproteic nutritional shakes, memory workshop, and medication review are applied to sets of 16 patients. Participants in both intervention and control groups receive recommendations on nutrition, healthy lifestyles, and home risks.Evaluations are blinded and conducted at 0, 3, and 18 months. Intention to treat analyses will be performed. Multivariate analysis will be carried out to assess time changes of dependent variables. It is expected that this study will provide evidence of the effectiveness of a multidisciplinary intervention on delaying the progression from frailty to disability in the elderly. It will help improve the individual's quality of life and also reduce the rates of falls, hospital admissions, and institutionalizations, thus making the health care system more efficient. This preventive intervention can be adapted to diverse settings and be routinely included in Primary Care Centres as a Preventive Health Programme. ClinicalTrials.gov PRS: NCT01969526. Date of registration: 10/21/2013.",include_title_abs,A_primary_fulltext,exclude,Protocol/design/baseline paper rather than outcome report,primary_care,resistance;balance;nutrition;digital_home;multidomain,exclude_before_extraction,Protocol/design/baseline paper,multidomain_exercise_nutrition
26594639,,MAPT STUDY: A MULTIDOMAIN APPROACH FOR PREVENTING ALZHEIMER'S DISEASE: DESIGN AND BASELINE DATA.,2014,The journal of prevention of Alzheimer's disease,https://pubmed.ncbi.nlm.nih.gov/26594639/,Community/primary-care frailty RCT candidate,"The Multidomain Alzheimer Preventive Trial (MAPT study) was designed to assess the efficacy of isolated supplementation with omega-3 fatty acid, an isolated multidomain intervention (consisting of nutritional counseling, physical exercise, cognitive stimulation) or a combination of the two interventions on the change of cognitive functions in frail subjects aged 70 years and older for a period of 3 years. Ancillary neuroimaging studies were additionally implemented to evaluate the impact of interventions on cerebral metabolism (FDG PET scans) and atrophy rate (MRIs), as well as brain amyloïd deposit (AV45 PET scans). 1680 subjects (mean age: 75.3 years; female: 64.8 %), enrolled by 13 memory clinics, were randomized into one of the following four groups: omega-3 supplementation alone, multidomain intervention alone, omega-3 plus multidomain intervention, or placebo. Participants underwent cognitive, functional and biological assessments at M6, M12, M24 and M36 visits. The primary endpoint is a change of memory function at 3 years, as assessed by the Free and Cued Selective Reminding test. All participants will be followed for 2 additional years after the 3-years intervention (MAPT PLUS extension study). 1/Omega-3 supplementation: two soft capsules daily as a single dose, containing a total of 400 mg docosahexaenoic acid (DHA), i.e., 800 mg docosahexaenoic acid per day, for 3 years. 2/ Multidomain intervention: collective training sessions conducted in small groups (6-8 participants) in twelve 120-minute sessions over the first 2 months (two sessions a week for the first month, and one session a week the second month) then a 60-minute session per month in the following three areas: nutrition, physical activity, and cognition until the end of the 3 years. In addition to the collective sessions, individualized preventive outpatient visits exploring possible risk factors for cognitive decline are performed at baseline, M12 and M24. For cognition, the mean MMSE at baseline was 28.1 (± 1.6). About 58% and 42% of participants had a CDR score equal to 0 and 0.5, respectively. Regarding mobility status, 200 (11.9%) had a 4-m gait speed lower or equal to 0.8 m/s. According to the Fried criteria, 673 (42.1%) participants were considered pre frail, and 51 (3.2%) frail. The red blood cell DHA content was 26.1 ± 8.1 µg/g. Five hundred and three participants underwent baseline MRI. AV45 PET scans were performed in 271 individuals and preliminary results showed that 38.0% had a cortical SUVR > 1.17, which gave an indication of significant brain amyloïd deposit. DISCUSSION: The MAPT trial is presently the first largest and longest multidomain preventive trial relevant to cognitive decline in older adults with subjective memory complaints. The multidomain intervention designed for the MAPT trial is likely to be easily implemented within the general population.",include_title_abs,A_primary_fulltext,secondary_disease_specific,Disease-rehabilitation population; secondary/sensitivity only,outpatient_or_day_service,nutrition;digital_home;multidomain,exclude_before_extraction,"Disease-specific, post-acute or hospital rehabilitation population",multidomain
23906550,10.1093/geront/gnt078,Physical function and fear of falling 2 years after the health-promoting randomized controlled trial: elderly persons in the risk zone.,2014,The Gerontologist,https://pubmed.ncbi.nlm.nih.gov/23906550/,Community/primary-care frailty RCT candidate,"To investigate the effects of 2 different health-promoting interventions on physical performance, fear of falling, and physical activity at 3-month, 1-year, and 2-year follow-ups of the study Elderly Persons in the Risk Zone. A randomized, three-armed, single-blind, and controlled study in which 459 independent and community-dwelling people aged 80 years or older were included. A single preventive home visit including health-promoting information and advice and 4 weekly senior group meetings focused on health strategies and peer learning, with a follow-up home visit, were compared with control. Functional balance, walking speed, fear of falling, falls efficacy, and frequency of physical activities were measured 3 months, 1 year, and 2 years after baseline. There were no or limited differences between the groups at the 3-month and 1-year follow-ups. At 2 years, the odds ratio for having a total score of 48 or more on the Berg Balance scale compared with control was 1.80 (confidence interval 1.11-2.90) for a preventive home visit and 1.96 (confidence interval 1.21-3.17) for the senior meetings. A significantly larger proportion of intervention participants than controls maintained walking speed and reported higher falls efficacy. At 1 and 2 years, a significantly higher proportion of intervention participants performed regular physical activities than control. Both a preventive home visit and senior meetings reduced the deterioration in functional balance, walking speed, and falls efficacy after 2 years. The long-term effects of both interventions indicate a positive impact on postponement of physical frailty among independent older people.",include_title_abs,A_primary_fulltext,extraction_candidate,Peer-reviewed community/home/primary-care frailty RCT candidate with relevant outcome,community,balance;aerobic_walking,extract_now,High-confidence community/home/primary-care frailty RCT candidate,exercise_only
27049906,10.14283/jfa.2014.13,Predicting the Efficacy of Protein-Energy Supplementation in Frail Older Adults Living in Community.,2014,The Journal of frailty & aging,https://pubmed.ncbi.nlm.nih.gov/27049906/,Community/primary-care frailty RCT candidate,"Protein-energy malnutrition is a major cause of functional decline in the elderly and is clearly an important component of frailty. However, limited evidence is available about how to select frail individuals most benefiting from protein-energy supplementation. 1) To investigate factors associated with stronger benefits from protein-energy supplementation, and 2) to test the hypothesis that the severity of frailty is associated with the efficacy of protein-energy supplementation. Secondary analysis of data from a pre-post-intervention study and a clinical trial. National Home Healthcare Services in Gangbuk-gu, Seoul, South Korea. 123 community-dwelling frail older adults [usual gait speed (UGS) <0.6m/sec and Mini Nutritional Assessment (MNA) <24]. Each participant was received with two 200 mL per day of commercial liquid formula (providing additional 400 kcal of energy and 25 g of protein per day) for 12 weeks. Relative change in the Physical Functioning (PF) and Short Physical Performance Battery (SPPB) score between the baseline and 12-week follow-up assessments were measured. Multilevel mixed-effect linear regression analysis showed that a lower level of baseline UGS was associated with a greater improvement in PF and SPPB score after adjustment for age, gender, education, living status, beneficiary of public assistance, number of chronic diseases, compliance, and type of dataset (p<0.001). A lower level of baseline MNA score was associated with greater change in PF and SPPB score after adjustment for multiple covariates (p≤0.045). Participants with severe frailty (UGS <0.3 m/sec + MNA <17) showed 52.4% and 44.6% more relevant improvements in PF and SPPB score, respectively, than those with mild frailty (UGS 0.3-0.6 m/sec + MNA 17-24) (p<0.001). Slower UGS and lower MNA score are independently associated with the greater efficacy of protein-energy supplementation on functional status.",include_title_abs,A_primary_fulltext,extraction_candidate,Peer-reviewed community/home/primary-care frailty RCT candidate with relevant outcome,community,nutrition,extract_now,High-confidence community/home/primary-care frailty RCT candidate,nutrition_only
24742587,10.1093/ageing/afu033,The Home-based Older People's Exercise (HOPE) trial: a pilot randomised controlled trial of a home-based exercise intervention for older people with frailty.,2014,Age and ageing,https://pubmed.ncbi.nlm.nih.gov/24742587/,Community/primary-care frailty RCT candidate,"frailty is a state of vulnerability to stressor events. There is uncertainty about the beneficial effects of exercise interventions for older people with frailty. The Home-based Older People's Exercise (HOPE) programme is a 12-week-exercise intervention for older people with frailty designed to improve mobility and function. we tested feasibility of the HOPE programme in a two arm, assessor blind pilot randomised controlled trial (RCT). Eligibility criteria included living at home and receiving case manager care, being housebound or attending day centres in Bradford, UK. Intervention participants received the HOPE programme; control participants received usual care. Objectives were to gather process, resource, management and scientific data to inform the design of a definitive trial. Primary outcome was mobility, measured using the timed-up-and-go test (TUGT). Secondary outcomes were activities of daily living, health-related quality of life and depression. Participants were stratified by the baseline TUGT score. Randomisation was by the University of Leeds Clinical Trials Research Unit. eighty-four participants were recruited. Forty-five were randomised to intervention and 39 to control. Forty intervention participants and 30 control participants were included in the intention-to-treat analysis. There was a non-significant trend towards a clinically important improved outcome in the intervention group (mean adjusted between-group difference in the TUGT 28.6 s, 95% CI -8.5, 65.9 s). There were no differences in secondary outcomes. the HOPE trial has provided preliminary evidence that the deterioration in mobility experienced by older people with frailty may be reduced through a 12-week-exercise intervention. The pilot trial has provided the necessary data to design a future definitive RCT.Trial registration and date of first participant randomisation.Current Controlled Trials: International Standard Randomised Controlled Trial Number ISRCTN57066881. Date of trial registration 19/05/2010. Date of first participant randomisation 15/07/2010.",include_title_abs,A_primary_fulltext,extraction_candidate,Peer-reviewed community/home/primary-care frailty RCT candidate with relevant outcome,home,digital_home,extract_now,High-confidence community/home/primary-care frailty RCT candidate,digital_home_unclear_intervention
21744061,10.1007/s11739-011-0654-z,Effects of a structured physical activity intervention on measures of physical performance in frail elderly patients after cardiac rehabilitation: a pilot study with 1-year follow-up.,2013,Internal and emergency medicine,https://pubmed.ncbi.nlm.nih.gov/21744061/,Implementation-relevant frailty RCT candidate,"The objective of this prospective randomized controlled study was to compare the long-term effects of a structured physical activity intervention with those of aerobic exercises alone, in a cohort of elderly patients who had undergone elective cardiac surgery, and who were classified as frail at the end of rehabilitation based on their Short Physical Performance Battery (SPPB) score. At the end of rehabilitation, 140 frail elderly patients were randomly allocated either to the intervention group (IG) or to the control group (CG). CG participants received the usual aerobic exercise prescription, while IG participants were also taught additional exercises for strength, flexibility, balance and coordination. The improvement in SPPB score after 1 year was the outcome of the study. IG showed a significant improvement in SPPB score (9.0 ± 1.1 vs. 7.7 ± 1.4, p < 0.001), while no significant change was found in CG (7.7 ± 1.6 vs. 7.6 ± 1.5, p = 0.252). IG also showed a significantly higher proportion of participants who improved their SPPB score of at least 1 point (70 vs. 37%, p < 0.001). In conclusions, our structured physical activity intervention significantly improves the SPPB score in frail elderly patients who have undergone elective cardiac surgery. An intervention that improves the SPPB score might delay the occurrence of mobility disability.",include_title_abs,A_primary_fulltext,secondary_setting,Hospital/post-acute/residential setting; not primary Indian primary-care scope,hospital_or_postacute,resistance;balance;aerobic_walking,exclude_before_extraction,"Disease-specific, post-acute or hospital rehabilitation population",exercise_only
23429407,10.1097/MCO.0b013e32835f503f,Intentional weight loss in older adults: useful or wasting disease generating strategy?,2013,Current opinion in clinical nutrition and metabolic care,https://pubmed.ncbi.nlm.nih.gov/23429407/,Community/primary-care frailty RCT candidate,"Strategies for weight management in older adults remain controversial as overweight may protect them against mortality whereas weight loss may have harmful effects by promoting sarcopenia and bone loss. It has been suggested that weight management for obese older adults should focus more on maintaining weight and improving physical function than promoting weight loss. This review aims to specify whether intentional weight loss in older adults is a useful or a wasting disease generating strategy. Recent randomized controlled studies have shown that a supervised, moderate caloric restriction coupled with regular exercise (both aerobic and resistance) in obese older adults do not increase mortality risk and may conversely reduce insulin resistance, metabolic complications, and disabilities without exacerbating lean mass and bone mineral density loss. In obese older adults, moderate weight loss may have beneficial effects on comorbidities, functional performances, and quality of life provided that regular physical activity can be associated. An individual approach considering life expectancy, chronic comorbidities, functional status, personal motivation, and social support should be preferred. More research is needed to define the circumstances in which cautious dietary restrictions are reasonably justified in older adults. In any case, in the oldest (≥80 years) as in frail individuals, it seems reasonable to abstain from recommending weight loss.",include_title_abs,A_primary_fulltext,extraction_candidate,Peer-reviewed community/home/primary-care frailty RCT candidate with relevant outcome,unclear,resistance;aerobic_walking;nutrition;digital_home,extract_now,High-confidence community/home/primary-care frailty RCT candidate,exercise_plus_nutrition
23817284,10.1097/NNR.0b013e318298aa55,Nurse care coordination and technology effects on health status of frail older adults via enhanced self-management of medication: randomized clinical trial to test efficacy.,2013,Nursing research,https://pubmed.ncbi.nlm.nih.gov/23817284/,Implementation-relevant frailty RCT candidate,"Self-management of complex medication regimens for chronic illness is challenging for many older adults. The purpose of this study was to evaluate health status outcomes of frail older adults receiving a home-based support program that emphasized self-management of medications using both care coordination and technology. This study used a randomized controlled trial with three arms and longitudinal outcome measurement. Older adults having difficulty in self-managing medications (n = 414) were recruited at discharge from three Medicare-certified home healthcare agencies in a Midwestern urban area. All participants received baseline pharmacy screens. The control group received no further intervention. A team of advanced practice nurses and registered nurses coordinated care for 12 months to two intervention groups who also received either an MD.2 medication-dispensing machine or a medplanner. Health status outcomes (the Geriatric Depression Scale, Mini Mental Status Examination, Physical Performance Test, and SF-36 Physical Component Summary and Mental Component Summary) were measured at baseline and at 3, 6, 9, and 12 months. After covariate and baseline health status adjustment, time × group interactions for the MD.2 and medplanner groups on health status outcomes were not significant. Time × group interactions were significant for the medplanner and control group comparisons. Participants with care coordination had significantly better health status outcomes over time than those in the control group, but addition of the MD.2 machine to nurse care coordination did not result in better health status outcomes.",include_title_abs,A_primary_fulltext,secondary_setting,Hospital/post-acute/residential setting; not primary Indian primary-care scope,hospital_or_postacute,digital_home,exclude_before_extraction,"Disease-specific, post-acute or hospital rehabilitation population",digital_home_unclear_intervention
22879453,10.1093/gerona/gls167,Preventive effect of protein-energy supplementation on the functional decline of frail older adults with low socioeconomic status: a community-based randomized controlled study.,2013,"The journals of gerontology. Series A, Biological sciences and medical sciences",https://pubmed.ncbi.nlm.nih.gov/22879453/,Community/primary-care frailty RCT candidate,"Chronic undernutrition is a common condition in older people with low socioeconomic status and is clearly an important component of frailty. However, it is uncertain whether protein-energy supplementation can prevent functional decline in this group. Eighty-seven frail older adults (usual gait speed, <0.6 m/second; Mini Nutritional Assessment, <24) were enrolled in this randomized controlled trial. Participants were randomly assigned to either an intervention group, which was provided two 200-mL cans of commercial liquid formula (additional 400 kcal of energy, 25g of protein, 9.4g of essential amino acids, 400mL of water) per day for 12 weeks, or the controls group, which did not receive this supplement. The primary outcomes were the change of the Physical Functioning and Short Physical Performance Battery. Usual gait speed, timed up-and-go test, hand grip strength, and one-legged stance were also measured as secondary outcome variables. Physical Functioning increased by 5.9% (1 point) in the intervention group, although no change was observed in the control group (p =.052). Short Physical Performance Battery remained stable in the intervention group, although it decreased by 12.5% (1 point) in controls (p = .039). Usual gait speed decreased by 1.0% in the intervention group versus 11.3% (0.04 m/second) in controls (p = .039). Timed up-and-go improved by 7.2% (1.1 seconds) in the intervention group and worsened by 3.4% (0.9 seconds) in controls (p = .038). There were no differences between groups in hand grip strength or one-legged stance performance. The results indicate that protein-energy supplementation administered to frail older adults with low socioeconomic status shows evidence of reducing the progression of functional decline.",include_title_abs,A_primary_fulltext,extraction_candidate,Peer-reviewed community/home/primary-care frailty RCT candidate with relevant outcome,community,resistance;nutrition,extract_now,High-confidence community/home/primary-care frailty RCT candidate,exercise_plus_nutrition
23740589,10.1007/s40520-013-0048-3,The effect of functional circuit training on self-reported fear of falling and health status in a group of physically frail older individuals: a randomized controlled trial.,2013,Aging clinical and experimental research,https://pubmed.ncbi.nlm.nih.gov/23740589/,Community/primary-care frailty RCT candidate,"Physical frailty has been regarded as a precursor state to disability and dependence on others for daily activities. Frail individuals are considered to be the group of patients that presents the most complex and challenging problems to health care professionals. The purpose of this study was to evaluate whether a 12-week functional circuit training program (FCT) could reduce self-reported fear of falling and improve health status in a group of physically frail community-dwelling older individuals. Fifty-one individuals (31 F, 20 M), mean age (SD) 84 (2.9) years old, were considered frail and tested at week 0 and randomly assigned into two groups (intervention group, FCT = 26; control group, CG = 25). FCT underwent a structured 12-week FCT program, which focused on a combination of functional balance and lower-body strength-based exercises. CG met once a week for health education meetings. Measures of self-reported fear of falling (Activities-specific Balance Confidence scale) and health status (SF-12) were assessed at week 0, 12 and 36. All longitudinal analyses for continuous variables that were measured at the three time points (week 0, 12 and 36) were performed using linear mixed modeling. FCT participants had greater improvements than those in the CG in fear of falling and self-reported physical function, physical composite score and mental composite score; these improvements were maintained in the week 36 follow-up, with significant group-by-time interactions by the end of the study. These data indicate that a FCT program is effective in improving self-reported measures of fear of falling and health status in a group of physically frail individuals.",include_title_abs,A_primary_fulltext,extraction_candidate,Peer-reviewed community/home/primary-care frailty RCT candidate with relevant outcome,community,resistance;balance,extract_now,High-confidence community/home/primary-care frailty RCT candidate,exercise_only
23009149,10.1186/1471-2318-12-58,A pilot randomized controlled trial to improve geriatric frailty.,2012,BMC geriatrics,https://pubmed.ncbi.nlm.nih.gov/23009149/,Community/primary-care frailty RCT candidate,"Few randomized controlled trials (RCTs) report interventions targeting improvement of frailty status as an outcome. This RCT enrolled 117 older adults (65-79 years of age) in Toufen, Taiwan who scored 3-6 on The Chinese Canadian Study of Health and Aging Clinical Frailty Scale Telephone Version and then score ≥1 on the Cardiovascular Health Study Phenotypic Classification of Frailty (CHS_PCF). With a two by two factorial design, subjects were randomly assigned to interventions (Exercise and nutrition, EN, n = 55 or problem solving therapy, PST, n = 57) or controls (non-EN, n = 62 or non-PST, n = 60). Educational booklets were provided to all. EN group subjects received nutrition consultation and a thrice-weekly exercise-training program while PST group subjects received 6 sessions in 3 month. Subjects were followed at 3, 6, and 12 months. Primary outcome was improvement of the CHS_PCF by at least one category (from pre-frail to robust, or from frail to pre-frail or robust) from baseline assessments. One hundred and one completed final assessments. Intention-to-treat analysis with the generalized estimating equation model was applied with adjustment for time and treatment-by-time interactions. Mean age was 71.4 ± 3.7 years, with 59% females. Baseline characteristic were generally comparable between groups. EN group subjects had a higher improvement rate on the primary outcome than non-EN group subjects (45% vs 27%, adjusted p = 0.008) at 3 months, but not 6 or 12 months. They also had more increase of serum 25(OH) vitamin D level (4.9 ± 7.7 vs 1.2 ± 5.4, p = 0.006) and lower percentage of osteopenia (74% vs 89% p = 0.042) at 12 months. PST group subjects had better improvement (2.7 ± 6.1 vs 0.2 ± 6.7, p = 0.035, 6-month) and less deterioration (-3.5 ± 9.7 vs -7.1 ± 8.7, p = 0.036, 12-month) of dominant leg extension power than non-PST subjects. Some secondary outcomes were also improved in control groups (non-EN or non-PST). No adverse effects were reported. The three-month EN intervention resulted in short-term (3-month) frailty status improvement and long-term effect on bone mineral density and serum vitamin D (12-month) among Taiwanese community-dwelling elders. The effect of PST was less pronounced. ClinicalTrials.gov: EC0970301",include_title_abs,A_primary_fulltext,extraction_candidate,Peer-reviewed community/home/primary-care frailty RCT candidate with relevant outcome,community,nutrition;digital_home,extract_now,High-confidence community/home/primary-care frailty RCT candidate,nutrition_only
22499461,10.1007/s12603-011-0352-6,Efficacy of a home-based intervention programme on the physical activity level and functional ability of older people using domestic services: a randomised study.,2012,"The journal of nutrition, health & aging",https://pubmed.ncbi.nlm.nih.gov/22499461/,Community/primary-care frailty RCT candidate,"Our main objective was to assess whether a home-based program supervised by home helpers (HH) during their normal working hours can prevent excessive sedentariness (mainly maximum walking time and distance) and preserve functional status in elderly people at risk for frailty or disability and using domestic services. A four-month, open label, randomised trial with two groups called ""prevention"" and ""control"". In the homes of study participants. The participants were all over 78 years old, lived independently at home, and received the visits of HHs at least once a week. The intervention combined a self-administered exercise program, with 10 g amino-acid supplementation under the supervision of HHs. Main outcome measures included physical activity (the PASE questionnaire), functional tests, nutritional and autonomy scores, and compliance (50% or more was considered satisfactory). Non-parametric methods were used for comparisons between the two groups. A linear regression model was fitted to assess the effect of the intervention on the relative variation of outcomes, adjusted for unbalanced baseline co-variables. One hundred and two persons (prevention n=53, control n=49) with a median age of 85 years were included. Their median Activities of Daily Living and Instrumental Activities of Daily Living (IADL) scores were 6 and 7 respectively. Twenty-three (44%) were good compliers for both interventions. The maximum walking time remained stable while decreasing by 25% in the control group (p=0.0015); and fewer participants had a worsened IADL score in the prevention group (p=0.05). The baseline IADL Score was significantly associated with good compliance to the prevention program (p=0.0011). In good compliers, maximum walking distance and maximum walking time increased by 29.15% (0.0 to 66.7) and 33.3% (-20.0 to 50.0) respectively. This study confirms the feasibility of a prevention program supervised by HHs, and some benefit from the intervention and identifies predictors for better compliance. It will help in the design of prevention trials for elderly people at risk for frailty.",include_title_abs,A_primary_fulltext,extraction_candidate,Peer-reviewed community/home/primary-care frailty RCT candidate with relevant outcome,home,balance;aerobic_walking;nutrition;digital_home,extract_now,High-confidence community/home/primary-care frailty RCT candidate,exercise_plus_nutrition
22744992,10.1002/rnj.25,Wii-hab for pre-frail older adults.,2012,Rehabilitation nursing : the official journal of the Association of Rehabilitation Nurses,https://pubmed.ncbi.nlm.nih.gov/22744992/,Community/primary-care frailty RCT candidate,"To examine the effectiveness of a novel intervention aimed at decreasing indices related to frailty through systematic, Progressive Functional Rehabilitation (PFR). Pre-frail volunteers were recruited to participate in a 15 week exercise intervention or control group. Those who met study criteria and consented were randomized into one of three groups: control, seated exercise, or Wii(®) -fit. Test measures were completed before and after the 15 week intervention period on all participants. Measures included: Senior Fitness Test, Body Weight, Balance Efficacy Scale, CHAMPS, Late-Life Function and Disability Index, MOS SF-36. Attendance was also recorded. There were improvements on several of the measures included in the Senior Fitness Test including chair stands, arm curls, step 2, six minute walk, sit and reach, and the timed up and go. A few participants did lose weight. All of the differences reflected improved physical functional status in the seated exercise or Wii-fit groups compared with the control group. Increased physical activity was beneficial for all who participated. There were improvements in physical performance scores on several of the measures on the senior fitness test in both the seated exercise and Wii-fit groups. Participants in the Wii-fit group also showed improvement in their reported caloric expenditure and balance confidence. This pilot study suggests a rehabilitation effect that was similar to the effect of community based senior fitness classes. A home video game console system with weight vest could be an effective alternative for pre-frail senior adults to group exercise classes.",include_title_abs,A_primary_fulltext,extraction_candidate,Peer-reviewed community/home/primary-care frailty RCT candidate with relevant outcome,community,balance;digital_home,extract_now,High-confidence community/home/primary-care frailty RCT candidate,exercise_only
20977392,10.3109/09638288.2010.525288,Factors associated with quality of life and caregiver strain amongst frail older adults referred to a community rehabilitation service: implications for service delivery.,2011,Disability and rehabilitation,https://pubmed.ncbi.nlm.nih.gov/20977392/,Community/primary-care frailty RCT candidate,"To identify factors contributing to reduced quality of life and increased caregiver strain in an older population referred to a community rehabilitation team and to recommend service delivery models. Analytical cross-sectional study arising from baseline assessments from 107 subjects drawn from a randomised controlled trial of community rehabilitation service delivery models. A community rehabilitation team based in Brisbane, Queensland, Australia. Primary outcome variables include quality of life (EQ-5D & VAS) and Carer Strain Index. Predictor variables include participation in functional activities, history of falls, number of medications, number of co-morbidities, depression, environmental hazards, physical function and nutrition. Association between variables assessed using linear regression. Major factors contributing to reduced quality of life were having reduced participation in daily activities, depression, and having poor vision. Having poor nutrition and no longer driving also contributed to poor quality of life. The major factor contributing to increased caregiver strain was reduced participation in daily activities by the older person. Community rehabilitation services working with older populations must adopt models of care that screen for and address a wide range of factors that contribute to poor quality of life and caregiver strain.",include_title_abs,A_primary_fulltext,extraction_candidate,Peer-reviewed community/home/primary-care frailty RCT candidate with relevant outcome,community,balance;nutrition,exclude_before_extraction,Non-randomized observational design,exercise_plus_nutrition
21449785,10.1056/NEJMoa1008234,"Weight loss, exercise, or both and physical function in obese older adults.",2011,The New England journal of medicine,https://pubmed.ncbi.nlm.nih.gov/21449785/,Community/primary-care frailty RCT candidate,"Obesity exacerbates the age-related decline in physical function and causes frailty in older adults; however, the appropriate treatment for obese older adults is controversial. In this 1-year, randomized, controlled trial, we evaluated the independent and combined effects of weight loss and exercise in 107 adults who were 65 years of age or older and obese. Participants were randomly assigned to a control group, a weight-management (diet) group, an exercise group, or a weight-management-plus-exercise (diet-exercise) group. The primary outcome was the change in score on the modified Physical Performance Test. Secondary outcomes included other measures of frailty, body composition, bone mineral density, specific physical functions, and quality of life. A total of 93 participants (87%) completed the study. In the intention-to-treat analysis, the score on the Physical Performance Test, in which higher scores indicate better physical status, increased more in the diet-exercise group than in the diet group or the exercise group (increases from baseline of 21% vs. 12% and 15%, respectively); the scores in all three of those groups increased more than the scores in the control group (in which the score increased by 1%) (P<0.001 for the between-group differences). Moreover, the peak oxygen consumption improved more in the diet-exercise group than in the diet group or the exercise group (increases of 17% vs. 10% and 8%, respectively; P<0.001); the score on the Functional Status Questionnaire, in which higher scores indicate better physical function, increased more in the diet-exercise group than in the diet group (increase of 10% vs. 4%, P<0.001). Body weight decreased by 10% in the diet group and by 9% in the diet-exercise group, but did not decrease in the exercise group or the control group (P<0.001). Lean body mass and bone mineral density at the hip decreased less in the diet-exercise group than in the diet group (reductions of 3% and 1%, respectively, in the diet-exercise group vs. reductions of 5% and 3%, respectively, in the diet group; P<0.05 for both comparisons). Strength, balance, and gait improved consistently in the diet-exercise group (P<0.05 for all comparisons). Adverse events included a small number of exercise-associated musculoskeletal injuries. These findings suggest that a combination of weight loss and exercise provides greater improvement in physical function than either intervention alone. (Funded by the National Institutes of Health; ClinicalTrials.gov number, NCT00146107.).",include_title_abs,A_primary_fulltext,extraction_candidate,Peer-reviewed community/home/primary-care frailty RCT candidate with relevant outcome,unclear,resistance;balance;digital_home,extract_now,High-confidence community/home/primary-care frailty RCT candidate,exercise_only
20044155,10.1016/j.archger.2009.12.001,Effects of a physical training and nutritional intervention program in frail elderly people regarding habitual physical activity level and activities of daily living--a randomized controlled pilot study.,2010,Archives of gerontology and geriatrics,https://pubmed.ncbi.nlm.nih.gov/20044155/,Community/primary-care frailty RCT candidate,"The aim of this randomized controlled pilot study is to describe the effects of a physical training and nutritional intervention program on the physical activity level and activities of daily living (ADL) in frail elderly people. Ninety-six community-dwelling frail elderly people (58 women) above the age of 75 were included in the study. The 12-week physical and/or nutritional intervention program was followed by six months of home-based exercises for the training groups, followed up with training diaries. At baseline the subjects were screened for physical activity level, walking habits, and ADL. These measurements were repeated immediately after the intervention at 3 months, and at 2nd follow-up at 9 months. ADL data were also collected 24 months after baseline at 3rd follow-up. The intention-to-treat analyses showed an increase of the habitual physical activity level and walking duration at 1st follow-up for the two training groups compared to the other groups. These increases remained at 2nd follow-up. The nutrition intervention did not show any significant results. No significant effects on ADL were shown however, there were moderate correlations between increases in physical activity level and ADL as well as between the amounts of home-based exercises and ADL for the two training groups.",include_title_abs,A_primary_fulltext,extraction_candidate,Peer-reviewed community/home/primary-care frailty RCT candidate with relevant outcome,home,aerobic_walking;nutrition;digital_home,extract_now,High-confidence community/home/primary-care frailty RCT candidate,exercise_plus_nutrition
20956842,10.1123/japa.18.4.401,The effect of functional circuit training on physical frailty in frail older adults: a randomized controlled trial.,2010,Journal of aging and physical activity,https://pubmed.ncbi.nlm.nih.gov/20956842/,Community/primary-care frailty RCT candidate,"The purpose of this study was to evaluate whether a 12-wk functional circuit-training program (FCT) could alter markers of physical frailty in a group of frail community-dwelling adults. Fifty-one individuals (31 women, 20 men), mean age (± SD) 84 (± 2.9) yr, met frailty criteria and were randomly assigned into groups (FCT = 26, control group [CG] = 25). FCT underwent a 12-wk exercise program. CG met once a week for health education meetings. Measures of physical frailty, function, strength, balance, and gait speed were assessed at Weeks 0, 12, and 36. Physical-frailty measures in FCT showed significant (p < .05) improvements relative to those in CG (Barthel Index at Weeks 0 and 36: 73.41 (± 2.35) and 77.0 (± 2.38) for the FCT and 70.79 (± 2.53) and 66.73 (± 2.73) for the CG. These data indicate that an FCT program is effective in improving measures of function and reducing physical frailty among frail older adults.",include_title_abs,A_primary_fulltext,extraction_candidate,Peer-reviewed community/home/primary-care frailty RCT candidate with relevant outcome,community,resistance;balance,extract_now,High-confidence community/home/primary-care frailty RCT candidate,exercise_only
20171455,10.1016/S0167-4943(10)70011-X,"The effectiveness of a comprehensive geriatric assessment intervention program for frailty in community-dwelling older people: a randomized, controlled trial.",2010,Archives of gerontology and geriatrics,https://pubmed.ncbi.nlm.nih.gov/20171455/,Community/primary-care frailty RCT candidate,"This randomized, controlled trial assessed the effectiveness of comprehensive geriatric assessment (CGA) and subsequent intervention in pre-frail and frail community-dwelling elderly based on the Fried Frailty Criteria (FFC) and the Barthel Index (BI) A total of 310 pre-frail or frail elderly from a single community were identified using the FFC. Of these, 152 were randomly assigned to the intervention group for CGA and appropriate intervention by medication adjustment, exercise instruction, nutrition support, physical rehabilitation, social worker consultation, and specialty referral. Clinical outcome was re-evaluated by the FFC and BI 6 months later. Compared to the control group, the intervention group tended to have a better outcome, with an odds ratio (OR) = 1.19, 95% confidence interval (95% CI) = 0.48-3.04, p = 0.71) and 3.29 (95% CI = 0.65-16.64, p = 0.15), respectively, and were less likely to deteriorate, with an OR = 0.78 (95% CI = 0.34-1.79, p = 0.57) and 0.94 (95% CI = 0.42-2.12, p = 0.88), respectively. Although no significant differences were observed, the CGA and subsequent intervention showed a favorable outcome in frail and pre-frail elderly based on the frailty status and BI. Inability to complete the CGA and poor compliance with the intervention program appear to be the main reasons for unfavorable outcomes.",include_title_abs,A_primary_fulltext,extraction_candidate,Peer-reviewed community/home/primary-care frailty RCT candidate with relevant outcome,community,nutrition;digital_home;multidomain,extract_now,High-confidence community/home/primary-care frailty RCT candidate,multidomain
20009498,10.1007/BF03337731,What is the role played by physical activity and exercise in the frailty syndrome? Perspectives for future research.,2010,Aging clinical and experimental research,https://pubmed.ncbi.nlm.nih.gov/20009498/,Implementation-relevant frailty RCT candidate,"Exercise and physical activity play an important role in physical frailty, but we do not know if they are markers, components and/or correlates of this syndrome. The purpose of this paper is briefly to discuss the potential roles played by physical activity and exercise on the development and progression of frailty, and to propose directions for future research in this field. Exercise practice lowers the levels of some frailty markers, such as tumor necrosis factor-alpha, interleukin-6, C-reactive protein, and uric acid, and also resistance to insulin. The influence of exercise on the main frailty domains is also well established in the literature. Exercise improves muscle strength, gait speed, cognition (particularly executive control related-tasks), weight maintenance, mood and, to a lesser extent, feelings of energy. Although exercise and physical activity positively influence the main frailty markers and domains, most findings were obtained for other elderly populations (e.g., healthy elderly, clinical populations). For future research, efforts must be made to define some key concepts (exercise or physical activity) in selecting study samples and in establishing intervention length. Attention must also be paid to identifying the most efficacious exercise interventions regarding type, frequency, intensity and session duration, and approaching a dose-response relationship between a physically active life-style and frailty. Thus, further research, especially longitudinal randomized controlled trials, is needed to understand the role of physical activity and exercise in the frailty syndrome.",include_title_abs,A_primary_fulltext,secondary_setting,Hospital/post-acute/residential setting; not primary Indian primary-care scope,hospital_or_postacute,resistance;nutrition;digital_home,exclude_before_extraction,"Disease-specific, post-acute or hospital rehabilitation population",exercise_plus_nutrition
18804874,10.1016/j.archger.2008.05.011,Comparison of 2-year effects of once and twice weekly water exercise on activities of daily living ability of community dwelling frail elderly.,2009,Archives of gerontology and geriatrics,https://pubmed.ncbi.nlm.nih.gov/18804874/,Community/primary-care frailty RCT candidate,"Previous research suggests that water exercise improves the activities of daily living (ADL) ability of the frail elderly, but the specific frequency and intensity of such programs is unclear. This study aims at comparing the effects of once- and twice-weekly water exercise on the ADL ability of frail elderly receiving nursing care for 2 years. The design is a prospective randomized longitudinal study. Participants were assigned to two different exercise groups (Group 1 and Group 2). Group 1 participated in a 60-min exercise session once a week, for 2 years, while Group 2 attended the session twice a week. Exercise sessions were divided into a 10-min warm-up on land and 50 min of exercise in water. The 50-min water exercise program consisted of 20 min walking, 10 min ADL exercise, 10 min stretching and strength exercises, and 10 min relaxation in water. ADL ability and lower muscle strength were measured before the beginning of exercise and 6 months, 1 year, and 2 years after the program had started. Significant group differences occurred for bathing transfer and stair climbing at the 2-year measurement. These results suggested that at least twice-weekly water exercise was necessary to maintain the ADL ability and KEX of the frail elderly during the 1-year water exercise period and for one additional year afterward.",include_title_abs,A_primary_fulltext,extraction_candidate,Peer-reviewed community/home/primary-care frailty RCT candidate with relevant outcome,community,resistance;aerobic_walking,extract_now,High-confidence community/home/primary-care frailty RCT candidate,exercise_only
19394017,10.1016/j.ijnurstu.2009.03.010,Comparison of three established measures of fear of falling in community-dwelling older adults: psychometric testing.,2009,International journal of nursing studies,https://pubmed.ncbi.nlm.nih.gov/19394017/,Community/primary-care frailty RCT candidate,"Several approaches have emerged for measuring self-reported fear of falling. A comparison of measurement scales' psychometric properties is needed for researchers to choose the proper scale for their study. To compare the psychometric properties of the Falling Efficacy Scale (FES), the Activities-Specific Balance Confidence Scale (ABC) and the Geriatric Fear of Falling Measurement (GFFM). Secondary analysis using baseline and 8-week data from a randomized, controlled trial on fall and fear of falling prevention. Rural area northeast of Taiwan with assessments conducted in participants' homes. Population-based sample of 168 community-dwelling older adults aged 60 and older. During a home visit, a nurse administered the Tinetti Mobility Scale, and asked about the FES, ABC, GFFM, WHOQOL, falls, chronic illnesses and medicines taken. Baseline internal consistency measured using Cronbach's alpha was 0.98 for the FES, 0.96 for the ABC and 0.88 for the GFFM. Baseline concurrent validity between the FES, ABC and GFFM measured using a correlation coefficient was 0.88 (FES vs. ABC), -0.55 (FES vs. GFFM), and -0.57 (ABC vs. GFFM), respectively, p<.001. All three instruments scores were significantly correlated at baseline with physical performance tests and WHOQOL. The GFFM demonstrated responsiveness to change at 8 weeks. The FES, ABC and GFFM demonstrated strong internal consistency reliability. The GFFM had stronger associations with physical and psychosocial functioning and may be more appropriate for studies focused on improving all aspects of fear of falling. Both FES and ABC instruments demonstrated ceiling effects, which may explain the lack of responsiveness to change in relatively non-frail older community-dwelling adults. Instruments sensitive to measuring lower levels of fear of falling are needed to capture the full range of this phenomenon in this population.",include_title_abs,A_primary_fulltext,extraction_candidate,Peer-reviewed community/home/primary-care frailty RCT candidate with relevant outcome,community,balance;digital_home,extract_now,High-confidence community/home/primary-care frailty RCT candidate,exercise_only
18608400,10.1080/09638280701817552,Comparison two-year effects of once-weekly and twice-weekly water exercise on health-related quality of life of community-dwelling frail elderly people at a day-service facility.,2009,Disability and rehabilitation,https://pubmed.ncbi.nlm.nih.gov/18608400/,Community/primary-care frailty RCT candidate,"The purpose of this study was to compare two-year effects of once-weekly and twice-weekly water exercise programmes at a day-service facility on the health-related quality of life (HRQL) of frail elderly people. This single blind, prospective, longitudinal randomized pilot study separated 22 community-dwelling frail elderly people into once-weekly (once group: n = 10) and twice-weekly (twice group: n = 12) groups: the two-year exercise interventions were once- or twice-weekly 1-h sessions. Water exercise sessions comprised warming-up on land, activities of daily living (ADL) exercise, stretching, strength, and relaxation in water. The HRQL was evaluated using the Medical Outcomes Survey Short Form-36 questionnaire (SF-36); ADL dependence was assessed using the Functional Independence Measure (FIM). Both groups showed significant increases over pre-intervention (pre) scores at 6 months and 12 months on Physical Component Summary and Mental Component Summary. In the once group, both were lower at 24 months than at 6 months and 12 months. The FIM scores were significantly different from pre at 6 months and 12 months in both once and twice groups, and between pre and 24 month in the twice group. Better than once-weekly exercise, twice-weekly water exercise controlled deterioration of HRQL, ADL, and knee extensor muscle strength (KEX) with ageing.",include_title_abs,A_primary_fulltext,extraction_candidate,Peer-reviewed community/home/primary-care frailty RCT candidate with relevant outcome,community,resistance;aerobic_walking,extract_now,High-confidence community/home/primary-care frailty RCT candidate,exercise_only
18364384,10.1210/jc.2007-1473,Effect of weight loss and exercise therapy on bone metabolism and mass in obese older adults: a one-year randomized controlled trial.,2008,The Journal of clinical endocrinology and metabolism,https://pubmed.ncbi.nlm.nih.gov/18364384/,Community/primary-care frailty RCT candidate,"Although weight loss and exercise ameliorates frailty and improves cardiac risk factors in obese older adults, the long-term effect of lifestyle intervention on bone metabolism and mass is unknown. The objective was to evaluate the effects of diet-induced weight loss in conjunction with exercise on bone metabolism and mass in obese older adults. We conducted a one-year randomized, controlled clinical trial in a university-based research center. Twenty-seven frail, obese (body mass index = 39 +/- 5 kg/m(2)), older (age 70 +/- 5 yr) adults participated in the study. Participants were randomly assigned to diet and exercise (treatment group; n = 17) or no therapy (control group; n = 10). Body weight decreased in the treatment group but not in the control group (-10 +/- 2 vs. +1 +/- 1%, P < 0.001). Compared with the control group, the treatment group had greater changes in bone mass, bone markers, and hormones, including 1) bone mineral density (BMD) in total hip (0.1 +/- 2.1 vs. -2.4 +/- 2.5%), trochanter (0.2 +/- 3.3 vs. -3.3 +/- 3.1%), and intertrochanter (0.3 +/- 2.7 vs. -2.7 +/- .3.0%); 2) C-terminal telopeptide (12 +/- 35 vs. 101 +/- 79%) and osteocalcin (-5 +/- 15 vs. 66 +/- 61%); and 3) leptin (2 +/- 12 vs. -30 +/- 25%) and estradiol (0.1 +/- 14% vs. -14 +/- 21%) (all P < 0.05). Changes in weight (r = 0.55), bone markers (r = -0.54), and leptin (r = 0.61) correlated with changes in hip BMD (all P < 0.05). Weight loss, even when combined with exercise, decreases hip BMD in obese older adults. It is not known whether the beneficial effects of weight loss and exercise on physical function lower the overall risk of falls and fractures, despite the decline in hip BMD.",include_title_abs,A_primary_fulltext,extraction_candidate,Peer-reviewed community/home/primary-care frailty RCT candidate with relevant outcome,unclear,balance;multidomain,extract_now,High-confidence community/home/primary-care frailty RCT candidate,multidomain
18431084,10.1007/BF03324763,Effects of a physical and nutritional intervention program for frail elderly people over age 75. A randomized controlled pilot treatment trial.,2008,Aging clinical and experimental research,https://pubmed.ncbi.nlm.nih.gov/18431084/,Community/primary-care frailty RCT candidate,"There are few studies published that combine the interventions of physical training and nutrition. The aim of the present study was to describe the impact of a physical and nutritional intervention program for frail community- dwelling elderly people over the age of 75. Ninety-six community-dwelling elderly people (58 women) were randomized to four different groups: i) a physical training program (aerobic, muscle strength, balance), ii) a nutritional intervention program (individually targeted advice and group sessions), iii) a combination of these interventions, and iv) a control group. At baseline subjects were screened for physical performance such as muscle strength, balance, mobility and activities of daily living, as well as nutritional aspects such as energy intake, body weight and fat-free mass. These measurements were repeated immediately after the intervention, which lasted for 12 weeks, and after another 6 months. The intention-to-treat analysis indicated significant improvements in lower- extremity muscle strength in both training groups compared with the nutrition group at 1st follow-up. There were small significant changes for some of the balance measurements in the training group without nutrition treatment. The nutrition intervention did not show any significant results. This study shows the positive effect on lower-extremity muscle strength directly after the intervention. Balance training most probably needs to be more individualized in order to be effective for frail elderly people. Further studies are needed, with larger sample sizes, to investigate the effects of these types of interventions before any further conclusions can be drawn.",include_title_abs,A_primary_fulltext,extraction_candidate,Peer-reviewed community/home/primary-care frailty RCT candidate with relevant outcome,community,resistance;balance;aerobic_walking;nutrition,extract_now,High-confidence community/home/primary-care frailty RCT candidate,exercise_plus_nutrition
19039291,10.1007/BF03325155,Home-based video exercise intervention for community-dwelling frail older women: a randomized controlled trial.,2008,Aging clinical and experimental research,https://pubmed.ncbi.nlm.nih.gov/19039291/,Implementation-relevant frailty RCT candidate,"Home-based exercise is a viable solution for frail elderly individuals with difficulties in reaching exercise facilities outside home. The aim of this study was to determine the effects of a home-based video exercise program on physiological performance, functional capacity and health-related quality of life. Community-dwelling frail women > or = 75 yrs, receiving public home care, were randomized into a training group (n=30) and a control group (n=31). Participants exercised for 26 minutes, three times per week for five months. Both groups received a bi-weekly telephone call. The effect of intervention was evaluated by the physical performance test, mobility-tiredness score, maximal isometric handgrip and biceps strength, lower limb explosive power, repeated chair rise (5 times), 10-m maximal walking-speed, semi-tandem balance, and health-related quality of life, as measured by EQ-5D and self-rated health. Twenty-five participants (83%) in the training group and 28 (90%) in the control group completed the project. Adherence to the training protocol was on average 89.2%. At follow-up, between-group analysis revealed a significant difference only in EQ-5D (valued by time-trade-off tariffs), resulting from a significant decrease observed in the control group and a trend towards an increase in the training group (p=0.082). Significant within-group improvements, ranging from 8-35%, were also observed for the physical performance test, mobility-tiredness score, handgrip, biceps strength, chair rise, and 10-m maximal walking-speed in the training group, and for walking-speed and self-rated health in the control group. These results suggest that home-based training for frail older women using an exercise video induces lasting health-related quality-of-life (EQ- 5D). In addition, a tendency towards improvements in physiological performance and functional capacity was observed.",include_title_abs,A_primary_fulltext,secondary_setting,Hospital/post-acute/residential setting; not primary Indian primary-care scope,hospital_or_postacute,resistance;balance;aerobic_walking;digital_home,exclude_before_extraction,Protocol/design/baseline paper,exercise_only
17624483,10.2340/16501977-0080,Feasibility and effectiveness of a nurse-led community exercise programme for prevention of falls among frail elderly people: a multi-centre controlled trial.,2007,Journal of rehabilitation medicine,https://pubmed.ncbi.nlm.nih.gov/17624483/,Community/primary-care frailty RCT candidate,"To determine whether an exercise programme provided by public health nurses is effective in improving physical function and psychological status in elderly people, in reducing falls and risk factors for falls in elderly people, and whether the intervention is a feasible programme within the community. Controlled intervention trial. Participants included 144 persons in the intervention group and 124 persons in the control group, who were living at home, aged over 65 years, and with 5 or more risk factors for falls identified using the questionnaire for fall assessment (Suzuki). For participants in the intervention group, an exercise programme was provided by public health nurses. This comprised a weekly exercise class of 2 hours for 17 weeks, supplemented by daily home exercises. Number of risk factors, physical function and psychological status were compared between the intervention and control groups before and after intervention. The number of further falls during the intervention was also compared between the 2 groups. The programme significantly improved physical function and emotional status, and reduced the number of falls and risk factors for falls. The excellent adherence rate represented broad acceptance of the intervention. The intervention programme was effective and feasible to operate in the community.",include_title_abs,A_primary_fulltext,extraction_candidate,Peer-reviewed community/home/primary-care frailty RCT candidate with relevant outcome,home,balance;nutrition,extract_now,High-confidence community/home/primary-care frailty RCT candidate,exercise_plus_nutrition
16609319,10.1097/01.mrr.0000194392.18655.49,A network-based geriatric rehabilitation programme: study design and baseline characteristics of the patients.,2006,International journal of rehabilitation research. Internationale Zeitschrift fur Rehabilitationsforschung. Revue internationale de recherches de readaptation,https://pubmed.ncbi.nlm.nih.gov/16609319/,Community/primary-care frailty RCT candidate,"The objective of this paper is to present the design and participants of an ongoing randomized controlled trial on a network-based geriatric rehabilitation programme, targeted at frail elderly persons with progressively declining health and a high risk of institutionalization. Forty-one municipalities, seven rehabilitation centres and a total of 741 frail elderly (65+years) community-living persons participated in the study. Assessments included measurements of physical capacity (balance, handgrip strength, walking speed), Functional Independence Measure, Geriatric Depression Scale, 15 Dimension quality of life questionnaire and Mini Mental State Examination. Questionnaires covered physical, social and psychological factors. The participants were old (mean age 78 years, range 65-96) and mainly female (86%). They were physically frail and most of them (66%) had experienced deterioration of health within 1 year. The majority lived alone (72%) and received regular help from other people (99%). The mean Mini Mental State Examination and Geriatric Depression Scale scores were 25.2 and 4.1 points, respectively. Depressive mood (Geriatric Depression Scale>6 points) was found in 17% and declined cognitive function (Mini Mental State Examination<24 points) in 28% of the participants. Differences between the randomized intervention and control groups were insignificant. Since the number of participants is sufficient statistically, the prospects for evaluating the effectiveness of the programme, and identifying potential benefactors, are good.",include_title_abs,A_primary_fulltext,exclude,Protocol/design/baseline paper rather than outcome report,community,resistance;balance;aerobic_walking,exclude_before_extraction,Protocol/design/baseline paper,exercise_only
17167299,10.1007/BF03324831,"A randomized, controlled trial of disability prevention in frail older patients screened in primary care: the FRASI study. Design and baseline evaluation.",2006,Aging clinical and experimental research,https://pubmed.ncbi.nlm.nih.gov/17167299/,Community/primary-care frailty RCT candidate,"We describe the enrollment and intervention phases of FRASI (FRAilty, Screening and Intervention), a randomized controlled trial aimed at preventing ADL disability in frail older persons screened in primary care. Patients, 70-85 years old, non-disabled and noncognitively impaired, were screened for frailty (score < or = 9 on the Short Physical Performance Battery, SPPB) during primary care visits. Of 447 eligible persons, 410 came to the study clinic and 251 were randomized into treatment (n=126) and control groups (n=125). The active group received an intensive medical intervention, and sixteen 90-minute supervised exercise sessions over 8 weeks. The primary outcome was time to ADL disability onset or death in the 12-month period after study enrollment. The two study arms were similar for demographics, cognitive function, physical function and health status. Compared with a population-based sample selected according to FRASI inclusion criteria except SPPB score, FRASI participants had significantly worse health and functional status. Restricting the comparison to persons with SPPB < or = 9, all differences disappeared. The 99 participants (78.6% of 126) who completed the intervention participated in a mean of 15.3+/-1.6 exercise sessions. Screening in primary care for non-disabled, older persons with SPPB < or = 9 yields individuals with substantial morbidity, impairments and functional limitations that can be successfully involved in an intensive medical and exercise intervention. Whether such an intervention effectively prevents new disability remains to be confirmed.",include_title_abs,A_primary_fulltext,secondary_setting,Hospital/post-acute/residential setting; not primary Indian primary-care scope,hospital_or_postacute,digital_home,exclude_before_extraction,"Disease-specific, post-acute or hospital rehabilitation population",digital_home_unclear_intervention
16636211,10.1001/archinte.166.8.860,Effect of weight loss and exercise on frailty in obese older adults.,2006,Archives of internal medicine,https://pubmed.ncbi.nlm.nih.gov/16636211/,Community/primary-care frailty RCT candidate,"Obesity exacerbates the age-related decline in physical function and causes frailty in older persons. However, appropriate treatment for obese older persons is unknown. We evaluated the effects of weight loss and exercise therapy on physical function and body composition in obese older persons. We screened 40 obese older volunteers and eventually randomized 27 frail obese older volunteers to treatment or control groups. Treatment consisted of 6 months of weekly behavioral therapy for weight loss in conjunction with exercise training 3 times per week. Physical function was evaluated with measurements of frailty (Physical Performance Test, peak oxygen consumption, and Functional Status Questionnaire); strength, gait, and balance tests; body composition with dual-energy x-ray absorptiometry; and quality of life using the Medical Outcomes Survey 36-Item Short-Form Health Survey. Results are reported as mean +/- SD. Two subjects in the treatment group did not comply with the intervention, and 1 subject in the control group withdrew. Analyses included all 27 subjects originally randomized to the treatment and control groups. The treatment group lost 8.4% +/- 5.6% of body weight, whereas weight did not change in the control group (+0.5% +/- 2.8%; P<.001). Compared with the control group, fat mass decreased (-6.6 +/- 3.4 vs +1.7 +/- 4.1 kg; P<.001), without a change in fat-free mass (-1.2 +/- 2.1 vs -1.0 +/- 3.5 kg; P = .75) in the treatment group. The Physical Performance Test score (2.6 +/- 2.5 vs 0.1 +/- 1.0; P = .001), peak oxygen consumption (1.7 +/- 1.6 vs 0.3 +/- 1.1 mL/min per kilogram; P = .02), and Functional Status Questionnaire score (2.9 +/- 3.7 vs -0.2 +/- 3.9; P = .02) improved in treated subjects compared with control subjects. Treatment also improved strength, walking speed, obstacle course, 1-leg limb stance time, and health survey physical subscale scores (all P<.05). These findings suggest that weight loss and exercise can ameliorate frailty in obese older adults. Trial Registration clinicaltrials.gov Identifier: NCT00146133.",include_title_abs,A_primary_fulltext,extraction_candidate,Peer-reviewed community/home/primary-care frailty RCT candidate with relevant outcome,unclear,resistance;balance;aerobic_walking;digital_home,extract_now,High-confidence community/home/primary-care frailty RCT candidate,exercise_only
16813773,10.1016/j.apmr.2006.04.005,Effects of exercise programs on falls and mobility in frail and pre-frail older adults: A multicenter randomized controlled trial.,2006,Archives of physical medicine and rehabilitation,https://pubmed.ncbi.nlm.nih.gov/16813773/,Community/primary-care frailty RCT candidate,"To determine the effects of moderate intensity group-exercise programs on falls, functional performance, and disability in older adults; and to investigate the influence of frailty on these effects. A 20-week, multicenter randomized controlled trial, with 52-week follow-up. Fifteen homes for the elderly. Two hundred seventy-eight men and women (mean age +/- standard deviation, 85+/-6y). Two exercise programs were randomly distributed across 15 homes. The first program, functional walking (FW), consisted of exercises related to daily mobility activities. In the second program, in balance (IB), exercises were inspired by the principles of Tai Chi. Within each home participants were randomly assigned to an intervention or a control group. Participants in the control groups were asked not to change their usual pattern of activities. The intervention groups followed a 20-week exercise program with 1 meeting a week during the first 4 weeks and 2 meetings a week during the remaining weeks. Falls, Performance Oriented Mobility Assessment (POMA), physical performance score, and the Groningen Activity Restriction Scale (GARS) (measuring self-reported disability). Fall incidence rate was higher in the FW group (3.3 falls/y) compared with the IB (2.4 falls/y) and control (2.5 falls/y) groups, but this difference was not statistically significant. The risk of becoming a faller in the exercise groups increased significantly in the subgroup of participants who were classified as being frail (hazard ratio [HR] = 2.95; 95% confidence interval [CI], 1.64-5.32). For participants who were classified as being pre-frail, the risk of becoming a faller decreased; this effect became significant after 11 weeks of training (HR = .39; 95% CI, .18-.88). Participants in both exercise groups showed a small, but significant improvement in their POMA and physical performance scores. In the FW group, this held true for the GARS score as well. Post hoc analyses revealed that only the pre-frail participants improved their POMA and physical performance scores. Fall-preventive moderate intensity group-exercise programs have positive effects on falling and physical performance in pre-frail, but not in frail elderly.",include_title_abs,A_primary_fulltext,extraction_candidate,Peer-reviewed community/home/primary-care frailty RCT candidate with relevant outcome,unclear,balance;aerobic_walking;mind_body,extract_now,High-confidence community/home/primary-care frailty RCT candidate,exercise_only
16510864,10.1093/gerona/61.2.184,"The influence of intense Tai Chi training on physical performance and hemodynamic outcomes in transitionally frail, older adults.",2006,"The journals of gerontology. Series A, Biological sciences and medical sciences",https://pubmed.ncbi.nlm.nih.gov/16510864/,Community/primary-care frailty RCT candidate,"Few data exist to evaluate whether Tai Chi (TC) training improves physical performance and hemodynamic outcomes more than a wellness education (WE) program does among older fallers transitioning to frailty. This 48-week randomized clinical trial was provided at 10 matched pairs of congregate living facilities in the Atlanta metropolitan area to 291 women and 20 men, who were transitionally frail, >or=70 years old, and had fallen at least once within the past year. Pairs of facilities were randomized to either TC exercise (n = 158) or WE (control) interventions (n = 153) over 48 weeks. Physical performance (freely chosen gait speed, reach, chair-rises, 360 degrees turn, picking up an object from the floor, and single limb support) and hemodynamic outcomes (heart rate and blood pressure) were obtained at baseline and after 4, 8, and 12 months. Mean percent change (baseline to 1 year) for gait speed increased similarly in both cohorts (TC: 9.1% and WE: 8.2%; p =.78). However, time to complete three chair-rises decreased 12.3% for TC and increased 13.7% for WE (p =.006). Baseline to 1 year mean percent change decreased among TC and increased within WE cohorts for: body mass index (-2.3% vs 1.8%; p <.0001), systolic blood pressure (-3.4% vs 1.7%; p =.02), and resting heart rate (-5.9% vs 4.6%; p <.0001). TC significantly improved chair-rise and cardiovascular performance. Because TC training reduced fall occurrences in this cohort, factors influencing functional and cardiovascular improvements may also favorably impact fall events.",include_title_abs,A_primary_fulltext,extraction_candidate,Peer-reviewed community/home/primary-care frailty RCT candidate with relevant outcome,unclear,balance;mind_body,extract_now,High-confidence community/home/primary-care frailty RCT candidate,exercise_only
15241748,10.1016/j.apmr.2003.10.021,A prehabilitation program for the prevention of functional decline: effect on higher-level physical function.,2004,Archives of physical medicine and rehabilitation,https://pubmed.ncbi.nlm.nih.gov/15241748/,Community/primary-care frailty RCT candidate,"To determine whether a home-based physical therapy (PT) program prevented decline in several higher-level measures of physical function among physically frail, community-living older persons. Randomized controlled trial. General community. Persons (N=188) who were physically frail and aged 75 years or older. A home-based PT program (ie, prehabilitation) that focused primarily on improving underlying impairments in physical capabilities. Self-reported instrumental activities of daily living (IADLs); mobility, as determined by a modified version of the Performance Oriented Mobility Assessment; timed rapid gait and timed chair stands; and integrated physical performance, as determined by a modified version of the Physical Performance Test, were assessed at baseline, 7 months, and 12 months. As compared with participants in the educational control group, participants in the intervention group had reductions in IADL disability of 17.7% at 7 months (P=.036) and 12.0% at 12 months (P=.143) and had gains, ranging from 7.2% to 15.6%, in mobility and integrated physical performance at 7 and 12 months. Our home-based prehabilitation program offered modest but consistent benefits for the prevention of decline in several higher-level measures of physical function.",include_title_abs,A_primary_fulltext,extraction_candidate,Peer-reviewed community/home/primary-care frailty RCT candidate with relevant outcome,home,digital_home,extract_now,High-confidence community/home/primary-care frailty RCT candidate,digital_home_unclear_intervention
15315998,10.1001/jama.292.7.837,Effects of extended outpatient rehabilitation after hip fracture: a randomized controlled trial.,2004,JAMA,https://pubmed.ncbi.nlm.nih.gov/15315998/,Community/primary-care frailty RCT candidate,"Hip fractures are common in the elderly, and despite standard rehabilitation, many patients fail to regain their prefracture ambulatory or functional status. To determine whether extended outpatient rehabilitation that includes progressive resistance training improves physical function and reduces disability compared with low-intensity home exercise among physically frail elderly patients with hip fracture. Randomized controlled trial conducted between August 1998 and May 2003 among 90 community-dwelling women and men aged 65 years or older who had had surgical repair of a proximal femur fracture no more than 16 weeks prior and had completed standard physical therapy. Participants were randomly assigned to 6 months of either supervised physical therapy and exercise training (n = 46) or home exercise (control condition; n = 44). Primary outcome measures were total scores on a modified Physical Performance Test (PPT), the Functional Status Questionnaire physical function subscale (FSQ), and activities of daily living scales. Secondary outcome measures were standardized measures of skeletal muscle strength, gait, balance, quality of life, and body composition. Participants were evaluated at baseline, 3 months, and 6 months. Changes over time in the PPT and FSQ scores favored the physical therapy group (P =.003 and P =.01, respectively). Mean change (SD) in PPT score for physical therapy was +6.5 (5.5) points (95% confidence interval [CI], 4.6-8.3), and for the control condition was +2.5 (3.7) points (95% CI, 1.4-3.6 points). Mean change (SD) in FSQ score for physical therapy was +5.2 (5.4) points (95% CI, 3.5-6.9) and for the control condition was +2.9 (3.8) points (95% CI, 1.7-4.0). Physical therapy also had significantly greater improvements than the control condition in measures of muscle strength, walking speed, balance, and perceived health but not bone mineral density or fat-free mass. In community-dwelling frail elderly patients with hip fracture, 6 months of extended outpatient rehabilitation that includes progressive resistance training can improve physical function and quality of life and reduce disability compared with low-intensity home exercise.",include_title_abs,A_primary_fulltext,secondary_setting,Hospital/post-acute/residential setting; not primary Indian primary-care scope,hospital_or_postacute,resistance;balance;aerobic_walking,exclude_before_extraction,"Disease-specific, post-acute or hospital rehabilitation population",exercise_only
12588571,10.1046/j.1532-5415.2003.51101.x,"A randomized, controlled trial of quadriceps resistance exercise and vitamin D in frail older people: the Frailty Interventions Trial in Elderly Subjects (FITNESS).",2003,Journal of the American Geriatrics Society,https://pubmed.ncbi.nlm.nih.gov/12588571/,Community/primary-care frailty RCT candidate,"To determine the effectiveness of vitamin D and home-based quadriceps resistance exercise on reducing falls and improving the physical health of frail older people after hospital discharge. Multicenter, randomized, controlled trial with a factorial design. Five hospitals in Auckland, New Zealand, and Sydney, Australia. Two hundred forty-three frail older people. Patients were randomized to receive a single dose of vitamin D (calciferol, 300,000 IU) or placebo tablets and 10 weeks of high-intensity home-based quadriceps resistance exercise or frequency-matched visits. The primary endpoints were physical health according to the short-form health survey at 3 months and falls over 6 months. Physical performance and self-rated function were secondary endpoints. Assessments took place in the participants' homes at 3 and 6 months after randomization and were performed by blinded assessors. There was no effect of either intervention on physical health or falls, but patients in the exercise group were at increased risk of musculoskeletal injury (risk ratio = 3.6, 95% confidence interval = 1.5-8.0). Vitamin D supplementation did not improve physical performance, even in those who were vitamin D deficient (<12 ng/mL) at baseline. Neither vitamin D supplementation nor a home-based program of high-intensity quadriceps resistance exercise improved rehabilitation outcomes in frail older people after hospitalization. There was no effect of vitamin D on physical performance, and the exercises increased the risk of musculoskeletal injury. These findings do not support the routine use of these interventions at these dosages in the rehabilitation of frail older people.",include_title_abs,A_primary_fulltext,extraction_candidate,Peer-reviewed community/home/primary-care frailty RCT candidate with relevant outcome,home,resistance;balance;nutrition;digital_home,extract_now,High-confidence community/home/primary-care frailty RCT candidate,exercise_plus_nutrition
14559955,10.1001/jama.290.15.2015,Exercise plus behavioral management in patients with Alzheimer disease: a randomized controlled trial.,2003,JAMA,https://pubmed.ncbi.nlm.nih.gov/14559955/,Implementation-relevant frailty RCT candidate,"Exercise training for patients with Alzheimer disease combined with teaching caregivers how to manage behavioral problems may help decrease the frailty and behavioral impairment that are often prevalent in patients with Alzheimer disease. To determine whether a home-based exercise program combined with caregiver training in behavioral management techniques would reduce functional dependence and delay institutionalization among patients with Alzheimer disease. Randomized controlled trial of 153 community-dwelling patients meeting National Institute of Neurological and Communicative Diseases and Stroke/Alzheimer Disease and Related Disorders Association criteria for Alzheimer disease, conducted between June 1994 and April 1999. Patient-caregiver dyads were randomly assigned to the combined exercise and caregiver training program, Reducing Disability in Alzheimer Disease (RDAD), or to routine medical care (RMC). The RDAD program was conducted in the patients' home over 3 months. Physical health and function (36-item Short-Form Health Survey's [SF-36] physical functioning and physical role functioning subscales and Sickness Impact Profile's Mobility subscale), and affective status (Hamilton Depression Rating Scale and Cornell Depression Scale for Depression in Dementia). At 3 months, in comparison with the routine care patients, more patients in the RDAD group exercised at least 60 min/wk (odds ratio [OR], 2.82; 95% confidence interval [CI], 1.25-6.39; P =.01) and had fewer days of restricted activity (OR, 3.10; 95% CI, 1.08-8.95; P<.001). Patients in the RDAD group also had improved scores for physical role functioning compared with worse scores for patients in the RMC group (mean difference, 19.29; 95% CI, 8.75-29.83; P<.001). Patients in the RDAD group had improved Cornell Depression Scale for Depression in Dementia scores while the patients in the RMC group had worse scores (mean difference, -1.03; 95% CI, -0.17 to -1.91; P =.02). At 2 years, the RDAD patients continued to have better physical role functioning scores than the RMC patients (mean difference, 10.89; 95% CI, 3.62-18.16; P =.003) and showed a trend (19% vs 50%) for less institutionalization due to behavioral disturbance. For patients with higher depression scores at baseline, those in the RDAD group improved significantly more at 3 months on the Hamilton Depression Rating Scale (mean difference, 2.21; 95% CI, 0.22-4.20; P =.04) and maintained that improvement at 24 months (mean difference, 2.14; 95% CI, 0.14-4.17; P =.04). Exercise training combined with teaching caregivers behavioral management techniques improved physical health and depression in patients with Alzheimer disease.",include_title_abs,A_primary_fulltext,extraction_candidate,Peer-reviewed community/home/primary-care frailty RCT candidate with relevant outcome,home,multicomponent_exercise;digital_home,exclude_before_extraction,"Disease-specific, post-acute or hospital rehabilitation population",multicomponent_exercise
14687360,10.1046/j.1532-5415.2003.51566.x,Selected as the best paper in the 1990s: Reducing frailty and falls in older persons: an investigation of tai chi and computerized balance training.,2003,Journal of the American Geriatrics Society,https://pubmed.ncbi.nlm.nih.gov/14687360/,Community/primary-care frailty RCT candidate,"To evaluate the effects of two exercise approaches, tai chi (TC) and computerized balance training (BT), on specified primary outcomes (biomedical, functional, and psychosocial indicators of frailty) and secondary outcomes (occurrences of fall). The Atlanta Frailty and Injuries: Cooperative Studies and Intervention Techniques, a prospective, randomized, controlled clinical trial with three arms (TC, BT, and education (ED)). Intervention length was 15 weeks, with primary outcomes measured before and after intervention and at 4-month follow-up. Falls were monitored continuously throughout the study. Persons aged 70 and older living in the community. A total of 200 participants, 162 women and 38 men; mean age was 76.2. Biomedical (strength, flexibility, cardiovascular endurance, body composition), functional instrumental activities of daily living (IADL), and psychosocial well-being (Center for Epidemiological Studies for Depression scale, fear of falling questionnaire, self-perception of present and future health, mastery index, perceived quality of sleep, and intrusiveness) variables. Grip strength declined in all groups, and lower extremity range of motion showed limited but statistically significant changes. Lowered blood pressure before and after a 12-minute walk was seen following TC participation. Fear of falling responses and intrusiveness responses were reduced after the TC intervention compared with the ED group (P=.046 and P=.058, respectively). After adjusting for fall risk factors, TC was found to reduce the risk of multiple falls by 47.5%. A moderate TC intervention can impact favorably on defined biomedical and psychosocial indices of frailty. This intervention can also have favorable effects upon the occurrence of falls. TC warrants further study as an exercise treatment to improve the health of older people.",include_title_abs,A_primary_fulltext,extraction_candidate,Peer-reviewed community/home/primary-care frailty RCT candidate with relevant outcome,community,resistance;balance;aerobic_walking;mind_body;digital_home,extract_now,High-confidence community/home/primary-care frailty RCT candidate,exercise_only
12362007,10.1056/NEJMoa020423,"A program to prevent functional decline in physically frail, elderly persons who live at home.",2002,The New England journal of medicine,https://pubmed.ncbi.nlm.nih.gov/12362007/,Implementation-relevant frailty RCT candidate,"Functional decline in physically frail, elderly persons is associated with substantial morbidity. It is uncertain whether such functional decline can be prevented. We randomly assigned 188 persons 75 years of age or older who were physically frail and living at home to undergo a six-month, home-based intervention program that included physical therapy and that focused primarily on improving underlying impairments in physical abilities, including balance, muscle strength, ability to transfer from one position to another, and mobility, or to undergo an educational program (as a control). The primary outcome was the change between base line and 3, 7, and 12 months in the score on a disability scale based on eight activities of daily living: walking, bathing, upper- and lower-body dressing, transferring from a chair, using the toilet, eating, and grooming. Scores on the scale ranged from 0 to 16, with higher scores indicating more severe disability. Participants in the intervention group had less functional decline over time, according to their disability scores, than participants in the control group. The disability scores in the intervention and control groups were 2.3 and 2.8, respectively, at base line; 2.0 and 3.6 at 7 months (P=0.008 for the comparison between the groups in the change from base line); and 2.7 and 4.2 at 12 months (P=0.02). The benefit of the intervention was observed among participants with moderate frailty but not those with severe frailty. The frequency of admission to a nursing home did not differ significantly between the intervention group and the control group (14 percent and 19 percent, respectively; P=0.37). A home-based program targeting underlying impairments in physical abilities can reduce the progression of functional decline among physically frail, elderly persons who live at home.",include_title_abs,A_primary_fulltext,secondary_setting,Hospital/post-acute/residential setting; not primary Indian primary-care scope,residential_or_nursing_home,resistance;balance;aerobic_walking;digital_home,exclude_before_extraction,Setting outside primary community/home/outpatient scope,exercise_only
12171453,,"Benefits of nutritional supplementation in free-living, frail, undernourished elderly people: a prospective randomized community trial.",2002,Journal of the American Dietetic Association,https://pubmed.ncbi.nlm.nih.gov/12171453/,Community/primary-care frailty RCT candidate,"To evaluate the impact of nutritional supplementation on nutritional status, muscle strength, perceived health, and functional status in a population of community-living, frail, undernourished elderly people. A 16-week intervention study in which subjects were randomized to an experimental or a control group and visited in their home on a monthly basis. Outcome variables were measured at the start and end of the study at subjects' homes by a dietitian blinded to treatment assignment. 83 elderly people (experimental group: n=42; control group: n=41; mean age=80+/-7 years) receiving community home-care services and at high risk for undernutrition. Provision of a nutrient-dense protein-energy liquid supplement and encouragement to improve intake from other foods. Anthropometric indexes, handgrip strength, isometric elbow flexion and leg extension strength, lower extremity function, perceived health, and functional status. Study groups were compared on an ""intention to treat"" basis using analysis of variance for repeated measures and unpaired and paired t tests and their nonparametric equivalents where appropriate. Total energy intake (1,772 vs 1,440 kcal; P<.001) and weight gain (1.62 vs 0.04 kg; P<.001) were higher in the supplemented group. No significant changes were observed with respect to other anthropometric indexes, muscle strength, or functional variables; however, beneficial effects were observed in emotional role functioning (P<0.01) and number of days spent in bed (P=.04). Nutrition intervention is feasible in free-living, frail, undernourished elderly people and results in significant improvement of nutritional status with respect to energy and nutrient intake and weight gain. Weight loss can be stopped and in some cases reversed; however, increased physical activity may also be required to improve health and functional status.",include_title_abs,A_primary_fulltext,extraction_candidate,Peer-reviewed community/home/primary-care frailty RCT candidate with relevant outcome,community,resistance;nutrition;digital_home,extract_now,High-confidence community/home/primary-care frailty RCT candidate,exercise_plus_nutrition
12002555,10.1023/a:1014610325059,Recruitment of older participants in frailty/injury prevention studies.,2002,Prevention science : the official journal of the Society for Prevention Research,https://pubmed.ncbi.nlm.nih.gov/12002555/,Community/primary-care frailty RCT candidate,"Despite the lifelong health benefits of physical activity, frailer older adults have typically been excluded from studies promoting more active lifestyles. This study documents the recruitment process and costs from a multisite study to identify effective strategies for recruiting older adults in frailty/injury prevention research. Randomized controlled clinical trials were conducted at 7 sites; an 8th site was a compliance study. Interventions reflected center- and home-based health promotion programs. Site objectives, eligibility criteria, and contact and screening methods were obtained from manuals of operation. Recruitment results (number screened, eligibility rates, randomized to screened ratios) were ascertained from recruitment data. Sites furnished estimated recruitment costs (nonlabor expenses, investigator and staff time, fringe benefits) up to signing the consent form. The sites targeted diverse populations and sample sizes. The majority revised recruitment methods to meet their recruitment goals. Most sites estimated costs of recruitment at over $300 per participant randomized. Recruitment costs were affected by staff time spent alleviating concerns about participants' health, essential interactions with family members, and arranging for transportation. Neither frailty nor intervention intensity was found to be a major predictor of recruitment outcomes. Recruitment expense was associated with selection criteria and frailty status of the target population. Older people can be successfully recruited into beneficial health promotion programs, but it is often challenging. In planning health promotion studies, investigators need to be aware of the numbers of older people they may need to screen and different strategies for increasing recruitment success.",include_title_abs,A_primary_fulltext,exclude,Protocol/design/baseline paper rather than outcome report,home,digital_home;multidomain,exclude_before_extraction,Protocol/design/baseline paper,multidomain
12448161,,[Physical training as treatment of reduced functional ability in frail 75+ year-olds living at home. A randomized intervention study in general practice with technological assessment elements].,2002,Ugeskrift for laeger,https://pubmed.ncbi.nlm.nih.gov/12448161/,Community/primary-care frailty RCT candidate,"The aim of this study was to establish the value of physical training as a treatment of reduced physical ability in frail, elderly patients living at home. 46 community-dwelling frail elderly patients (> 74 years) participated in a randomised, controlled intervention study. The intervention group was transported to training, whilst the control group was not activated. All had their physical functional ability determined using SF-36, Berg's Balance Scale, 10 m walking test and muscle strength test. The intervention group had a significant improvement in functional ability measured by means of Berg's Balance Scale, walking test, muscle strength test and SF-36 (p < 0.01) compared with the control group. The average cost per patient was estimated at 121 DKK per training session, equivalent to 1452 DKK for a 12-week training period. The establishing of a ""multi-component-training"" as a treatment offer, to which general practitioners could refer their patients, would involve some costs, but savings due to reduced nursing care can be expected.",include_title_abs,A_primary_fulltext,extraction_candidate,Peer-reviewed community/home/primary-care frailty RCT candidate with relevant outcome,primary_care,resistance;balance;aerobic_walking;multicomponent_exercise,extract_now,High-confidence community/home/primary-care frailty RCT candidate,multicomponent_exercise
11427784,10.1097/00005768-200106001-00028,Exercise dose-response effects on quality of life and independent living in older adults.,2001,Medicine and science in sports and exercise,https://pubmed.ncbi.nlm.nih.gov/11427784/,Community/primary-care frailty RCT candidate,"The purpose of this study was to determine if exercise operates in a dose-response fashion to influence well-being and to postpone dependency. A computer-assisted search was made by using the following key words: resistance training, strength training, function, exercise, elderly, quality of life, frailty, physical activity, independence, performance, aerobic training, mobility, well-being, and disability. Review articles and personal files were also used, and a critical review of research studies meeting the criteria described in the methods section of the article was conducted. In large sample correlational studies and prospective longitudinal studies, researchers consistently report that measures of physical function in old adults are related to feelings of well-being, and that old adults who are physically active also report higher levels of well-being and physical function, but the results of randomized intervention studies of aerobic and/or resistive strength training do not always support this relationship. Even if changes in well-being and physical function were reported, no evidence was found that levels of intensity operated in a dose-response fashion to influence these changes. Research design problems included ineffective aerobic or strength training treatments, widely varying participation and effort of the research participants, and both treatment and physical function tests that were not appropriate for the physical status of the participants. The most consistent results were that long-term physical activity is related to postponed disability and independent living in the oldest-old subjects. Even in individuals with chronic disease, systematic participation in physical activities enhances physical function.",include_title_abs,A_primary_fulltext,extraction_candidate,Peer-reviewed community/home/primary-care frailty RCT candidate with relevant outcome,unclear,resistance;aerobic_walking;digital_home,extract_now,High-confidence community/home/primary-care frailty RCT candidate,exercise_only
11387588,10.1053/apmr.2001.23278,"Physical exercise and/or enriched foods for functional improvement in frail, independently living elderly: a randomized controlled trial.",2001,Archives of physical medicine and rehabilitation,https://pubmed.ncbi.nlm.nih.gov/11387588/,Community/primary-care frailty RCT candidate,"To examine the effects of an exercise program and an enriched food regimen on physical functioning of frail elderly persons. A 17-week randomized, placebo-controlled trial. Community. One hundred fifty-seven independently living frail elderly (mean age, 78.7 +/- 5.6yr). Thirty-nine subjects participated in a twice weekly group exercise designed to improve daily functioning; 39 subjects daily ate foods enriched with vitamins and minerals (at 25%-100% of the recommended daily allowances); 42 subjects exercised and ate enriched foods; and 37 subjects served as controls. Nonexercising groups followed a social program; nonsupplement groups received the same food products without the micronutrients. Functional performance based on 6 performance tests, physical fitness based on 7 fitness tests, and disabilities based on the self-reported ability to perform 16 daily activities. Performance sum scores were significantly enhanced in trained (+8%) compared with nontrained subjects (-8%) (difference in change: 1.9 points, p < .001, adjusted for baseline scores). Fitness sum scores were significantly enhanced as well (+3% in trained vs -2% in nontrained) (difference in change: 0.9 points, p = .05, adjusted for baseline scores). No exercise effects on the disability score were observed. Consumption of enriched products did not affect performance, fitness, or disability scores. Our comprehensive exercise program, designed for widespread applicability, enhanced physical performance and fitness in a population of frail elderly. Daily consumption of micronutrient enriched foods showed no functional benefits within 17 weeks.",include_title_abs,A_primary_fulltext,extraction_candidate,Peer-reviewed community/home/primary-care frailty RCT candidate with relevant outcome,community,nutrition;digital_home,extract_now,High-confidence community/home/primary-care frailty RCT candidate,nutrition_only
10968301,10.1111/j.1532-5415.2000.tb06894.x,Attrition in an exercise intervention: a comparison of early and later dropouts.,2000,Journal of the American Geriatrics Society,https://pubmed.ncbi.nlm.nih.gov/10968301/,Community/primary-care frailty RCT candidate,"To identify reasons for dropout and factors that may predict dropout from an exercise intervention aimed at improving physical function in frail older persons. An 18-month randomized controlled intervention in a community setting. The intervention comprised 2 groups: class-based and self-paced exercise. 155 community-dwelling older persons, mean age 77.4, with mildly to moderately compromised mobility. The primary outcome measure was dropout. Dropouts were grouped as: D0, dropout between baseline and 3-month assessment, and D3, dropout after 3-month assessment. Measurements of demographics, health, and physical performance included self-rated health, SF-36, disease burden, adverse events, PPT-8, MacArthur battery, 6-minute walk, and gait velocity. There were 56 dropouts (36%), 31 in first 3 months. Compared with retained subjects (R), the D0 group had greater disease burden (P = .011), worse self-perceived physical health (P = .014), slower usual gait speed (P = .001), and walked a shorter distance over 6 minutes (P<.001). No differences were found between R and D3. Multinomial logistic regression showed 6-minute walk (P<.001) and usual gait velocity (P<.001) were the strongest independent predictors of dropout. Controlling for all other variables, adverse events after randomization and 6-minute walk distance were the strongest independent predictors of dropout, and self-paced exercise assignment increased the risk of dropout. We observed baseline differences between early dropouts and retained subjects in disease burden, physical function, and endurance, suggesting that these factors at baseline may predict dropout. Improved understanding of factors that lead to and predict dropout could allow researchers to identify subjects at risk of dropout before randomization. Assigning targeted retention techniques in accordance with these factors could result in decreased attrition in future studies. Therefore, the results of selective attrition of frailer subjects, such as decreased heterogeneity, restricted generalizability of study findings, and limited understanding of exercise effects in this population, would be avoided.",include_title_abs,A_primary_fulltext,extraction_candidate,Peer-reviewed community/home/primary-care frailty RCT candidate with relevant outcome,community,aerobic_walking,extract_now,High-confidence community/home/primary-care frailty RCT candidate,exercise_only
10896013,10.1053/apmr.2000.4425,Low-intensity exercise as a modifier of physical frailty in older adults.,2000,Archives of physical medicine and rehabilitation,https://pubmed.ncbi.nlm.nih.gov/10896013/,Community/primary-care frailty RCT candidate,"To examine the effects of a 3-month low-intensity exercise program on physical frailty. Randomized clinical trial. Regional tertiary-care hospital and academic medical center with an outpatient rehabilitation fitness center. Eighty-four physically frail older adults (mean age, 83 +/- 4 yrs). Three-month low-intensity supervised exercise (n = 48) versus unsupervised home-based flexibility activities (n = 36). Physical performance test, measures of balance, strength, flexibility, coordination, speed of reaction, peripheral sensation. Significant improvement was made by the exercise group on our primary indicator of frailty, a physical performance test (PPT) (29 +/- 4 vs 31 +/- 4 out of a possible 36 points), as well as many of the risk factors previously identified as contributors to frailty; eg, reductions in flexibility, strength, gait speed, and poor balance. Although the home exercise control group showed increases in range of motion, the improvements in flexibility did not translate into improvements in physical performance capacity as assessed by the PPT. Our results suggest that physical frailty is modifiable with a program of modest activities that can be performed by virtually all older adults. They also indicate that exercise programs consisting primarily of flexibility activities are not likely to reverse or attenuate physical frailty. Although results suggest that frailty is modifiable, it is not likely to be eliminated with exercise, and efforts should be directed toward preventing the condition.",include_title_abs,A_primary_fulltext,extraction_candidate,Peer-reviewed community/home/primary-care frailty RCT candidate with relevant outcome,home,resistance;balance;digital_home,extract_now,High-confidence community/home/primary-care frailty RCT candidate,exercise_only
10462167,10.1093/gerona/54.7.m353,Peak aerobic power is an important component of physical performance in older women.,1999,"The journals of gerontology. Series A, Biological sciences and medical sciences",https://pubmed.ncbi.nlm.nih.gov/10462167/,Community/primary-care frailty RCT candidate,"The purpose of this study was to determine the relationship between peak aerobic power (VO2peak) and performance on a modified Physical Performance Test (modified PPT) in older women. One hundred one women aged 75 years and older seeking enrollment in randomized, controlled trials of exercise and/or hormone replacement therapy were recruited from the community-at-large and from congregate living sites. Measures obtained included VO2peak, a modified PPT, and self-reports about performance of activities of daily living. Simple regression analysis demonstrated that VO2peak was associated with total PPT score (r =.53, p <.001), gait speed (r =.44, p <.001), time to arise from a chair five times (r =.43, p = <.001), and time to climb one flight of stairs (r =.36, p =.007). Multiple regression analysis revealed that the relationships between VO2peak and total modified PPT score, gait speed, chair rise time, and time to climb one flight of stairs were independent of age. Peak aerobic power is a significant independent predictor of performance on a standardized test of physical function in older women and is an important component of physical frailty in this population.",include_title_abs,A_primary_fulltext,extraction_candidate,Peer-reviewed community/home/primary-care frailty RCT candidate with relevant outcome,community,aerobic_walking,extract_now,High-confidence community/home/primary-care frailty RCT candidate,exercise_only
10496549,10.1093/gerona/54.8.m428,The relation between psychometric test performance and physical performance in older adults.,1999,"The journals of gerontology. Series A, Biological sciences and medical sciences",https://pubmed.ncbi.nlm.nih.gov/10496549/,Community/primary-care frailty RCT candidate,"The relationship between cognitive function and physical disability in nondemented older adults is not well characterized. The purpose of this study was to determine the relationship between performance on psychometric measures and a modified Physical Performance Test (modified PPT) in older men and women. One hundred twenty-five men and women aged 75 years and older, who were enrolled in randomized, controlled trials of exercise or hormone replacement therapy, were recruited from the community-at-large and from congregate living sites. Measures obtained included Trailmaking A and B tests, Cancellation Random Figure tests, Weschler Associate Learning and 20-minute Delayed Recall, Verbal Fluency test, a modified PPT, and self-reports about performance of activities of daily living, medication use, and hospitalization in the previous year. Simple regression analysis demonstrated that speed of performance on the Trailmaking B and Cancellation Random Figure tests was significantly associated with total modified PPT score (r = .29, p < .001 and r = .36,p < .001, respectively). A factor analysis of the psychometric test battery demonstrated that two factors, a cognitive speed factor and a memory factor, accounted for 55% of the variance in cognitive test performance. Hierarchical multiple regression analyses demonstrated that age, number of medications, and the cognitive speed factor were independent predictors of total modified PPT score. Cognitive processing speed is a significant component of physical frailty in this population, although it accounts for a small percentage of variance on a standardized physical performance test.",include_title_abs,A_primary_fulltext,extraction_candidate,Peer-reviewed community/home/primary-care frailty RCT candidate with relevant outcome,community,unclear,extract_now,High-confidence community/home/primary-care frailty RCT candidate,unclear
8617895,10.1111/j.1532-5415.1996.tb01432.x,Reducing frailty and falls in older persons: an investigation of Tai Chi and computerized balance training. Atlanta FICSIT Group. Frailty and Injuries: Cooperative Studies of Intervention Techniques.,1996,Journal of the American Geriatrics Society,https://pubmed.ncbi.nlm.nih.gov/8617895/,Community/primary-care frailty RCT candidate,"To evaluate the effects of two exercise approaches, Tai Chi (TC) and computerized balance training (BT), on specified primary outcomes (biomedical, functional, and psychosocial indicators of frailty) and secondary outcomes (occurrence of falls). The Atlanta FICSIT (Frailty and Injuries: Cooperative Studies of Intervention Techniques), a prospective, randomized, controlled clinical trial with three arms (TC, BT, and education [ED]. Intervention length was 15 weeks, with primary outcomes measured before and after intervention and at 4-month follow-up. Falls were monitored continuously throughout the study. Persons aged 70 and older living in the community. A total of 200 participants, 162 women and 38 men; mean age was 76.2. Biomedical (strength, flexibility, cardiovascular endurance, body composition), functional (IADL), and psychosocial well-being (CES-D scale, fear of falling questionnaire, self-perception of present and future health, mastery index, perceived quality of sleep, and intrusiveness) variables. Grip strength declined in all groups, and lower extremity range of motion showed limited but statistically significant changes. Lowered blood pressure before and after a 12-minute walk was seen following TC participation. Fear of falling responses and intrusiveness responses were reduced after the TC intervention compared with the ED group (P = .046 and P = .058, respectively). After adjusting for fall risk factors, TC was found to reduce the risk of multiple falls by 47.5%. A moderate TC intervention can impact favorably on defined biomedical and psychosocial indices of frailty. This intervention can also have favorable effects upon the occurrence of falls. Tai Chi warrants further study as an exercise treatment to improve the health of older people.",include_title_abs,A_primary_fulltext,extraction_candidate,Peer-reviewed community/home/primary-care frailty RCT candidate with relevant outcome,community,resistance;balance;aerobic_walking;mind_body;digital_home,extract_now,High-confidence community/home/primary-care frailty RCT candidate,exercise_only
8440855,10.1111/j.1532-5415.1993.tb06709.x,Seniors' Program for Injury Control and Education.,1993,Journal of the American Geriatrics Society,https://pubmed.ncbi.nlm.nih.gov/8440855/,Community/primary-care frailty RCT candidate,"The Seniors' Program for Injury Control and Education (SPICE) examines the effects of exercise and physical fitness on falls and related injuries among older persons. The design is a two-group, randomized trial with 2 years of follow-up. The study is at Northwest Region of Kaiser Permanente (NWKP), a large hospital-based prepaid group practice HMO in Portland, OR. The participants are 1,323 community-living persons 65 years or older who are enrolled in NWKP and are at moderate risk of falling. A multifaceted intervention strategy uses a group approach to falls and injury prevention which includes moderate intensity endurance-building exercise (walking), strength and balance training, home safety improvements, and mental practice. Sessions of 20-25 participants are led by two nurses. Participants set their own realistic goals for exercising to accommodate to differing functional abilities and baseline conditioning. The control group receives usual care from the HMO. Participants report all falls for 2 years after randomization. Outcome measures include health status, physical functioning, falls, and fall-related medical care use and cost. If SPICE is effective, cost-effectiveness analysis will examine the relative efficiency of SPICE versus other successful FICSIT interventions. Thus far, recruitment and intervention compliance goals have been met from a population of frail elderly HMO members.",include_title_abs,A_primary_fulltext,extraction_candidate,Peer-reviewed community/home/primary-care frailty RCT candidate with relevant outcome,community,resistance;balance;aerobic_walking;digital_home,exclude_before_extraction,Protocol/design/baseline paper,exercise_only
8440857,10.1111/j.1532-5415.1993.tb06711.x,The Seattle FICSIT/MoveIt study: the effect of exercise on gait and balance in older adults.,1993,Journal of the American Geriatrics Society,https://pubmed.ncbi.nlm.nih.gov/8440857/,Community/primary-care frailty RCT candidate,"While exercise is generally recommended for older adults, the specific role of exercise in preventing falls and frail health is unclear. The Seattle FICSIT/MoveIt study is a population-based, randomized, controlled trial comparing the effects of three 6-month exercise interventions (endurance training, strength training, or combined endurance and strength training), and three 3-month endurance training interventions (stationary cycle, walking, or aerobic movement). Primary study outcomes are aerobic capacity, strength, gait, balance, and physical functional status. The study enrolls adults age 68-85 who have leg weakness and impaired gait. It differs from most previous community-based exercise studies in several respects: recruitment of subjects from a defined population; eligibility criteria based upon physiologic and functional status deficits; random assignment to exercise groups; assessment of both physiologic and functional status outcomes; follow-up beyond the completion of supervised exercise; and a large sample size (Total N = 180).",include_title_abs,A_primary_fulltext,extraction_candidate,Peer-reviewed community/home/primary-care frailty RCT candidate with relevant outcome,community,resistance;balance;aerobic_walking,exclude_before_extraction,Protocol/design/baseline paper,exercise_only
