pmcid,pmid,doi,title,year,journal,url,evidence_source_set,intervention_node_prelim,article_title_mined,first_reviewer_fulltext_decision,first_reviewer_reason,rct_signal,frailty_signal,sarcopenia_signal,older_adult_signal,intervention_signal,comparator_signal,outcome_signal,protocol_or_review_signal,disease_specific_signal,hospital_or_residential_signal,community_home_signal,detected_outcomes,randomization_snippet,intervention_snippet,comparator_snippet,results_snippet,second_reviewer_decision,consensus_decision,consensus_reason
PMC10720710,38098822.0,10.3389/fpubh.2023.1267666,"Effects of an educational intervention on frailty status, physical function, physical activity, sleep patterns, and nutritional status of older adults with frailty or pre-frailty: the FRAGSALUD study.",2023.0,,https://europepmc.org/article/MED/38098822,expanded_accessible_search,nutrition_only,"Effects of an educational intervention on frailty status, physical function, physical activity, sleep patterns, and nutritional status of older adults with frailty or pre-frailty: the FRAGSALUD study",include_primary_accessible,Community/home/primary-care frailty RCT confirmed by mined full-text fields,yes,yes,no,yes,yes,yes,yes,no,no,no,yes,frailty;gait_speed;sppb;grip_strength;quality_of_life;adherence;adverse_events,"ical function, physical activity, sleep patterns, and nutritional status in community-dwelling older adults with at least 1 Fried’s frailty criteria. Methods A 6-month multicentre randomized controlled trial was conducted from March 2022 to February 2023 in 14 health centres located in Cadiz and Malaga, Spain. The educational intervention consisted of 4 group sessions","lic Health 2296-2565 Frontiers Media SA PMC10720710 PMC10720710.1 10720710 10720710 38098822 10.3389/fpubh.2023.1267666 1 Public Health Original Research Effects of an educational intervention on frailty status, physical function, physical activity, sleep patterns, and nutritional status of older adults with frailty or pre-frailty: the FRAGSALUD study Casals Cristina 1","ed a significant group-time interaction in the physical function evaluated with a large effect on Short Physical Performance Battery score (η2p = 0.179, −0.1 [−1.2–1.0] points for control group vs. 1.0 [0.0–3.0] points for educational group, p < 0.001), and an effect on the 4-meter gait test ((η2p = 0.122, 0.5 [0.1–0.0] s for control group vs. –0.4 [−0.5– −0.3] s for edu","Results The results showed a significant group-time interaction in the physical function evaluated with a large effect on Short Physical Performance Battery score (η2p = 0.179, −0.1 [−1.2–1.0] points for control group vs. 1.0 [0.0–3.0] points for educational group, p < 0.001), and an effect on the 4-meter gait test ((η2p = 0.122, 0.5 [0.1–0.0] s for control group vs. –0.4 [−0.5– −0.3] s for educational group, p < 0.001), and the 5-repetition sit-to-stand test (η2p = 0.136, 1.0 [0.0–1.2] s for control group vs. −4.3 [−7.0– −2.3] for educational group, p < 0.001). Additionally, the use of accelerometers to assess physical activity, inactivity, and sleep patterns revealed a significant small effect in the number of awakenings at night ((η2p = 0.040, 1.1 [−0.5–3.4] awakenings for control group vs. 0.0 [−2.2–0.0] awakenings for educational group, p = 0.009). The findings also highlighted a significant medium effect regarding malnutrition risk, which was assessed using the Mini-Nutritional Assessment score (η2p = 0.088, −0.7 [−2.3–1.5] points for control group vs. 1.5 [−0.5–3.0] points for educational group, p < 0.001).
3 Results Table 1 displays the sociodemographic and medical characteristics of our participants. It’s noteworthy that the intervention group had a higher proportion of women, was characterized by older age, and exhibited a higher level of education. Due to these differences, we have decided to include these variables as covariates in the forthcoming analysis. Table 2 presents the frailty characteristics of the study participants. In the baseline assessment, the intervention group exhibited lower scores on Fried’s criteria and a higher number of pre-frail participants compared to the control group. Additionally, a larger proportion of participants in the contro",,,
PMC10826892,37458963.0,10.1007/s40520-023-02504-w,Tai Chi versus health education as a frailty intervention for community-dwelling older adults with hypertension.,2023.0,,https://europepmc.org/article/MED/37458963,expanded_accessible_search,mind_body,Tai Chi versus Health Education as a Frailty Intervention for Community-Dwelling Older Adults with Hypertension.,include_primary_accessible,Community/home/primary-care frailty RCT confirmed by mined full-text fields,yes,yes,no,yes,yes,yes,yes,no,no,no,yes,frailty;adl;falls;quality_of_life;adherence;adverse_events,"oup Tai Chi (TC) practice improved frailty relative to Healthy Aging Practice-centered Education (HAP-E) classes in older adults with hypertension. Methods Secondary analysis of a randomized controlled trial in San Diego County, USA, of 167 community-dwelling individuals aged ≥60 yrs (70% female; 72.1±7.5 yrs), defined as non-frail (66%) or frail (34%) based on 53-ite",yes pmc-collection-title NIHPA Author Manuscripts PMC10826892 PMC10826892.1 10826892 10826892 NIHMS1942184 37458963 10.1007/s40520-023-02504-w NIHMS1942184 NIHPA1942184 1 Article Tai Chi versus Health Education as a Frailty Intervention for Community-Dwelling Older Adults with Hypertension. Kohn Jordan N. Ph.D. 1 2 * Lobo Judith D. Ph.D. 3 * Troyer Emily A. M.D. 3,"r CONSORT diagram and complete study inclusion and exclusion criteria. 2.2. Behavioral Interventions Participants attended either 12-week, 120-min/week of TC or HAP-E classes as a comparator, administered in groups of 5 to 12 persons. TC sessions were two, 60-min per week whereas HAP-E was one, 120-min weekly session. Individual attendance was calculated as a proporti","Results One hundred thirty-one participants completed post-intervention assessments. Frailty decreased pre-to-post intervention in the TC (ΔFI=−0.016, d =−0.39, −0.75–−0.03), but not the HAP-E arm (ΔFI=−0.009, d =−0.13, −0.52–0.27), despite no significant group differences between the TC and HAP-E arms ( d =−0.11, −0.46–0.23). Furthermore, greater odds of improved FI were observed for frail participants in the TC (OR=3.84, 1.14–14.9), but not the HAP-E (OR=1.34, 0.39–4.56) arm. Subgroup analysis indicated treatment effects in TC were attributed to frail participants (frail: ΔFI=−0.035, d =−0.68, −1.26–−0.08; non-frail: ΔFI=−0.005, d =−0.19, −0.59–0.22), which was not the case in the HAP-E arm (frail: ΔFI=−0.017, d =−0.23, −0.81–0.35; non-frail: ΔFI=−0.003, d =−0.07, −0.47–0.33). Frail participants were no more likely to drop-out of the study than non-frail (71% vs. 69% retained).
3. RESULTS 3.1. Participant characteristics and intervention attendance Baseline sociodemographic and clinical characteristics of the study population are summarized in Table 1 . A total of 182 adults aged 60–93 were randomly assigned to 12 weeks of either TC or HAP-E ( Supplemental Figure 1 ). Altogether, 167 participants (70% female; age: 72.1±7.5 yrs) completed pre-intervention (T1) assessments (see Methods ). All but eleven participants who completed T1 assessments attended at least 1 class ( N =156; HAP-E: N =75; TC: N =81), and 131 participants completed post-intervention (T2) assessments sufficient to compute FI at T2 (HAP-E: N =62; TC: N =69). Participants who attended ≥1 class but did not complete T2 assessments (HAP-E: N =13; TC: N =12) did not differ from those who completed T2 by FI, or by age, sex, race, marital status, education, MoCA score, SBP, DBP, or BMI. Attendance in the TC ",,,
PMC10851592,38326734.0,10.1186/s12877-024-04736-5,Effects of high-intensity training on fatty infiltration in paraspinal muscles in elderly males with osteosarcopenia - the randomized controlled FrOST study.,2024.0,,https://europepmc.org/article/MED/38326734,expanded_accessible_search,exercise_only,Effects of high-intensity training on fatty infiltration in paraspinal muscles in elderly males with osteosarcopenia – the randomized controlled FrOST study,include_primary_accessible,Community/home/primary-care frailty RCT confirmed by mined full-text fields,yes,yes,yes,yes,yes,yes,yes,no,no,no,yes,frailty;grip_strength;falls;quality_of_life;adherence,1592 38326734 10.1186/s12877-024-04736-5 4736 1 Research Effects of high-intensity training on fatty infiltration in paraspinal muscles in elderly males with osteosarcopenia – the randomized controlled FrOST study http://orcid.org/0000-0002-0840-9420 Kircher Kaja kaja.kk.kircher@fau.de 1 2 3 Chaudry Oliver 2 Nagel Armin M. 3 Ghasemikaram Mansour 1 Uder Michael 3 Jakob,"ta from the randomised controlled FrOST trial, which enrolled community-dwelling osteosarcopenic men aged > 72 years randomly allocated to 16 months of twice-weekly high-intensity resistance training (HIRT) or a non-training control group. MR Dixon imaging was used to quantify the effects of HIRT on muscle fat infiltration in the paraspinal muscles, determined as chan",", which enrolled community-dwelling osteosarcopenic men aged > 72 years randomly allocated to 16 months of twice-weekly high-intensity resistance training (HIRT) or a non-training control group. MR Dixon imaging was used to quantify the effects of HIRT on muscle fat infiltration in the paraspinal muscles, determined as changes in muscle tissue, fat faction and intermuscu","Results After 16 months of intervention, 15 men from the HIRT and 16 men from the CG were included in the MRI analysis. In summary, no positive effects on the fat infiltration of the erector spinae and psoas major muscles were observed.
Results Baseline characteristics are shown in Table 1 . Apart from protein intake prior to supplementation, there were no significant differences between the two study groups at baseline [ 2 ]. As shown in Fig. 2 , 15 HIRT men (71%) and 16 CG men (73%) with MR data were included in the statistical analysis [ 19 ]. The attendance rate of the HIRT group was very high (95 ± 5%). In parallel, compliance with whey-protein, calcium and Vit-D supplementation, which was monitored by telephone calls, delivery logs and personal interviews, showed an overlap of 82% (calcium) to 94% (protein) between the prescribed doses and the amount of supplements taken by the participants. No adverse effects or injuries were observed during the training sessions. Biweekly telephone calls revealed no changes in physical activity or exercise in the CG. At the same time, no changes in parameters (e.g. diseases, medication, and lifestyle) that could have confounded our results were identified through the follow-up questionnaires or personal interviews. Table 1 Baseline characteristics of exercise and control groups Variable HIRT ( n = 21) CG ( n = 22) p Age [years] 77.8 ± 3.6 79.2 ± 4.7 .262 BMD Lumbar Spine [mg/cm 2 ] 1.054 ± .142 0.987 ± .115 .140 BMD Femoral Neck [mg/cm 2 ] 0.894 ± .084 0.869 ± .094 .364 Body Mass Index [kg/m 2 ] 25.0 ± 3.0 24.5 ± 1.9 .515 Calcium Intake (mg/d) f 802 ± 226 833 ± 282 .636 Energy Intake [MJ/d] e 8.84 ± 1.71 9.39 ± 2.42 .407 Exercise per week [min] 59 ± 56 46 ± 52 .780 Fat intake [g/d] 88.4 ± 33.5 81.1 ± 21.6 .208 LLFDI [Index] c 1.",,,
PMC11411904,39300347.0,10.1186/s12877-024-05351-0,Hybrid model of care for older persons for improvement of frailty index-a community-based interventional study in an urban setting.,2024.0,,https://europepmc.org/article/MED/39300347,expanded_accessible_search,multidomain,Hybrid model of care for older persons for improvement of frailty index—a community-based interventional study in an urban setting,include_primary_accessible,Community/home/primary-care frailty RCT confirmed by mined full-text fields,yes,yes,no,yes,yes,yes,yes,no,no,no,yes,frailty;gait_speed;sppb;adl;falls;quality_of_life;adherence;adverse_events,"016. p. 82–7. 3. Li CM Chen CY Li CY Wang WD Wu SC The effectiveness of a comprehensive geriatric assessment intervention program for frailty in community-dwelling older people: a randomized, controlled trial Arch Gerontol Geriatr 2010 50 Suppl 1 S39 42 10.1016/S0167-4943(10)70011-X 20171455 Li CM, Chen CY, Li CY, Wang WD, Wu SC. The effectiveness of a comprehensive g",11904 PMC11411904.1 11411904 11411904 39300347 10.1186/s12877-024-05351-0 5351 1 Research Hybrid model of care for older persons for improvement of frailty index—a community-based interventional study in an urban setting Baskaran T B Pritish 1 2 Raghav Pankaja raghavpankaja3@gmail.com drpankajaraghav@gmail.com 1 Naveen Kikkeri Hanumantha Setty 1 1 https://ror.org/05e15a,"le and SPPB scores were used to measure the outcomes. Results 128 older persons and their primary caregivers were recruited. Median age was 70 and 67 years in the intervention and control group respectively, with majority being males. The median frailty index at baseline was 0.36 in both the groups, with improvement in intervention group (0.20) and worsening in control g","Results 128 older persons and their primary caregivers were recruited. Median age was 70 and 67 years in the intervention and control group respectively, with majority being males. The median frailty index at baseline was 0.36 in both the groups, with improvement in intervention group (0.20) and worsening in control group (0.44) at end-line. From the DID analysis, a reduction of 0.19 points of frailty index was observed (even after adjustment for co-variates) in the intervention group, as compared to the control group. Also, it was observed that age and gender of the old person, their per capita income and the family support played an interactive effect in improvement of the frailty index. There was a significant difference in SPPB scores as well, between the groups [5 (1) in CG vs. 7 (2) in IG, p < 0.001].
Results A total of 128 elderly participants and their primary caregivers were recruited after initial screening for eligibility. Baseline assessment was done in the residences of the eligible participants for three months for 63 persons in the intervention group and 65 in the control group. Intervention to the participants were delivered over a period of six months, with compliance being ensured through telephonic reminders, and wherever required, the elderly in both the groups were tele-consulted and appropriate referrals were made. The follow-up assessment was done for a period of three months after the intervention period. Three in the intervention group and two older persons in the control group had expired, and two more in the control group had moved out of town even before the intervention period. So they were completely excluded from the study. Following the intervention period, follow-up assessment was done among 57 participants in the intervention group and ",,,
PMC11523852,39478450.0,10.1186/s12877-024-05464-6,Combining motivational and exercise intervention components to reverse pre-frailty and promote self-efficacy among community-dwelling pre-frail older adults: a randomized controlled trial.,2024.0,BMC geriatrics,https://pubmed.ncbi.nlm.nih.gov/39478450/,original_high_confidence,multicomponent_exercise,Combining motivational and exercise intervention components to reverse pre-frailty and promote self-efficacy among community-dwelling pre-frail older adults: a randomized controlled trial,include_primary_accessible,Community/home/primary-care frailty RCT confirmed by mined full-text fields,yes,yes,no,yes,yes,yes,yes,no,no,no,yes,frailty;gait_speed;grip_strength;falls;quality_of_life;adherence;adverse_events,4-6 5464 1 Research Combining motivational and exercise intervention components to reverse pre-frailty and promote self-efficacy among community-dwelling pre-frail older adults: a randomized controlled trial Fang Juan 1 2 Ren Jianping jpren2016@163.com 1 4 Wang Jinjing 1 Qiu Xiantao 1 Zhang Shiyan 1 Yuan Shuang 1 Wu Liangfeng 1 Xie Lin 3 1 https://ror.org/014v1mr15 gr,iatr BMC Geriatr 33 bmcgeri BMC Geriatrics 1471-2318 BMC PMC11523852 PMC11523852.1 11523852 11523852 39478450 10.1186/s12877-024-05464-6 5464 1 Research Combining motivational and exercise intervention components to reverse pre-frailty and promote self-efficacy among community-dwelling pre-frail older adults: a randomized controlled trial Fang Juan 1 2 Ren Jianping,"ntion group performed exercise three times a week for 24 weeks, once at a community health service station instructed by two researchers and two times at home. Participants in the control group were given one-time advice on physical activity. The assessor was the only one blinded. The primary outcome was the reversal rate of pre-frailty. The secondary outcomes included s","Results One hundred and forty-four participants were randomized into two groups ( n = 72 in the intervention group and n = 72 in the control group) and analyzed. After 24 weeks, the proportion of pre-frailty was significantly lower in the intervention group than in control (31.8% versus 74.6%, P < 0.001). The absolute risk reduction was 42.8% [95% CI, 25.1–57.1]. In the 8th week and the 24th week, the frailty score of the intervention group was significantly lower than that of the control group. There were significant improvements in self-efficacy at week 2, week 8, and week 24. In weeks 8 and 24, participants in the intervention group reported a higher quality of life than the control group. There were no exercise-related injuries or falls among the participants.
Results Participants’ demographic and clinical characteristics A total of 220 community-dwelling older adults were screened. Among them, 144 were enrolled in the trial and randomly allocated to the control group ( n = 72) or intervention group ( n = 72). Five participants in the control and six in the intervention group were lost to the follow-up. Figure 2 shows the study flow diagram. There were no exercise-related injuries or falls among the participants. There were 72 sessions for each participant in the intervention group; the attendance ranged from 43 to 72 times, averaging 62. The attendance rate was tracked using on-site check-in (researcher-reported) and exercise logs(self-reported). Participants were between 60 and 85 years old, 94 (65.3%) were female, and all were assessed with pre-frailty with a mean Fried score of 1.58 ± 0.50. In the intervention group, the mean age of participants was 73.96 (7.20) years; 45 (62.5%) were female. Baseline sample characteristics for intervention and control groups ar",,,
PMC12092390,40400914.0,10.3389/fnagi.2025.1581892,Multi-pathway blood biomarkers to target and monitor multidimensional prevention of cognitive and functional decline (nested in the IN-TeMPO study framed within the world-wide FINGERS network).,2025.0,,https://europepmc.org/article/MED/40400914,expanded_accessible_search,multidomain,Multi-pathway blood biomarkers to target and monitor multidimensional prevention of cognitive and functional decline (nested in the IN-TeMPO study framed within the world-wide FINGERS network),include_primary_accessible,Community/home/primary-care frailty RCT confirmed by mined full-text fields,yes,yes,yes,yes,yes,yes,yes,no,no,no,yes,frailty;gait_speed;quality_of_life;adherence,"ging represents a major challenge. To date, multidimensional approaches seem to be effective in reducing or delaying the onset of age-related diseases. Objectives The multicentric randomized controlled trial IN-TeMPO (ItaliaN study with Tailored Multidomain interventions to Prevent functional and cognitive decline in community-dwelling Older adults, ClinicalTrials.gov","o be effective in reducing or delaying the onset of age-related diseases. Objectives The multicentric randomized controlled trial IN-TeMPO (ItaliaN study with Tailored Multidomain interventions to Prevent functional and cognitive decline in community-dwelling Older adults, ClinicalTrials.gov ID NCT06248723 ), framed within the World-Wide FINGERS network, aims to verify","rm omega 3 polyunsaturated fatty acid supplementation with or without multidomain intervention on cognitive function in elderly adults with memory complaints (MAPT): a randomised, placebo-controlled trial . Lancet Neurol. 16 , 377 – 389 . doi: 10.1016/S1474-4422(17)30040-6 , PMID: 28359749 Annaratone L. De Palma G. Bonizzi G. Sapino A. Botti G. Berrino E. . ( 2021",,,,
PMC12188645,40567995.0,10.3389/fpubh.2025.1498606,Effects of physical fitness using a Kinect system for pre-frail community-dwelling older adults.,2025.0,,https://europepmc.org/article/MED/40567995,expanded_accessible_search,multicomponent_exercise,Effects of physical fitness using a Kinect system for pre-frail community-dwelling older adults,include_primary_accessible,Community/home/primary-care frailty RCT confirmed by mined full-text fields,yes,yes,no,yes,yes,yes,yes,no,no,yes,yes,frailty;grip_strength;falls;quality_of_life;adverse_events,"se using video in pre-frail community-dwelling older adults. Methods The study adopted an assessor-blinded experimental design. Sixty participants enrolled in the study. They were randomly assigned into an experimental group ( n = 30) and control group ( n = 30). The experimental group received aerobic dance exercise using Kinect system 30 mins/session, three sessions/week f",tribution or reproduction is permitted which does not comply with these terms. Purpose The study aimed to examine and compare the effects on physical fitness between aerobic dance exercise using Kinect system and aerobic dance exercise using video in pre-frail community-dwelling older adults. Methods The study adopted an assessor-blinded experimental design. Sixty p,". Methods The study adopted an assessor-blinded experimental design. Sixty participants enrolled in the study. They were randomly assigned into an experimental group ( n = 30) and control group ( n = 30). The experimental group received aerobic dance exercise using Kinect system 30 mins/session, three sessions/week for 8 weeks. The control group received aerobic dance ex","Results Both the experimental and control groups showed improvement in 30 Second Chair Stand Test (30CST) and 6-minute walk tests (6MWT) at 0–8 weeks and at 0–12 weeks. But the experimental group presented significantly more improvement than control group at 0–8 weeks in 30CST and at 0–12 weeks in 6MWT. The experimental group also exhibited significant improvement in Quality-of-Life Questionnaire by World Health Organization scores at 0–8 and 0–12 weeks. A significant difference in Behavior Regulation in Exercise Questionnaire-2 (BREQ-2) scores was also noted in the experimental group at 0–12 weeks ( p < 0.008).
3 Results 3.1 Participants' basic information Figure 1 showed the study flow. Initially 65 older adults participated in the study and randomly assigned to the experimental group or control group. But finally 60 participants finished the training session and all the measurements. Table 1 presents the basic characteristics of the participants. No significant differences of the basic characteristics or baseline measurements were observed between groups. The comparisons of the physical fitness outcome measures at weeks 0, 8, and 12 within groups and between groups were presented in Table 2 . Table 1 Descriptive characteristics of the pre-frail community-dwelling older adults. Kinect intervention group ( N = 30) Control group ( N = 30) p -Value Age (year) 69.10 ± 5.76 68.70 ± 4.31 0.762 Sex Female 25 (83.3%) 24 (80.0%) 0.111 Male 5 (16.7%) 6 (20.0%) Height (cm) 156.73 ± 7.15 157.80 ± 6.69 0.563 Weight (kg) 58.26 ± 9.25 60.27 ± 12.55 0.484 Number of falls (time/year) 0.37 ± 0.76 0.15 ± 0.40 0.176 BMI 23.78 ± 3.24 24.06 ± 4.60 0.789 Education level High school or above 19 (63.3%) 15 (50.0%) 0.297 Under junior high school 11 (36.7%) 15 (50.0%) Living status Live with fa",,,
PMC12275761,32259186.0,10.14283/jfa.2020.13,"Multi-Component Exercise with High-Intensity, Free-Weight, Functional Resistance Training in Pre-Frail Females: A Quasi-Experimental, Pilot Study.",2020.0,The Journal of frailty & aging,https://pubmed.ncbi.nlm.nih.gov/32259186/,original_high_confidence,multicomponent_exercise,"Multi-Component Exercise with High-Intensity, Free-Weight, Functional Resistance Training in Pre-Frail Females: A Quasi-Experimental, Pilot Study",include_primary_accessible,Community/home/primary-care frailty RCT confirmed by mined full-text fields,yes,yes,no,yes,yes,yes,yes,no,no,no,yes,frailty;gait_speed;sppb;grip_strength;falls;quality_of_life;adherence;adverse_events,"ategy appears to be feasible and safe, and may also improve frailty status, functional task performance, and muscle strength. These results help calculate effect size for a future randomized controlled trial. Key words Older age resistance training muscle strength quality of life females pmc-status-qastatus 0 pmc-status-live yes pmc-status-embargo no pmc-status-releas","of Frailty & Aging 2260-1341 2273-4309 Elsevier PMC12275761 PMC12275761.1 12275761 12275761 32259186 10.14283/jfa.2020.13 S2260-1341(24)00272-X 1 Original Research Multi-Component Exercise with High-Intensity, Free-Weight, Functional Resistance Training in Pre-Frail Females: A Quasi-Experimental, Pilot Study Bray N.W. 1 Jones G.J. 1 Rush K.L. 2 Jones C.A. 3 Jakobi J","lance and flexibility exercises. The crux of the program was balance and resistance exercises, the latter utilized high-intensity, free-weight, functional resistance training. The control group maintained their usual care. Measurements 1) Feasibility and safety (dropout, adherence, and adverse event) 2) Frailty (Frailty Phenotype, Clinical Frailty Scale, and gait speed)","Results No participants dropped out of the intervention or experienced an adverse event, and adherence averaged 88.3%. The exercise group became less frail, whereas the control group became more frail. There was a significant within-group improvement in exercise participants gait speed (p ≤ 0.01, +0.24 m/sec), grip strength (p ≤ 0.01, +3.9 kg), and sit-to-stand time (p ≤ 0.01, -5.0 sec). There was a significant within-group improvement in exercise participants knee extension isometric torque (p ≤ 0.05, +7.4 Nm) and isotonic velocity (p = ≤ 0.01, +37.5 °/sec). Elbow flexion isotonic velocity significantly declined within the control group (p ≤ 0.01, -20.2 °/sec) and demonstrated a significant between-group difference (p ≤ 0.05, 40.73 °/sec) post-intervention.
Results Characteristics: Participant characteristics were similar between groups (Table 1 ). Three CON participants were removed from the analysis because they were unable to complete the post-intervention assessment at the required date due to a fall-related injury unrelated to the study (n = 2) or illness (n = 1). No EX participants dropped out or experienced an adverse event during the intervention, and intervention adherence averaged 88.3%. One EX participant completed <65% of exercise sessions (seasonal flu) and was subsequently removed from the final analysis. A shoulder injury, unrelated to the exercise program, precluded one EX participant from completing the grip strength, STS, and EF measures at week 13. Table 1 Participant characteristics (mean ± SD) Characteristics CON EX n = 8 n = 8 Age (years) 72.4 ± 5.4 72.9 ± 4.8 Height (cm) 156.4 ± 7.7 162.5 ± 4.0 Weight (kg) 67.1 ± 11.0 75.8 ± 23.3 BMI (kg/m 2 ) 27.4 ± 4.0 28.6 ± 8.5 MoCA 25.6 ± 2.6 25.0 ± 3.0 Comorbidities per Participant 1.9 ± 1.5 2.1 ± 1.2 SD = ",,,
PMC12280510,31367733.0,10.1007/s12603-019-1216-8,"Positive Effects of ""Textured Lunches"" Gatherings and Oral Exercises Combined with Physical Exercises on Oral and Physical Function in Older Individuals: A Cluster Randomized Controlled Trial.",2019.0,"The journal of nutrition, health & aging",https://pubmed.ncbi.nlm.nih.gov/31367733/,original_high_confidence,nutrition_only,Positive Effects of “Textured Lunches” Gatherings and Oral Exercises Combined with Physical Exercises on Oral and Physical Function in Older Individuals: A Cluster Randomized Controlled Trial,include_primary_accessible,Community/home/primary-care frailty RCT confirmed by mined full-text fields,yes,yes,yes,yes,yes,yes,yes,no,no,yes,yes,frailty;gait_speed;grip_strength;falls;quality_of_life;adherence,192-2 1 Article Positive Effects of “Textured Lunches” Gatherings and Oral Exercises Combined with Physical Exercises on Oral and Physical Function in Older Individuals: A Cluster Randomized Controlled Trial Kito N. 1 Matsuo Koichiro kmatsuo@fujita-hu.ac.jp 1 Ogawa K. 2 Izumi A. 2 Kishima M. 3 Itoda M. 4 Masuda Y. 5 1 Department of Dentistry and Oral-Maxillofacial Sur,"pmc J Nutr Health Aging J Nutr Health Aging 4760 jnha The Journal of Nutrition, Health & Aging 1279-7707 1760-4788 Elsevier PMC12280510 PMC12280510.1 12280510 12280510 31367733 10.1007/s12603-019-1216-8 S1279-7707(23)01192-2 1 Article Positive Effects of “Te","ng and Participants Eighty-six community-dwelling older adults in Daito city, Japan, were randomly assigned into control (n = 43) or intervention (n = 43) groups. Intervention The control group performed the physical exercise regimen only. The intervention group participated in a 12-week physical and oral exercise program and ate a so-called “munchy lunch” that introduce","Results A total of 113 older adults were recruited for this study and allocated into the intervention or control groups randomly according to community group (Figure 3 ). Five subjects in the control group and 12 in the intervention group withdrew from the study due to lack of interest or hospitalization. Ultimately, each 43 subjects in the control and intervention groups completed the final physical and oral assessments. Figure 3 Schematic flow diagram of participants in this randomized control trial The baseline measurements of the cohort are summarized in Table 1 . At the study onset, body fat percentage was significantly lower in the intervention group. No subject satisfied the criteria for sarcopenia. ( 25 ) As the measure for oral function, the number of teeth, occlusal force, and masticatory function were significantly higher in the intervention group at baseline. The attendance rate for the munchy lunch gatherings in the intervention group was 95.2%. The percentage of leftover lunch was 1.6 ± 4.9%. Table 1 Baseline characteristics of participants Characteristic Overall (n=86) Control (n=43) Intervention (n=43) P-value Mean SD Mean SD Mean SD Age (years) 75.6 (5.6) 76.7 (5.3) 74.4 (5.6) 0.06 Men : Women 6 : 80 2 : 41 4 : 39 Oral functions Number of teeth 18.7 (9.4) 15.3 (10.3) 22.0 (7.1) 0.001 Occlusal force (log [N]) 2.3 (0.4) 2.2 (0.4) 2.4 (0.4) 0.019 Tongue-lip motor function /pa/ (number/s) 6.1 (0.8) 6.1 (0.8) 6.2 (0.8) 0.89 /ta/ (number/s) 6.2 (0.7) 6.1 (0.7) 6.3 (0.7) 0.42 /ka/ (number/s) 5.8 (0.8) 5.7 (1.0) 5.8 (0.7) 0.69 Tongue pressure (kPa) 32.4 (8.0) 31.8 (8.6) 32.9 (7.4) 0.55 Masticatory function (mg/dL) 137.6 (48.7) 122.1 (50.6) 152.8 (42.0) 0.003 Physical properties and activities BMI (kg/m 2 ) 23.7 (3.6) 24.3 (4.1) 23.1 (3.0) 0.13 Body fat percenta",,,
PMC12285095,40696284.0,10.1186/s12877-025-06171-6,Application of the Fitness and Nutrition Program for Seniors (FANS) to improve Physical Activity and Kinanthropometric Measures among Community-Dwelling Older Adults living with Frailty: a Quasi-experimental Study.,2025.0,,https://europepmc.org/article/MED/40696284,expanded_accessible_search,nutrition_only,Application of the Fitness and Nutrition Program for Seniors (FANS) to improve Physical Activity and Kinanthropometric Measures among Community-Dwelling Older Adults living with Frailty: a Quasi-experimental Study,include_primary_accessible,Community/home/primary-care frailty RCT confirmed by mined full-text fields,yes,yes,no,yes,yes,yes,yes,no,no,no,yes,frailty;gait_speed;sppb;grip_strength;quality_of_life;adherence;adverse_events,"nt differences. Simultaneously, it monitored in-person course attendance, home practice implementation rates, and adverse events. Methods Study design This research employed a non-randomized experimental control group design with pre-test and post-test assessments. The 6-month FANS intervention was implemented among community-dwelling older adults living with frailty,",BMC Geriatr 33 bmcgeri BMC Geriatrics 1471-2318 BMC PMC12285095 PMC12285095.1 12285095 12285095 40696284 10.1186/s12877-025-06171-6 6171 1 Research Application of the Fitness and Nutrition Program for Seniors (FANS) to improve Physical Activity and Kinanthropometric Measures among Community-Dwelling Older Adults living with Frailty: a Quasi-experimental Study http:/,"ometric measures. Methods This quasi-experimental research involved 81 older adults from community care centers, with 43 in the experimental group receiving the FANS and 38 in the control group continuing their usual health activities. Outcome measures, evaluated using intention-to-treat analysis, included physical activity (assessed with the Short Physical Performance B","Result The intervention group exhibited significant improvements in all physical activity measures ( p < 0.001) and mid-upper arm circumference ( p < 0.001) immediately and over time. The study identified significant differences between the two groups in physical activity on the Short Physical Performance Battery, which increased by 0.66 points ( p < 0.05), Five Times Sit to Stand test, which was 1.83 s faster ( p < 0.05), Timed Up and Go test, which was 2.63 s faster ( p < 0.001), and physical activity levels, which increased by 6.47 MET/hr ( p < 0.001). Additionally, kinanthropometric measurements, such as mid-upper arm circumference, which increased by 2.28 cm ( p < 0.001), and calf circumference, which increased by 1.34 cm ( p < 0.01), also showed significant differences. Significant interactions (group × time) were observed between the FTSST ( Wald χ 2 = 5.103, p < 0.05) and PA level ( Wald χ 2 = 4.080, p < 0.05) after three months. Additionally, significant interactions were found for the TUG ( Wald χ 2 = 6.856, p < 0.01), PA level ( Wald χ 2 = 34.888, p < 0.001), MUAC ( Wald χ 2 = 19.695, p < 0.001), and CC (Wald χ 2 = 10.181, p < 0.01) after six months.
Results Homogeneity test The homogeneity testing results showed no statistically significant differences between the two groups in demographic characteristics, including date of birth, biological sex, level of education, marital status, living situation, smoking history, alcohol consumption history, and perceived economic status ( p > 0.05). Additionally, the average numbers of chronic diseases were 0.93 in the experimental group and 0.97 in the control group. Regarding frailty status, 27.90% of the experimental group were in the frailty stage, while 72.10% were in the pre-frailty stage. In the control group, 18.",,,
PMC12579327,41174950.0,10.1111/liv.70418,A Metagenomics Approach to Frailty in Patients With Cirrhosis Undergoing a Multifactorial Intervention.,2025.0,,https://europepmc.org/article/MED/41174950,expanded_accessible_search,nutrition_only,A Metagenomics Approach to Frailty in Patients With Cirrhosis Undergoing a Multifactorial Intervention,include_primary_accessible,Community/home/primary-care frailty RCT confirmed by mined full-text fields,yes,yes,no,yes,yes,yes,yes,no,no,no,yes,frailty;gait_speed;falls;quality_of_life,"encing the faecal microbiota composition associated with frailty in 29 patients with cirrhosis from a previous study (Román, Hepatol Commun 2024). Frail and prefrail patients were randomised to a multifactorial intervention (home exercise, branched‐chain amino acids and a multistrain probiotic) or control for 12 months. We observed a positive correlation between the a",12579327 41174950 10.1111/liv.70418 LIV70418 LIVint-25-01255 1 Brief Report Brief Report A Metagenomics Approach to Frailty in Patients With Cirrhosis Undergoing a Multifactorial Intervention Vega‐Abellaneda Sara 1 Román Eva 2 3 4 5 Soler Zaida 1 Ortiz Mª. Àngels 6 Rossi Giacomo https://orcid.org/0000-0001-8617-5984 7 Biagini Lucia 7 Sánchez Elisabet 3 6 Pons‐Tarin Mar,"tionally, we analysed a battery of biomarkers in serum and urine [ 3 ], and faecal samples were collected for metagenomic shotgun sequencing analysis ( Supporting Information ). A control group of 15 age and gender‐matched healthy individuals was also included (Figure 1A ). FIGURE 1 (A) Design of the study; (B) Differentially abundant species between baseline and 12 mont","3 Results The 29 outpatients included in the study were 38% women and had (mean ± SD) 64.6 ± 9.1 years of age. MELD score was 8.6 ± 3.2, 23 of the 29 patients had alcohol‐related liver disease, 23 had previous decompensations, and their LFI was 3.9 ± 0.4. In the faecal microbiota analysis, patients with cirrhosis showed an alpha diversity lower than controls (Chao 1, p = 0.01). Key differences between patients with cirrhosis and controls included an increased abundance of Anaerotruncus massiliensis , Enterocloster bolteae , Streptococcus parasanguinis and 3 different Veillonella species in the cirrhosis group. Ruminococcus callidus , an unclassified Ruminococcaceae, Alistipes putredinis and an unclassified Clostridia were more abundant in healthy controls. In patients with cirrhosis, microbial diversity did not correlate with the LFI. We observed a positive correlation between the abundance of Rothia dentocariosa and LFI ( r = 0.57, p < 0.001), and between Bacteroides faecis and gait speed ( r = 0.60, p < 0.001). Streptococcus thermophilus was negatively correlated with IL‐6 (r = −0.63, p < 0.001), while Lactobacillus acidophilus showed a positive correlation with mtDNA ( r = 0.62, p < 0.001). Additionally, the abundances of Veillonella parvula and Veillonella dispar were positively correlated with ccK18 ( r = 0.74, p < 0.001, and r = 0.75, p < 0.001, respectively). In the 10 patients from the multifactorial intervention group that reached the 12 month evaluation, both LFI and gait speed improved (3.31 ± 0.40 vs. 4.01 ± 0.41 at baseline, p = 0.005; 1.00 ± 0.09 vs. 0.86 ± 0.18 m/s at baseline, p = 0.03, respectively). The most notable changes in the microbiome composition were an increased abundance of Streptococcus thermophilus , Lactobacillus acidophilus and several sp",,,
PMC12624186,40767365.0,10.1111/joor.70031,Effects of Multidirectional Head Lift Exercise Based on Proprioceptive Neuromuscular Facilitation Techniques on Oropharyngeal Swallowing Muscles in Community-Dwelling Older Adults With Oral Frailty.,2025.0,,https://europepmc.org/article/MED/40767365,expanded_accessible_search,unclear,Effects of Multidirectional Head Lift Exercise Based on Proprioceptive Neuromuscular Facilitation Techniques on Oropharyngeal Swallowing Muscles in Community‐Dwelling Older Adults With Oral Frailty,include_primary_accessible,Community/home/primary-care frailty RCT confirmed by mined full-text fields,yes,yes,no,yes,yes,yes,yes,no,no,no,yes,frailty;adl;quality_of_life;adverse_events,"ft exercise using PNF techniques for the oropharyngeal swallowing muscles in older adults with oral frailty. Methods Older adults with oral frailty were enrolled in this study and randomly assigned to the experimental or control group. The experimental group performed multidirectional head‐lift exercises based on PNF techniques, whereas the control group performed convention",llection PMC12624186 PMC12624186.1 12624186 12624186 40767365 10.1111/joor.70031 JOOR70031 JOR-25-0524.R1 1 Original Article Original Article Effects of Multidirectional Head Lift Exercise Based on Proprioceptive Neuromuscular Facilitation Techniques on Oropharyngeal Swallowing Muscles in Community‐Dwelling Older Adults With Oral Frailty Park Ji‐Su https://orcid.org,"oropharyngeal swallowing muscles in older adults with oral frailty. Methods Older adults with oral frailty were enrolled in this study and randomly assigned to the experimental or control group. The experimental group performed multidirectional head‐lift exercises based on PNF techniques, whereas the control group performed conventional head‐lift exercises (90 times/day,","Results The experimental group showed significant improvements in tongue strength and thickness compared to the control group, as well as significant improvements in suprahyoid muscle activation and thickness (all, p < 0.05).
3 Results 3.1 Participant Characteristics Table 2 summarises the clinical and demographic characteristics of the participants. The Consolidated Standards of Reporting Trials (CONSORT) table depicts patient flow throughout the study (Figure 2 ). TABLE 2 Characteristics of participants. Characteristics Experimental group ( n = 30) Control group ( n = 30) p Age (year), mean ± SD 70.5 ± 5.5 69.5 ± 6.2 0.378 Gender (male/female) 15/15 15/15 1.000 Height (m) 163.4 ± 7.3 161.4 ± 5.8 0.244 Weight (kg) 63.3 ± 8.2 64.5 ± 6.9 0.54 Tongue strength 38.4 ± 6.1 38.7 ± 6.5 0.855 Oral dryness 25.5 ± 3.2 26.1 ± 3.4 0.192 Occlusal force 195.8 ± 25.5 198.2 ± 20.8 0.829 FIGURE 2 Consolidated Standards of Reporting Trials (CONSORT). 3.2 Tongue Muscle's Strength and Thickness The experimental group showed significant improvements in tongue strength and thickness ( p < 0.001), whereas the control group showed significant improvements ( p = 0.018 and p = 0.031, respectively). After the intervention, there were significant differences in tongue strength and thickness between the two groups (both, p = 0.001; Table 3 ). The Cohen's effect sizes (d) for tongue strength and thickness were 1.35 and 2.04, respectively. TABLE 3 Change of tongue muscles in parameters pre‐ and post‐intervention. Experimental group Control group Between groups p Pre Post Change p e Pre Post Change p Tongue muscle strength (unit: kpa) 38.4 (6.1) 45.7 (7.2) 6.2 (3.7) < 0.001 * 38.7 (6.5) 41.1 (7.6) 2.4 (1.5) 0.018 * 0.001 † Tongue muscle thickness (unit: mm) 43.1 (3.7) 48.4 (3.6) 5.3 (2.4) < 0.001 * 42",,,
PMC12754865,41469541.0,10.1186/s12875-025-03085-5,Barriers to and facilitators of comprehensive geriatric assessment in primary care in France: a qualitative study exploring physicians' and nurses' experiences.,2025.0,,https://europepmc.org/article/MED/41469541,expanded_accessible_search,multidomain,Barriers to and facilitators of comprehensive geriatric assessment in primary care in France: a qualitative study exploring physicians’ and nurses’ experiences,include_primary_accessible,Community/home/primary-care frailty RCT confirmed by mined full-text fields,yes,yes,no,yes,yes,yes,yes,no,no,yes,yes,frailty;falls;quality_of_life,"ivecommons.org/licenses/by-nc-nd/4.0/ . Background Comprehensive geriatric assessment (CGA) is intended to address the complex care needs of frail, older adults. The CEpiA cluster-randomized trial assessed the effectiveness of CGA in France as part of complex interventions in two arms: a CGA adapted for use in primary care was conducted by a registered nurse (RN) or a","sment (CGA) is intended to address the complex care needs of frail, older adults. The CEpiA cluster-randomized trial assessed the effectiveness of CGA in France as part of complex interventions in two arms: a CGA adapted for use in primary care was conducted by a registered nurse (RN) or a general practitioner (GP). The trial’s shared decision aid for the CGA-personaliz","mortality, emergency department visits, institutionalization, quality of life, functional independence, and polypharmacy [ 11 ]. Registered nurse (RN)-led CGAs did not differ from usual care [ 11 ]. Although the CEpiA CRT’s results suggested that GPs could integrate a specially adapted CGA into their care of older adults, they also left unanswered questions whether cl","Results Participants valued the adapted CGA’s relevance but reported four main barriers: time constraints, poor suitability for some patients, challenges in subsequently implementing actions, and ethical concerns. Facilitators included good uptake of the tool and flexible use, and its function as a frailty-thinking guide rather than serving solely as an assessment tool. The participants reported benefits for patients, primary care providers, and the discipline of general practice.
Results Findings are presented by emergent themes rather than by the interview guide sequence. Participants characteristics The 19 participants were GPs ( n = 16) or RNs ( n = 3) involved in arms 1 and 2 of the CEpiA CRT (Table 1 ). Eight were women (42%) and 11 men (58%). Participants’ mean age was 46 years (range 28–66). The GPs had between 2 and 36 years of clinical experience in a single-handed practice ( n = 2) or a group practice ( n = 14). The proportion of patients aged over 70 years ranged from 6.3% to 19.7%. Nine of the 16 of GPs were clinical supervisors for year 6–9 residents in general practice. The three RNs interviewed had less than 5 years of experience and were working in multidisciplinary primary care centres with the GP who had jointly performed the CGA. However, this was not the case for all the RNs in the CEpiA study. Fifteen of the 16 GPs perceived the CEpiA study to be useful and relevant. The remaining GP had mixed feelings: due to his imminent retirement, he was reluctant to make significantly changes to his clinical practice. Table 1 Characteristics of the study participants ( n = 19) Profession CEpiA study arm Sex Years of practice Type of practice Trainee GP supervisor (yes*/no) Percentage of over-70 patients at the practice GP01A1 General practitioner 1 M > 15 Sing",,,
PMC12790065,41313689.0,10.1016/j.tjfa.2025.100106,"Exploratory functional and quality of life outcomes with daily consumption of the ketone ester bis-octanoyl (R)-1,3-butanediol in healthy older adults: a randomized, parallel arm, double-blind, placebo-controlled study.",2025.0,,https://europepmc.org/article/MED/41313689,expanded_accessible_search,nutrition_only,"Exploratory functional and quality of life outcomes with daily consumption of the ketone ester bis-octanoyl ( R )-1,3-butanediol in healthy older adults: a randomized, parallel arm, double-blind, placebo-controlled study ☆",include_primary_accessible,Community/home/primary-care frailty RCT confirmed by mined full-text fields,yes,yes,no,yes,yes,yes,yes,no,no,no,yes,frailty;gait_speed;sppb;grip_strength;adl;quality_of_life;adherence;adverse_events,"trials and therapeutic Exploratory functional and quality of life outcomes with daily consumption of the ketone ester bis-octanoyl ( R )-1,3-butanediol in healthy older adults: a randomized, parallel arm, double-blind, placebo-controlled study ☆ Stubbs Brianna J bstubbs@buckinstitute.org a ⁎ Stephens Elizabeth B a Mansfield Tyler b Senadheera Chatura a Diaz Stephanie","rch on Aging, California. Participants Community-dwelling older adults (≥65 years), independent in activities of daily living, with no unstable acute medical conditions ( n = 30). Intervention Participants were randomly allocated (1:1) to consume 25 g daily of either KE (bis-octanoyl ( R )-1,3-butanediol) or a taste, appearance, and calorie-matched placebo (PLA) contain","tional and quality of life outcomes with daily consumption of the ketone ester bis-octanoyl ( R )-1,3-butanediol in healthy older adults: a randomized, parallel arm, double-blind, placebo-controlled study ☆ Stubbs Brianna J bstubbs@buckinstitute.org a ⁎ Stephens Elizabeth B a Mansfield Tyler b Senadheera Chatura a Diaz Stephanie Roa a Peralta Sawyer a Alexander Lau","Results There were no statistically significant longitudinal differences between groups in exploratory functional, activity-based or quality of life outcomes.
3 Results 3.1 Participants and completion A total of 30 participants were randomized (mean age (range), Male n = 15; age = 76.5 y (65 – 90); mean BMI (range) = 25.2 (19.9 – 32.7); median Katz ADL (range) = 6 (5–6), median Lawton IADL (range) = 8 (8–8), median CSHA Frailty Score (range)= 1 (1 – 3)). Full participant anthropometric characteristics and frailty indices at baseline are shown in Supplementary Table 4 . Participant disposition is shown in a CONSORT diagram ( Supplementary Figure 1 ). Briefly, 23 participants completed the 12-week protocol (the per-protocol population), 1 participant completed the acute kinetics visit but did not start the main study, without giving a reason, and 6 participants dropped out after Day 0 and did not complete the full protocol; repeat functional data was not available for participants who did not start or finish the study. Adherence with consumption of the study products for the per protocol population was high, with n = 15 reporting 100 % adherence and a range of 94 – 99 % for the remaining 8 participants who completed the study, based on study logs and returned bottles. Blinding of participants was assessed by survey at the end of the study and 14/29 participants responded. Of those who responded, 7 correctly guessed their intervention group (50 % of respondants), indicating blinding was achieved. 3.2 Physical function There were no signigicant differences between intervention groups in the post intervention physical function outcomes ( Table 1 ): grip strength (KE = 32.8 (12.3) kg; PLA = 35.7 (14.8) kg, p = 0.457), Short Physical Performance Battery (KE = 10.6 (1.0); PLA =",,,
PMC12820345,41560403.0,10.1002/jcsm.70182,Associations Between Growth Differentiating Factor-15 and Frailty in Older Adults From the MAPT Study.,2026.0,,https://europepmc.org/article/MED/41560403,expanded_accessible_search,multidomain,Associations Between Growth Differentiating Factor‐15 and Frailty in Older Adults From the MAPT Study,include_primary_accessible,Community/home/primary-care frailty RCT confirmed by mined full-text fields,yes,yes,no,yes,yes,yes,yes,no,no,no,yes,frailty;gait_speed;grip_strength;adl;falls;adverse_events,"lation This is a secondary observational analysis of the Multidomain Alzheimer Prevention Trial Study (MAPT, ClinicalTrials.gov [ NCT00672685 ]), a multicentre, placebo‐controlled randomized clinical trial with community‐dwelling older adults in France and Monaco. The main objective of the MAPT study was to investigate the effect of a multi‐domain intervention (consis","ia and Muscle 17 , no. 1 ( 2026 ): e70182 , 10.1002/jcsm.70182 . 41560403 1 Introduction Frailty is a syndrome associated with multiple causes, characterized by a reduction in the resistance to endogenous and exogenous stressors, leading to increased an individual's vulnerability [ 1 ]. This clinical condition is related to negative health outcomes, such as falls, fra","udy Design and Population This is a secondary observational analysis of the Multidomain Alzheimer Prevention Trial Study (MAPT, ClinicalTrials.gov [ NCT00672685 ]), a multicentre, placebo‐controlled randomized clinical trial with community‐dwelling older adults in France and Monaco. The main objective of the MAPT study was to investigate the effect of a multi‐domai","Results Higher plasma GDF‐15 levels (both as continuous and categorical) were cross‐sectionally associated with frailty (high vs. low GDF‐15: OR = 3.56, 95% CI = 1.58–8.03). Longitudinally, very high GDF‐15 levels predicted an increased risk of incident frailty (HR = 1.69, 95% CI = 1.03–2.78).
3 Results 3.1 Baseline Characteristics and GDF‐15 Distribution Table 1 shows the characteristics of the 1096 individuals with plasma GDF‐15 assessed at baseline (65.3% of the MAPT whole sample). Baseline characteristics by sex are displayed in Table S1 . A comparison of the characteristics of MAPT participants included in present analyses and those not included at the MAPT year 1 visit (when both GDF‐15 and frailty were first assessed) are displayed in Table S2 . Mean GDF‐15 was 1127.42 ± 511.69 pg/mL (coefficient of variation: 2.08% ± 1.19%). 169 (15.42%) of individuals were classified as having GDF‐15 levels ≥ 1500 pg/mL. Intra‐assay and interassay coefficient of variation were 12.6 ± 1.11%, and 2.07%1.19%, respectively. Subjects with high GDF‐15 were significantly older, more often men, were frailer, with higher odds of presenting the weight loss, low PA, fatigue and low gait speed frailty criteria, compared with the low GDF‐15 group. TABLE 1 Baseline characteristics of the study population according to GDF‐15 status. Variables Total Low GDF‐15 High GDF‐15 N (%) 1096 927 (84.58) 169 (15.42) Age 75.30 ± 4.37 74.81 ± 4.05 78.00 ± 5.01 Female sex 613 (63.92%) 553 (67.77%) 60 (41.96%) *** MAPT group Multidomain intervention + omega‐3 274 (25.00%) 238 (25.67%) 36 (20.28%) Omega‐3 267 (24.36%) 215 (23.19%) 52 (31.47%) Multidomain intervention 276 (25.18%) 233 (25.13%) 43 (27.27%) Placebo 279 (25.46%) 241 (26.00%) 38 (20.98%) Body mass index (kg/m 2 ) 26.22 ± 4.06 26.14 ± 4.01 26.66 ±",,,
PMC12877681,28972245.0,10.1007/s12603-016-0867-y,Multi-Domains Lifestyle Interventions Reduces Depressive Symptoms among Frail and Pre-Frail Older Persons: Randomized Controlled Trial.,2017.0,"The journal of nutrition, health & aging",https://pubmed.ncbi.nlm.nih.gov/28972245/,original_high_confidence,multidomain,Multi-domains lifestyle interventions reduces depressive symptoms among frail and pre-frail older persons: Randomized controlled trial,include_primary_accessible,Community/home/primary-care frailty RCT confirmed by mined full-text fields,yes,yes,no,yes,yes,yes,yes,no,no,yes,yes,frailty;gait_speed;adl;falls;quality_of_life;adherence;adverse_events,77681 28972245 10.1007/s12603-016-0867-y S1279-7707(23)00157-4 1 Article Multi-domains lifestyle interventions reduces depressive symptoms among frail and pre-frail older persons: Randomized controlled trial Ng Tze-Pin pcmngtp@nus.edu.sg 1 6 Nyunt M.S.Z. 1 Feng L. 1 Feng L. 1 Niti M. 2 Tan B.Y. 3 Chan G. 4 Khoo S.A. 4 Chan S.M. 4 Yap P. 4 Yap K.B. 5 1 Gerontology Rese,"pmc J Nutr Health Aging J Nutr Health Aging 4760 jnha The Journal of Nutrition, Health & Aging 1279-7707 1760-4788 Elsevier PMC12877681 PMC12877681.1 12877681 12877681 28972245 10.1007/s12603-016-0867-y S1279-7707(23)00157-4 1 Article Multi-domains lifestyle","omly allocated to 24 weeks duration interventions with nutritional supplementation (N=49), physical training (N=48), cognitive training (N=50), combination intervention (N=49) and usual care control (N=50). Depressive symptoms were assessed by the Geriatric Depression Scale (GDS-15) at baseline (0M), 3 month (3M), 6 month (6M) and 12 month (12M). Results Mean GDS scor","Results Mean GDS scores in the control group increased from 0.52 (0M) and 0.54 (3M) to 0.74 (6M), and 0.83 (12M). Compared to the control group, interventions showed significant differences (Δ=change) at 6M for cognitive versus control (Δ=-0.39, p=0.021, group*time interaction p=0.14); physical versus control (Δ =-0.37, p=0.026, group*time interaction p=0.13), and at 12M for nutrition versus control (Δ =-0.46, p=0.016, group*time interaction p=0.15). The effect for combination versus control was significant at 6M (Δ =-0.43, p=0.020) and 12M (Δ =-0.51, p=0.005, group*time interaction p=0.026). Estimated 12-month cumulative incidence of depressive symptoms (GDS≥2) relative to control were OR=0.38, p=0.037 (nutrition); OR=0.71, p=0.40 (cognitive); OR=0.39, p=0.042 (physical training) and OR=0.38, p=0.037 (combination). Changes in gait speed and energy level were significantly associated with changes in GDS scores over time.
Results A total of 584 individuals were contacted, 314 (53.8%) were ineligible, and 24 (4.1%) eligible individuals declined to participate. ( Figure 1 ) The resulting 246 (42.1%) study participants were comparable to the eligible non-participants in baseline frailty status, age, gender, education and physical function. Figure 1 Flow chart of frailty interventional trial A total of 228 (93 %) participants completed all follow- up assessments by one year. The number of drop-outs was 20, and the drop-out rate (8%) was comparable across the five intervention groups. The reasons for drop-out included: diagnoses of tuberculosis (n=3), lymphoma (n=1), stomach ache or leg pain (n=3), hearing impairment (n=1), moved residence (n=3), nursing home stay (n=1), death (n=2), and no reason (n=4). The level of compliance ranged from 79% to 94% across the five intervent",,,
PMC12880481,37960913.0,10.1007/s12603-023-1991-0,Hybrid Exercise Program Enhances Physical Fitness and Reverses Frailty in Older Adults: Insights and Predictions from Machine Learning.,2023.0,"The journal of nutrition, health & aging",https://pubmed.ncbi.nlm.nih.gov/37960913/,original_high_confidence,exercise_plus_nutrition,Hybrid Exercise Program Enhances Physical Fitness and Reverses Frailty in Older Adults: Insights and Predictions from Machine Learning,include_primary_accessible,Community/home/primary-care frailty RCT confirmed by mined full-text fields,yes,yes,no,yes,yes,yes,yes,no,no,no,yes,frailty;gait_speed;grip_strength;quality_of_life;adherence;adverse_events,"lty can be reversed in older adults after the intervention. Methods A total of 181 community-dwelling frail older adults aged 65 years or older participated in this single-center, randomized controlled study, with 54.7% (n=99) being female. The study assessed the effectiveness of several exercise modalities in reversing frailty. The Fried‘s frailty criterion was used","pmc J Nutr Health Aging J Nutr Health Aging 4760 jnha The Journal of Nutrition, Health & Aging 1279-7707 1760-4788 Elsevier PMC12880481 PMC12880481.1 12880481 12880481 37960913 10.1007/s12603-023-1991-0 S1279-7707(23)02592-7 1 Original Research Hybrid Exerci","construct a complete functional system for more accurate medical support based on the frail older adults' beginning state, and the interventional strategy. Finally, the lack of a control group limited the ability to effectively compare the interventions for which we made direct comparisons. Conclusion The results of our study suggest that the enhancement of athletic abi","Results A total of 163 participants completed the study, with 53.9% (n=88) of them being female. The two items, 10 m maximum walking speed (10 m MWS) and grip strength, were significantly affected by the interaction of group and time. Compared to the other two groups, the WQXSE group showed the most improvement in the item 10 m MWS. In addition, following 24 weeks of training, 68 (41.7%) of the initially frail older adults had reversed their frailty status. Among them, 19 (36.5%) were in the WQX group, 24 (44.4%) were in the WQXSE group, and 25 (43.9%) were in the SE group. The stacking model exhibited superior performance when compared to other algorithms.
Results After 574 applications were put through a series of rigorous screenings, 181 individuals (99 females and 82 men) were selected because they matched the selection criteria. The research was finished with a total of 163 subjects (88 females and 75 males). The subjects who did not finish the programme did so for a variety of reasons, including dropping out (n = 10) and being sick (n = 8). Table 1 shows the initial demographic information and frailty degree. The results shows no significant differences among these subgroups in terms of relevant demographic factors, frail score and frail phenotype. In addition, the subjects' frailty condition was reassessed after the intervention. Following 24 weeks of training, 68 (41.7%) of the initially frail older adults had reversed their frailty status. Among them, 19 (36.5%) were in the WQX group, 24 (44.4%) were in the WQXSE group, and 25 (43.9%) were in the SE group. Table 1 Fundamental demographic features of the subjects at baseline Items WQX 1 (n = 52) WQXSE 2 (n = 54) SE 3 (n = 57) P-value Total (n=163) Sex (male/Female) 22/30 28/26 25/32 0.781 75/88 Age (years) 73.30",,,
PMC12929997,34725661.0,10.1007/s12603-021-1671-x,"Association of Pain and Impact of Dual-Task Exercise on Function, Cognition and Quality of Life.",2021.0,"The journal of nutrition, health & aging",https://pubmed.ncbi.nlm.nih.gov/34725661/,original_high_confidence,exercise_plus_nutrition,"Association of Pain and Impact of Dual-Task Exercise on Function, Cognition and Quality of Life",include_primary_accessible,Community/home/primary-care frailty RCT confirmed by mined full-text fields,yes,yes,yes,yes,yes,yes,yes,no,no,no,yes,frailty;gait_speed;sppb;grip_strength;adl;falls;quality_of_life,", sarcopenia and depression. Dual-task exercise proved safe and possibly effective in reducing pain and improving QOL, physical and cognitive function in older adults. Prospective randomized studies are needed to validate the effectiveness of dual-task vs single-task exercise, including impact of reversal of frailty and sarcopenia in pain management. Key words Pain qu","pmc J Nutr Health Aging J Nutr Health Aging 4760 jnha The Journal of Nutrition, Health & Aging 1279-7707 1760-4788 Elsevier PMC12929997 PMC12929997.1 12929997 12929997 34725661 10.1007/s12603-021-1671-x S1279-7707(23)00758-3 1 Original Research Association o","and can easily be replicated in other countries. There were objective measurements of cognition, gait speed, HGS and quality of life. However, a major limitation was the lack of a control group so we are unable to assess to what extent improvement in pain and other outcome measures was due to natural recovery, other factors or solely from our HAPPY intervention. Our stud","Results Out of 296 participants, 37.2% had slight pain and 11.1% had moderate to severe pain. Both slight and moderate to extreme pain compared with no pain group were significantly associated with lower perceived health (68.2,63.6 vs 76.0) and QOL index (0.70,0.59 vs 0.93); moderate to extreme pain was also significantly associated with depression, low mental vitality, frailty, sarcopenia and poorer physical performance. After 3 months of dual-task exercise, pain improved in 70.8% of the moderate to extreme pain group and 50.8% of slight pain group. Significant improvement in perceived health, QOL, physical function and cognition were also observed.
Results Of the 296 participants, complete follow up data was available for 197 at 3 months, corresponding to a 33.4% drop-out rate (Figure 1 ). There was no significant difference between those who participated in the intervention and those who dropped out of the study (Supplementary table 1a ). Slightly more than half (51.7%) of the participants reported having no pain at baseline, 37.2% had slight pain and 11.1% moderate to extreme pain (Table 1a ). The mean age of all three groups ranged from 73.3 to 75.3 years old and ≥ 75% were women. The moderate to extreme pain group had the lowest EQ-5D index of 0.59 followed by the slight pain group of 0.70 and no pain group 0.92. There were no significant differences in the education level, multimorbidity and exercise frequency between the groups. The moderate to extreme pain group had higher prevalence of depression (28.1% vs 5.7%) and low mental vitality (40.6% vs 15.0%) compared with the no pain group (Table 1b ). Specifically, these two groups were significantly different in the ‘do you feel full of energy’ component of mental vitality. Table 1a Participant demographics A No p",,,
PMC12968357,41456342.0,10.1111/jgs.70266,Efficacy of a Multicomponent Intervention for Frailty or Physical Function in Prefrail or Frail Older Adults: FRAILMERIT Multicenter Clinical Trial.,2026.0,,https://europepmc.org/article/MED/41456342,expanded_accessible_search,exercise_plus_nutrition,Efficacy of a Multicomponent Intervention for Frailty or Physical Function in Prefrail or Frail Older Adults: FRAILMERIT Multicenter Clinical Trial,include_primary_accessible,Community/home/primary-care frailty RCT confirmed by mined full-text fields,yes,yes,no,yes,yes,yes,yes,no,no,no,yes,frailty;gait_speed;sppb;grip_strength;adl;falls;quality_of_life;adherence;adverse_events,"ommercial purposes. ABSTRACT Objectives Frailty is a common condition in community‐dwelling older adults with high health and socioeconomic implications. However, primary care‐led randomized trials have been scarcely tested. Design Multicenter cluster randomized clinical trial. Setting and Participants Two hundred and seventy‐three community‐dwelling older adults recr",on-title Wiley Open Access Collection PMC12968357 PMC12968357.1 12968357 12968357 41456342 10.1111/jgs.70266 JGS70266 1 Clinical Investigation Clinical Investigation Efficacy of a Multicomponent Intervention for Frailty or Physical Function in Prefrail or Frail Older Adults: FRAILMERIT Multicenter Clinical Trial Abizanda Saro Adriana 1 García Molina Rafael https://orcid.o,"of daily living and either prefrailty/frailty using the frailty phenotype or gait speed < 0.8 m/s. Methods Participants were randomized 1:1 by clusters to the intervention or the control group, each cluster being a different primary care center. Intervention: Physical exercise program, nutritional recommendations, and frailty training to primary care professionals. Inte","Results Mean age 78.1 years, 68.4% female. 25.7% were frail and 74.3% prefrail or with a gait speed lower than 0.8 m/s. The percentage of participants improving the main outcome at week 12 for the intervention and control groups were 70.4% and 49.5%, respectively, absolute risk reduction (ARR) 20.9% (95% confidence interval [CI] 7.3%–34.5%; p < 0.01; n = 191), number needed to treat (NNT) 4.8 (95% CI 2.9–13.6). At 32 weeks of follow‐up 81.7% and 51.9% of the intervention and control group improved, respectively, ARR 29.8% (95% CI 13.8%–45.7%; p < 0.001; n = 134), NNT 3.4 (95% CI 2.2–7.2).
10 Results Figure 1 presents the flow chart of FRAILMERIT. Three hundred and seventeen participants were enrolled, and 237 were finally randomized from the 12 primary care centers. Eighty participants were excluded for not meeting inclusion criteria. After randomization, 132 participants were allocated to the intervention group and 105 to the control group. One hundred and ninety‐one participants finished the first intervention period and had a valid evaluation at 3 months, 98 from the intervention group and 93 in the control group. At the beginning of the second intervention program (Month 5), 154 participants received a third visit, 73 in the intervention group, and 81 in the control group. Finally, 134 participants ended the study (57% of those initially randomized) and received a fourth follow‐up visit, 82 in the intervention group and 52 in the control group. Participants who did not complete the final visit ( n = 103), were more frequently male (38.8% vs. 26.1%; p < 0.05), had a gait speed lower than 0.8 m/s (88.8% vs. 78.6%; p < 0.05), and presented a higher Charlson index (1.6 vs. 1.0; p < 0.01). No other differences were observed in the rest of the study variables (Table 1 ). ",,,
PMC13008612,41821346.0,10.5720/kjcn.2025.00353,"Effects of senior-friendly foods on health, nutritional status, and dietary intake among rural elderly women in Korea: a quasi-experimental study.",2026.0,,https://europepmc.org/article/MED/41821346,expanded_accessible_search,nutrition_only,"고령친화우수식품이 농촌여성 노인의 건강, 영양 및 식품 섭취에 미치는 효과",include_primary_accessible,Community/home/primary-care frailty RCT confirmed by mined full-text fields,yes,yes,no,yes,yes,yes,yes,no,no,no,yes,frailty;gait_speed;sppb;quality_of_life,"대상으로 비 동등성 사전-사후 반복 측정(pretest-posttest nonequivalent control group design with repeated measures) 설계이다. 본 연구는 비무작위 중재연구 보고를 위한 TREND (Transparent Reporting of Evaluations with Nonrandomized Designs) 지침에 따라 기술되었다. 2. 연구대상 및 기간 본 연구는 G*Power 3.1.9.7 프로그램을 활용하여 산출하였다. 효과크기 0.25, 유의수준 0.05, 검정력 0.80 최소 표본 수는 44명(중재군 22명. 대조군 22명)이며, 중도 탈락율을 고려하여 중재군 55명, 대조군 25명 총 80명을 모",pmc Korean J Community Nutr Korean J Community Nutr 4771 kjcn KJCN Korean Journal of Community Nutrition 2951-3146 Korean Society of Community Nutrition and the Korean Nutrition Society PMC13008612 PMC13008612.1 13008612 13008612 41821346 10.5720/kjcn.2025.00353 kjcn-2025-00353 1 Res,"h, nutritional status, and dietary intake of providing senior-friendly foods to community-dwelling elderly women in a rural area in Korea. Methods A pretest–posttest nonequivalent control group design with repeated measures was conducted among 71 rural-dwelling elderly women. Changes in health indicators, nutritional status, and dietary intake were assessed at three time","Results Immediately after a three month intervention, significant differences were observed between the intervention and control groups in frailty score, Dysphagia Handicap Index, Mini Nutritional Assessment, social isolation, resilience, quality of life, and depression ( P < 0.05). Significant group-by-time interaction effects were found for muscle mass, hemoglobin A1c, and energy, protein, and micronutrient intake, all of which showed significant improvements in the intervention group ( P < 0.05).
RESULTS 1. 연구대상자 일반적 특성 및 동질성 검증 연구대상자의 인구사회학적 특성 및 중재군과 대조군의 사전 동질성 검증 결과는 Table 2 와 같다. 중재군과 대조군의 연령, 혼인 상태, 동거 형태, 월수입, 교육 수준, 질병 수, 복용 약물 수 등의 인구사회학적 특성에서는 두 그룹 간에 유의한 차이가 없었다. 혼인 상태에서는 사별상태가 58명(81.7%)으로 가장 많았으며, 거주 형태는 독거노인이 60명(84.5%)으로 가장 많았다. 월수입의 경우 1백만 원 미만이 67명(94.4%)으로 경제적 수준이 낮은 편이었고, 교육 수준은 초등학교 졸업 이하가 대부분(68명, 95.7%)이었다. 질병의 수는 평균 2.26 ± 1.29개였으며, 약물복용은 평균 2.45 ± 1.31개였다. 신체적 건강(체중, BMI, 종아리둘레, 상완위둘레, 골격근량, 체지방량), 생리적 건강(HbA1c, 혈당, 총콜레스테롤, 혈압), 정서적 건강(소외감, 회복탄력성, 사회적지지, 삶의 질), 구강평가(KOHIP-14, DHI), 영양평가(MNA, NQ-E)는 사전 동질성 검증 결과 두 집단 간 유의한 차이가 없어 사전 조건이 동질한 것으로 확인되었다. 2. 신체적 건강 중재군과 대조군의 신체적 건강 변화를 사전, 사후, 사후 2개월 시점에서 비교한 결과는 Table 3 과 같다. 체중, BMI, 종아리 둘레, 상완위둘레, 체지방량은 중재군과 대조군 모두 시간적 변화, 집단별, 시간과 집단과의 상호작용 효과에서 유의한 차이를 보이지 않았다. 골격근지수는 대조군, 중재군과의 집단별 유의한 차이는 보이지 않았으나, 시간과 집단과의 상호작용 효과에는 유의한 차이가 있었다(F = 3.40, P = 0.041). 노쇠비율은 중재군 52.8%에서 사후 49.1%로 감소하였다가 사후 2개월 56.6%로 증가하였으며, 대조군 사전 72.2%에서 사후 2개월 83.3%로 비율이 상승하였다. 노쇠 점수는 중재군과 대조군 모두에서 전 노쇠 비율의 변화가 관찰되었으나, 이러한 변화는 통계적으로 유의미한 시간 효과나 그룹 간 상호작용 효과를 보이지 않았다. 3. 생리적 건강 식품꾸러미 제공에 대한 중재군과 대조군의 생리적 건강 지표 변화는 Table 4 와 같다. 중재군의 HbA1c는 사전 6.58% ± 1.16%에서 사후 2개월 6.28% ± 0.82%로 감소하는 경향을 보였으며, 시간과 그룹의 상호작용 효과가 통계적으로 유의하였다(F = 11.84, P < 0.001). 혈당, 총콜레스테롤, 수축기 혈압, 이완기 혈압, 혈중지질은 그룹, 시간, 그룹과 시간과의 상호작용 중재효과 모두 유의하지 않았다. High-d",,,
PMC13064644,41786620.0,10.1093/ptj/pzag020,Effects of home-based cardiac rehabilitation integrated in the cardiac care bridge transitional care program on the physical functioning of older patients who are frail: secondary analysis of a randomized trial.,2026.0,,https://europepmc.org/article/MED/41786620,expanded_accessible_search,digital_home_unclear_intervention,Effects of home-based cardiac rehabilitation integrated in the cardiac care bridge transitional care program on the physical functioning of older patients who are frail: secondary analysis of a randomized trial,include_primary_accessible,Community/home/primary-care frailty RCT confirmed by mined full-text fields,yes,yes,no,yes,yes,yes,yes,no,no,yes,yes,frailty;gait_speed;sppb;grip_strength;adl;falls;quality_of_life;adherence;adverse_events,"e-based cardiac rehabilitation integrated in the cardiac care bridge transitional care program on the physical functioning of older patients who are frail: secondary analysis of a randomized trial https://orcid.org/0000-0002-0265-4556 Terbraak Michel S PT, PhD Location Academic Medical Center, Department of Cardiology, Amsterdam UMC , Meibergdreef 9, 1105AZ, Amsterdam",31-9023 1538-6724 Oxford University Press PMC13064644 PMC13064644.1 13064644 13064644 41786620 10.1093/ptj/pzag020 pzag020 1 Original Research AcademicSubjects/MED00110 Effects of home-based cardiac rehabilitation integrated in the cardiac care bridge transitional care program on the physical functioning of older patients who are frail: secondary analysis of a randomi,"uded an intention-to-treat analysis by multiple imputation of the full cohort. Results In total, 85 of 153 participants in the intervention group and 85 of 153 participants in the control group were analyzed (mean age = 82.6 [SD = 6.3] years; 46% men; median of 2 [interquartile range = 1–4] comorbidities). At the 6-month follow-up, more participants in the intervention g","Results In total, 85 of 153 participants in the intervention group and 85 of 153 participants in the control group were analyzed (mean age = 82.6 [SD = 6.3] years; 46% men; median of 2 [interquartile range = 1–4] comorbidities). At the 6-month follow-up, more participants in the intervention group than in the control group demonstrated SPPB improvement (61% vs 51%) or maintenance (29% vs 12%), and fewer deteriorated (11% vs 37%). The mean SPPB values at 6 months were 6.3 (SD = 0.3) and 5.5 (SD = 0.2), respectively, with a mean difference of 0.8 (95% CI = 0.0-1.6), favoring the intervention group. No between-group differences were observed in the 2-min step test, grip strength, or Amsterdam Linear Disability Scale.
Results Complete 6-month SPPB data were available for 170 of the 306 patients (55.6%) in the CCB trial ( Figure 2 ). As expected in this population of older people who were frail, missing physical functioning data were largely due to mortality, hospital readmissions, refusal of follow-up measurements, or loss to follow-up (eg, relocation to a care facility). Figure 2 Flowchart of this Study. Participants with available SPPB data at the 6-month follow-up in the intervention and control groups had mean ages of 82.5 (SD = 5.8) and 82.7 (SD = 6.7) years, respectively; 46% and 55%, respectively, were men; and 51% and 42%, respectively, were living together with a partner ( Table 1 ). Participants in both groups had a median of 2 comorbidities. There were no statistically significant differences between the intervention and control groups except for the length of hospital stay: 6 (IQR = 4–9) and 8 (IQR = 5–11) days, respectively ( P = .007). Physical functioning scores were numerically but statistically not significantly lower in the intervention group than in the c",,,
PMC3490887,23009149.0,10.1186/1471-2318-12-58,A pilot randomized controlled trial to improve geriatric frailty.,2012.0,BMC geriatrics,https://pubmed.ncbi.nlm.nih.gov/23009149/,original_high_confidence,nutrition_only,A pilot randomized controlled trial to improve geriatric frailty,include_primary_accessible,Community/home/primary-care frailty RCT confirmed by mined full-text fields,yes,yes,no,yes,yes,yes,yes,no,no,yes,yes,frailty;grip_strength;adl;falls;quality_of_life;adherence,BMC Geriatr BMC Geriatr 33 bmcgeri BMC Geriatrics 1471-2318 BMC PMC3490887 PMC3490887.1 3490887 3490887 23009149 10.1186/1471-2318-12-58 1471-2318-12-58 1 Research Article A pilot randomized controlled trial to improve geriatric frailty Chan Ding-Cheng Derrick 1 doctord6226@yahoo.com Tsou Hsiao-Hui 6 tsouhh@nhru.org.tw Yang Rong-Sen 2 rsyang@ntuh.gov.tw Tsauo Jau-Yih,"ich permits unrestricted use, distribution, and reproduction in any medium, provided the original work is properly cited. Background Few randomized controlled trials (RCTs) report interventions targeting improvement of frailty status as an outcome. Methods This RCT enrolled 117 older adults (65-79 years of age) in Toufen, Taiwan who scored 3-6 on The Chinese Canadian St","-month) and less deterioration (−3.5 ± 9.7 vs −7.1 ± 8.7, p = 0.036, 12-month) of dominant leg extension power than non-PST subjects. Some secondary outcomes were also improved in control groups (non-EN or non-PST). No adverse effects were reported. Conclusions The three-month EN intervention resulted in short-term (3-month) frailty status improvement and long-term effec","Results Mean age was 71.4 ± 3.7 years, with 59% females. Baseline characteristic were generally comparable between groups. EN group subjects had a higher improvement rate on the primary outcome than non-EN group subjects (45% vs 27%, adjusted p = 0.008) at 3 months, but not 6 or 12 months. They also had more increase of serum 25(OH) vitamin D level (4.9 ± 7.7 vs 1.2 ± 5.4, p = 0.006) and lower percentage of osteopenia (74% vs 89% p = 0.042) at 12 months. PST group subjects had better improvement (2.7 ± 6.1 vs 0.2 ± 6.7, p = 0.035, 6-month) and less deterioration (−3.5 ± 9.7 vs −7.1 ± 8.7, p = 0.036, 12-month) of dominant leg extension power than non-PST subjects. Some secondary outcomes were also improved in control groups (non-EN or non-PST). No adverse effects were reported.
Results Participant flow From the 6,828 target population, the probability-proportional-to-size (PPS) sampling approach was employed to select 2,900 population-representative random samples for first-stage screening. However, only 845 completed the telephone interview, 548 of whom were eligible for second-stage screening. Half (N = 275) signed the informed consents and were screened at the hospital. The recruitment period was roughly 3 months. Following the 2 by 2 factorial design protocol, 117 out of the 151 eligible subjects were randomized into 4 groups: A (EN/PST), B(EN/non-PST), C(non-EN/PST), and D(non-EN/non-PST). Group A and B were combined into the EN group (N = 55) while group C and D were combined into the non-EN group (N = 62). Similarly, Group A and C became the PST group (N = 57) while group B and D were the non-PST group (N = 60). Eighteen of the 55 EN group subjects attended at least 50% of the 36 intervention sessions while 16 of the 57 PST subjects completed the 6 courses. At 12 ",,,
PMC4511529,26201510.0,10.1136/bmj.h3830,Effectiveness of two year balance training programme on prevention of fall induced injuries in at risk women aged 75-85 living in community: Ossébo randomised controlled trial.,2015.0,BMJ (Clinical research ed.),https://pubmed.ncbi.nlm.nih.gov/26201510/,original_high_confidence,exercise_plus_nutrition,Effectiveness of two year balance training programme on prevention of fall induced injuries in at risk women aged 75-85 living in community: Ossébo randomised controlled trial,include_primary_accessible,Community/home/primary-care frailty RCT confirmed by mined full-text fields,yes,yes,no,yes,yes,yes,yes,no,no,no,yes,frailty;sppb;adl;falls;quality_of_life;adherence;adverse_events,bmj.h3830 khof025526 2 Research Effectiveness of two year balance training programme on prevention of fall induced injuries in at risk women aged 75-85 living in community: Ossébo randomised controlled trial El-Khoury Fabienne doctoral researcher 1 2 3 Cassou Bernard professor of public health and geriatrician 4 5 6 Latouche Aurélien professor in biostatistics 7 Aeger,ovided the original work is properly cited and the use is non-commercial. See: http://creativecommons.org/licenses/by-nc/4.0/ . Objective To assess the effectiveness of a two year exercise programme of progressive balance retraining in reducing injurious falls among women aged 75-85 at increased risk of falls and injuries and living in the community. Design Pragmati,"aged 75-85, living in their own home, and with diminished balance and gait capacities, randomly allocated to the experimental intervention group (exercise programme, n=352) or the control group (no intervention, n=354). Intervention Weekly supervised group sessions of progressive balance training offered in community based premises for two years, supplemented by individu","Results Trial participants and follow-up Recruitment took place between December 2007 and May 2011, and follow-up ended in June 2013. Table 1 presents baseline demographic and health related characteristics of participants in the two groups. Figure 1 describes the flow of participants through the trial. Around 11% of the women invited to a free balance examination responded positively and were examined (n=4221). Almost two thirds of the eligible women agreed to participate and were randomised to either the intervention (n=352) or the control group (n=354). On average, participants in the intervention group were offered 94.9 (SD 11.6) exercise sessions over the entire intervention period; 58 (16.5%) women never started the programme (fig 2 . Among women who started the programme, the median number of sessions attended was 53 (interquartile range 16-71), and the median length of participation in the programme (from first to last attended session) was 79 weeks (32-97). Fig 1 Flow through trial of women aged 75-85 who took part in two year balance training programme for prevention of fall induced injuries (intervention) or no such programme (control) Fig 2 Details of participation of women aged 75-85 in two year balance training programme for prevention of fall induced injuries. IQR=interquartile range Table 1 Baseline characteristics of women aged 75-85 who took part in two year balance training programme for prevention of fall induced injuries (intervention) or no such programme (control). Figures are means (SD) unless stated otherwise Control (n=354) Intervention (n=352) Age (years) 79.6 (2.8) 79.8 (2. 8) BMI (kg/m 2 ) 27.0 (4.6) 27.1 (4.6) No (%) who fell at least once in past year 159 (45) 137 (39) No (%) who used psychotropic drugs 140 (40) 149 (42) No (%) who lived a",,,
PMC5042153,27695646.0,10.18848/2160-1909/CGP/v07i02/1-10,The Impact of Strong for Life on the Physical Functioning and Health of Older Adults Receiving Home and Community-Based Services.,2017.0,Aging and society : an interdisciplinary journal,https://pubmed.ncbi.nlm.nih.gov/27695646/,original_high_confidence,exercise_only,The Impact of Strong for Life on the Physical Functioning and Health of Older Adults Receiving Home and Community-Based Services,include_primary_accessible,Community/home/primary-care frailty RCT confirmed by mined full-text fields,yes,yes,no,yes,yes,yes,yes,no,no,yes,yes,frailty;gait_speed;grip_strength;adl;falls;quality_of_life;adherence;adverse_events,"bjectives To test the effects of Strong for Life (SFL) on the physical performance and self-rated health of older adults receiving Home and Community-Based Services (HCBS). Design Randomized, two-group trial with pre-post measures. Setting In-home exercise program. Participants Clients aged 65-95 (n=42) and their Home Care Aide (HCA) (n=32) were randomly assigned to a","al performance and self-rated health of older adults receiving Home and Community-Based Services (HCBS). Design Randomized, two-group trial with pre-post measures. Setting In-home exercise program. Participants Clients aged 65-95 (n=42) and their Home Care Aide (HCA) (n=32) were randomly assigned to a usual care and SFL intervention or usual care control group. Inte",two-group trial with pre-post measures. Setting In-home exercise program. Participants Clients aged 65-95 (n=42) and their Home Care Aide (HCA) (n=32) were randomly assigned to a usual care and SFL intervention or usual care control group. Intervention Clients were instructed in SFL by their HCA and completed SFL 3 times per week for 12-weeks. Measurements Outcomes i,"Results Effect sizes were moderate for grip strength ( d = .38), pain ( d = .34), and PROMIS-global health ( d = .27). Small effect sizes were found for all other measures. Median quadriceps and TUG scores differentially improved among intervention participants versus controls. No adverse health events and high program satisfaction were reported. Frailty prevalence in the control group increased between baseline and post-test while frailty prevalence in the intervention group decreased during the same time period.
Results We made contact with 64 HCAs of whom 34 had at least one client enroll in the study ( Figure 1 ). There was approximately a one-month delay between telephone screening and intervention start date, during which clients were lost for a variety of reasons. Primary care physicians did not give medical clearance for participation (n=2). Upon arrival at the client's home to obtain informed consent, four clients could not be enrolled because they were not primarily-English speaking and were unable to provide informed consent. Seven additional participants deemed eligible during the telephone screening declined to enroll due to loss of interest. We were unable to reach eligible participants (n=2) after the telephone screening to sign informed consent and conduct baseline measurement. Finally, one client was hospitalized between the telephone screening and beginning of the intervention. Therefore, the final baseline sample consisted of 32 HCAs and their 42 clients. As shown in Table 1 , there were no significant differences in client demographics or baseline physical performance and self-rated health between intervention and control groups. There was, however, substantial within-group variability in physical performance measures. Overall, clients had a mean age",,,
PMC5326822,27897406.0,10.1002/jcsm.12132,Integrated care for geriatric frailty and sarcopenia: a randomized control trial.,2017.0,"Journal of cachexia, sarcopenia and muscle",https://pubmed.ncbi.nlm.nih.gov/27897406/,original_high_confidence,exercise_plus_nutrition,Integrated care for geriatric frailty and sarcopenia: a randomized control trial,include_primary_accessible,Community/home/primary-care frailty RCT confirmed by mined full-text fields,yes,yes,yes,yes,yes,yes,yes,no,no,yes,yes,frailty;gait_speed;grip_strength;falls;quality_of_life;adherence;adverse_events,822 PMC5326822.1 5326822 5326822 27897406 10.1002/jcsm.12132 JCSM12132 JCSM-D-15-00201 1 Original Article Original Articles Integrated care for geriatric frailty and sarcopenia: a randomized control trial A RCT for geriatric frailty and sarcopenia D.‐C.(.D.). Chan et al. Chan Ding‐Cheng (Derrick) 1 2 Tsou Hsiao‐Hui 3 4 Chang Chirn‐Bin 5 6 Yang Rong‐Sen 7 Tsauo Jau‐Yih,"rmits use and distribution in any medium, provided the original work is properly cited, the use is non‐commercial and no modifications or adaptations are made. Abstract Background Exercise, nutrition, and psychological interventions may all have positive impacts on frailty and sarcopenia. However, it is not known whether an integrated care programme with all three c","the current study had a longer intervention period (6 months vs 3 months). Therefore, the maximum effect was shown at 6 months in the current study. In the prior pilot study, the control group received only the education booklet for home exercise. In the current study, the LLC group received face‐to‐face training for 2 h and an educational booklet/CD‐ROM to improve thei","Results Mean age was 71.6 ± 4.3 years, with 53% females. For the entire cohort, improvement of primary outcome was 35% at 3 months, increased to 40% at 6 months, and remained stable at 39% at 12 months. Improvement rates were similar in both groups. Compared with the LLC group, HLC participants had greater improvements in the following indices: energy expenditure of walking, 5 m walking time, dominant hand grip strength, timed‐up‐and‐go‐test, and one‐leg‐stand time — mainly at 6 and 12 month assessments.
Results Participant flow Overall 323 subjects received initial screening with the CCSHA_CFS and signed informed consent forms. Of those, 296 completed the first‐stage baseline assessments and enrolled in the study. The enrollment periods were roughly 3 months. Before randomization, 7 dropped out of the study, and 289 were randomized into HLC ( N = 143) and LLC ( N = 146) groups. The major reasons for dropouts were lost contact ( n = 2), and refusal ( n = 2). At the end of intervention (6 months), 87% of HLC subjects and 90% of LLC subjects returned for assessments. At the end of the study (12 months), 87% of the HLC subjects and 92% of the LLC subjects completed the final assessments (Figure 1). The major reason for attrition was lost contact ( n = 16 at 3 months; n = 22 at 6 months; n = 15 at 12 months). All 289 subjects were included in the ITT analyses. At all time points, the HLC group had a significantly higher proportion of subjects practicing at least 50% of the recommended home exercise sessions (63% vs 19% at 6 months, 60% vs 20% at 12 months, both p < 0.001) than the LLC group. In addition, 67% of HLC group subjects attended at least half of the hospital‐based exercise sessions. Baseline characteristics (Tables 1 and 2 ) Table 1 Baseline characteristics, total",,,
PMC5351552,27178766.0,10.1016/j.cct.2016.05.001,Identifying effective and feasible interventions to accelerate functional recovery from hospitalization in older adults: A randomized controlled pilot trial.,2016.0,Contemporary clinical trials,https://pubmed.ncbi.nlm.nih.gov/27178766/,original_high_confidence,exercise_plus_nutrition,Identifying Effective and Feasible Interventions to Accelerate Functional Recovery from Hospitalization in Older Adults: A Randomized Controlled Pilot Trial,include_primary_accessible,Community/home/primary-care frailty RCT confirmed by mined full-text fields,yes,yes,no,yes,yes,yes,yes,no,no,yes,yes,frailty;gait_speed;sppb;grip_strength;adl;falls;quality_of_life;adherence;adverse_events,"1016/j.cct.2016.05.001 NIHMS852867 NIHPA852867 1 Article Identifying Effective and Feasible Interventions to Accelerate Functional Recovery from Hospitalization in Older Adults: A Randomized Controlled Pilot Trial Deer Rachel R. a * Dickinson Jared M. b * Fisher Steve R. a c Ju Hyunsu d Volpi Elena a e a Sealy Center on Aging, The University of Texas Medical Branch. 3",IHPA Author Manuscripts PMC5351552 PMC5351552.1 5351552 5351552 NIHMS852867 27178766 10.1016/j.cct.2016.05.001 NIHMS852867 NIHPA852867 1 Article Identifying Effective and Feasible Interventions to Accelerate Functional Recovery from Hospitalization in Older Adults: A Randomized Controlled Pilot Trial Deer Rachel R. a * Dickinson Jared M. b * Fisher Steve R. a c Ju Hyuns,"acute medical condition. Subjects will be randomized to one of five interventions initiated immediately upon discharge: 1. protein supplementation, 2. in-home rehabilitation plus placebo supplementation, 3. in-home rehabilitation plus protein supplementation, 4. single testosterone injection, or 5. isocaloric placebo supplementation. Testing will occur during hosp",,,,
PMC6008824,29988285.0,10.1155/2018/8916274,"Effects of Strength Training on Muscle Properties, Physical Function, and Physical Activity among Frail Older People: A Pilot Study.",2018.0,Journal of aging research,https://pubmed.ncbi.nlm.nih.gov/29988285/,original_high_confidence,exercise_only,"Effects of Strength Training on Muscle Properties, Physical Function, and Physical Activity among Frail Older People: A Pilot Study",include_primary_accessible,Community/home/primary-care frailty RCT confirmed by mined full-text fields,yes,yes,no,yes,yes,yes,no,no,no,no,yes,frailty;gait_speed;grip_strength;falls;quality_of_life;adherence,"ir climbing, rising from a chair, and preferred and maximal walking speed), and physical activity among frail elderly people receiving home-care services. Thirty participants were randomly assigned (by sex) to a control group (CON) or a strength training group (ST) performing a supervised training programme using elastic bands, box-lifting, and body weight exercises twice pe","use, distribution, and reproduction in any medium, provided the original work is properly cited. The aim of this study was to determine the effects of a 10-week strength training intervention on isometric strength, rate of force development (RFD), physical function (stair climbing, rising from a chair, and preferred and maximal walking speed), and physical activity amo",", and preferred and maximal walking speed), and physical activity among frail elderly people receiving home-care services. Thirty participants were randomly assigned (by sex) to a control group (CON) or a strength training group (ST) performing a supervised training programme using elastic bands, box-lifting, and body weight exercises twice per week. Twenty-three partici","3. Results 3.1. Maximal Strength and Rate of Force Development (RFD) For the maximal strength and RFD, there was no interaction for the ( F =0.714–4.114, p =0.0.3–0.409) or a main effect for groups ( F =0.032–0.269, p =0.390–0.861). With exceptions for maximal strength in the arm ( F =1.162, p =0.294), there was a main effect for time ( F =4.473–10.043, p =0.005–0.047). After the post hoc tests, the ST group had a 15.3% nonsignificant improvement in the leg extension test ( p =0.10, ES=0.31) and a 53.1% increase for peak RFD ( p =0.04, ES=0.69). In the elbow flexion test, a nonsignificant 51.3% improvement for peak RFD ( p =0.08, ES=0.60) was observed. No significant differences were observed for the CON ( p =0.16–1.00) (Figures 3 and 4 ). 3.2. Physical Function For the physical function tests, there was no interaction ( F =0.087–2.519, p =0.130–0.770) or a main effect for groups ( F =1.888–2.696, p =0.115–0.186) or time ( F =0.55–2.223, p =0.151–0.817) with one exception. The stair climbing test had significant main effect for time ( F =4.659, p =0.044). Despite an overall improvement in stair climbing of 26.6%, the improvement was not significant for the ST ( p =0.22). Furthermore, no significant difference was observed for the CON ( p =0.22). All details are presented in Table 2 . 3.3. Physical Activity (PA) For PA, there was no interaction ( F =0.009–0.939, p =0.341–0.927), main effects for time (0.001–0.223, p =0.644–0.980) or group ( F =0.120–4.178, p =0.059–0.734) for the variables overall PA, inactivity, moderate intensity, high intensity, and numbers of steps per day. However, an interaction was observed for the variable low intensity ( F =5.008, p =0.041). Post hoc tests demonstrated no differences between the groups ( p =0.480–1.000) or differences between pr",,,
PMC6248206,29346524.0,10.1093/gerona/glx259,"Effects of a Primary Care-Based Multifactorial Intervention on Physical and Cognitive Function in Frail, Elderly Individuals: A Randomized Controlled Trial.",2018.0,"The journals of gerontology. Series A, Biological sciences and medical sciences",https://pubmed.ncbi.nlm.nih.gov/29346524/,original_high_confidence,exercise_plus_nutrition,"Effects of a Primary Care-Based Multifactorial Intervention on Physical and Cognitive Function in Frail, Elderly Individuals: A Randomized Controlled Trial",include_primary_accessible,Community/home/primary-care frailty RCT confirmed by mined full-text fields,yes,yes,no,yes,yes,yes,yes,no,no,yes,yes,frailty;gait_speed;sppb;grip_strength;falls;quality_of_life;adherence;adverse_events,"ontology: Medical Sciences Articles Editor's Choice Effects of a Primary Care-Based Multifactorial Intervention on Physical and Cognitive Function in Frail, Elderly Individuals: A Randomized Controlled Trial Romera-Liebana Laura MD 1 2 3 Orfila Francesc MD, PhD 3 4 Segura Josep Maria MD, PhD 1 3 Real Jordi PhD 5 6 7 Fabra Maria Lluïsa Physio 8 Möller Mercedes MD 8 Lan","8206.1 6248206 6248206 29346524 10.1093/gerona/glx259 glx259 1 The Journal of Gerontology: Medical Sciences Articles Editor's Choice Effects of a Primary Care-Based Multifactorial Intervention on Physical and Cognitive Function in Frail, Elderly Individuals: A Randomized Controlled Trial Romera-Liebana Laura MD 1 2 3 Orfila Francesc MD, PhD 3 4 Segura Josep Maria MD, Ph","ls in Barcelona. A total of 352 patients, aged ≥65 years old with positive frailty screening, was randomized into two groups to receive a 12-week multidisciplinary intervention or usual care, with concealed allocation. The intervention consisted of: exercise training, intake of hyperproteic nutritional shakes, memory training, and medication review. Main outcome asses","Results A total of 347 participants (98.6%) completed the study, mean age 77.3 years, 89 prefrail subjects (25.3%), and 75.3% female ( n = 265). Eighteen-month assessments were performed in 76% of the sample. After 3 and 18 months, adjusted means difference between-groups showed significant improvements for the intervention group in all comparisons: Short Physical Performance Battery score improved 1.58 and 1.36 points ( p < .001), handgrip strength 2.84 and 2.49 kg ( p < .001), functional reach 4.3 and 4.52 cm ( p < .001), and number of prescriptions decreased 1.39 and 1.09 ( p < .001), respectively. Neurocognitive battery also showed significant improvements across all dimensions at 3 and 18 months.
Results Between January 2013 and January 2015, participants were randomized to the multi-intervention ( n = 176) or the control ( n = 176) groups. The main characteristics of our study sample according to randomization group are presented in Table 1 . A total of 265 participants (75.3%) were female, mean age 77.3 years, nearly half of them living alone (47.2%), The baseline features of the two groups were similar in terms of inclusion criteria, age, sex, civil status, cohabitation, comorbidity, and biological variables, including nutritional, functional, and mental performance, as shown in Supplementary Table 2 . Table 1. Baseline Characteristics by Treatment Group Control Group ( n = 176) Intervention Group ( n = 176) p Value Gender, n (%) Male 45 (25.6) 42 (23.9) .711 Female 131 (74.4) 134 (76.1) Age, years, mean ( SD ) 77.4 (7.7) 77.2 (6.8) .770 Living alone, n (%) 83 (47.2) 83 (47.2) 1.00 Marital Status, n (%) Single 23 (13.1) 22 (12.5) .884 Widowed 76 (43.2) 80 (45.5) Married 67 (38.1) 67 (38.1) Divorced 10 (5.7) 7 (4.0) Educational status, n (%) Unfinished studies 67",,,
PMC7312630,32466446.0,10.3390/ijerph17113760,Multicomponent Exercise Program Reduces Frailty and Inflammatory Biomarkers and Improves Physical Performance in Community-Dwelling Older Adults: A Randomized Controlled Trial.,2020.0,International journal of environmental research and public health,https://pubmed.ncbi.nlm.nih.gov/32466446/,original_high_confidence,exercise_plus_nutrition,Multicomponent Exercise Program Reduces Frailty and Inflammatory Biomarkers and Improves Physical Performance in Community-Dwelling Older Adults: A Randomized Controlled Trial,include_primary_accessible,Community/home/primary-care frailty RCT confirmed by mined full-text fields,yes,yes,no,yes,yes,yes,yes,no,no,no,yes,frailty;gait_speed;grip_strength;adl;falls;quality_of_life;adherence;adverse_events,13760 ijerph-17-03760 1 Article Multicomponent Exercise Program Reduces Frailty and Inflammatory Biomarkers and Improves Physical Performance in Community-Dwelling Older Adults: A Randomized Controlled Trial Sadjapong Uratcha 1 https://orcid.org/0000-0001-9023-2283 Yodkeeree Supachai 2 https://orcid.org/0000-0003-4283-7469 Sungkarat Somporn 3 https://orcid.org/0000-00,Health 1661-7827 1660-4601 Multidisciplinary Digital Publishing Institute (MDPI) PMC7312630 PMC7312630.1 7312630 7312630 32466446 10.3390/ijerph17113760 ijerph-17-03760 1 Article Multicomponent Exercise Program Reduces Frailty and Inflammatory Biomarkers and Improves Physical Performance in Community-Dwelling Older Adults: A Randomized Controlled Trial Sadjapong Uratcha,"ing an allocation concealment method, included 64 older adults (77.78 ± 7.24 years), were divided into two parallel groups using block randomization: an MCEP group ( n = 32) and a control group ( n = 32). The combined center- and home-based MCEP training consisted of chair aerobic, resistance, and balance, which was carried out 3 days per week for 24 weeks. A mixed model","3. Results 3.1. Baseline Descriptive Data The baseline characteristics of participants are presented in Table 2 . The demographic characteristics of participants between the MCEP and the control groups had no significant differences at baseline. The MCEP group attended a center based program based on an average of 34 of the 36 exercise sessions (94.4%) and home-based programs on average 21 of the 36 exercise sessions (57.5%). No study-related injuries or falls were reported (data not shown). 3.2. Changes in Physical Performance During the 24-Weeks Intervention Period Baseline and post-intervention (12 and 24 weeks) primary outcome data are presented in Table 3 and Figure 2 . Mixed model repeated measure ANOVA demonstrated significant interaction effects of group x time for balance variables as measured by Berg Balance Score (BBS) (p < 0.01) and Timed Up and Go (TUG) ( p < 0.01). Post hoc analyses revealed that the MCEP group < showed significant improvements in the BBS ( p < 0.01) and TUG ( p < 0.01) when compared to the control group and their baseline after both 12 and 24 weeks of the intervention. In the case of strength and endurance variables, the MCEP group showed greater improvements in strength (p = 0.03) and VO 2 Max ( p = 0.02) than the control group after 12 weeks of the intervention. However, there were no significant group x time interactions for these variables. 3.3. Changes in Frailty Score and HRQOL During the 24-Weeks Intervention Period Baseline and post-intervention (12 and 24 weeks) secondary outcome data are presented in Table 3 and Figure 2 . The mixed model repeated measure ANOVA revealed significant interaction effects of group x time for frailty score ( p < 0.01). Within-group analyses showed that the MCEP group had significantly decreased frail",,,
PMC7373606,32702879.0,10.1097/MD.0000000000021187,Effects of concurrent aerobic and resistance exercise in frail and pre-frail older adults: A randomized trial of supervised versus home-based programs.,2020.0,Medicine,https://pubmed.ncbi.nlm.nih.gov/32702879/,original_high_confidence,exercise_only,Effects of concurrent aerobic and resistance exercise in frail and pre-frail older adults,include_primary_accessible,Community/home/primary-care frailty RCT confirmed by mined full-text fields,yes,yes,no,yes,yes,yes,yes,no,no,yes,yes,frailty;gait_speed;grip_strength;adl;adherence;adverse_events,"000000000021187 MD-D-20-01216 1 4600 Research Article Clinical Trial/Experimental Study Effects of concurrent aerobic and resistance exercise in frail and pre-frail older adults A randomized trial of supervised versus home-based programs Meng Nai-Hsin MD a b Li Chia-Ing PhD b c Liu Chiu-Shong MPH, MD b d Lin Chih-Hsueh MD, PhD b d Chang Chin-Kai MD a Chang Heng-Wei MD","7373606 PMC7373606.1 7373606 7373606 32702879 10.1097/MD.0000000000021187 MD-D-20-01216 1 4600 Research Article Clinical Trial/Experimental Study Effects of concurrent aerobic and resistance exercise in frail and pre-frail older adults A randomized trial of supervised versus home-based programs Meng Nai-Hsin MD a b Li Chia-Ing PhD b c Liu Chiu-Shong MPH, MD b d Lin Ch","with gas analysis; 6MW test may underestimate the improvement of the cardiopulmonary endurance obtained via cycle ergometer training. Finally, the present study did not include a control group in which no exercise intervention was given. 5 Conclusion In the present study, the 3-month supervised concurrent resistance and endurance exercise program improved the strength o","Results: After 3 months of supervised or home-based exercise, the average number of frailty criteria met and fat percentage decreased significantly. Strength of knee extensors, knee flexors and leg press improved significantly in supervised exercise group. In home-based exercise group, the strength of all muscle groups tested improved significantly, except for leg press strength. Walking speed improved in both groups, and timed-up-and-go and timed chair rise tests improved significantly only in supervised exercise group.
3 Results 3.1 Participant characteristics The CONSORT flow diagram is presented in Supplemental Digital Content (Figure S1). Among the 146 participants, 74 were allocated to SEG and 72 to HEG. Twenty-three percent (17/74) of the participants in SEG did not take the 3-month follow up tests. Five of them dropped out because of various diseases or trauma which were not related to the exercise program, and the rest of them quitted because of motivational or logistic reasons. No adverse event of exercise was reported in SEG. The rate of attendance during the intervention was 74.4% in SEG. A total of 32% (23/72) of the participants in HEG disagreed to undertake the 3-month follow up tests. The two groups did not differ in terms of age, gender, baseline frail status, the baseline circumferences, as well as the muscle strength and functional performance test results, except for mean thigh circumference which was greater in SEG (Tables 1 and 2 ). The anthropometric data of the two groups are summarized in Table 2 . Table 1 Characteristics of both groups at baseline. Table 2 The anthropometric data of the participants at baseline and after 3 months of exercise. 3.2 Effects of intervention Compared with baseline conditions, a significantly decrease in fat percenta",,,
PMC7545899,33032532.0,10.1186/s12877-020-01805-3,A physical activity program versus usual care in the management of quality of life for pre-frail older adults with chronic pain: randomized controlled trial.,2020.0,BMC geriatrics,https://pubmed.ncbi.nlm.nih.gov/33032532/,original_high_confidence,multicomponent_exercise,A physical activity program versus usual care in the management of quality of life for pre-frail older adults with chronic pain: randomized controlled trial,include_primary_accessible,Community/home/primary-care frailty RCT confirmed by mined full-text fields,yes,yes,no,yes,yes,yes,yes,no,no,yes,yes,frailty;gait_speed;sppb;grip_strength;adl;falls;quality_of_life;adverse_events,10.1186/s12877-020-01805-3 1805 1 Research Article A physical activity program versus usual care in the management of quality of life for pre-frail older adults with chronic pain: randomized controlled trial http://orcid.org/0000-0001-7028-1862 Otones Pedro pedro.otones@salud.madrid.org 1 García Eva 2 Sanz Teresa 3 4 Pedraz Azucena 2 1 grid.418921.7 0000 0001 2348 819,"n waiver ( http://creativecommons.org/publicdomain/zero/1.0/ ) applies to the data made available in this article, unless otherwise stated in a credit line to the data. Background Exercise has shown being effective for managing chronic pain and preventing frailty status in older adults but the effect of an exercise program in the quality of life of pre-frail older a",iatr 33 bmcgeri BMC Geriatrics 1471-2318 BMC PMC7545899 PMC7545899.1 7545899 7545899 33032532 10.1186/s12877-020-01805-3 1805 1 Research Article A physical activity program versus usual care in the management of quality of life for pre-frail older adults with chronic pain: randomized controlled trial http://orcid.org/0000-0001-7028-1862 Otones Pedro pedro.otones@salud,"Results The follow-up period (3 months) was completed by 32 patients (73%), 17 in the control group and 15 in the intervention group. Most participants were women (78.1%) with a mean age (standard deviation) of 77.2 (5.9) years and a mean pain intensity of 48.1 (24.4) mm. No relevant differences were found between groups at baseline. After the intervention, mean differences in the EuroQol Index Value between control and intervention groups were significant (− 0.19 95% CI(− 0.33- -0.04)) and remained after 3 months follow-up (− 0.21 95% CI(− 0.37- -0.05)). Participants in the exercise group showed better results in pain intensity and frailty after the intervention, and an improvement in physical performance after the intervention and after 3 months.
Results Participants’ demographic and clinical characteristics Fifty-nine pre-frail older adults with chronic pain were invited to participate in the study. Fifteen patients refused to participate and 44 were randomly assigned to the control or intervention group. Finally, 32 participants finished the randomized controlled trial and were analysed, this was the result of a loss of participants in both groups during the 3 months follow-up due to not being able to come to the intervention (intervention group, n = 5), not coming to follow-up (control group, n = 5), hospitalisation (intervention group, n = 1) and illness of a relative (intervention group, n = 1) (Fig. 1 ). Fig. 1 CONSORT flow diagram Participants had a mean (Standard Deviation, SD) age of 77.2 (5.9) years and a mean (SD) pain intensity of 48.1 (24.4) mm. There were a majority of women, 78.1 and 21.9% were men. No statistically significant differences were found between control group and intervention group excluding mean age of intervention group participants, whic",,,
PMC7913348,33546255.0,10.3390/ijerph18041396,Randomized Controlled Trial on the Effects of a Combined Intervention of Computerized Cognitive Training Preceded by Physical Exercise for Improving Frailty Status and Cognitive Function in Older Adults.,2021.0,International journal of environmental research and public health,https://pubmed.ncbi.nlm.nih.gov/33546255/,original_high_confidence,multidomain,Randomized Controlled Trial on the Effects of a Combined Intervention of Computerized Cognitive Training Preceded by Physical Exercise for Improving Frailty Status and Cognitive Function in Older Adults,include_primary_accessible,Community/home/primary-care frailty RCT confirmed by mined full-text fields,yes,yes,no,yes,yes,yes,yes,no,no,no,yes,frailty;gait_speed;quality_of_life,Health 1661-7827 1660-4601 Multidisciplinary Digital Publishing Institute (MDPI) PMC7913348 PMC7913348.1 7913348 7913348 33546255 10.3390/ijerph18041396 ijerph-18-01396 1 Article Randomized Controlled Trial on the Effects of a Combined Intervention of Computerized Cognitive Training Preceded by Physical Exercise for Improving Frailty Status and Cognitive Function in,lishing Institute (MDPI) PMC7913348 PMC7913348.1 7913348 7913348 33546255 10.3390/ijerph18041396 ijerph-18-01396 1 Article Randomized Controlled Trial on the Effects of a Combined Intervention of Computerized Cognitive Training Preceded by Physical Exercise for Improving Frailty Status and Cognitive Function in Older Adults https://orcid.org/0000-0001-7051-4689 Yu Ruby,"es (game 1-8). The games were also performed on a tablet. Please refer to Table 1 for details of games. 2.4.3. Video Watching + PE (Control) Group Participants randomized into the control group also visited the centers two times per week for 1.5 h (for 12 weeks), and performed a 1-h PE program (aerobic + resistance exercise) immediately followed by a 30-min session of vi","3. Results A total of 347 older adults aged 50 or older were randomly assigned into the multi-domain CCT + PE group ( n = 117), the two-domain CCT + PE group ( n = 116) and the control group ( n = 114). The characteristics of the participants at baseline within each group are presented in Table 2 . The mean age of the participants was 64.2 years, 85.6% were women and 68% were classified as pre-frail (data not shown). Comparison of the baseline characteristics did not show any statistical differences in age, sex, marital status, educational level, living arrangement, frailty levels and cognitive functions (RCS score, HKLLT-LT score, HKLLT-DRT score) between the groups, although FAB scores showed a difference (multi-domain CCT + PE, 14.5 ± 2.4, vs. two-domain CCT + PE, 15.6 ± 2.1, vs. control group, 14.7 ± 2.6, p < 0.01). At week 12, FRAIL scores significantly decreased in the multi- and two-domain CCT + PE groups (multi-domain CCT + PE, −0.4 ± 1.0, p < 0.001; two-domain CCT + PE, −0.4 ± 0.8, p < 0.001) but not in the control group. The differences between the groups were significant ( p < 0.05). Improvement in RCS scores were observed in both multi- and two-domain CCT + PE groups (multi-domain CCT + PE, 0.6 ± 2.0, p < 0.01; two-domain CCT + PE, 0.5 ± 1.8, p < 0.01), but not in the control group. Both HKTLL-TL and HKLLT-DRT scores increased in all study groups (all p < 0.01), but the increase was higher in the CCT + PE groups than in the control group ( p < 0.05). FAB scores also increased in all study groups (all p < 0.001), but the differences between the groups were not significant. ( Table 3 ). Sub-group analyses were performed to examine the training effects according to the baseline RCS values of the participants. Among those with RCS ≥ 8 ( n = 135), FRAIL score sig",,,
PMC8385532,34092633.0,10.3233/jad-201607,"Multidomain Intervention for Reversal of Cognitive Frailty, Towards a Personalized Approach (AGELESS Trial): Study Design.",2021.0,,https://europepmc.org/article/MED/34092633,expanded_accessible_search,multidomain,"Multidomain Intervention for Reversal of Cognitive Frailty, Towards a Personalized Approach (AGELESS Trial): Study Design",include_primary_accessible,Community/home/primary-care frailty RCT confirmed by mined full-text fields,yes,yes,no,yes,yes,yes,yes,no,no,no,yes,frailty;gait_speed;grip_strength;falls;quality_of_life;adherence;adverse_events,"factors influencing adherence toward this intensive intervention. Methods: A total of 1,000 community dwelling older adults, aged 60 years and above will be screened for CF. This randomized controlled trial involves recruitment of 330 older adults with CF from urban, semi-urban, and rural areas in Malaysia. Multidomain intervention comprised of physical, nutritional,","c-is-collection-domain yes pmc-collection-title IOS Press Open Library PMC8385532 PMC8385532.1 8385532 8385532 34092633 10.3233/JAD-201607 JAD201607 1 Research Article Multidomain Intervention for Reversal of Cognitive Frailty, Towards a Personalized Approach (AGELESS Trial): Study Design P. Ponvel et al. Multidomain Intervention for Reversal of Cognitive Frailty Ponvel","laysia. Multidomain intervention comprised of physical, nutritional, cognitive, and psychosocial aspects will be provided to participants in the experimental group ( n = 165). The control group ( n = 165) will continue their usual care with their physician. Primary outcomes include CF status, physical function, psychosocial and nutritional status as well as cognitive per",Results: The multidomain intervention developed from this trial is expected to be cost effective compared to usual care as well as able is to reverse CF.,,,
PMC8499414,34620081.0,10.1186/s11556-021-00273-x,Effectiveness of a community-delivered pneumatic machine resistance training programme (Gym Tonic) for older adults at neighbourhood senior centres - a randomized controlled trial.,2021.0,European review of aging and physical activity : official journal of the European Group for Research into Elderly and Physical Activity,https://pubmed.ncbi.nlm.nih.gov/34620081/,original_high_confidence,exercise_only,Effectiveness of a community-delivered pneumatic machine resistance training programme (Gym Tonic) for older adults at neighbourhood senior centres – a randomized controlled trial,include_primary_accessible,Community/home/primary-care frailty RCT confirmed by mined full-text fields,yes,yes,no,yes,yes,yes,yes,no,no,yes,yes,frailty;gait_speed;sppb;grip_strength;adl;falls;quality_of_life;adherence;adverse_events,73-x 273 1 Research Article Effectiveness of a community-delivered pneumatic machine resistance training programme (Gym Tonic) for older adults at neighbourhood senior centres – a randomized controlled trial Lee Shuen Yee 1 Goh Alycia 2 Tan Ken 2 Choo Pei Ling 1 3 Ong Peck Hoon 1 Wong Wai Pong 1 http://orcid.org/0000-0002-7853-4112 Wee Shiou-Liang weeshiouliang@gmail.,1813-7253 1861-6909 BMC PMC8499414 PMC8499414.1 8499414 8499414 34620081 10.1186/s11556-021-00273-x 273 1 Research Article Effectiveness of a community-delivered pneumatic machine resistance training programme (Gym Tonic) for older adults at neighbourhood senior centres – a randomized controlled trial Lee Shuen Yee 1 Goh Alycia 2 Tan Ken 2 Choo Pei Ling 1 3 Ong Peck H,"ree hundred eighteen community-dwelling older adults aged ≥65 years were randomized into 12-week (twice/week) coach-supervised-community-based-GT-programme( n = 168) and wait-list control groups( n = 150). After 12 weeks, the intervention group continued with GT-training and the control group received supervised-GT-programme for further 12 weeks (partial-crossover-design","Results After 12 weeks, lower-extremity muscle strength improved by 11–26%(all p < 0.05) and fast gait-speed improved by 7%( p = 0.008) in GT-intervention group( n = 132) than controls( n = 118), regardless of frailty status. Other physical function performance did not differ between control and intervention groups after 12 weeks (all p > 0.05). Frailty score improved by 0.5 in the intervention but not control group( p = 0.004). Within the intervention group, lower-extremity muscle strength and physical function outcomes improved at 24 weeks compared with baseline (all p < 0.001). Within controls, lower-extremity muscle strength, SPPB, repeated-chair-sit-to-stand and fast gait-speed improved post-GT (24-week) compared to both pre-GT (12-week) and baseline. Programme adherence was high in intervention [0–12-weeks,90%(SD,13%); 12–24-weeks,89%(SD,17%)] and control [12–24-weeks,90%(SD,19%)] groups.
Results Participant characteristics Three hundred eighteen participants were recruited and randomized into intervention ( n = 168) and wait-list control ( n = 150) groups. Prior to baseline measurement, 3(2%) and 22(15%) participants withdrew from the intervention and control groups respectively, due to unrelated medical conditions, lack of time or interest (Fig. 1 ). A total of 165 (75.8% women) and 128 (72.7% women) participants in the intervention and control groups completed baseline assessment respectively. From baseline to 12 weeks, 33(20%) participants from the intervention group and 10(8%) participants from the control group withdrew, due to unrelated medical conditions, transportation or commitment issues. After 12 weeks, 132 (77.3% women) and 118 (72.9% women) participants started and completed the GT intervention and control phase, respectively, and had outcome data fo",,,
PMC8994906,35399053.0,10.1186/s12877-022-02888-w,The effects of vitamin D supplementation on frailty in older adults at risk for falls.,2022.0,BMC geriatrics,https://pubmed.ncbi.nlm.nih.gov/35399053/,original_high_confidence,exercise_plus_nutrition,The effects of vitamin D supplementation on frailty in older adults at risk for falls,include_primary_accessible,Community/home/primary-care frailty RCT confirmed by mined full-text fields,yes,yes,no,yes,yes,yes,yes,no,no,no,yes,frailty;gait_speed;grip_strength;falls;adherence;adverse_events,"supplementation on frailty using data from the Study To Understand Fall Reduction and Vitamin D in You (STURDY). Methods The STURDY trial, a two-stage Bayesian, response-adaptive, randomized controlled trial, enrolled 688 community-dwelling adults aged ≥ 70 years with a low serum 25(OH)D level (10–29 ng/mL) and elevated fall risk. Participants were initially randomize",gistration ClinicalTrials.gov: NCT02166333 . Supplementary Information The online version contains supplementary material available at 10.1186/s12877-022-02888-w. Keywords Frailty Nutrition supplementation Vitamin D3 Randomized controlled trial pmc-status-qastatus 0 pmc-status-live yes pmc-status-embargo no pmc-status-released yes pmc-prop-open-access yes pmc-prop-ol,"D3. Once the 1000 IU/d was selected as the best higher dose, other higher dose groups were reassigned to the 1000 IU/d group and new enrollees were randomized 1:1 to 1000 IU/d or control group. Data were collected at baseline, 3, 12, and 24 months. Frailty phenotype was based on number of the following conditions: unintentional weight loss, exhaustion, slowness, low act","Results Among 687 participants (mean age 77.1 ± 5.4, 44% women) with frailty assessment at baseline, 208 (30%) were robust, 402 (59%) were pre-frail, and 77 (11%) were frail. Overall, there was no significant difference in risk of frailty outcomes comparing the pooled higher doses (PHD; ≥ 1000 IU/d) vs. 200 IU/d. When comparing each higher dose vs. 200 IU/d, the 2000 IU/d group had nearly double the risk of worsening frailty status (HR = 1.89, 95% CI: 1.13–3.16), while the 4000 IU/d group had a lower risk of developing frailty (HR = 0.22, 95% CI: 0.05–0.97). There were no significant associations between vitamin D doses and frailty status in the analyses stratified by baseline serum 25(OH)D level.
Results The primary STURDY population consisted of 688 participants including 349 in the PHD group and 339 in the 200 IU/d dose group. In the burn-in cohort, 406 participants were randomized in each of three higher doses ( n = 67) or the control dose ( n = 205). A total of 687 participants had complete frailty assessment at baseline. The sample characteristics are displayed in Table 1 and a flow chart of the analytic sample is presented in Supplementary Fig. 1 . Table 1 Baseline characteristics by vitamin D treatment groups All ( N = 687) Primary Analysis Population ( N = 687) Burn-in cohort ( n = 405) b Control (200 IU/d) ( n = 339) Pooled Higher Doses (PHD) a ( n = 348) 200 IU/d ( n = 205) 1000 IU/d ( n = 66) 2000 IU/d ( n = 67) 4000 IU/d ( n = 67) Age (years), mean ± SD 77.1 ± 5.4 77.1 ± 5.4 77.2 ± 5.4 77.7 ± 5.6 76.4 ± 4.4 77.3 ± 4.6 79.1 ± 5.9 Sex , no. (%) Male 388 (56.5) 198 (58.4) 190 (54.6) 88 (42.9) 28 (42.4) 29 (43.3) 27 (40.3) Female 299 (43.5) 141 (41.6) 158 (45.4) 117 (57.1) 38 (57.6) 38 (56.7) 40 (59.7) Race , no. (%) c White 542 (79.7) 276 (82.4) 266 (77.1) 171",,,
PMC9245897,35771806.0,10.1002/14651858.cd010494.pub2,Mobility training for increasing mobility and functioning in older people with frailty.,2022.0,,https://europepmc.org/article/MED/35771806,expanded_accessible_search,exercise_only,Mobility training for increasing mobility and functioning in older people with frailty,include_primary_accessible,Community/home/primary-care frailty RCT confirmed by mined full-text fields,yes,yes,no,yes,yes,yes,yes,no,no,no,yes,frailty;sppb;adl;falls;quality_of_life;adverse_events,"ational Institutes of Health Ongoing Trials Register, and the World Health Organization International Clinical Trials Registry Platform (June 2021). Selection criteria We included randomised controlled trials (RCTs) evaluating the effects of mobility training on mobility and function in frail people aged 65+ years living in the community. We defined community as those","Organization's International Classification of Functioning, Disability and Health (ICF) defines mobility as: changing and maintaining a body position, walking, and moving. Common interventions used to increase mobility include functional exercises, such as sit‐to‐stand, walking, or stepping practice. Objectives To summarise the evidence for the benefits and safety of m","mobility). High‐certainty evidence showed that mobility training improves the level of mobility upon completion of the intervention period. The mean mobility score was 4.69 in the control group, and with mobility training, this score improved by 1.00 point (95% confidence interval (CI) 0.51 to 1.51) on the Short Physical Performance Battery (on a scale of 0 to 12; higher","Main results This review included 12 RCTs, with 1317 participants, carried out in 9 countries. The median number of participants in the trials was 97. The mean age of the included participants was 82 years. The majority of trials had unclear or high risk of bias for one or more items. All trials compared mobility training with a control intervention (defined as one that is not thought to improve mobility, such as general health education, social visits, very gentle exercise, or ""sham"" exercise not expected to impact on mobility). High‐certainty evidence showed that mobility training improves the level of mobility upon completion of the intervention period. The mean mobility score was 4.69 in the control group, and with mobility training, this score improved by 1.00 point (95% confidence interval (CI) 0.51 to 1.51) on the Short Physical Performance Battery (on a scale of 0 to 12; higher scores indicate better mobility levels) (12 studies, 1151 participants). This is a clinically significant change (minimum clinically important difference: 0.5 points; absolute improvement of 8% (4% higher to 13% higher); number needed to treat for an additional beneficial outcome (NNTB) 5 (95% CI 3.00 to 9.00)). This benefit was maintained at six months post‐intervention. Moderate‐certainty evidence (downgraded for inconsistency) showed that mobility training likely improves the level of functioning upon completion of the intervention. The mean function score was 86.1 in the control group, and with mobility training, this score improved by 8.58 points (95% CI 3.00 to 14.30) on the Barthel Index (on a scale of 0 to 100; higher scores indicate better functioning levels) (9 studies, 916 participants) (absolute improvement of 9% (3% higher to 14% higher)). This result did not reach clinical s",,,
PMC9320394,35887850.0,10.3390/jcm11144077,Frailty Status Improvement after 5-Month Multicomponent Program PROMUFRA in Community-Dwelling Older People: A Randomized Controlled Trial.,2022.0,,https://europepmc.org/article/MED/35887850,expanded_accessible_search,digital_home_unclear_intervention,Frailty Status Improvement after 5-Month Multicomponent Program PROMUFRA in Community-Dwelling Older People: A Randomized Controlled Trial,include_primary_accessible,Community/home/primary-care frailty RCT confirmed by mined full-text fields,yes,yes,no,yes,yes,yes,yes,no,no,yes,yes,frailty;gait_speed;grip_strength;falls;adherence;adverse_events,9320394 9320394 35887850 10.3390/jcm11144077 jcm-11-04077 1 Article Frailty Status Improvement after 5-Month Multicomponent Program PROMUFRA in Community-Dwelling Older People: A Randomized Controlled Trial https://orcid.org/0000-0003-4345-5251 Barrachina-Igual Joaquín 1 2 https://orcid.org/0000-0002-1915-9906 Pablos Ana 2 * https://orcid.org/0000-0002-2118-9792 Pére,sciplinary Digital Publishing Institute (MDPI) PMC9320394 PMC9320394.1 9320394 9320394 35887850 10.3390/jcm11144077 jcm-11-04077 1 Article Frailty Status Improvement after 5-Month Multicomponent Program PROMUFRA in Community-Dwelling Older People: A Randomized Controlled Trial https://orcid.org/0000-0003-4345-5251 Barrachina-Igual Joaquín 1 2 https://orcid.org/0000-0002-1,"etry, pain and muscle function parameters in frail and pre-frail community-dwelling older people. Eighty-one participants were randomly allocated to the intervention group (IG) or control group (CG). The IG performed PROMUFRA for 20 weeks, using six strength exercises with three series of 8–12 repetitions until muscular failure, and seven myofascial exercises, with one s","3. Results 3.1. Baseline Characteristics of Participants A group of 96 frail or pre-frail older adults voluntarily participated in this study. A total of 84.4% ( n = 81) completed the post-intervention test. Figure 1 shows the flow chart of the study participants. Table 1 describes the general characteristics of the participants in the two groups. Significant differences were found between the IG and CG in fat mass ( p = 0.025) and in knee extension ROM ( p = 0.012). 3.2. Kinanthropometry, Physical Frailty, and Muscle Function Parameters An interaction effect was observed in muscle mass, fat mass, skeletal muscle mass index, hip flexion with knee bending ROM and knee extension ROM, with a moderate effect size post-intervention ( Table 2 ). These interaction effects and simple effects can be seen in Figure 2 . Significant differences were found in the CG ( p < 0.05) for muscle mass, in the IG for skeletal muscle mass index (SMMI) ( p < 0.05), knee extension ROM ( p < 0.001) and hip flexion with knee straight ROM ( p < 0.01). Moreover, there were significant differences in fat mass ( p < 0.05) and knee extension ROM ( p < 0.05) at pre-intervention, and in fat mass ( p < 0.01) and hip flexion with bended knee ( p < 0.01) at post-intervention. After the intervention, a decrease in the mean number of frailty criteria was observed in favor of the intervention group. The frailty criteria number (FCN) were 2.34 (1.25) in the IG and 2.44 (1.02) in the CG ( p = 0.717) at baseline, versus 1.45 (1.28) in the IG and 2.09 (1.11) in the CG ( p = 0.026) after intervention. Simple effects showed that there were intra-group differences in the IG (0.89; 95% CI 0.56–1.22; p < 0.001). The FCN in the IG presented values lower than in the CG (0.64; 95% CI 0.07–1.21; p = 0.028) at the end of t",,,
PMC9634412,36341237.0,10.3389/fmed.2022.971497,Intrinsic capacity rather than intervention exposure influences reversal to robustness among prefrail community-dwelling older adults: A non-randomized controlled study of a multidomain exercise and nutrition intervention.,2022.0,Frontiers in medicine,https://pubmed.ncbi.nlm.nih.gov/36341237/,original_high_confidence,multidomain_exercise_nutrition,Intrinsic capacity rather than intervention exposure influences reversal to robustness among prefrail community-dwelling older adults: A non-randomized controlled study of a multidomain exercise and nutrition intervention,include_primary_accessible,Community/home/primary-care frailty RCT confirmed by mined full-text fields,yes,yes,yes,yes,yes,yes,yes,no,no,no,yes,frailty;gait_speed;sppb;grip_strength;adl;falls;quality_of_life;adherence,"22.971497 1 Medicine Original Research Intrinsic capacity rather than intervention exposure influences reversal to robustness among prefrail community-dwelling older adults: A non-randomized controlled study of a multidomain exercise and nutrition intervention Tay Laura 1 2 * Tay Ee-Ling 3 Mah Shi Min 3 Latib Aisyah 4 Ng Yee-Sien 2 5 1 Geriatric Medicine, Department o",iers in Medicine 2296-858X Frontiers Media SA PMC9634412 PMC9634412.1 9634412 9634412 36341237 10.3389/fmed.2022.971497 1 Medicine Original Research Intrinsic capacity rather than intervention exposure influences reversal to robustness among prefrail community-dwelling older adults: A non-randomized controlled study of a multidomain exercise and nutrition intervention T,"the Asian Working Group for Sarcopenia cut-offs. Participants who fulfilled operational criteria for prefrailty but declined enrolment in the intervention programme served as the control group. All participants completed baseline IC assessment: locomotion (Short Physical Performance Battery, 6-minute walk test), vitality (nutritional status, muscle mass), sensory (self-","Results Of 81 participants (70.0 ± 6.6 years, 79.0% female), 52 participants (64.2%) were enrolled in the multi-domain intervention, and 29 participants (35.8%) who declined intervention constituted the control group. There was no difference in age, gender and baseline composite IC between groups. Reversal to robustness at 1-year was similar between intervention and control groups (30.8% vs. 44.8% respectively, p = 0.206). Reduced prevalence of depression was observed among participants in the intervention group at 1-year relative to baseline (7.8% vs. 23.1%, p = 0.022). In multiple logistic regression, intervention had no effect on prefrailty reversal, while higher composite IC exhibited reduced likelihood of remaining prefrail at 1-year (OR = 0.67, 95% CI 0.45–1.00, p = 0.049).
Results Among 209 participants with complete IC data and meeting operational criteria for prefrailty, only 81 were available for 1-year follow-up owing to restrictions imposed by the COVID-19 pandemic. Fifty two participants (64.2%) were enrolled in the multi-domain exercise and nutritional intervention programme, and 29 participants (35.8%) who declined intervention constituted the control group. There was no difference in age and composite IC score between participants who attended 1-year review compared with those who were excluded, although male participants were more likely to have been excluded albeit not statistically significant (21.0% vs. 32.8%, p = 0.064). Median attendance at group-based exercise and nutritional sessions was 72.7% (interquartile range: 18.2–81.8). Weekly exercise target was achieved only for 5 (interquartile range: 1–9) weeks over the intervention period. Baseline characteristics Intervention and control group participants were similar in age, gender, education level",,,
PMC9799251,36580558.0,10.1093/ageing/afac303,Effects of a 12-week Vivifrail exercise program on intrinsic capacity among frail cognitively impaired community-dwelling older adults: secondary analysis of a multicentre randomised clinical trial.,2022.0,,https://europepmc.org/article/MED/36580558,expanded_accessible_search,multicomponent_exercise,Effects of a 12-week Vivifrail exercise program on intrinsic capacity among frail cognitively impaired community-dwelling older adults: secondary analysis of a multicentre randomised clinical trial,include_primary_accessible,Community/home/primary-care frailty RCT confirmed by mined full-text fields,yes,yes,no,yes,yes,yes,yes,no,no,yes,yes,frailty;gait_speed;sppb;grip_strength;falls;quality_of_life;adherence;adverse_events,"eing/15 Effects of a 12-week Vivifrail exercise program on intrinsic capacity among frail cognitively impaired community-dwelling older adults: secondary analysis of a multicentre randomised clinical trial https://orcid.org/0000-0002-2507-6015 Sánchez-Sánchez Juan Luis Gérontopôle de Toulouse, Institut du Vieillissement, Centre Hospitalier Universitaire de Toulouse ,",Press PMC9799251 PMC9799251.1 9799251 9799251 36580558 10.1093/ageing/afac303 afac303 1 Research Paper AcademicSubjects/MED00280 ageing/19 ageing/15 Effects of a 12-week Vivifrail exercise program on intrinsic capacity among frail cognitively impaired community-dwelling older adults: secondary analysis of a multicentre randomised clinical trial https://orcid.org/000,"tia were recruited in the Geriatric clinics of three tertiary hospitals in Spain. Subjects were randomised to participate in the 12-week home-based individualised Vivifrail MCE or usual care. An IC index was created based on the z -score of the locomotion (Short Physical Performance Battery), cognitive (Montreal Cognitive Assessment), psychology (15-item Geriatric Dep","Results After the 3-month intervention, linear mixed models showed significant between-group differences in the evolution of the IC composite score (β=0.48; 95% confidence interval [CI] = 0.24, 0.74; P < 0.001), IC Locomotion (β = 0.42; 95% CI = 0.10, 0.74; P < 0.001), IC Cognition (β = 0.45; 95% CI = 0.03, 0.87; P < 0.05) and IC Vitality domains (β = 0.50; 95% CI = 0.25, 0.74 at 3-month) favouring the MCE group.
Results Characterisation of the sample One hundred and eighty-eight subjects were included in the present study (mean age [SD] = 84.06 ± 4.77; 70.2% [ n = 132] women). Demographic and clinical characteristics of the sample are displayed in Table 1 . Mean adherence to the intervention in the VG was 79% in the first month and 68% in the following 2 months. No adverse effects were reported by the participants nor their proxies during the follow-up. Evolution on IC and IC domains according to randomisation group After the 3-month intervention, we found significant differences in the evolution of the IC composite score favouring the VG (β = 0.48; 95% confidence interval [CI] = 0.24, 0.74; P < 0.001). Regarding the analyses on the individual IC domains, a better evolution in the IC Locomotion (both at 1- [β = 0.36; 95% CI = 0.21, 0.51; P < 0.001] and 3-month time-points [β = 0.42; 95% CI = 0.10, 0.; P < 0.001]), IC Cognition (at 1- [β = 0.33; 95% CI = 0.01, 0.65; P < 0.05] and 3-month time-points [β = 0.45; 95% CI = 0.03, 0.87; P < 0.05]) and IC Vitality domains (β = 0.50; 95% CI = 0.25, 0.74 at 3-month time-points) was displayed by the VG compared to subjects in the CG. No significant differences were found in the evolution of the IC Psychology domain between the VG and the CG. The sensory domain logistic regression analyses did not reveal differences on the risk of",,,
