pmid,pmcid,doi,title,authors,year,journal,abstract,source,url,dedupe_key,screen_decision,reason,fulltext_priority,priority_reason
39990981,PMC11846533,10.2147/CIA.S494781,Effect of Exercise and Nutrition Intervention for Older Adults with Impaired Physical Function with Preserved Muscle Mass (Functional Sarcopenia): A Randomized Controlled Trial.,Ji S; Baek JY; Go J; Lee CK; Yu SS; Lee E; Jung HW; Jang IY,2025,Clinical interventions in aging,"Functional sarcopenia is characterized by decreased physical performance and grip strength despite preserved muscle mass. The effectiveness of a program combining exercise and nutritional support-known interventions for individuals with low muscle mass-was evaluated for its impact on older adults with functional sarcopenia. An unblinded, parallel-group randomized controlled trial was conducted in a public medical center in a rural Korean community. Eligible older adults with functional sarcopenia were randomized into either the intervention group, receiving a 12-week program of group exercises and nutritional support, or the control group, receiving education on lifestyle management. Outcomes measured included changes in gait speed, grip strength, physical performance, and quality of life indices. The study enrolled 42 participants, with 21 allocated to each group. Compared with the control group, the intervention group showed significant improvements in the primary outcome of gait speed (mean change (m/s) 0.24 vs 0.00, p<0.001) and secondary outcomes, such as Short Physical Performance Battery scores, grip strength, and quality of life. No significant adverse events were reported. The 12-week exercise and nutritional intervention significantly enhanced physical performance, grip strength, and quality of life among community-dwelling older adults with functional sarcopenia. This suggests that strategies commonly recommended for sarcopenia, including exercise and nutritional support, are also beneficial for individuals with functional sarcopenia, indicating the potential for broader application of such interventions.",PubMed,https://pubmed.ncbi.nlm.nih.gov/39990981/,doi:10.2147/cia.s494781,include_title_abs,Potential eligible RCT at title/abstract stage,C_sarcopenia_secondary,Community sarcopenia RCT; secondary stratum
39854716,PMC11806269,10.2196/67846,A 4-Week Mobile App-Based Telerehabilitation Program vs Conventional In-Person Rehabilitation in Older Adults With Sarcopenia: Randomized Controlled Trial.,Zhang L; Ge Y; Zhao W; Shu X; Kang L; Wang Q; Liu Y,2025,Journal of medical Internet research,"Sarcopenia is closely associated with a poor quality of life and mortality, and its prevention and treatment represent a critical area of research. Resistance training is an effective treatment for older adults with sarcopenia. However, they often face challenges when receiving traditional rehabilitation treatments at hospitals. We aimed to compare the effects of a digital rehabilitation program with those of traditional therapist-supervised rehabilitation training on older adults with sarcopenia. In total, 58 older adults with sarcopenia were recruited offline and randomized (1:1) into 2 groups: the telerehabilitation group (TRG, n=29, 50%) and the in-person rehabilitation group (IRG, n=29, 50%). Both groups underwent 4-week resistance training targeting 6 major muscle groups. The TRG received exercise guidance via a mobile app, while the IRG received in-person training from a therapist. Offline assessments of body composition, grip strength, and balance using the 30-Second Arm Curl Test (30SACT), 30-Second Sitting-to-Rising Test (30SSRT), quadriceps femoris extension peak torque (EPT) and extension total power (ETP), Berg Balance Scale (BBS), Timed Up-and-Go Test (TUGT), 6-Minute Walk Test (6MWT), and Instrumental Activities of Daily Living (IADL) scale, were conducted before and after the intervention. Of the 58 patients, 51 (88%; TRG: n=24, 47%; IRG: n=27, 53%) completed the trial. After 4 weeks of intervention, the mean grip strength increased from 18.10 (SD 5.56) to 19.92 (SD 5.90) kg in the TRG (P=.02) and from 18.59 (SD 5.95) to 19.59 (SD 6.11) kg in the IRG (P=.01). The 30SACT and 30SSRT scores increased from 12.48 (SD 2.68) to 14.94 (SD 3.68) times (P=.01) and from 15.16 (SD 7.23) to 16.58 (SD 8.42) times (P=.045), respectively, in the TRG and from 12.25 (SD 4.19) to 14.68 (SD 4.36) times (P=.003) and from 14.31 (SD 4.04) to 16.25 (SD 4.91) times (P=.01), respectively, in the IRG. The quadriceps femoris EPT increased from 26.19 (SD 10.26) to 35.00 (SD 13.74) Nm (P=.004) in the TRG and from 26.95 (SD 11.81) to 32.74 (SD 12.33) Nm (P=.003) in the IRG. The BBS scores significantly improved in both groups (P<.001), with the mean TRG score increasing by 3.19 (SD 2.86) points and the mean IRG score by 3.06 (SD 2.44) points. Neither group exhibited significant within-group changes on the TUGT or the 6MWT. Both groups reported significant improvements in the IADL (TRG: P=.04; IRG: P=.02). Between-group comparisons revealed no significant differences in changes in all indicators. A 4-week remote resistance training program is effective in improving strength, balance, and the IADL in older adults with sarcopenia, with effects comparable to rehabilitation supervised by a physical therapist. Telerehabilitation may be a convenient and effective alternative for older adults with sarcopenia who have limited access to rehabilitation resources. ChiCTR 2300071648; https://www.chictr.org.cn/showprojEN.html?proj=196313.",PubMed,https://pubmed.ncbi.nlm.nih.gov/39854716/,doi:10.2196/67846,include_title_abs,Potential eligible RCT at title/abstract stage,C_sarcopenia_secondary,Community sarcopenia RCT; secondary stratum
41371252,PMC12695133,10.1002/jcsm.70163,Efficacy of Baduanjin Exercise for Sarcopenia in Older Adults: A 24-Week Randomized Controlled Trial.,Wu K; Chen X; Long K; Yue S; Li W; Duan X; Zhang J; Liu T; Chen Y; Ye KX,2025,"Journal of cachexia, sarcopenia and muscle","Sarcopenia, a condition characterized by a substantial reduction in muscle mass and decreased muscle function, is a common degenerative condition in older adults. Regular Baduanjin exercise (BE) is deemed an effective intervention for improving muscle function in older adults. It is a traditional Chinese practice of qigong that combines gentle exercise, breathing techniques and meditation, in the elderly population. However, randomized controlled trials on the efficacy of BE in preventing and treating sarcopenia among older adults remain limited. The aim of our study was to assess the efficacy of a systematic BE regimen based on the short physical performance battery (SPPB) in managing sarcopenia. By establishing a clear link between BE and improvements in muscle function, this study reveals valuable insights into nonpharmacological strategies for the prevention and treatment of sarcopenia. This is a 24-week randomized controlled trial involving 90 participants aged 60-77 years who were diagnosed with primary sarcopenia. The participants were randomly assigned by SAS software to either BE or a resistance training (RT) group. Both groups undertook their respective training under professional supervision from July 2022 to August 2023 in Chengdu, China. The intervention consisted of 60-minute sessions, three times a week for 24 weeks. Participants were evaluated at baseline, Week 12 (midintervention) and Week 24 (postintervention) using the primary outcome measure, SPPB, along with secondary indicators, including limb muscle mass, two-handed grip strength and other indicators, which were analysed using a generalized estimating equation (GEE) model. Generalized estimating equations were used to assess 24-week postintervention effects. Among the entire group, which consisted of 13 males and 77 females, significant differences (p < 0.05) were noted between the BE and RT in several measures: SPPB scores (B = 1.94 [95% CI, 1.20-2.68]), balance (B = 0.76 [95% CI, 0.31-1.22]), lower limb strength (B = 0.75 [95% CI, 0.25 to 1.24]), gait speed (B = 0.41 [95% CI, 0.01-0.81]), skeletal muscle index (SMI) (B = 0.37 [95% CI, 0.25-0.50]), left leg muscle mass (B = 0.38 [95% CI, 0.23-0.52]), right leg muscle mass (B = 0.34 [95% CI, 0.17-0.51]) and right hand grip strength (B = 1.56 [95% CI, 1.13-1.99]). No significant differences were found in the muscle mass of the left arm, right arm or left handgrip strength or in the results of the 6-m walk test. Regular BE markedly improved muscle function and increased muscle mass in older adults with sarcopenia, indicating a safe and effective exercise for sarcopenia management. BE, which was tailored using the short physical performance battery assessment, offers a valuable approach to help prevent and treat sarcopenia in older adults. Future research should investigate the long-term effects of varying BE intensities and frequencies in individuals with sarcopenia. Chinese Clinical Trial Registry (ChiCTR2100051871).",PubMed,https://pubmed.ncbi.nlm.nih.gov/41371252/,doi:10.1002/jcsm.70163,include_title_abs,Potential eligible RCT at title/abstract stage,C_sarcopenia_secondary,Community sarcopenia RCT; secondary stratum
40937507,PMC12426612,10.1002/jcsm.70060,Enhancing Muscle Quality: Exploring Leucine and Whey Protein in Sarcopenic Individuals.,Ijaz A; Ain HBU; Tufail T; Mariam R; Noreen S; Amjad A; Ikram A; Arshad MT; Abdullahi MA,2025,"Journal of cachexia, sarcopenia and muscle","Sarcopenia is characterised by a decline in the skeletal muscle mass with increasing age. This poses many challenges to the health and independence of older individuals. New and emerging studies have focused on supplementing leucine-enriched whey protein and resistance training in older adults to mitigate the effects of sarcopenia, including significant muscle mass loss. This study aimed to comprehensively analyse the current literature regarding the beneficial effects of leucine-enriched whey protein supplementation in older adults. This article systematically reviewed randomised controlled trials, longitudinal studies, and meta-analyses published between 2011 and 2024. The biochemical mechanisms underlying the anabolic properties of leucine, including its role in protein synthesis and mTOR signalling pathways, were explored to elucidate its potential to enhance muscle protein accretion. Findings from the reviewed studies indicate that the combined intervention of leucine-enriched whey protein supplementation and resistance training elicits favourable outcomes regarding increased lean muscle mass, muscle strength and physical performance in older adults with sarcopenia. The potential of leucine-enriched whey protein to mitigate muscle protein breakdown is discussed along with its potential synergistic effects with resistance exercise to optimise muscle adaptation. Future research directions, including investigations of optimal dosing regimens, long-term sustainability and potential contraindications, are proposed to enhance the precision and applicability of this intervention strategy. Leucine-enriched whey protein supplementation combined with resistance training is beneficial in addressing sarcopenia in older adults. This review consolidates the current understanding of this intervention, highlights its potential benefits and provides insights for future research and clinical applications in geriatric muscle health.",PubMed,https://pubmed.ncbi.nlm.nih.gov/40937507/,doi:10.1002/jcsm.70060,include_title_abs,Potential eligible RCT at title/abstract stage,C_sarcopenia_secondary,Community sarcopenia RCT; secondary stratum
39621937,PMC11587998,10.2196/58175,Quantifying the Enhancement of Sarcopenic Skeletal Muscle Preservation Through a Hybrid Exercise Program: Randomized Controlled Trial.,Guo H; Cao J; He S; Wei M; Meng D; Yu I; Wang Z; Chang X; Yang G; Wang Z,2024,JMIR aging,"Sarcopenia is characterized by the loss of skeletal muscle mass and muscle function with increasing age. The skeletal muscle mass of older people who endure sarcopenia may be improved via the practice of strength training and tai chi. However, it remains unclear if the hybridization of strength exercise training and traditional Chinese exercise will have a better effect. We designed a strength training and tai chi exercise hybrid program to improve sarcopenia in older people. Moreover, explainable artificial intelligence was used to predict postintervention sarcopenic status and quantify the feature contribution. To assess the influence of sarcopenia in the older people group, 93 participated as experimental participants in a 24-week randomized controlled trial and were randomized into 3 intervention groups, namely the tai chi exercise and strength training hybrid group (TCSG; n=33), the strength training group (STG; n=30), and the control group (n=30). Abdominal computed tomography was used to evaluate the skeletal muscle mass at the third lumbar (L3) vertebra. Analysis of demographic characteristics of participants at baseline used 1-way ANOVA and χ2 tests, and repeated-measures ANOVA was used to analyze experimental data. In addition, 10 machine-learning classification models were used to calculate if these participants could reverse the degree of sarcopenia after the intervention. A significant interaction effect was found in skeletal muscle density at the L3 vertebra, skeletal muscle area at the L3 vertebra (L3 SMA), grip strength, muscle fat infiltration, and relative skeletal muscle mass index (all P values were <.05). Grip strength, relative skeletal muscle mass index, and L3 SMA were significantly improved after the intervention for participants in the TCSG and STG (all P values were <.05). After post hoc tests, we found that participants in the TCSG experienced a better effect on L3 SMA than those in the STG and participants in the control group. The LightGBM classification model had the greatest performance in accuracy (88.4%), recall score (74%), and F1-score (76.1%). The skeletal muscle area of older adults with sarcopenia may be improved by a hybrid exercise program composed of strength training and tai chi. In addition, we identified that the LightGBM classification model had the best performance to predict the reversion of sarcopenia.",PubMed,https://pubmed.ncbi.nlm.nih.gov/39621937/,doi:10.2196/58175,include_title_abs,Potential eligible RCT at title/abstract stage,C_sarcopenia_secondary,Community sarcopenia RCT; secondary stratum
39913030,PMC11802700,10.1007/s40520-025-02935-7,Effects of 12-month physical and cognitive training on sarcopenia determinants in older adults: a subgroup analysis of a randomised clinical trial.,Hämäläinen OO; Savikangas TM; Tirkkonen AK; Alén MJ; Hautala AJ; Sipilä S,2025,Aging clinical and experimental research,"Low physical activity is a major risk for sarcopenia. Whether training according to physical activity guidelines accompanied with cognitive training is effective on sarcopenia, remains unclear. We investigated whether the effects of 12-month physical and cognitive training (PTCT) and physical training (PT) on grip and knee extension strength, muscle mass, and walking speed differed between older adults with and without sarcopenia. Community-dwelling older adults (N = 314, mean age 74.5 ± 3.8 years, 60% women) who did not meet physical activity guidelines were randomized to PTCT and PT groups. PT for both groups included supervised and home-based multicomponent physical training. Cognitive training (CT) included computer-based exercises for executive functioning. Sarcopenia was determined according to the European Working Group on Sarcopenia in Older People 2019 criteria. Generalized estimation equation analysis were conducted. Compared to PT, PTCT had no additive effect on strength, muscle mass, or walking speed in participants with or without sarcopenia. In pooled data (PT + PTCT) change in the grip strength was greater in sarcopenia (n = 49) group compared to non-sarcopenia (n = 264) group (interaction, p =.014). Both groups improved knee extension strength, and walking speed, but no statistically significant difference between the groups were observed. Muscle mass did not change in either group. Physical training according to physical activity recommendations improves muscle strength, walking speed, and maintains muscle mass in sarcopenia. Additional cognitive training had no benefits on these outcomes. ISRCTN52388040 and date of registration 20/1/2017.",PubMed,https://pubmed.ncbi.nlm.nih.gov/39913030/,doi:10.1007/s40520-025-02935-7,include_title_abs,Potential eligible RCT at title/abstract stage,C_sarcopenia_secondary,Community sarcopenia RCT; secondary stratum
26694694,,10.1016/j.gerinurse.2015.11.001,Impact of resistance training on sarcopenia in nursing care facilities: A pilot study.,Hassan BH; Hewitt J; Keogh JW; Bermeo S; Duque G; Henwood TR,2016,"Geriatric nursing (New York, N.Y.)","The impact of progressive resistance training on sarcopenia among very old institutionalized adults was investigated. Residents of Nursing Care Facilities were included in a controlled trial of twice weekly resistance and balance exercise program for six months (Age: 85.9 ± 7.5 years, Time in care: 707.1 ± 707.5 days, N = 21 per group). Sarcopenia was measured based on the European Working Group on Sarcopenia in Older People criteria. Of the recruited 42 participants, 35.7% had sarcopenia at baseline, with prevalence increasing in the control group post-intervention (42.9%-52.4%). Following training, the exercise group experienced a significant increase in grip strength when compared to controls (p = .02), and a within-group decrease in body mass index and increase in grip strength (p ≤ .007). Resistance and balance exercise has positive benefits for older adults residing in a nursing care facilities which may transfer to reduce disability and sarcopenia transition, but more work is needed to ensure improved program uptake among residents.",PubMed,https://pubmed.ncbi.nlm.nih.gov/26694694/,doi:10.1016/j.gerinurse.2015.11.001,include_title_abs,Potential eligible RCT at title/abstract stage,C_sarcopenia_secondary,Community sarcopenia RCT; secondary stratum
33103379,PMC7749597,10.1002/jcsm.12634,Blended home-based exercise and dietary protein in community-dwelling older adults: a cluster randomized controlled trial.,van den Helder J; Mehra S; van Dronkelaar C; Ter Riet G; Tieland M; Visser B; Kröse BJA; Engelbert RHH; Weijs PJM,2020,"Journal of cachexia, sarcopenia and muscle","Effective and sustainable interventions are needed to counteract the decline in physical function and sarcopenia in the growing aging population. The aim of this study was to determine the 6 and 12 month effectiveness of blended (e-health + coaching) home-based exercise and a dietary protein intervention on physical performance in community-dwelling older adults. This cluster randomized controlled trial allocated 45 clusters of older adults already engaged in a weekly community-based exercise programme. The clusters were randomized to three groups with ratio of 16:15:14; (i) no intervention, control (CON); (ii) blended home-based exercise intervention (HBex); and (iii) HBex with dietary protein counselling (HBex-Pro). Both interventions used a tablet PC with app and personalized coaching and were targeting on behaviour change. The study comprised coached 6 month interventions with a 6 month follow-up. The primary outcome physical performance was assessed by modified Physical Performance Test (m-PPT). Secondary outcomes were gait speed, physical activity level (PAL), handgrip muscle strength, protein intake, skeletal muscle mass, health status, and executive functioning. Linear mixed models of repeated measured were used to assess intervention effects at 6 and 12 months. The population included 245 older adults (mean age 72 ± 6.5 (SD) years), 71% female, and 54% co-morbidities observed. Dropout of the intervention was 18% at 6 months and 26% at 12 months. Participants were well functioning, based on an m-PPT score of 33.9 (2.8) out of 36. For the primary outcome m-PPT, no significant intervention effects (HBex, +0.03, P = 0.933; HBex-Pro, -0.13, P = 0.730) were found. Gait speed (+0.20 m/s, P = 0.001), PAL (+0.06, P = 0.008), muscle strength (+2.32 kg, P = 0.001), protein intake (+0.32 g/kg/day, P < 0.001), and muscle mass (+0.33 kg, P = 0.017) improved significantly in the HBex-Pro group compared with control group after 6 month intervention. The protein intake, muscle mass, and strength remained significantly improved after 12 months as compared with those of control. Health change and executive functioning improved significantly in both intervention groups after 6 months. This HBex and dietary protein interventions did not change the physical performance (m-PPT) in community-dwelling older adults. Changes were observed in gait speed, PAL, muscle mass, strength, and dietary protein intake, in response to this combined intervention.",PubMed,https://pubmed.ncbi.nlm.nih.gov/33103379/,doi:10.1002/jcsm.12634,include_title_abs,Potential eligible RCT at title/abstract stage,C_sarcopenia_secondary,Community sarcopenia RCT; secondary stratum
32397192,PMC7291119,10.3390/jcm9051386,Effects of a Multicomponent Exercise Program in Physical Function and Muscle Mass in Sarcopenic/Pre-Sarcopenic Adults.,Makizako H; Nakai Y; Tomioka K; Taniguchi Y; Sato N; Wada A; Kiyama R; Tsutsumimoto K; Ohishi M; Kiuchi Y,2020,Journal of clinical medicine,"This study aimed to assess the effects of a multicomponent exercise program on physical function and muscle mass in older adults with sarcopenia or pre-sarcopenia. Moreover, we aim to standardize the exercise program for easy incorporation in the daily life of community-dwelling older adults as a secondary outcome. A single-blind randomized controlled trial was conducted with individuals (≥60 years) who had sarcopenia or pre-sarcopenia (n = 72). Participants were randomly assigned to the exercise and control groups. The exercise program consisted of 12 weekly 60-minute sessions that included resistance, balance, flexibility, and aerobic training. Outcome measures were physical function and muscle mass. Assessments were conducted before and immediately after the intervention. Among the 72 participants (mean age: 75.0 ± 6.9 years; 70.8% women), 67 (93.1%) completed the trial. Group-by-time interactions on the chair stand (p = 0.02) and timed ""up and go"" (p = 0.01) tests increased significantly in the exercise group. Although the exercise group showed a tendency to prevent loss of muscle mass, no significant interaction effects were observed for cross-sectional muscle area and muscle volume. The 12-week exercise program improved physical function in the intervention group. Although it is unclear whether the program is effective in increasing muscle mass, a multicomponent exercise program would be an effective treatment for physical function among older adults with sarcopenia.",PubMed,https://pubmed.ncbi.nlm.nih.gov/32397192/,doi:10.3390/jcm9051386,include_title_abs,Potential eligible RCT at title/abstract stage,C_sarcopenia_secondary,Community sarcopenia RCT; secondary stratum
38500043,PMC10946144,10.1186/s12877-024-04860-2,Effects of oral oligopeptide preparation and exercise intervention in older people with sarcopenia: a randomized controlled trial.,Liao X; Cheng D; Li J; Zhu L; Zhang S; Jing X; Shi L,2024,BMC geriatrics,"Nutrition and exercise are important interventions for sarcopenia. There were few studies on oral oligopeptide nutrition preparations combined with exercise to intervene in the older people with sarcopenia. The aim of this study was to verify the effectiveness of oligopeptide nutrition preparation combined with exercise intervention on the older people with sarcopenia in community. A total of 219 subjects aged 65 years or older with sarcopenia were randomly divided into 4 groups. The nutrition group (n = 58) was given individualized nutrition education and oral oligopeptide nutrition preparation. The exercise group (n = 50) received exercise intervention. The combined group (n = 52) received both oral nutrition preparation and exercise interventions. The control group (n = 59) only received individualized nutrition education. The nutrition preparation can provide energy 185kcal and protein 24.2g per day. The exercise intervention including warm-up exercise, resistance exercise and aerobic exercise, the training time was 60min for 5 times every week. The intervention lasted for 16 weeks. Hand grip strength, gait speed, body composition and hematology parameters were measured before and after intervention. A total of 159 subjects completed the study. Compared with baseline, the left grip strength and 6-m walking speed of the subjects in nutrition group increased significantly after the intervention, and the grip strength of both hands in exercise group and combined group increased significantly. The body weight of the subjects in nutrition group, exercise group and combined group increased significantly after intervention, but no increase in soft lean mass (SLM) and skeletal muscle mass (SMM) was observed in any of the four groups. The fat-free mass (FFM) of the legs of the control group, exercise group and nutrition group decreased after intervention, and only the FFM of the legs of the combined group maintained the level before the intervention. Both oral peptide nutrition and exercise interventions can improve the muscle strength or function of the older people with sarcopenia. However, there were no increases in muscle mass observed. ChiCTR, ChiCTR2100052135. Registered 20 October 2021, https://www.chictr.org.cn/showproj.html?proj=135743.",PubMed,https://pubmed.ncbi.nlm.nih.gov/38500043/,doi:10.1186/s12877-024-04860-2,include_title_abs,Potential eligible RCT at title/abstract stage,C_sarcopenia_secondary,Community sarcopenia RCT; secondary stratum
38171034,,10.1016/j.archger.2023.105323,"Supplementation with β-hydroxy-β-methylbutyrate after resistance training in post-acute care patients with sarcopenia: A randomized, double-blind placebo-controlled trial.",Meza-Valderrama D; Sánchez-Rodríguez D; Messaggi-Sartor M; Muñoz-Redondo E; Morgado-Pérez A; Tejero-Sánchez M; De Jaime-Gil E; Leiva-Banuelos N; Marco E,2024,Archives of gerontology and geriatrics,"This study aimed to evaluate the efficacy of adding β-hydroxy-β- methylbutyrate (HMB) supplementation to a 12-week exercise-based rehabilitation program in older adults with sarcopenia after discharge from a post-acute geriatric rehabilitation unit. A randomized, double-blind, placebo-controlled trial with two parallel groups. The intervention group received 3 g/day of Ca-HMB and participated in a 12- week resistance training program (3 sessions/week). The control group received a placebo and followed the same training program. The primary outcomes were the improvements of handgrip strength and physical performance assessed through the Short Physical Performance Battery (SPPB) and 4-meter gait speed; and handgrip strength. All variables were assessed at baseline, post-intervention, and 1-year follow-up. After completing the 12-week exercise program, the intervention group showed significant improvements in SPPB-Balance (1.3, 95 %CI 0.3 to 2.4) and total SPPB score (2.2, 95 %CI 0.4 to 4.0). Intra-group analysis demonstrated gains in the SPPB-Chair Stand (0.7 points, 95 %CI 0.0 to 1.4) and total SPPB score (2.1 points, 95 %CI 0.3 to 3.9) in the intervention group. Improvements in handgrip strength were observed in women (3.7 kg, 95 %CI: 0.2 to 7.3) at the end of the intervention, and persisted at the 1-year follow-up. Our findings suggest that the supplementation of 3 g/day of Ca-HMB with resistance exercise may significantly enhance muscle strength and physical performance among older women with sarcopenia after recent hospitalization. Given this study's limitations, the intervention's effectiveness cannot be drawn, and further studies are needed.",PubMed,https://pubmed.ncbi.nlm.nih.gov/38171034/,doi:10.1016/j.archger.2023.105323,include_title_abs,Potential eligible RCT at title/abstract stage,C_sarcopenia_secondary,Community sarcopenia RCT; secondary stratum
38176122,,10.1016/j.archger.2023.105317,Self-determined sequence exercise program for elderly with sarcopenia: A Randomized controlled trial with clinical assistance from explainable artificial intelligence.,He S; Wei M; Meng D; Wang Z; Yang G; Wang Z,2024,Archives of gerontology and geriatrics,"To improve and even reverse sarcopenia in elderly people, this study developed a self-determined sequence exercise program consisting of strength training exercise, Yijinjing exercise (a traditional Chinese exercise), and hybrid strength training with Yijinjing exercise. Ninety-four community-dwelling older adults screened for sarcopenia using the Asian Working Group for Sarcopenia criteria were randomly assigned to 24 weeks of a control group (CG, n = 30), self-determined sequence exercise program group (SDSG, n = 34) or strength training group (STG, n = 30). The study examined the effects of three interventions on participantsL3 skeletal muscle fat density, L3 skeletal muscle fat area, L3 skeletal muscle density, L3 skeletal muscle area, muscle fat infiltration, relative skeletal muscle mass index, and grip strength using a repeated-measures ANOVA to evaluate the experimental data. To evaluate the real effect of this model in reversing sarcopenia after the intervention, nine classification models were trained. Significant interaction effects were observed with grip strength, RSMI, L3 SMD, and L3 SMA. At the 24th week, participants' grip strength, L3 SMFA, L3 SMA, and RSMI were improved significantly in the SDSG and STG. The SDSG achieved significantly greater RSMI and grip strength than the STG and CG after the intervention. The self-determined sequence exercise program exhibited better performance than the single type of exercise modality in reversing sarcopenia and improving older adults' skeletal muscle area. Consequently, the stacking model is feasible to make a prediction as to whether or not sarcopenia may be reversed in older adults.",PubMed,https://pubmed.ncbi.nlm.nih.gov/38176122/,doi:10.1016/j.archger.2023.105317,include_title_abs,Potential eligible RCT at title/abstract stage,C_sarcopenia_secondary,Community sarcopenia RCT; secondary stratum
31734121,,10.1016/j.jamda.2019.09.006,Effect of Protein Supplementation on Physical Performance in Older People With Sarcopenia-A Randomized Controlled Trial.,Björkman MP; Suominen MH; Kautiainen H; Jyväkorpi SK; Finne-Soveri HU; Strandberg TE; Pitkälä KH; Tilvis RS,2020,Journal of the American Medical Directors Association,"To test the long-term effects of whey-enriched protein supplementation on muscle and physical performance. A 12-month randomized controlled double blind trial with a 43-month of post-trial follow-up. Porvoo, Finland. A total of 218 older (>74 years of age) community-dwelling people with sarcopenia. (1) Control with no supplementation; (2) isocaloric placebo; and (3) 20 g × 2 whey-enriched protein supplementation. All participants were given instructions on home-based exercise, dietary protein, and vitamin D supplementation of 20 μg/d. Physical performance was assessed by short physical performance battery and continuous summary physical performance scores. Hand grip strength and calf intracellular resistance based skeletal muscle index were measured by bioimpedance spectroscopy. The measurements were performed at 0, 6, and 12 months. The post-trial follow-up was performed by a postal questionnaire and national census record data. The participants were older (75-96 years of age) and mostly women (68%). The test supplements had no significant effects on physical performance; the 12-month changes for short physical performance battery were -0.55, -.05, and 0.03 points in control, isocaloric, and protein groups (P = .17), respectively. The changes in continuous summary physical performance scores were similar between the intervention groups (P = .76). The hand grip strength decreased significantly in all intervention groups, and the 12-month changes in calf intracellular resistance-based skeletal muscle index were minor and there were no differences between the intervention groups. One-half of the patients (56%) in both supplement groups reported mild gastrointestinal adverse effects. Differences were found neither in the all-cause mortality nor physical functioning in the post-trial follow-up. The whey-enriched protein supplementation in combination with low intensity home-based physical exercise did not attenuate the deterioration of muscle and physical performance in community-dwelling older people with sarcopenia.",PubMed,https://pubmed.ncbi.nlm.nih.gov/31734121/,doi:10.1016/j.jamda.2019.09.006,include_title_abs,Potential eligible RCT at title/abstract stage,C_sarcopenia_secondary,Community sarcopenia RCT; secondary stratum
38032288,PMC10713395,10.18632/aging.205254,"Enhanced serum levels of tumor necrosis factor-α, interleukin-1β, and -6 in sarcopenia: alleviation through exercise and nutrition intervention.",Chang KV; Wu WT; Chen YH; Chen LR; Hsu WH; Lin YL; Han DS,2023,Aging,"Limited research has been conducted on the post-intervention inflammatory status in sarcopenic patients, despite previous studies revealing elevated pro-inflammatory markers. This study aimed to investigate the potential elevation of specific pro-inflammatory cytokines in sarcopenic patients and evaluate the effects of exercise and nutritional support interventions on these cytokine levels. In this post-hoc analysis of a randomized controlled trial (RCT), 57 individuals with sarcopenia from the RCT and 57 non-sarcopenic participants from the same geriatric community cohort that did not participate in the RCT were enrolled. Grip strength and body composition measurements were recorded. Tumor necrotizing factor (TNF)-α, interleukin (IL)-1β, IL-6, and IL-15 levels were assessed at baseline for both groups and after a 12-week intervention consisting of resistive exercise and supplementation with branched-chain amino acids, calcium, and vitamin D3 in the patients with sarcopenia. The sarcopenic group demonstrated significantly lower body weight, body mass index, grip strength, and skeletal muscle mass index. Moreover, sarcopenic patients exhibited higher levels of TNF-α (p=0.007), IL-1β (p<0.001), and IL-6 (p<0.001), while no significant difference was observed in IL-15 (p=0.345) between participants with and those without sarcopenia. Following the intervention, the sarcopenic group experienced significant improvements in grip strength and skeletal muscle mass index with a notable reduction in TNF-α (p=0.003), IL-1β (p=0.012) and IL-6 (p=0.001) levels. Sarcopenic patients exhibit elevated levels of TNF-α, IL-1β, and IL-6, which declined after nutrition support and exercise interventions. However, further research is necessary to evaluate the long-term impact of these interventions on cytokine levels.",PubMed,https://pubmed.ncbi.nlm.nih.gov/38032288/,doi:10.18632/aging.205254,include_title_abs,Potential eligible RCT at title/abstract stage,C_sarcopenia_secondary,Community sarcopenia RCT; secondary stratum
21055889,,10.1016/j.maturitas.2010.10.001,Core self-evaluation as a predictor of strength training adoption in older adults.,Baker MK; Kennedy DJ; Bohle PL; Campbell D; Wiltshire JH; Singh MA,2011,Maturitas,"Progressive resistance training (PRT) counteracts sarcopenia and has been demonstrated to improve physical function and quality of life in older adults. Despite the clear benefits of PRT, participation remains low. The core self-evaluation (CSE) construct is theoretically antecedent to four personality traits: locus of control, self-esteem, neuroticism (emotional stability), and generalized self-efficacy. We have examined the association of CSE with exercise adoption among older adults invited to participate in a PRT trial. We hypothesized that CSE would positively predict adoption of PRT. All residents of two retirement communities were invited to complete questionnaires with items on demographics, physical activity, CSE, and general health. Following completion of questionnaires, residents were invited to take part in an on-site, 10-week randomized controlled trial of a PRT-based exercise trial. Thirty-eight of 358 residents (63.2% women; 76.6±6.1 year; range 58-92) enrolled and 118 residents completed the questionnaires. Multiple regression analysis predicting PRT adoption indicated that the demographic variables accounted for 38% of the variance. Inclusion of CSE (β=.405) accounted for an additional 10% of the variance in PRT adoption. CSE was predictive of PRT adoption in this cohort, adding significantly to the predictive efficacy of known demographic predictors. This is the first study to show that CSE may influence adoption of PRT in any cohort.",PubMed,https://pubmed.ncbi.nlm.nih.gov/21055889/,doi:10.1016/j.maturitas.2010.10.001,include_title_abs,Potential eligible RCT at title/abstract stage,C_sarcopenia_secondary,Community sarcopenia RCT; secondary stratum
35627740,PMC9140575,10.3390/ijerph19106202,Effects of Two Short-Term Aerobic Exercises on Cognitive Function in Healthy Older Adults during COVID-19 Confinement in Japan: A Pilot Randomized Controlled Trial.,Miyazaki A; Okuyama T; Mori H; Sato K; Kumamoto K; Hiyama A,2022,International journal of environmental research and public health,"Aerobic exercise improves executive function-which tends to decline with age-and dual-task training with aerobic exercise improves the global cognitive function. However, home-based older adults could not follow these programs due to social isolation during the coronavirus disease 2019 pandemic. Therefore, we conducted a single-blind randomized controlled trial with 88 healthy older adults without dementia or sarcopenia who were randomly assigned into the Nordic walking (aerobic exercise), dance (dual-task training with aerobic exercise), or control group. The participants in both exercise intervention groups trained for 30 min, three times per week, for 4 weeks. All groups consumed amino acid-containing foods three times per week. We found that both exercise intervention groups showed improvements in executive function, while the dance group showed additional improvement in global cognitive function. The dance group showed a higher maximum gait speed, greater improvement in imitation ability, and improved executive function and cognitive function than the Nordic walking group. The intervention programs did not significantly affect the muscle mass or muscle output than the control group; however, both programs improved the participant neurological functions such as the heel lift, with dance training being the most effective intervention. In conclusion, dance training effectively improves cognitive function.",PubMed,https://pubmed.ncbi.nlm.nih.gov/35627740/,doi:10.3390/ijerph19106202,include_title_abs,Potential eligible RCT at title/abstract stage,C_sarcopenia_secondary,Community sarcopenia RCT; secondary stratum
41338160,,10.1016/j.archger.2025.106108,Benefit of home-based virtual reality aerobic exercise combined with resistance training for reversing sarcopenia and reducing depression in community-dwelling older adults with sarcopenia: a randomized control trial.,Yuenyongchaiwat K; Chitjamnogchai C; Sermsinsaithong N; Tavonudomgit W; Mahawong L; Buranapuntalug S; Songsorn P; Thanawattano C,2026,Archives of gerontology and geriatrics,"Sarcopenia is a growing concern owing to an aging global population. Older people with depression are at risk for sarcopenia and vice versa. Although physical exercise is key in preventing and managing sarcopenia, virtual reality (VR)-based exercises have emerged as an engaging alternative that may also alleviate depressive symptoms and enhance quality of life in older adults. However, the effects of VR exercise on depression in individuals with sarcopenia who are at higher risk of both physical decline and psychological distress remain underexplored. This study aimed to explore the benefits of home-based VR aerobic exercise combined with resistance training for reversing sarcopenia and depression in community-dwelling older adults with sarcopenia. This blinded randomized controlled trial enrolled 46 community-dwelling older adults with sarcopenia (37 females and 9 males); they were categorized into the home-based VR (n = 23) group receiving non-immersive VR aerobic exercise combined with a resistance program and the control group (CG) receiving self-care education (CG; n = 23). The VR program combined aerobic and resistance exercises, performed three times weekly for 12 weeks. Sarcopenia risk indicators, including gait speed, handgrip strength, skeletal muscle mass index (SMI), and depression scores, were examined before and after the intervention. A two-way mixed repeated-measures analysis of variance was performed. The VR group showed significant improvements in depressive symptoms (F(1,44)=51.80, p< 0.001), SMI (F(1,44) =28.07, p< 0.001), handgrip strength (F(1,44) = 66.74, p< 0.001, np2=0.599), and gait speed (F(1,44)=0.67, p< 0.001), whereas the CG showed reduced SMI (F(1,44) =7.55, p= 0.009) and handgrip strength F(1,44) =14.99, p< 0.001). Home-based VR aerobic exercise combined with resistance training improves muscle mass, muscle strength, and physical performance and reduces depression in older adults with sarcopenia. Thus, it may be applied to effectively prevent or reverse sarcopenia and decrease depression among older adults. The Thai Clinical Trials Registry is TCTR20231005004.",PubMed,https://pubmed.ncbi.nlm.nih.gov/41338160/,doi:10.1016/j.archger.2025.106108,include_title_abs,Potential eligible RCT at title/abstract stage,C_sarcopenia_secondary,Community sarcopenia RCT; secondary stratum
36416166,PMC10086760,10.23736/S1973-9087.22.07612-2,Beneficial effects of walking-based home program for improving cardio-respiratory performance and physical activity in sarcopenic older people: a randomized controlled trial.,Yuenyongchaiwat K; Akekawatchai C,2022,European journal of physical and rehabilitation medicine,"Sarcopenia is an age-related loss of muscle mass, decline in physical performance, and/or loss of muscle strength. Improving physical activity (PA) is associated with a reduced risk of sarcopenia. Additionally, the World Health Organization 2020 guidelines recommend 150 minutes/week of moderate-intensity or 75 minutes/week of vigorous PA plus resistance exercise twice a week. An increase in walking steps/day also enhances PA. The study explored the benefits of a pedometer-based walking program plus a resistance exercise program in older adults with sarcopenia. A randomized control trial. In community dwelling. Older individuals with sarcopenia. Screening for sarcopenia was defined according to the Asian Working Group of Sarcopenia criteria in 2019, which is composed of the skeletal muscle mass index (SMI), muscle strength, and physical performance. Bioimpedance analysis, handgrip strength, and gait speed were measured for the SMI, muscle strength, and physical performance, respectively. to explore the effectiveness of a pedometer-based walking program plus TheraBand resistance exercise over 12 weeks. The intervention group was required to wear a pedometer and walk 7 500 steps/day for 5 days/week and perform the TheraBand resistance exercise twice a week, while the control group continued their routine daily activities. Respiratory muscle strength, functional capacity (i.e., 6-minute walk test), and PA were assessed before and after the 12-week program. To evaluate the benefits of the home-based walking program plus resistance exercise, two-way mixed ANOVAs were performed. Sixty older individuals with sarcopenia aged ≥60 years were enrolled; however, a total of 57 older adults (28 in the invention group and 29 in the control group) completed the study. Inspiratory muscle strength, functional capacity, and PA increased between and within groups after the 12-week program (all P<0.05). Furthermore, muscle strength and physical performance improved in the intervention group after the 12-week program but not in the control group. A pedometer-based intervention program with TheraBand resistance exercise could improve cardio-respiratory performance and PA among older Thai individuals with sarcopenia. Further study needs to consider type of exercise and dietary supplements. Increasing the number of steps walked per day may reduce the risk of developing sarcopenia in older people.",PubMed,https://pubmed.ncbi.nlm.nih.gov/36416166/,doi:10.23736/s1973-9087.22.07612-2,include_title_abs,Potential eligible RCT at title/abstract stage,C_sarcopenia_secondary,Community sarcopenia RCT; secondary stratum
34344230,,10.1177/02692155211036956,Comparative effectiveness study of low versus high-intensity aerobic training with resistance training in community-dwelling older men with post-COVID 19 sarcopenia: A randomized controlled trial.,Nambi G; Abdelbasset WK; Alrawaili SM; Elsayed SH; Verma A; Vellaiyan A; Eid MM; Aldhafian OR; Nwihadh NB; Saleh AK,2022,Clinical rehabilitation,"To find and compare the clinical and psychological effects of low and high-intensity aerobic training combined with resistance training in community-dwelling older men with post-COVID-19 sarcopenia symptoms. Randomized control trial. University physiotherapy clinic. Men in the age range of 60-80 years with post-COVID-19 Sarcopenia. All participants received resistance training for whatever time of the day that they received it, and that in addition they were randomized into two groups like low-intensity aerobic training group (n = 38) and high-intensity aerobic training group (n = 38) for 30 minutes/session, 1 session/day, 4 days/week for 8 weeks. Clinical (muscle strength and muscle mass) and psychological (kinesiophobia and quality of life scales) measures were measured at the baseline, fourth week, the eighth week, and at six months follow-up. The 2 × 4 group by time repeated measures MANOVA with corrected post-hoc tests for six dependent variables shows a significant difference between the groups (P < 0.001). At the end of six months follow up, the handgrip strength, -3.9 (95% CI -4.26 to -3.53), kinesiophobia level 4.7 (95% CI 4.24 to 5.15), and quality of life -10.4 (95% CI -10.81 to -9.9) shows more improvement (P < 0.001) in low-intensity aerobic training group than high-intensity aerobic training group, but in muscle mass both groups did not show any significant difference (P > 0.05). Low-intensity aerobic training exercises are more effective in improving the clinical (muscle strength) and psychological (kinesiophobia and quality of life) measures than high-intensity aerobic training in post-COVID 19 Sarcopenia.",PubMed,https://pubmed.ncbi.nlm.nih.gov/34344230/,doi:10.1177/02692155211036956,include_title_abs,Potential eligible RCT at title/abstract stage,C_sarcopenia_secondary,Community sarcopenia RCT; secondary stratum
33067129,,10.1016/j.jamda.2020.08.035,A Novel Fortified Dairy Product and Sarcopenia Measures in Sarcopenic Older Adults: A Double-Blind Randomized Controlled Trial.,Nasimi N; Sohrabi Z; Dabbaghmanesh MH; Eskandari MH; Bedeltavana A; Famouri M; Talezadeh P,2021,Journal of the American Medical Directors Association,"To evaluate the efficacy of daily consumption of fortified yogurt with beta-Hydroxy beta-Methyl Butyrate (HMB) and vitamins D and C on measures of sarcopenia, inflammation, and quality of life in sarcopenic older adults. In this 12-week randomized double-blind controlled trial, participants received either yogurt fortified with 3 g HMB, 1000 IU vitamin D, and 500 mg vitamin C in the intervention group (n = 33) or plain yogurt in the control group (n = 33). A total of 66 older adults with sarcopenia recruited from the community in Shiraz, Iran. Body composition, muscle strength, and functionality were measured using Dual-energy-X-ray Absorptiometry (DXA), hydraulic handgrip dynamometer, and usual gait speed, respectively. Serum concentrations of vitamin D, insulin-like growth factor-1 (IGF-1), C-reactive protein (hs-CRP), malondialdehyde, and insulin were measured at baseline and after 12 weeks. Health-related quality of life (HRQoL) was also evaluated using SF-12 questionnaire. Consumption of fortified yogurt was associated with improvement in handgrip strength [mean change (95% confidence interval) 4.36 (3.35-5.37) vs. 0.97 (-0.04 to 1.99)] and gait speed [0.10 (0.07-0.13) vs. 0.01 (0.00-0.04)] in the intervention group compared with the control group (P < .001). In addition, the results revealed a significant increase in vitamin D and IGF-1 levels in the intervention group (P < .001). The nutritional intervention significantly prevented any increase in the serum concentration of hs-CRP compared with the control group (P = .033). The results also showed a more significant decrease in the malondialdehyde level in the intervention group compared with the control (P = .008). Moreover, there were significant differences between the 2 groups regarding physical aspects of HRQoL (P = .035). A novel dairy product fortified with HMB, vitamin D, and vitamin C not only could enhance muscle strength and functionality, but also modulate anabolic and inflammatory conditions as well as quality of life. This study suggested that specific nutritional interventions alone could be beneficial, especially for those who are unable to exercise.",PubMed,https://pubmed.ncbi.nlm.nih.gov/33067129/,doi:10.1016/j.jamda.2020.08.035,include_title_abs,Potential eligible RCT at title/abstract stage,C_sarcopenia_secondary,Community sarcopenia RCT; secondary stratum
34081113,,10.1093/ajcn/nqab176,"Effects of exercise and/or β-hydroxy-β-methylbutyrate supplementation on muscle mass, muscle strength, and physical performance in older women with low muscle mass: a randomized, double-blind, placebo-controlled trial.",Osuka Y; Kojima N; Sasai H; Wakaba K; Miyauchi D; Tanaka K; Kim H,2021,The American journal of clinical nutrition,"The interaction between exercise and nutritional supplementation is unclear among older adults at risk of sarcopenia. We aimed to examine if β-hydroxy-β-methylbutyrate (HMB) supplementation enhances the effects of exercise on muscle mass, strength, and physical performance and observe potential residual effects in older women with low muscle mass. This 12-wk, randomized, double-blind, placebo-controlled, 2 × 2 factorial design (exercise-only, HMB-only, both, and none) trial included 156 women aged 65-79 y with skeletal muscle index <5.7 kg/m2, and was followed by a 12-wk observational period. Resistance training twice weekly or education programs every 2 wk and calcium-HMB (1500 mg) or placebo supplements daily were provided. The primary outcome was the change in muscle mass from baseline to postintervention. Secondary outcomes included changes in muscle strength and physical performance. In total, 149 and 144 participants completed the assessment at weeks 12 and 24, respectively. ANOVAs based on the intention-to-treat principle showed no significant interactions between exercise and HMB on any primary outcomes. The main-effect analyses revealed that exercise improved the usual and maximal gait speed by 0.16 m/s (95% CI: 0.10, 0.21 m/s) and 0.15 m/s (95% CI: 0.09, 0.22 m/s), respectively; the knee extensor and hip adductor strength by 22.0 N (95% CI: 10.1, 33.9 N) and 21.8 N (95% CI: 12.9, 30.7 N), respectively; and timed up-and-go and sit-to-stand time by -0.5 s (95% CI: -0.7, -0.3 s) and -1.7 s (95% CI: -2.1, -1.3 s), respectively, relative to education. HMB improved usual gait speed by 0.06 m/s (95% CI: 0.01, 0.11 m/s) relative to placebo. Most improvements disappeared during the subsequent 12-wk observation period. HMB additively improved gait performance with negligible benefit and provided no enhancements in the effects of exercise on other outcomes. Exercise appeared to be the only effective intervention to improve outcomes in older women with low muscle mass.This trial was registered at www.umin.ac.jp/ctr/as UMIN000028560.",PubMed,https://pubmed.ncbi.nlm.nih.gov/34081113/,doi:10.1093/ajcn/nqab176,include_title_abs,Potential eligible RCT at title/abstract stage,C_sarcopenia_secondary,Community sarcopenia RCT; secondary stratum
34271551,,10.1123/japa.2020-0348,Effect of Home-Based Exercise Program on Physical Function and Balance in Older Adults With Sarcopenia: A Multicenter Randomized Controlled Study.,Sen EI; Eyigor S; Dikici Yagli M; Ozcete ZA; Aydin T; Kesiktas FN; Aydin FY; Vural M; Sahin N; Karan A,2021,Journal of aging and physical activity,"In the prospective, randomized, controlled multicenter study, 100 patients who were clinically diagnosed with sarcopenia were assigned to either a home-based exercise group or a control group. The home-based training program included exercises with gradually increasing intensity comprising posture, stretching and upper- and lower-extremity muscle-strengthening exercises, balance and coordination exercises, and gait training. Before and 3 months after the exercise program, all the patients were evaluated. The 6-min walking test and Berg Balance Scale scores increased significantly after 3 months in the home-based exercise group compared with the controls. There was also a significant decrease in timed up and go test scores and a significant improvement in quality of life in the exercise group compared with the control group. Our findings indicated that a home-based exercise program can have a positive effect on physical function, balance, and quality of life in patients with sarcopenia.",PubMed,https://pubmed.ncbi.nlm.nih.gov/34271551/,doi:10.1123/japa.2020-0348,include_title_abs,Potential eligible RCT at title/abstract stage,C_sarcopenia_secondary,Community sarcopenia RCT; secondary stratum
29188864,PMC12880050,10.1007/s12603-017-0990-4,Development of a Novel Six-Month Nutrition Intervention for a Randomized Trial in Older Men with Mobility Limitations.,Apovian CM; Singer MR; Campbell WW; Bhasin S; McCarthy AC; Shah M; Basaria S; Moore LL,2017,"The journal of nutrition, health & aging","Nutrition impacts the development of sarcopenia and protein intake is an important modulator of skeletal muscle mass loss in older people. The Optimizing Protein Intake in Older Men with Mobility Limitation (OPTIMEN) Trial was designed to assess the independent and combined effects of higher protein intake and a promyogenic agent, testosterone, on lean body mass, muscle strength and physical function in older men with mobility disability. The purpose of this paper is to describe the experimental design and nutrition intervention, including techniques used by research dietitians to develop and deliver energy and protein-specific meals to the homes of community-dwelling participants. Strategies to enhance long-term dietary compliance are detailed. Randomized, double-blind, placebo-controlled six-month intervention trial. Participants were recruited from Boston MA USA and surrounding communities. Older men who were mobility-limited (Short Physical Performance Battery (SPPB) 3-10) and consuming less protein (<0.83 g/kg/day) were recruited for this study. Here we report the successful implementation of a double-blind, placebo-controlled, parallel group, randomized controlled trial with a 6-month intervention period among community-living men, age 65 years and older with a mobility limitation. A controlled feeding plan was used to deliver required energy intakes and prescribed protein quantities of 0.8 or 1.3 grams/kilogram/day (g/kg/d) in three meals plus snacks and supplements. A 2x2 factorial design was used to assess the effects of protein level alone and in combination with testosterone (vs. placebo) on changes in lean body mass (primary outcome), muscle strength, and physical function. A total of 154 men met the eligibility criteria; 112 completed a 2-week run-in period designed to evaluate compliance with the nutrition intervention. Of these, 92 subjects met compliance eligibility criteria and agreed to be randomized; 85% completed the full trial. The study successfully delivered three meals per day to subjects, with a high degree of compliance and subject satisfaction. Overall self-reported compliance rates were 80% and 93% for the meals and supplements, respectively. Details of compliance strategies are discussed. This community-based study design may serve as a model for longer-term nutritional interventions requiring monitoring of dietary compliance in a home-based feeding and supplementation trial.",PubMed,https://pubmed.ncbi.nlm.nih.gov/29188864/,doi:10.1007/s12603-017-0990-4,include_title_abs,Potential eligible RCT at title/abstract stage,C_sarcopenia_secondary,Community sarcopenia RCT; secondary stratum
30486262,PMC6306785,10.3390/jcm7120480,The Effects of Group and Home-Based Exercise Programs in Elderly with Sarcopenia: A Randomized Controlled Trial.,Tsekoura M; Billis E; Tsepis E; Dimitriadis Z; Matzaroglou C; Tyllianakis M; Panagiotopoulos E; Gliatis J,2018,Journal of clinical medicine,"Physical exercise is effective for sarcopenic elderly but evidence for the most effective mode of exercise is conflicting. The objective of this study was to investigate the effects of a three-month group-based versus home-based exercise program on muscular, functional/physical performance and quality of life (QoL) across elderly with sarcopenia. 54 elderly (47 women, 7 men aged 72.87 ± 7 years) were randomly assigned to one of three interventions: supervised group (n = 18), individualized home-based exercise (n = 18) and control group (n = 18). Body composition was determined by bioelectrical impedance analysis, calf measurement with inelastic tape and strength assessments (grip and knee muscle strength) via hand-held and isokinetic dynamometers. Functional assessments included four-meter (4 m), Τimed-Up and Go (TUG) and chair stand (CS) tests. QoL was assessed with Greek Sarcopenia Quality of Life (SarQol_GR) questionnaire. Outcomes were assessed at baseline, immediately post-intervention (week 12), and 3 months post-intervention (week 24). Significant group x time interactions (p < 0.001) were observed in QoL, calf circumference, TUG, CS, and 4 m tests, grip and knee muscle strength. Group-based compared to home-based exercise yielded significant improvements (p < 0.05) in muscle mass index, CS and 4 m tests, calf circumference, muscle strength at 12 weeks. Most improvements at 24 weeks were reported with grouped exercise. No changes were found across the control group. Results suggest group-based exercise was more effective than home-based for improving functional performance.",PubMed,https://pubmed.ncbi.nlm.nih.gov/30486262/,doi:10.3390/jcm7120480,include_title_abs,Potential eligible RCT at title/abstract stage,C_sarcopenia_secondary,Community sarcopenia RCT; secondary stratum
31908428,PMC6924654,10.2147/CIA.S225618,The Favorable Effects of a High-Intensity Resistance Training on Sarcopenia in Older Community-Dwelling Men with Osteosarcopenia: The Randomized Controlled FrOST Study.,Lichtenberg T; von Stengel S; Sieber C; Kemmler W,2019,Clinical interventions in aging,"Sarcopenia, the loss of muscle mass combined with the loss of muscle function, has become a public health issue. There is an urgent need for interventions. The study aimed to determine the effect of high-intensity resistance training (HI-RT), a time- and cost-efficient training modality, on sarcopenia in osteosarcopenic (OS) older men. Forty-three community-dwelling men aged ≥72 years from Northern Bavaria, Germany, with OS were randomly assigned to either an active HI-RT group (HI-RT) or an inactive control group (CG). Both received dietary protein (up to 1.5 g/kg/day in HI-RT and 1.2 g/kg/day in CG) and Vitamin-D (up to 800 IE/d) supplements. The HI-RT was applied as a consistently supervised single-set training on resistance exercise machines using intensifying strategies, with two training sessions/week, structured into three phases (ranging from 8 to 12 weeks) totaling 28 weeks. The primary study endpoint was the Sarcopenia Z-score; secondary endpoints were changes in the underlying physiological parameters, skeletal muscle mass index (SMI), handgrip-strength and gait velocity. The results show a significant effect of the exercise intervention on the sarcopenia Z-score in the HI-RT (p<0.001) and a significant worsening of it in the CG (p=0.012) in the intention-to-treat analysis, as well as a significant intergroup change (p<0.001). Analysis upon the underlying parameters showed a significant increase of skeletal muscle mass index (SMI) in the HI-RT group (p<0.001) and a significant intergroup difference of SMI (p<0.001) and handgrip strength (p<0.001). There were no adverse effects related to dietary supplementation or training. The results clearly confirm the favorable effects of HI-RT on sarcopenia. We conclude that HI-RT is a feasible, highly efficient and safe training modality for combating sarcopenia, also in the elderly.",PubMed,https://pubmed.ncbi.nlm.nih.gov/31908428/,doi:10.2147/cia.s225618,include_title_abs,Potential eligible RCT at title/abstract stage,C_sarcopenia_secondary,Community sarcopenia RCT; secondary stratum
40724490,PMC12299642,10.3390/life15070986,"Home-Based Virtual Reality Exercise and Resistance Training for Enhanced Cardiorespiratory Fitness in Community-Dwelling Older People with Sarcopenia: A Randomized, Double-Blind Controlled Trial.",Chitjamnogchai C; Yuenyongchaiwat K; Sermsinsaithong N; Tavonudomgit W; Mahawong L; Buranapuntalug S; Thanawattano C,2025,"Life (Basel, Switzerland)","Background: Sarcopenia is characterized by low muscle mass and strength, as well as impaired physical performance. Older adults with sarcopenia experience decreased cardiorespiratory fitness. Physical exercise is recommended for the prevention and treatment of sarcopenia. Virtual reality (VR) exercise was introduced to improve physical activity. However, the effect of VR on cardiorespiratory function in older adults with sarcopenia has not been fully explored. This study aimed to explore the effects of home-based VR aerobic exercise combined with resistive exercise on cardiorespiratory performance in community-dwelling older adults with sarcopenia. Subjects and Methods: In a randomized controlled trial, 53 older adults with sarcopenia were divided into a home-based VR (n = 26) and a control group (CG; n = 27). The VR program combined aerobic and resistance exercises, performed three times per week for 12 weeks, while the CG received knowledge regarding the benefit of exercise and continued with their regular daily activities. All participants were required to undergo respiratory muscle strength and functional capacity tests before and after the 12-week intervention. Two-way mixed repeated ANOVA was conducted to compare within and between groups in cardiorespiratory performance. Results: The home-based VR exercise group showed significant improvement in pre-post (i.e., maximal inspiratory pressure (12.96 ± 1.49 cmH2O), maximal expiratory pressure (13.73 ± 1.72 cmH2O), functional capacity (28.32 ± 3.48 m), and between-group (maximal expiratory pressure (F (1,51) = 10.446, p = 0.002, np2 = 0.170). In contrast, the CG displayed a reduction in maximal expiratory pressure (-3.93 ± 1.69 cmH2O, p = 0.024) and functional capacity (-10.39 ± 3.42 m, p = 0.004) after the 12-week program. Conclusions: The home-based VR program provides older adults with sarcopenia an alternative exercise modality that can improve their cardiovascular performance.",PubMed,https://pubmed.ncbi.nlm.nih.gov/40724490/,doi:10.3390/life15070986,include_title_abs,Potential eligible RCT at title/abstract stage,C_sarcopenia_secondary,Community sarcopenia RCT; secondary stratum
29074832,,,[Update on recent progress in vitamin D research. Eldecalcitol,Suzuki T,2017,Clinical calcium,"In the elderly, vitamin D deficiency results not only in impaired bone mineralization, but also myopathy. Low vitamin D has also been shown to be associated with decline of muscle strength, sarcopenia, functional limitation, and disability. Several recent studies have shown that low serum vitamin D concentration is associated with lower physical function and falls in older adults. In this article, the author reviews a relationship between falls and serum vitamin D concentration of the elderly living in the community, and also introduces the major results from a recent randomized controlled trial on prevention of decline of fall-related balance performance by the treatment with newly developed active vitamin D(Eldecalcitol R )among the women with age 65 years old and over and diagnosed as osteoporosis.",PubMed,https://pubmed.ncbi.nlm.nih.gov/29074832/,pmid:29074832,include_title_abs,Potential eligible RCT at title/abstract stage,C_sarcopenia_secondary,Community sarcopenia RCT; secondary stratum
27942146,PMC5140826,10.1589/jpts.28.3183,Effect of a simple and adherent home exercise program on the physical function of community dwelling adults sixty years of age and older with pre-sarcopenia or sarcopenia.,Maruya K; Asakawa Y; Ishibashi H; Fujita H; Arai T; Yamaguchi H,2016,Journal of physical therapy science,"[Purpose] To evaluate the effect of a home exercise program on physical function in community dwelling elderly with pre-sarcopenia or sarcopenia. [Subjects and Methods] Fifty-two community-dwelling individuals, over 60 years and meeting the diagnostic criteria for pre-sarcopenia or sarcopenia, were randomly assigned to intervention group (n=34) and control group (n=18). The intervention group completed 6-months home exercise programs, combining walking with lower limb resistance exercises. Body mass index, skeletal mass index, body fat percentage, handgrip strength, single-leg standing, walking speed (comfortable and maximal), and knee extension strength were evaluated at baseline and post-intervention. Activity was assessed using the 25-question Geriatric Locomotive Functional Scale (GLFS-25) and quality of life using the Euro QOL questionnaire. [Results] Pre- and post-training assessments were completed by 76.5% and 77.8% of participants in the intervention and control groups, respectively. The intervention improved single-leg standing (60.5 s to 77.2 s) and knee extension strength (1.38 Nm/kg to 1.69 Nm/kg). In the control group, maximum walking speed (2.02 m/s to 1.86 m/s) and GLFS-25 score (2.9 to 5.1) worsened. Change of pre-sarcopenia/sarcopenia status was comparable for the intervention (15.4%) and control (14.3%) groups. [Conclusion] A 6-month home exercise program improved physical function in community-dwelling individuals with pre-sarcopenia or sarcopenia.",PubMed,https://pubmed.ncbi.nlm.nih.gov/27942146/,doi:10.1589/jpts.28.3183,include_title_abs,Potential eligible RCT at title/abstract stage,C_sarcopenia_secondary,Community sarcopenia RCT; secondary stratum
21623468,PMC12878107,10.1007/s12603-010-0276-6,Similar effects of leucine rich and regular dairy products on muscle mass and functions of older polymyalgia rheumatica patients: a randomized crossover trial.,Björkman MP; Pilvi TK; Kekkonen RA; Korpela R; Tilvis RS,2011,"The journal of nutrition, health & aging","Leucine-rich milk and whey proteins have been suggested for prevention of age related loss of muscle mass and strength i.e. sarcopenia. The effects of milk protein supplementation and low intensity home based physical exercise on body composition and muscle functions were investigated. A randomized double blind crossover trial. Community dwelling members of Helsinki rheumatoid association. Older people (N=47, mean age 69.5 years) suffering from polymyalgia rheumatica. Patients performed as many stand ups as possible twice a day after which they ingested a regular (Control) or a whey protein enriched dairy product with high leucine content (Test). The 8-week intervention periods were separated by a 4-week wash-out. Body composition was measured by dual x-ray absorptiometry and muscle functions by hand grip strength, force platform countermovement jump performance, chair stand test, and walking speed. The 16-week home-based post-exercise supplementation resulted in a 1.8% increase (p = 0.052) in lower limb muscle mass. Walking speed (+5.3%, p = 0.007) and chair stand test performance (-12.2 %, p < 0.001) were also improved. Furthermore, a tendency for increased jump power (+3.0%, p = 0.084) was observed. However, significant and consistent differences were not found in the changes of muscle mass indices or muscle functions between supplements, but the test supplement tended to prevent accumulation of body fat. A low intensity home based exercise program combined with post-exercise milk protein supplementation is feasible despite some gastrointestinal complaints and seems effective in improving the muscle mass and functions of older persons with a inflammatory disease. Further studies are needed to establish, whether and to what extent the use of leucine-enriched whey products prevent or treat age-associated sarcopenia and whether they are superior to the present commercial milk products.",PubMed,https://pubmed.ncbi.nlm.nih.gov/21623468/,doi:10.1007/s12603-010-0276-6,include_title_abs,Potential eligible RCT at title/abstract stage,C_sarcopenia_secondary,Community sarcopenia RCT; secondary stratum
22935006,,10.1111/j.1447-0594.2012.00923.x,"Effects of exercise and tea catechins on muscle mass, strength and walking ability in community-dwelling elderly Japanese sarcopenic women: a randomized controlled trial.",Kim H; Suzuki T; Saito K; Yoshida H; Kojima N; Kim M; Sudo M; Yamashiro Y; Tokimitsu I,2013,Geriatrics & gerontology international,"To investigate the effects of exercise and/or tea catechin supplementation on muscle mass, strength and walking ability in elderly Japanese women with sarcopenia. A total of 128 women aged over 75 years were defined as sarcopenic and randomly assigned into four groups: exercise and tea catechin supplementation (n = 32), exercise (n = 32), tea catechin supplementation (n = 32) or health education (n = 32). The exercise group attended a 60-min comprehensive training program twice a week and the tea catechin supplementation group ingested 350 mL of a tea beverage fortified with catechin daily for 3 months. Body composition was determined by bioelectrical impedance analysis. Interview data and functional fitness measurements, such as muscle strength, balance and walking ability, were collected at baseline and after the 3-month intervention. There were significant group × time interactions observed in timed up & go (P < 0.001), usual walking speed (P = 0.007) and maximum walking speed (P < 0.001). The exercise + catechin group showed a significant effect (odds ratio 3.61, 95% confidence interval 1.05-13.66) for changes in the combined variables of leg muscle mass and usual walking speed compared with the health education group. The combination of exercise and tea catechin supplementation had a beneficial effect on physical function measured by walking ability and muscle mass.",PubMed,https://pubmed.ncbi.nlm.nih.gov/22935006/,doi:10.1111/j.1447-0594.2012.00923.x,include_title_abs,Potential eligible RCT at title/abstract stage,C_sarcopenia_secondary,Community sarcopenia RCT; secondary stratum
40581354,,10.1123/japa.2024-0123,White Box Modeling of Self-Determined Sequence Exercise Program Among Sarcopenic Older Adults: Uncovering a Novel Strategy Overcoming Decline of Skeletal Muscle Area.,Wei M; He S; Meng D; Lv Z; Guo H; Yang G; Wang Z,2026,Journal of aging and physical activity,"Resistance exercise, Taichi exercise, and the hybrid exercise program consisting of the two aforementioned methods have been demonstrated to increase the skeletal muscle mass of older individuals with sarcopenia. However, the exercise sequence has not been comprehensively investigated. Therefore, we designed a self-determined sequence exercise program, incorporating resistance exercises, Taichi, and the hybrid exercise program to overcome the decline of skeletal muscle area and reverse sarcopenia in older individuals. Ninety-one older patients with sarcopenia between the ages of 60 and 75 completed this three-stage randomized controlled trial for 24 weeks, including the self-determined sequence exercise program group (n = 31), the resistance training group (n = 30), and the control group (n = 30). We used quantitative computed tomography to measure the effects of different intervention protocols on skeletal muscle mass in participants. Participants' demographic variables were analyzed using one-way analysis of variance and chi-square tests, and experimental data were examined using repeated-measures analysis of variance. Furthermore, we utilized the Markov model to explain the effectiveness of the exercise programs among the three-stage intervention and explainable artificial intelligence to predict whether intervention programs can reverse sarcopenia. Repeated-measures analysis of variance results indicated that there were statistically significant Group × Time interactions detected in the L3 skeletal muscle density, L3 skeletal muscle area, muscle fat infiltration, handgrip strength, and relative skeletal muscle mass index. The stacking model exhibited the best accuracy (84.5%) and the best F1-score (68.8%) compared to other algorithms. In the self-determined sequence exercise program group, strength training contributed most to the reversal of sarcopenia. One self-determined sequence exercise program can improve skeletal muscle area among sarcopenic older people. Based on our stacking model, we can predict whether sarcopenia in older people can be reversed accurately. The trial was registered in ClinicalTrials.gov. TRN:NCT05694117. Our findings indicate that such tailored exercise interventions can substantially benefit sarcopenic patients, and our stacking model provides an accurate predictive tool for assessing the reversibility of sarcopenia in older adults. This approach not only enhances individual health outcomes but also informs future development of targeted exercise programs to mitigate age-related muscle decline.",PubMed,https://pubmed.ncbi.nlm.nih.gov/40581354/,doi:10.1123/japa.2024-0123,include_title_abs,Potential eligible RCT at title/abstract stage,C_sarcopenia_secondary,Community sarcopenia RCT; secondary stratum
42001466,,10.1093/ageing/afag095,Effects of Tai Chi combined with elastic band training on muscle and executive inhibitory function in older adults with sarcopenia: a randomized controlled trial based on fNIRS.,Zhan S; Wu S; Ma Q; Hu C; Hu H; Wang M,2026,Age and ageing,"Resistance training benefits patients with sarcopenia. However, trials demonstrating the effectiveness of Tai Chi combined with elastic band training are sparse, and the underlying neurocognitive mechanisms remain unclear. Forty-nine older sarcopenia patients (≥60 years) were recruited and randomly assigned to three groups: the Elastic Band Group (EBG) received elastic band training; the Combined Group (CG) received elastic band training combined with Tai Chi; the Health Education Group (HEG) received weekly health education via WeChat, focusing on sarcopenia-related precautions Muscle function was assessed pre- and post-intervention using grip strength, muscle mass, and Short Physical Performance Battery. Executive inhibitory function was evaluated using the colour-word Stroop task. Functional near-infrared spectroscopy (fNIRS) was used to simultaneously record cerebral hemodynamic changes in the prefrontal cortex (PFC). After the 12-week intervention, within-group comparisons revealed no significant changes in any outcome measures in the HEG (P > .05). Both the EBG and CG demonstrated significant improvements compared to baseline in grip strength, muscle mass, physical performance, Stroop task reaction time, and PFC oxygenated haemoglobin concentration (P < .05). Additionally, the CG showed a significant increase in Stroop task accuracy (P < .05). Further between-group comparisons indicated that the CG exhibited significantly greater improvements in physical performance, executive inhibitory function, and PFC oxygenated haemoglobin concentration compared to the EBG (P < .05). A 12-week Tai Chi combined with elastic band training program improves physical mobility, enhances executive inhibition, and promotes PFC activation in patients with sarcopenia, with superior efficacy compared to elastic band training alone. These findings provide neuroimaging evidence for the synergistic effects of the combined intervention in sarcopenia intervention.",PubMed,https://pubmed.ncbi.nlm.nih.gov/42001466/,doi:10.1093/ageing/afag095,include_title_abs,Potential eligible RCT at title/abstract stage,C_sarcopenia_secondary,Community sarcopenia RCT; secondary stratum
30113122,,10.1111/ggi.13499,Effect of whey protein supplementation after resistance exercise on the muscle mass and physical function of healthy older women: A randomized controlled trial.,Mori H; Tokuda Y,2018,Geriatrics & gerontology international,"To evaluate the effectiveness of a 24-week program of nutritional supplementation using whey protein, ingested after resistance exercise, in increasing muscle mass and physical function among community-dwelling healthy older Japanese women. We carried out a randomized controlled trial, with 81 healthy women, aged 65-80 years, allocated to three groups of 27 participants each: the exercise and protein supplementation group, the exercise only group, and the protein supplementation only group. A 24-week program of resistance exercise, carried out twice per week, was combined with whey protein supplementation, containing 22.3 g of protein. The total protein intake for participants in all three experimental groups was adjusted to a level of at least 1.2 g/kg bodyweight/day, and more during the intervention period. Between-group differences in the pre- to post-intervention change in skeletal muscle mass and physical function were evaluated using an analysis of variance. The pre- to post-intervention increase in the skeletal muscle mass index was significantly higher for the exercise only group than for the protein supplementation only group (P =0.008), and significantly higher for the exercise and protein supplementation group than for either the exercise only (P =0.007) or protein supplementation only (P <0.001) groups. Similarly, the increase in grip strength and gait speed was significantly greater for the exercise and protein supplementation group than for the protein supplementation only group (grip strength P =0.014, gait speed P =0.026). Whey protein supplementation, ingested after resistance exercise, could be effective for the prevention of sarcopenia among healthy community-dwelling older Japanese women. Geriatr Gerontol Int 2018; 18: 1398-1404.",PubMed,https://pubmed.ncbi.nlm.nih.gov/30113122/,doi:10.1111/ggi.13499,include_title_abs,Potential eligible RCT at title/abstract stage,C_sarcopenia_secondary,Community sarcopenia RCT; secondary stratum
36011588,PMC9407935,10.3390/ijerph19169952,Hybrid Exercise Program for Sarcopenia in Older Adults: The Effectiveness of Explainable Artificial Intelligence-Based Clinical Assistance in Assessing Skeletal Muscle Area.,Wei M; Meng D; Guo H; He S; Tian Z; Wang Z; Yang G; Wang Z,2022,International journal of environmental research and public health,"Background: Sarcopenia is a geriatric syndrome characterized by decreased skeletal muscle mass and function with age. It is well-established that resistance exercise and Yi Jin Jing improve the skeletal muscle mass of older adults with sarcopenia. Accordingly, we designed an exercise program incorporating resistance exercise and Yi Jin Jing to increase skeletal muscle mass and reverse sarcopenia in older adults. Additionally, machine learning simulations were used to predict the sarcopenia status after the intervention. Method: This randomized controlled trial assessed the effects of sarcopenia in older adults. For 24 weeks, 90 older adults with sarcopenia were divided into intervention groups, including the Yi Jin Jing and resistance training group (YR, n = 30), the resistance training group (RT, n = 30), and the control group (CG, n = 30). Computed tomography (CT) scans of the abdomen were used to quantify the skeletal muscle cross-sectional area at the third lumbar vertebra (L3 SMA). Participants’ age, body mass, stature, and BMI characteristics were analyzed by one-way ANOVA and the chi-squared test for categorical data. This study explored the improvement effect of three interventions on participants’ L3 SMA, skeletal muscle density at the third lumbar vertebra (L3 SMD), skeletal muscle interstitial fat area at the third lumbar vertebra region of interest (L3 SMFA), skeletal muscle interstitial fat density at the third lumbar vertebra (L3 SMFD), relative skeletal muscle mass index (RSMI), muscle fat infiltration (MFI), and handgrip strength. Experimental data were analyzed using two-way repeated-measures ANOVA. Eleven machine learning models were trained and tested 100 times to assess the model’s performance in predicting whether sarcopenia could be reversed following the intervention. Results: There was a significant interaction in L3 SMA (p < 0.05), RSMI (p < 0.05), MFI (p < 0.05), and handgrip strength (p < 0.05). After the intervention, participants in the YR and RT groups showed significant improvements in L3 SMA, RSMI, and handgrip strength. Post hoc tests showed that the YR group (p < 0.05) yielded significantly better L3 SMA and RSMI than the RT group (p < 0.05) and CG group (p < 0.05) after the intervention. Compared with other models, the stacking model exhibits the best performance in terms of accuracy (85.7%) and F1 (75.3%). Conclusion: One hybrid exercise program with Yi Jin Jing and resistance exercise training can improve skeletal muscle area among older adults with sarcopenia. Accordingly, it is possible to predict whether sarcopenia can be reversed in older adults based on our stacking model.",PubMed,https://pubmed.ncbi.nlm.nih.gov/36011588/,doi:10.3390/ijerph19169952,include_title_abs,Potential eligible RCT at title/abstract stage,C_sarcopenia_secondary,Community sarcopenia RCT; secondary stratum
41652447,PMC12977742,10.1186/s13075-026-03751-8,Effects of a personalized exercise program on physical function in older patients with rheumatoid arthritis at high risk of sarcopenia: results of a randomized controlled trial.,Torii M; Onishi A; Uozumi R; Hidaka Y; Onizawa H; Fujii T; Murata K; Murakami K; Tanaka M; Oshima Y,2026,Arthritis research & therapy,"Patients with rheumatoid arthritis (RA) are at a higher risk for sarcopenia than the general population. Exercise therapy can improve muscle strength in older adults; however, its efficacy in older patients with RA has not been fully established. This study aimed to evaluate the efficacy of a personalized exercise program on physical function in older patients with RA at high risk for sarcopenia. A single-centre, parallel-group, two-arm, superiority randomized controlled trial was conducted in patients with RA aged 60-85 years who were at risk of sarcopenia. The intervention group (n = 69) underwent a 16-week personalized exercise program in addition to nutritional guidance and standard care, whereas the control group (n = 65) received only nutritional guidance and standard care. The primary outcome was the change in the total Short Physical Performance Battery (SPPB) scores from baseline to week 16. A total of 140 patients were randomized. Of these, 134 initiated the assigned intervention. There was a 0.2-point difference in SPPB total score from baseline to week 16 between the intervention group (+ 0.4 points) and the control group (+ 0.2 points); 95% confidence interval: -0.1 to 0.5; p = 0.206. Regarding the secondary outcomes at week 16, there was a tendency for improvement in the chair-stand test, grip strength, and the mental component score. The 16-week personalized exercise therapy did not improve the total SPPB scores. However, the intervention may improve standing ability, grip strength, and mental health-related quality of life in older patients with RA at high risk of sarcopenia. This study was registered with UMINCTR (trial number: UMIN000044930).",PubMed,https://pubmed.ncbi.nlm.nih.gov/41652447/,doi:10.1186/s13075-026-03751-8,include_title_abs,Potential eligible RCT at title/abstract stage,C_sarcopenia_secondary,Community sarcopenia RCT; secondary stratum
27829949,PMC5087623,10.14740/jocmr2767w,Exercise Intervention for Anti-Sarcopenia in Community-Dwelling Older People.,Miyazaki R; Takeshima T; Kotani K,2016,Journal of clinical medicine research,"Sarcopenia is an age-related health problem in general communities. Effective exercise programs against sarcopenia remain necessary for community-dwelling older people. In order to summarize the available knowledge on this subject, we collected English articles from a MEDLINE/Pubmed database examining the effects of exercise interventions on sarcopenia-related outcome measures in community-dwelling older people. When nine articles, including eight randomized controlled trials, were reviewed, most studies demonstrated significant improvements in some outcome measures. Indeed, a significant improvement in the muscle mass in one study, muscle strength in two studies and physical performance in two studies was reported among five studies using exercise (E) alone. A significant improvement in the muscle mass in two studies, muscle strength in one study and physical performance in two studies was also reported among four studies using exercise plus nutritional supplementation (EN). Notably, the EN studies appeared to have less extensive exercise interventions than the E studies. One EN study further exhibited significant improvements in all outcome measures. Collectively, exercise could be used as anti-sarcopenic strategies and nutritional interventions when combined with exercise might play a compensated or perhaps a comprehensive role among community-dwelling older people. Limited studies exist and more studies are required for the optimum programs in the community settings.",PubMed,https://pubmed.ncbi.nlm.nih.gov/27829949/,doi:10.14740/jocmr2767w,include_title_abs,Potential eligible RCT at title/abstract stage,C_sarcopenia_secondary,Community sarcopenia RCT; secondary stratum
38835618,PMC11145092,10.22540/JFSF-09-089,The Feasibilty of the Motor Control Home Ergonomics Elderlies' Prevention of Falls (McHeELP) Programme in Patients with Sarcopenia: A Pilot Study.,Tsekoura M; Matzaroglou C; Xergia S; Dionyssiotis Y; Tsepis E; Sakellari V; Billis E,2024,"Journal of frailty, sarcopenia and falls","The objective of this pilot study was to investigate the feasibility of a three month 'Motor control Home ergonomics Elderlies' Prevention of falls' (McHeELP) programme on muscle mass, muscle strength, functionality, balance and fear of falling among older adults with sarcopenia. A feasibility study of the McHeELP programme was performed in patients with sarcopenia. Primary outcome measures included number of participants; number of participants that showed engagement with the programme; adherence rates; data loss in questionnaires and secondary outcome measures; any adverse events, related or not to the intervention programme. All participants received a home-based motor control exercise programme combined with an ergonomic home modification for 12 weeks. Secondary outcome measures included Hand Grip Strength, Bioimpendance Analysis, Muscle Mass, Functionality and Fear of Falling. Twelve participants, (74.9±5 years), completed the pilot study. Significant differences were recorded before and after the programme on participants' functionality (p < 0.001), balance (p < 0.05) and fear of falling (p < 0.001). The present study revealed that the McHeELP programme is fesasible and that it is possible to implement the programme in clinical practice. The McHeELP programme positively affects functionality, balance and fear of falling. Thus, it seems feasible to conduct a full-scale randomised controlled trial.",PubMed,https://pubmed.ncbi.nlm.nih.gov/38835618/,doi:10.22540/jfsf-09-089,include_title_abs,Potential eligible RCT at title/abstract stage,C_sarcopenia_secondary,Community sarcopenia RCT; secondary stratum
33074327,PMC7573681,10.1001/jamanetworkopen.2020.20836,Bimagrumab vs Optimized Standard of Care for Treatment of Sarcopenia in Community-Dwelling Older Adults: A Randomized Clinical Trial.,Rooks D; Swan T; Goswami B; Filosa LA; Bunte O; Panchaud N; Coleman LA; Miller RR; Garcia Garayoa E; Praestgaard J,2020,JAMA network open,"The potential benefit of novel skeletal muscle anabolic agents to improve physical function in people with sarcopenia and other muscle wasting diseases is unknown. To confirm the safety and efficacy of bimagrumab plus the new standard of care on skeletal muscle mass, strength, and physical function compared with standard of care alone in community-dwelling older adults with sarcopenia. This double-blind, placebo-controlled, randomized clinical trial was conducted at 38 sites in 13 countries among community-dwelling men and women aged 70 years and older meeting gait speed and skeletal muscle criteria for sarcopenia. The study was conducted from December 2014 to June 2018, and analyses were conducted from August to November 2018. Bimagrumab 700 mg or placebo monthly for 6 months with adequate diet and home-based exercise. The primary outcome was the change in Short Physical Performance Battery (SPPB) score after 24 weeks of treatment. Secondary outcomes included 6-minute walk distance, usual gait speed, handgrip strength, lean body mass, fat body mass, and standard safety parameters. A total of 180 participants were recruited, with 113 randomized to bimagrumab and 67 randomized to placebo. Among these, 159 participants (88.3%; mean [SD] age, 79.1 [5.3] years; 109 [60.6%] women) completed the study. The mean SPPB score increased by a mean of 1.34 (95% CI, 0.90 to 1.77) with bimagrumab vs 1.03 (95% CI, 0.53 to 1.52) with placebo (P = .13); 6-minute walk distance increased by a mean of 24.60 (95% CI, 7.65 to 41.56) m with bimagrumab vs 14.30 (95% CI, -4.64 to 33.23) m with placebo (P = .16); and gait speed increased by a mean of 0.14 (95% CI, 0.09 to 0.18) m/s with bimagrumab vs 0.11 (95% CI, 0.05 to 0.16) m/s with placebo (P = .16). Bimagrumab was safe and well-tolerated and increased lean body mass by 7% (95% CI, 6% to 8%) vs 1% (95% CI, 0% to 2%) with placebo, resulting in difference of 6% (95% CI, 4% to 7%) (P < .001). This randomized clinical trial found no significant difference between participants treated with bimagrumab vs placebo among older adults with sarcopenia who had 6 months of adequate nutrition and light exercise, with physical function improving in both groups. Bimagrumab treatment was safe, well-tolerated, increased lean body mass, and decreased fat body mass. The effects of sarcopenia, an increasing cause of disability in older adults, can be reduced with proper diet and exercise. ClinicalTrials.gov Identifier: NCT02333331; EudraCT number: 2014-003482-25.",PubMed,https://pubmed.ncbi.nlm.nih.gov/33074327/,doi:10.1001/jamanetworkopen.2020.20836,include_title_abs,Potential eligible RCT at title/abstract stage,C_sarcopenia_secondary,Community sarcopenia RCT; secondary stratum
41936539,PMC13052224,10.1002/jcsm.70279,Effects of 5 Years of Aerobic Exercise on Sarcopenia in Older Adults-Secondary Outcomes of the Generation 100 Study.,Stene GB; Lequerica MJ; Stensvold D; Balstad TR; Lydersen S; Wisløff U; Helbostad JL,2026,"Journal of cachexia, sarcopenia and muscle","Early prevention of sarcopenia through exercise is vital to health, independence and mortality risk in older adults; however, there is a scarcity of evidence concerning the long-term effects of aerobic exercise alone. We tested the primary hypothesis that a 5-year decline in key defining components of sarcopenia is less in an aerobic exercise group compared with a control group. Secondly, we tested the same hypothesis using a model of 'clinically defined sarcopenia'. Norwegian community dwelling older adults (n = 1567; aged 70-75 years at inclusion) participated in the Generation 100 Study. They were randomized in a 1:1:2 ratio-stratified by sex and cohabitation status to either moderate intensity continuous training (MICT, n = 387) or high intensity interval training (HIIT, n = 400), or to a control group following the Norwegian physical activity guidelines (CON, n = 780). Key defining components of sarcopenia were grip strength (kilograms), skeletal muscle index (kg/m2) and gait speed (m/s). Clinically defined sarcopenia was based on the European Working Group on Sarcopenia in Older People and recent normative data for the Norwegian population. An intention to treat linear mixed model and an ordinal logistic regression mixed model were used to examine the effects of aerobic exercise on sarcopenia on the 1, 3 and 5 years follow-up. p values for the main hypothesis were adjusted using the Benjamini-Hochberg correction. Mean age across groups was 72 years of age, including ~50% women, ~50% with higher education, 86%-90% with good or very good health and 73%-76% considered physically active. Compared with CON, grip strength declined less for HIIT at Year 1 (estimated difference of 0.98 kg; p < 0.001) and Year 3 (estimated difference of 0.03 kg; p = 0.016). At Year 3, HIIT increased their gait speed by 0.01 m/s (estimated difference between HIIT vs. CON of 0.03 m/s; p = 0.016). At Year 5, all groups declined from baseline (CON -0.07; MICT -0.10 and HIIT -0.04 m/s). Participants determined as having 'clinically defined sarcopenia' at baseline, Years 3 and 5 were: 22%, 58% and 63% (CON); 20%, 55% and 67% (MICT) and 19%, 50% and 56% (HIIT). Odds for developing clinically defined sarcopenia were significantly lower for HIIT (OR = 0.51; p = 0.018 at Year 3; OR = 0.47; p = 0.009 at Year 5) as compared with CON. No effects were found for MICT. The study demonstrates that in addition to having a protective cardiovascular effect, HIIT also has a beneficial effect on muscle strength and physical performance in a relatively healthy population of older adults.",PubMed,https://pubmed.ncbi.nlm.nih.gov/41936539/,doi:10.1002/jcsm.70279,include_title_abs,Potential eligible RCT at title/abstract stage,C_sarcopenia_secondary,Community sarcopenia RCT; secondary stratum
28989278,PMC5624743,10.2147/CIA.S137987,Whole-body electromyostimulation and protein supplementation favorably affect sarcopenic obesity in community-dwelling older men at risk: the randomized controlled FranSO study.,Kemmler W; Weissenfels A; Teschler M; Willert S; Bebenek M; Shojaa M; Kohl M; Freiberger E; Sieber C; von Stengel S,2017,Clinical interventions in aging,"Sarcopenic obesity (SO) is a geriatric syndrome characterized by the disproportion between the amount of lean mass and fat mass. Exercise decreases fat and maintains muscle mass; however, older people fail to exercise at doses sufficient to affect musculoskeletal and cardiometabolic risk factors. The aim of this study was to evaluate the effect of whole-body electromyostimulation (WB-EMS), a time-efficient, joint-friendly and highly individualized exercise technology, on sarcopenia and SO in older men. A total of 100 community-dwelling northern Bavarian men aged ≥70 years with sarcopenia and obesity were randomly (1-1-1) assigned to either 16 weeks of 1) WB-EMS and protein supplementation (WB-EMS&P), 2) isolated protein supplementation or 3) nonintervention control. WB-EMS consisted of 1.5×20 min (85 Hz, 350 µs, 4 s of strain to 4 s of rest) applied with moderate-to-high intensity while moving. We further generated a daily protein intake of 1.7-1.8 g/kg/body mass per day. The primary study end point was Sarcopenia Z-Score, and the secondary study end points were body fat rate (%), skeletal muscle mass index (SMI) and handgrip strength. Intention-to-treat analysis determined a significantly favorable effect of WB-EMS&P (P<0.001) and protein (P=0.007) vs control. Both groups significantly (P<0.001) lost body fat (WB-EMS&P: 2.1%; protein: 1.1%) and differed significantly (P≤0.004) from control (0.3%). Differences between WB-EMS&P and protein were significant for the Sarcopenia Z-Score (P=0.39) and borderline nonsignificant (P=0.051) for body fat. SMI increased significantly in both groups (P<0.001 and P=0.043) and decreased significantly in the control group (CG; P=0.033); differences between the verum groups and control were significant (P≤0.009). Handgrip strength increased in the WB-EMS group (1.90 kg; P<0.001; P=0.050 vs control) only. No adverse effects of WB-EMS or protein supplementation were recorded. WB-EMS&P is a safe and efficient method for tackling sarcopenia and SO in older men. However, the suboptimum effect on functional parameters should be addressed by increased voluntary activation during WB-EMS application.",PubMed,https://pubmed.ncbi.nlm.nih.gov/28989278/,doi:10.2147/cia.s137987,include_title_abs,Potential eligible RCT at title/abstract stage,C_sarcopenia_secondary,Community sarcopenia RCT; secondary stratum
35547204,PMC9081979,10.3389/fmed.2022.815342,The Effectiveness of a Group Kickboxing Training Program on Sarcopenia and Osteoporosis Parameters in Community-Dwelling Adults Aged 50-85 Years.,Lin YA; Chen LH; Chen FP; Wong AM; Hsu CC; Chen JY,2022,Frontiers in medicine,"Sarcopenia and osteoporosis are important health issues faced by older people. These are often associated with each other and share common risk factors and pathologic mechanisms. In the recently revised consensus of the European Working Group on Sarcopenia in Older People, low muscle strength has been defined as the first characteristic of sarcopenia rather than a loss in muscle mass, and walking speed has been stated as an indicator of the severity of sarcopenia. It is believed that these markers of muscle function can be potentially reversed via exercise-based interventions. The purpose of this study was to evaluate the effects of kickboxing exercise training on the parameters of sarcopenia and osteoporosis in community-dwelling adults. In total, one hundred eligible subjects were randomized into an intervention group (n = 50) with 76% women and control group (n = 50) with 86% women. Both the intervention and control groups were provided with classroom lectures and personal consultations pertaining to sarcopenia and osteoporosis, whereas a 12-week kickboxing exercise training was arranged only for the intervention group. All anthropometric, physical performance, body composition, and bone mineral density measurements along with participant completed questionnaires were conducted before and after the training period. After 12 weeks, 41 participants in the intervention group and 34 participants in the control group completed the final assessments. There was no difference between the intervention and control groups in terms of basic demographic data. The BMI (+1.14%) of the control group increased significantly during the study period. The waist circumference (-6.54%), waist-to-height ratio (-6.57%), waist-to-hip ratio (-4.36%), total body fat (-1.09%), and visceral fat area (-4.6%) decreased significantly in the intervention group. Handgrip strength (+5.46%) and gait speed (+5.71%) improved significantly in the intervention group. The lean body mass increased by 0.35% in the intervention group and by 0.9% in the control group. The femoral neck bone mineral density (-1.45%) and T score (-3.72%) of the control group decreased significantly. The intervention group had more improvement in the status of sarcopenia (OR 1.91) and osteoporosis over the control group. Finally, the intervention group had less deterioration in the status of sarcopenia (OR 0.2) and osteoporosis (OR 0.86) compared with the control group. Our study demonstrated that a 12-week kickboxing exercise training program is effective for improving sarcopenic parameters of muscle strength and function, but not muscle mass in adults, aged 50-85 years. Furthermore, markers of osteoporosis also showed improvement. These findings suggest that a 12-week kickboxing program is effective for muscle and bone health among community-dwelling older individuals.",PubMed,https://pubmed.ncbi.nlm.nih.gov/35547204/,doi:10.3389/fmed.2022.815342,include_title_abs,Potential eligible RCT at title/abstract stage,C_sarcopenia_secondary,Community sarcopenia RCT; secondary stratum
33249320,,10.1016/j.bone.2020.115772,Detraining effects after 18 months of high intensity resistance training on osteosarcopenia in older men-Six-month follow-up of the randomized controlled Franconian Osteopenia and Sarcopenia Trial (FrOST).,Kemmler W; Kohl M; Fröhlich M; Schoene D; von Stengel S,2021,Bone,"Detraining after dedicated exercise programs might be a frequent situation in older people's exercise patterns. The aim of the present study was thus to determine the effects of 6 months of detraining after 18 months of high intensity resistance exercise (HIT-RT) on musculoskeletal outcomes in older men with sarcopenia. Community-dwelling men aged 72 years and older with osteosarcopenia (n = 43) were randomly assigned to an 18-month HIT-RT (EG: n = 21) or a non-training control group (CG, n = 22). After the intervention, participants of the EG stopped HIT-RT for 6 months, but continued their habitual physical activity. Study outcomes were skeletal muscle mass index, bone mineral density (BMD) at the lumbar-spine and total-hip, maximum hip/leg-extensor strength, handgrip strength and gait velocity. We applied an intention-to-treat analysis with multiple imputation. Changes in the HIT-RT were much more pronounced during the detraining period compared with the CG, although this effect was only significant for skeletal muscle mass index and hip-/leg-extensor strength (p = .002 and p = .013), but not for lumbar-spine BMD (p = .068), total-hip BMD (p = .069), handgrip strength (p = .066) or gait velocity (p = .067). Apart from total-hip BMD (p = .055), handgrip strength (p = .069) and gait velocity (p = .881) values of the HIT-RT group decreased significantly during detraining. However, after 24 months, overall effects (p < .001) were still observed for skeletal muscle mass index and hip-/leg-extensor strength. Although unable to state from which point in time relevant detraining effects emerge, we conclude that health care providers should focus on continuous rather than intermitted exercise programs for older people. Clinical trial number: clinicalTrials.gov: NCT03453463; NCT04444661.",PubMed,https://pubmed.ncbi.nlm.nih.gov/33249320/,doi:10.1016/j.bone.2020.115772,include_title_abs,Potential eligible RCT at title/abstract stage,C_sarcopenia_secondary,Community sarcopenia RCT; secondary stratum
27780567,,10.1016/j.jamda.2016.08.009,"Impacts of High-Protein Oral Nutritional Supplements Among Malnourished Men and Women with Sarcopenia: A Multicenter, Randomized, Double-Blinded, Controlled Trial.",Cramer JT; Cruz-Jentoft AJ; Landi F; Hickson M; Zamboni M; Pereira SL; Hustead DS; Mustad VA,2016,Journal of the American Medical Directors Association,"Recent evidence suggests that nutritional interventions may improve muscle outcomes in malnutrition and sarcopenia. We evaluated the effects of 2 high-quality oral nutritional supplements (ONS) differing in amount and type of key nutrients in older adult men and women. A multicenter, randomized, double-blinded, controlled clinical trial. Malnourished and sarcopenic men and women, 65 years and older (n = 330). A 24-week intervention period with 2 energy-rich (330 kcal) ONS treatment groups: Control ONS (CONS, 14 g protein; 147 IU vitamin D3) versus Experimental ONS (EONS, 20 g protein; 499 IU vitamin D3; 1.5 g CaHMB) taken twice daily. Both ONS also contained other vitamins, minerals, and nutrients in varying amounts. Isokinetic peak torque (PT, Nm) leg strength, grip strength (kg), and gait speed (m·s-1) were assessed at baseline and 12 and 24 weeks. Left and right leg muscle mass (LMM, kg) were assessed by dual-energy x-ray absorptiometry (DXA). Muscle quality (MQ) was leg strength expressed relative to the tested LMM (Nm·kg-1). Subgroup analyses were performed: severe sarcopenia (low skeletal mass index, low grip strength [<30 kg men; <20 kg women], low gait speed [<0.8 m·s-1]) and mild-moderate sarcopenia (low skeletal mass index, normal gait speed, or normal grip strength). Both ONS groups (EONS and CONS) improved PT, MQ, grip strength, and gait speed from baseline with no treatment differences. Those with severe sarcopenia (44%) exhibited lower baseline PT and MQ, with no differences in strength improvements between treatments. However, participants with mild-moderate sarcopenia exhibited higher baseline PT and MQ, with differences in strength improvements at 12 weeks (EONS > CONS, P = .032) in those with normal grip strength. There were no treatment differences based on sarcopenic severity for either grip strength or gait speed. ONS improved strength outcomes in malnourished older adults with sarcopenia. In those with mild-moderate sarcopenia, but not severe sarcopenia, consumption of the EONS improved leg muscle strength and quality compared with the standard CONS.",PubMed,https://pubmed.ncbi.nlm.nih.gov/27780567/,doi:10.1016/j.jamda.2016.08.009,include_title_abs,Potential eligible RCT at title/abstract stage,C_sarcopenia_secondary,Community sarcopenia RCT; secondary stratum
40114426,,10.1093/eurjcn/zvaf041,Resistance-based exercise intervention for patients with coronary artery disease and sarcopenia: a pilot randomized controlled trial.,Li PWC; Yu DSF; Chan NY; Chiu SH; Leung JYH; Ye EQH; Cheng MHK,2025,European journal of cardiovascular nursing,"Sarcopenia is a prominent prognostic indicator in patients with coronary artery disease (CAD). This study aimed to examine the feasibility and preliminary effects of a resistance-based exercise intervention in CAD patients with sarcopenia. This pilot assessor-blinded two-arm randomized controlled trial recruited 40 CAD patients aged ≥60 years with sarcopenia (mean age: 69.1 ± 5.03 years; 52.5% male), assigning them in a 1:1 ratio to either usual care or a 12-week exercise intervention (60 min/session, 2 sessions/week). The intervention followed an individualized, progressive, resistance-based exercise protocol using easily accessible exercise equipment. A blended approach, including centre-based, home-based and online sessions, was adopted to improve compliance and sustain training effects. No serious adverse events were reported, and the overall attendance rate was 94%. Compared with the control group, the intervention group showed significantly better physical performance measured by the Short Physical Performance Battery [β = 0.522, 95% confidence interval (CI) = -2.712 to -0.665, P = 0.001, Hedges' g = 0.637] and muscle strength measured by handgrip strength (β = -2.435, 95% CI = -4.618 to -0.252, P = 0.029, Hedges' g = 0.552) at immediate post-intervention. However, these effects were not sustained at 3 months post-intervention. No significant between-group differences were detected in muscle mass, cardiac-related functional status, health-related quality of life, or psychological outcomes. The effect sizes for these outcomes at the two timepoints ranged from 0.155 to 0.750. The resistance-based exercise intervention was feasible and acceptable for CAD patients with sarcopenia, improving their short-term physical performance and muscle strength. A full-scale trial with longer-term follow-up is warranted to evaluate its effects on functional muscle and cardiac-related clinical outcomes. ClincialTrials.gov (NCT05497687).",PubMed,https://pubmed.ncbi.nlm.nih.gov/40114426/,doi:10.1093/eurjcn/zvaf041,include_title_abs,Potential eligible RCT at title/abstract stage,C_sarcopenia_secondary,Community sarcopenia RCT; secondary stratum
41241289,,10.1016/j.apmr.2025.11.003,Effects of Low-Volume High-Intensity Interval Training on Physical Performance in Older Adults With Possible Sarcopenia: A Randomized Controlled Trial.,Wang Q; Xu C; Cheng Y; Wang W; Xiao M; Chen H; Huang M,2026,Archives of physical medicine and rehabilitation,"To compare the effects of low-volume high-intensity interval training (HIIT) with moderate-intensity continuous training (MICT) on physical performance, muscle strength, and exercise enjoyment in older adults with possible sarcopenia. A 2-arm, assessor-blind randomized controlled trial. Community-based. Thirty older adults (N=30) with possible sarcopenia (mean ± SD age, 66.0±3.7y, 67% women). Participants were randomized to either a 15-minute HIIT protocol (5×1-min cycling at 77%-90% maximum heart rate or 15-17 ratings of perceived exertion interspersed with 1-min recovery; n=15) or 25-minute MICT protocol (cycling at 65%-76% maximum heart rate or 12-14 ratings of perceived exertion; n=15), performed for 3 days per week for 7 weeks. The primary outcome was the 5 times sit to stand test. Secondary outcomes included comfortable walking speed, handgrip strength, and functional reach test. Exploratory outcomes were exercise enjoyment assessed using the Physical Activity Enjoyment Scale and the Exercise Enjoyment Scale. The HIIT group showed greater improvements in 5 times sit to stand test compared with the MICT group postintervention (Δ-0.57s [95% CI, -1.10 to -0.04]; P=.04; η²=0.15), at 1-month (Δ-0.58s [95% CI, -1.13 to -0.04]; P=.04; η²=0.15), and 3-month follow-ups (Δ-0.58s [95% CI, -1.13 to -0.02]; P=.04; η²=0.14). Both groups demonstrated significant improvements over time in 5 times sit to stand test time (P<.001; η²=0.77), comfortable walking speed (P<.001; η²=0.79), handgrip strength (P<.001; η²=0.88), and functional reach test (P<.001; η²=0.78). Participants in the HIIT group reported significantly higher scores on the Physical Activity Enjoyment Scale and the Exercise Enjoyment Scale compared with those in the MICT group. HIIT provides superior and sustained improvements in physical performance, as well as greater exercise enjoyment, over MICT in older adults with possible sarcopenia.",PubMed,https://pubmed.ncbi.nlm.nih.gov/41241289/,doi:10.1016/j.apmr.2025.11.003,include_title_abs,Potential eligible RCT at title/abstract stage,C_sarcopenia_secondary,Community sarcopenia RCT; secondary stratum
38615625,,10.1016/j.arcmed.2024.102998,Metformin Improves Sarcopenia-Related Quality of Life in Geriatric Adults: A Randomized Controlled Trial.,Qaisar R; Karim A; Muhammad T; Iqbal MS; Ahmad F,2024,Archives of medical research,"Metformin protects against age-related muscle decline, termed sarcopenia. However, the effects on sarcopenia quality-of-life (SarQoL) are unknown. We investigated the effects of metformin on SarQoL and associated mechanisms in older adults. This double-blind randomized, placebo-controlled trial included geriatric adult men, divided into non-sarcopenic controls (age = 72.2 ± 4.3 years, n = 52) and two groups of patients with sarcopenia randomized into placebo (age at baseline = 74.4 ± 5.7 years, n = 54) and metformin (age at baseline = 71.2 ± 3.9 years, n = 47) groups. Patients in the metformin group received 1.7 grams twice daily for four months. We evaluated SarQoL, handgrip strength (HGS), plasma zonulin, c-reactive protein (CRP), and 8-isoprostanes. Patients with sarcopenia had lower HGS and SarQoL than controls (both p <0.05). Metformin improved the HGS and the SarQoL domains related to physical and mental health, locomotion, and leisure activities, as well as cumulative SarQoL scores (all p <0.05). Metformin also prevented the decline in the SarQoL domains for functionality and fear. Among plasma biomarkers, metformin reduced the levels of zonulin, CRP, 8-isoprostanes, and creatine kinase. We also found a significant correlation of plasma zonulin with cumulative SarQoL in patients with sarcopenia taking metformin, suggesting a role for intestinal repair in improving SarQoL. Finally, metformin did not affect body composition and gait speed. Overall, metformin improved HGS and SarQoL by repairing intestinal leakage. Our data have clinical relevance for improving the quality of life in older adults with sarcopenia.",PubMed,https://pubmed.ncbi.nlm.nih.gov/38615625/,doi:10.1016/j.arcmed.2024.102998,include_title_abs,Potential eligible RCT at title/abstract stage,C_sarcopenia_secondary,Community sarcopenia RCT; secondary stratum
36423489,,10.1016/j.maturitas.2022.09.001,Fat infiltration and muscle hydration improve after high-intensity resistance training in women with sarcopenia. A randomized clinical trial.,Flor-Rufino C; Barrachina-Igual J; Pérez-Ros P; Pablos-Monzó A; Sanz-Requena R; Martínez-Arnau FM,2023,Maturitas,"Resistance training is recommended for preventing sarcopenia, but the benefits for the quality and quantity of muscle mass are uncertain. To assess the effects of high-intensity resistance training (HIRT) on clinical and magnetic resonance imaging (MRI) parameters in women with sarcopenia. A researcher-blinded randomized clinical trial was conducted. Community-dwelling older women with sarcopenia were randomized to six months of HIRT or a control group (CG). Body composition was assessed with bioimpedance equipment, and participants underwent strength and functional performance tests (short physical performance battery [SPPB] and gait speed). MRI scans of the thigh were taken to quantify muscle mass and quality. Thirty-eight women completed the study (20 in the HIRT group). Sarcopenia remitted in 50 % of the HIRT group. HIRT elicited a significant group × time interaction effect for muscle mass (p = 0.027; Ƞ2 = 0.129), muscle mass index (p = 0.023; Ƞ2 = 0.135), fat mass (p = 0.048; Ƞ2 = 0.103) and all strength variables (p < 0.05; Ƞ2 > 0.120). Moreover, the HIRT group obtained higher scores on the SPPB (mean difference [MD] 1.2; p = 0.005) and the 5 times sit-to-stand test (MD = 0.7; p = 0.009). Regarding MRI parameters, infiltrated microscopic fat decreased significantly (HIRT: MD = -0.01; p < 0.05), while hydration (T2) decreased in the CG (MD = 3.6 ms; p = 0.053) at six months. There were significant between-group differences at six months for water diffusion (HIRT: 1.09 × 10-3 mm2/s vs CG: 1.26 × 10-3 mm2/s) and total muscular volume (HIRT: 832.4 L vs CG: 649.2 L). HIRT led to the remission of sarcopenia in half of the older women, as seen in muscle mass, strength, and functional performance and MRI biomarkers, with significant increases in muscle quality. REGISTERED IN CLINICALTRIALS.GOV: NCT03834558.",PubMed,https://pubmed.ncbi.nlm.nih.gov/36423489/,doi:10.1016/j.maturitas.2022.09.001,include_title_abs,Potential eligible RCT at title/abstract stage,C_sarcopenia_secondary,Community sarcopenia RCT; secondary stratum
33609277,,10.1007/s11255-021-02799-6,"Effects of pre-dialysis resistance training on sarcopenia, inflammatory profile, and anemia biomarkers in older community-dwelling patients with chronic kidney disease: a randomized controlled trial.",Gadelha AB; Cesari M; Corrêa HL; Neves RVP; Sousa CV; Deus LA; Souza MK; Reis AL; Moraes MR; Prestes J,2021,International urology and nephrology,"Sarcopenia and chronic kidney disease (CKD) have been associated with negative outcomes in older people, including inflammatory profile and anemia biomarkers. To investigate the effects of pre-dialysis resistance training (RT) on sarcopenia, inflammatory profile, and anemia biomarkers in older patients with CKD. A total of 107 patients with CKD (65.4 ± 3.7 years) were randomly allocated into four groups: sarcopenic RT (n = 37), non-sarcopenic RT (n = 20), sarcopenic control (n = 28), and non-sarcopenic control (n = 22). DXA and handgrip strength were used to classify sarcopenia according to EWGSOP-2. Treatment groups underwent a 24-week intervention with RT before each dialysis session, three times per week. Blood sample analysis for ferritin, hepcidin, iron availability, and inflammatory profile (TNFα, IL-6, and IL-10) was conducted. All-cause mortality was recorded over 5 years. Sarcopenic RT group increased iron availability after the intervention, while their counterparts decreased. Ferritin and hepcidin significantly decreased in sarcopenic RT group. RT elicited a reduction in both TNFα and IL-6, while increasing IL-10 in both intervention groups. The rate of sarcopenic subjects substantially decreased after the intervention period (from 37 to 17 in the RT group; p = 0.01). The proportion of deaths was higher (P = 0.033) for sarcopenic subjects (Controls 35.7% vs RT 29.7%) when compared to non-sarcopenic subjects (Controls 18% vs RT 10%). The proportion of deaths decreased according to the randomization group (X2 = 8.704; P < 0.1). The 24-week RT intervention elicited a better sarcopenia status, better inflammatory profile, and improved anemia biomarkers. Sarcopenia was associated with higher mortality rate in older patients with CKD.",PubMed,https://pubmed.ncbi.nlm.nih.gov/33609277/,doi:10.1007/s11255-021-02799-6,include_title_abs,Potential eligible RCT at title/abstract stage,C_sarcopenia_secondary,Community sarcopenia RCT; secondary stratum
37743924,PMC10513027,10.3389/fnut.2023.1176523,"""We want more"": perspectives of sarcopenic older women on the feasibility of high-intensity progressive resistance exercises and a whey-protein nutrition intervention.",Vijayakumaran RK; Daly RM; Tan VPS,2023,Frontiers in nutrition,"This qualitative study is nested within a 12-week pilot randomized-controlled, two-arm trial involving high-intensity progressive resistance training (PRT) or PRT with a multi-nutrient, whey-protein supplementation (PRT+WP) in sarcopenic older adults (trial registration no: TCTR20230703001). The aim was to investigate sarcopenic participants' perceptions and barriers to this multi-modal intervention strategy that may accelerate ""real-world"" implementation. Eighteen older adults (one man) with possible sarcopenia were invited to join the study, of whom 16 women were randomized to a thrice-weekly PRT (n = 8) program (80% of 1-repetitive maximum, six resistance band exercises) only or PRT plus daily weekday milk-based WP supplementation (PRT+WP, n = 8). Muscle strength (handgrip and 5-times sit-to-stand), mass (dual-energy X-ray absorptiometry), performance (Short Physical Performance Battery and stair ascent-descent), and nutrition status (Mini Nutritional Assessment) were assessed for changes. We randomly selected eight women for the semi-structured interview. Post-intervention, eight (50%) women were sarcopenia-free, six (38%) remained in possible sarcopenia, one (6%) improved to sarcopenia, and one (6%) deteriorated from possible to severe sarcopenia. There were no significant between-group differences, but significant within-group improvements (p < 0.05) were detected for handgrip strength (PRT+WP 5.0 kg, d = 0.93; PRT 6.1 kg, d = 0.55), 5-times sit-to-stand time (PRT 2.0 s, d = 1.04), nutrition score (PRT+WP 3.44, d = 0.52; PRT 1.80, d = 0.44), and stair ascent time (PRT+WP 0.97 s, d = 0.77; PRT 0.75 s, d = 0.97). Our thematic analyses identified four main themes, namely, (1) perceived benefits, (2) sustaining behavior changes, (3) challenges in participating, and (4) improved wellbeing. Participants expressed how they initially were skeptical and doubted that they could complete the exercises or tolerate the milk-based WP supplements. However, they reported positive experiences and benefits felt from strength gains, increased confidence, and better physical abilities. Participants were surprised by the zero adverse effects of WP supplements. The women wanted more nutritional information and structured, guided exercise programs and suggested a community-based implementation. In conclusion, our findings showed PRT was well received and may support reduced risks of sarcopenia. No added benefits were seen with the addition of WP supplementation, but a larger sample is required to address this question. Overall, older (previously sarcopenic) Malay women indicated that they want more multi-modal programs embedded in their community.",PubMed,https://pubmed.ncbi.nlm.nih.gov/37743924/,doi:10.3389/fnut.2023.1176523,include_title_abs,Potential eligible RCT at title/abstract stage,C_sarcopenia_secondary,Community sarcopenia RCT; secondary stratum
40599275,PMC12207053,10.12182/20250360608,[Effect of the Otago Exercise Program on Activities of Daily Living in Older Adults With Sarcopenia].,Liang Y; Wang R; Jiang J; Wang L; Zhang L; Chun X; Wei Q,2025,Sichuan da xue xue bao. Yi xue ban = Journal of Sichuan University. Medical science edition,"To explore the effects of the Otago Exercise Program (OEP) on activities of daily living, muscle strength, balance, and physical function in older adults with sarcopenia, to compare OEP with conventional exercise training, and to provide a basis for clinical rehabilitation programs for older adults with sarcopenia. In this randomized controlled trial, 120 older adults clinically diagnosed with sarcopenia were enrolled. The participants were randomly assigned to the OEP intervention group (experimental group) and the conventional exercise intervention group (control group), with 60 in each group. The experimental group underwent 12 weeks of OEP training, three times a week, with each session lasting 45 minutes. The control group underwent conventional exercise training following the same schedule. The Modified Barthel Index was used as the primary outcome measure to assess activities of daily living. Secondary outcome measures included muscle strength, gait stability, dynamic balance, and physical function status, evaluated using grip strength, 6-meter walking speed, the Timed Up and Go Test (TUGT), and the Short Physical Performance Battery (SPPB). A total of 120 older adults with sarcopenia were included. The mean age of the participants was (80.17 ± 8.48) years. Baseline data before treatment showed no statistically significant differences between the two groups. Both groups completed the treatment within 12 weeks without experiencing any adverse events. The baseline data for the experimental group were as follows, MBI at (67.00 ± 22.76) points, hand grip strength at (15.29 ± 4.94) kg, gait speed at (0.61 ± 0.26) m/s, TUGT time at (15.05 ± 6.74) s, and SPPB score at (6.17 ± 1.40) points, while the corresponding post-intervention findings were as follows, (78.72 ± 15.83) points, (17.67 ± 5.83) kg, (0.77 ± 0.28) m/s, (13.49 ± 6.16) s, and (9.25 ± 1.71) points, respectively. The experimental group showed improvements in all measures from baseline to post-intervention (P < 0.05 for all measures). As for the control group, the baseline data for the corresponding measures were as follows, (67.20 ± 22.12) points, (15.00 ± 5.35) kg, (0.58 ± 0.23) m/s, (17.29 ± 6.90) s, and (6.00 ± 1.24) points, respectively. The post-intervention findings increased to (71.13 ± 20.28) points, (15.47 ± 5.72) kg, (0.64 ± 0.28) m/s, (16.50 ± 6.99) s, and (6.73 ± 1.61) points, respectively, but the changes were not statistically significant (P > 0.05). Furthermore, an intergroup comparison of intervention effects (post-intervention minus preintervention) revealed significant differences in mean changes from baseline. The experimental group demonstrated improvements of (+11.72 ± 6.32) points in modified Barthel Index, (+11.72 ± 6.32) kg in grip strength, (+0.16 ± 0.09) m/s in gait speed, (－1.56 ± 1.32) s in TUGT time, and (－1.56 ± 1.32) points in SPPB score. In contrast, the control group showed smaller changes of (+3.93 ± 5.65) points, (+0.47 ± 1.37) kg, (+0.06 ± 0.07) m/s, (－0.79 ± 1.54) s, and (+0.73 ± 1.12) points, respectively (all P < 0.05). Intergroup comparisons revealed superior outcomes in the experimental group across all measures. OEP significantly enhances activities of daily living, improves muscle strength, balance, and physical function in older adults, and is more effective than conventional rehabilitation exercise programs, making it suitable for extensive clinical application.",PubMed,https://pubmed.ncbi.nlm.nih.gov/40599275/,doi:10.12182/20250360608,include_title_abs,Potential eligible RCT at title/abstract stage,C_sarcopenia_secondary,Community sarcopenia RCT; secondary stratum
40759914,PMC12323141,10.1186/s12877-025-05895-9,"Characterizing sarcopenia and sarcopenic obesity in patients aged 65 years and over, at risk of mobility disability: a multicenter observational trial (SARA-OBS).",Fielding RA; Rolland Y; Bruyere O; Desvarieux M; Donini LM; Incalzi RA; Muscaritoli M; Tchalla A; Bonnefoy M; Rondanelli M,2025,BMC geriatrics,"Aging is associated with a progressive change of body composition characterized by muscle mass decline and accumulation of adipose tissue that can lead to sarcopenia and obesity, respectively. The prevalence of sarcopenia is poorly known given the different parameters and thresholds in proposed definitions. The combination of obesity (defined as a percentage of body fat mass of > 25% in men and > 35% in women) and sarcopenia (SO) adds complexity to the characterization of this pathology. SARA-OBS aimed to better characterize sarcopenia (including SO) and its consequences on physical function over time, in community-dwelling older adults at risk of mobility disability, and to support the design of further interventional clinical trials. This was an international, multicenter, 6-month observational study of men and women aged ≥ 65 years suffering from sarcopenia according to the Foundation for the National Institute of Health (FNIH) cut-offs for Sarcopenia and with a Short Physical Performance Battery (SPPB) ≤ 8. The primary endpoint was the change in Gait Speed (GS) in the 400-meter walking test (400MWT), reported at baseline and at Month 6/ end of the study (EOS). Secondary endpoints included changes in handgrip strength (HGS), physical performance (6-Minute Walking Distance [6MWD], SPPB), the Physical Function Domain (PF-10) sub-score and total score of the SF-36 survey and the Sarcopenia and Quality of Life (SarQoL) questionnaire. Overall, the mean (± SD) change from baseline to Month 6/EOS in 400MWT GS was - 0.027 ± 0.171 m/sec (p = 0.064). Both GS and 6MWD decreased significantly in subgroup with GS ≥ 0.8 m/sec at baseline (-0.047 ± 0.185 m/sec; p = 0.017 and - 24.01 ± 68.24 m; p = 0.001, respectively). In subgroup with SPPB = 8 at baseline, 6MWD also decreased (-36.80 ± 67.60 m; p < 0.001). We observed a significant change from baseline for 6MWD in the SO subgroup (-18.30 ± 81.95 m; p = 0.013). Neither HGS nor SarQoL changed significantly from baseline to Month 6/EOS. SARA-OBS results contribute to defining subgroups of older adults at risk of functional decline over 6 months, specifically subjects with SPPB = 8, affecting GS and the 6MWD. Additionally, the SO subpopulation exhibited a relevant deterioration in physical function as evaluated by the 6MWD. NCT03021798 (ClinicalTrials.gov). Date of registration 16/01/2017.",PubMed,https://pubmed.ncbi.nlm.nih.gov/40759914/,doi:10.1186/s12877-025-05895-9,include_title_abs,Potential eligible RCT at title/abstract stage,C_sarcopenia_secondary,Community sarcopenia RCT; secondary stratum
40825414,,10.1016/j.exger.2025.112869,Effects of resistance training on osteosarcopenia in community-dwelling postmenopausal Korean women: Randomised controlled ERTO-K trial.,Lee BC; Kim KI; Lee J; Cho KH; Moon C,2025,Experimental gerontology,"We evaluated the efficacy of a 6-month progressive resistance exercise in postmenopausal women with osteosarcopenia. Thirty-four community-dwelling postmenopausal women with osteosarcopenia were randomly assigned to either a resistance exercise group (RE; n = 17) or a home exercise group (HE; n = 17). Both groups received home exercise brochures and nutritional supplementation. The RE group additionally participated in supervised resistance training sessions twice weekly. The primary outcome was the change in the skeletal muscle index (SMI) and bone mineral density (BMD). The secondary outcomes included changes in handgrip strength (HGS) and physical performance. Seventeen and sixteen participants in the RE and HE groups, respectively, completed the intervention. The RE group showed significantly greater SMI improvement at the 12-week follow-up (0.310 ± 0.343 kg/m2 vs. 0.011 ± 0.423 kg/m2 in HE). However, there was no significant difference between groups at the 24-week follow-up. The other primary outcome, BMD, did not show any statistically significant differences either within or between groups. While both groups showed significant improvement in HGS and physical performance over time, the RE group had significantly higher HGS at the 6-week and 18-week follow-ups. A 6-month program of progressive resistance exercise combined with nutritional support improved muscle mass and strength in postmenopausal women with osteosarcopenia. Although the HE group showed less improvement at earlier time points, their muscle strength and physical performance were comparable to those of the RE group by the end of the intervention.",PubMed,https://pubmed.ncbi.nlm.nih.gov/40825414/,doi:10.1016/j.exger.2025.112869,include_title_abs,Potential eligible RCT at title/abstract stage,C_sarcopenia_secondary,Community sarcopenia RCT; secondary stratum
41598559,PMC12842347,10.3390/jcm15020621,The Effects of Gamified Virtual Reality on Muscle Strength and Physical Function in the Oldest Old-A Pilot Study on Sarcopenia-Related Functional Outcomes.,Grzywacz Ż; Jaśniewicz J; Koziarska A; Macierzyńska J; Majorczyk E,2026,Journal of clinical medicine,"Background/Objectives: Sarcopenia is an age-related decline in muscle mass and strength, reducing mobility and functional independence and increasing the risk of falls. Non-pharmacological interventions remain the most effective strategies to prevent or delay its progression, with exercise recognized as the primary approach. Virtual reality (VR)-based training has recently emerged as a promising tool to promote physical activity; however, its application among the oldest-old individuals remains underexplored. This is a randomized controlled pilot study to evaluate the effects of VR-based intervention using the game ""Beat Saber"" on muscle strength and selected physical performance indicators related to sarcopenia risk in older adults. Methods: Thirty-eight residents (mean age: 87.2) of a long-term care facility were randomly assigned to either a VR group or a control group. The VR group participated in 12 supervised VR-based training sessions of 20 min per session, three times per week for four weeks. Handgrip strength, the arm curl test, 30-s chair stand, a 2-min step-in-place test, and an 8-foot up-and-go test were assessed before and after the intervention. Results: Linear mixed-model analyses revealed significant group-by-time interactions for upper- and lower-limb strength (handgrip, arm curl, chair stand; p < 0.05), favoring the VR group. Agility and endurance (8-foot up-and-go, 2-min step-in-place) showed no significant interactions. In the VR group, the 30-s chair stand performance correlated positively with the arm curl and the 2-min step-in-place tests results, while handgrip strength correlated with the arm curl performance. In the control group, the 30-s chair stand test results correlated strongly with the 8-foot up-and-go and 2-min step-in-place tests, but no significant correlations were found for handgrip strength. Conclusions: The findings indicate short-term functional benefits of VR exercise among the oldest-old adults. VR-based training appears to be an effective and well-tolerated method to enhance physical performance in individuals aged 80 and older and may represent a valuable strategy for improving functional performance indicators associated with sarcopenia risk in adults aged 80 years and older.",PubMed,https://pubmed.ncbi.nlm.nih.gov/41598559/,doi:10.3390/jcm15020621,include_title_abs,Potential eligible RCT at title/abstract stage,C_sarcopenia_secondary,Community sarcopenia RCT; secondary stratum
36448359,,10.1177/07334648221141413,"Acupunch Exercise Improved Muscle Mass, Hand Grip Strength, and Sleep Quality of Institutional Older Adults with Probable Sarcopenia.",Tung HT; Chen KM; Chou CP; Belcastro F; Hsu HF; Kuo CF,2023,Journal of applied gerontology : the official journal of the Southern Gerontological Society,"This study tested the effectiveness of a 6-month vitality acupunch (VA) exercise program on muscle mass, hand grip strength, and sleep quality in institutional older adults with probable sarcopenia. A cluster randomized controlled trial was conducted. A total of 103 older adults were assigned to the experimental group (n = 52) and control group (n = 51) according to the institution they inhabited. After the 6-month VA exercise intervention, the experimental group showed significant increases in muscle mass (F = 5.93, p = .017), hand grip strength (F = 56.73, p < .001), and improved sleep quality (F = 23.20, p < .001) compared to the control group. Based on the meridian theory that promotes qi and blood circulation, VA exercise has positive effects on muscle mass, hand grip strength, and sleep quality in older adults with probable sarcopenia.",PubMed,https://pubmed.ncbi.nlm.nih.gov/36448359/,doi:10.1177/07334648221141413,include_title_abs,Potential eligible RCT at title/abstract stage,C_sarcopenia_secondary,Community sarcopenia RCT; secondary stratum
30414822,,10.1016/j.jamda.2018.09.011,Effects of Resistance Training on Functional Strength and Muscle Mass in 70-Year-Old Individuals With Pre-sarcopenia: A Randomized Controlled Trial.,Vikberg S; Sörlén N; Brandén L; Johansson J; Nordström A; Hult A; Nordström P,2019,Journal of the American Medical Directors Association,"Sarcopenia has been defined as age-related loss of muscle mass and function. The aim of this randomized controlled trial was to examine the effects of a 10-week instructor-led resistance training program on functional strength and body composition in men and women aged 70 years with pre-sarcopenia. Participants were randomized to either 10 weeks of a physical training regimen including optional nutritional supplementation (n = 36) or to a control group (n = 34) (ClinicalTrials.gov, no. NCT03297632). The main outcome was changes in the Short Physical Performance Battery (SPPB) score. Secondary outcomes included the Timed Up and Go test, chair sit-stand time, lean body mass, and fat mass. The intervention had no significant effect on SPPB in the total cohort (P = .18), when comparing changes in the intervention group with the control group. However, those given the intervention in the male subcohort increased 0.5 ± 0.4 (mean ± standard error for the difference) points in SPPB during follow-up (P = .02) compared to male controls. With respect to secondary outcomes, the intervention group decreased 0.9 ± 0.6 seconds in chair sit-stand time compared to controls (P = .01). Furthermore, the intervention resulted in significantly greater improvements for the training group than control group in all measures of body composition (P ≤ .01 for all). For example, lean body mass increased by a mean of 1147 ± 282 g (P < .001), and total fat mass decreased by a mean of 553 ± 225 g (P = .003), favoring the intervention group. The main finding of this intervention study is that an easy-to-use, functional resistance training program was effective in maintaining functional strength and increasing muscle mass in older adults with pre-sarcopenia.",PubMed,https://pubmed.ncbi.nlm.nih.gov/30414822/,doi:10.1016/j.jamda.2018.09.011,include_title_abs,Potential eligible RCT at title/abstract stage,C_sarcopenia_secondary,Community sarcopenia RCT; secondary stratum
39243106,PMC11378542,10.1186/s13102-024-00975-6,Does high-frequency resistance exercise offer additional benefits to older adults? learnings from a randomized controlled trial.,Li Q; Huang F; Cheng Y; Dai Y; Lin Z; Lin Z; Zhu P,2024,"BMC sports science, medicine & rehabilitation","Resistance exercise is an effective strategy to improve muscle strength in older adults. A limited-load resistance would be flexible and suitable for community-based training. It was unclear whether high-frequency resistance exercise offer additional benefits to older adults. Here, we aimed to examine the effect of limited-load resistance exercise among different frequency on muscle parameters in older adults. The current study was a single-blind, randomized controlled trial comparing the effectiveness of different-frequency resistance exercise in older adults. Change in skeletal muscle was estimated with a multi-frequency bioelectrical impedance analyzer. Demographics, physical examination, nutritional assessment, prealbumin and lymphocytes were also measured. Fisher's precision probability test and baseline-adjusted generalized linear models were applied accordingly to analyze the influence of dose-different exercise on prevalence of sarcopenia, muscle parameters and body composition. A two-sided p value of < 0.05 was defined statistical significance. The participants had a mean age of 71.96 years and close gender ratio. One hundred and twenty-seven participants (control 40; low-dose 46; high-dose 41) completed the 6-month exercise intervention. In contrast to control group, only high-dose exercise groups experienced improvements in muscle mass (0.66 kg, p < 0.001) and max grip strength (+ 2.17 kg, p < 0.001). There were significant dose-response effects of muscle mass (index), fat mass (index), max grip strength, 5-times sit to stand test, 6-minute walking test and visceral fat area (all ptrend <0.01). As the proved dose-dependent effect, current findings supported high-frequency limited-load resistance exercise applied and extended among older adults in community. This study was registered at Chinese Clinical Trial Registry Network (ChiCTR2200062007, Registered on 19 July 2022).",PubMed,https://pubmed.ncbi.nlm.nih.gov/39243106/,doi:10.1186/s13102-024-00975-6,include_title_abs,Potential eligible RCT at title/abstract stage,C_sarcopenia_secondary,Community sarcopenia RCT; secondary stratum
41283447,PMC12641721,10.3390/geriatrics10060136,"Effect of Eight-Week Strength Training on Body Composition, Muscle Strength and Perceived Stress in Community-Dwelling Older Women.",Žlibinaitė L; Amšiejūtė L; Baltaduonienė D; Gintilienė M; Matukynienė K; Mažeikė L,2025,"Geriatrics (Basel, Switzerland)","Background: Sarcopenia, characterized by loss of muscle mass, strength, and function, reduces independence and quality of life in older adults. Strength exercise (STR) mitigates these age-related declines, but evidence of short-term effectiveness remains limited. This study aimed to evaluate the effects of eight weeks of STR on body composition, muscle strength, and psycho-emotional state in community-dwelling elderly women. Methods: A prospective, controlled, non-randomized study included 44 women assigned to an STR (n = 20) or control (CON, n = 22) group. The STR group performed supervised exercise twice weekly for eight weeks. The outcomes were body composition, handgrip strength (HGS), quadriceps (Q) and hamstrings (H) strength, and perceived stress (PSS-10), assessed at baseline and after intervention. Within-group changes were analyzed using paired t-tests, and between-group differences were evaluated using analysis of covariance (ANCOVA) adjusted for baseline values. Results: After baseline adjustment, body mass (p = 0.041, partial η2 = 0.103), BMI (body mass index, p = 0.030, partial η2 = 0.115), and body fat percentage (p = 0.047, partial η2 = 0.098) were significantly reduced in the STR group. Significant improvements were observed for H strength in both legs (p < 0.05, partial η2 = 0.128-0.131), right HGS (p = 0.025, partial η2 = 0.122), right HGS:BMI ratio (p = 0.013, partial η2 = 0.150), and H:Q ratios on both sides (p < 0.05, partial η2 = 0.109-0.118). No significant differences were observed for left-hand grip strength, knee extensor strength, or other body composition variables (p > 0.05). The perceived stress scores were significantly lower in the STR group post-intervention (p = 0.036, partial η2 = 0.108). Conclusions: An eight-week supervised strength exercise program was associated with favorable changes in muscle strength, body composition, and psycho-emotional state in elderly women.",PubMed,https://pubmed.ncbi.nlm.nih.gov/41283447/,doi:10.3390/geriatrics10060136,include_title_abs,Potential eligible RCT at title/abstract stage,C_sarcopenia_secondary,Community sarcopenia RCT; secondary stratum
30358032,,10.1111/ggi.13547,"Effects of branched-chain amino acids and vitamin D supplementation on physical function, muscle mass and strength, and nutritional status in sarcopenic older adults undergoing hospital-based rehabilitation: A multicenter randomized controlled trial.",Takeuchi I; Yoshimura Y; Shimazu S; Jeong S; Yamaga M; Koga H,2019,Geriatrics & gerontology international,"To investigate the effects of branched-chain amino acids and vitamin D supplementation on physical function, muscle strength, muscle mass, and nutritional status in sarcopenic older adults undergoing hospital-based rehabilitation. We carried out an 8-week, multicenter, randomized, controlled, blinded outcome, two-cohort parallel group intervention trial of sarcopenic older adults undergoing in-hospital rehabilitation. The eligibility criteria included older adults (aged ≥65 years) with low muscle strength (handgrip strength) and low muscle mass (calf circumference) according to the cut-off values for older Asians. The intervention group received branched-chain amino acids and vitamin D supplementation, whereas the control group did not. Both groups underwent low-intensity resistance training in addition to the post-acute rehabilitation program. The primary outcome of physical function (Functional Independence Measure-motor scores), and the secondary outcomes of muscle strength (handgrip strength), muscle mass (calf circumference) and nutritional status (body mass index) were measured at baseline and at the end of the intervention. Finally, a total of 68 patients were analyzed (intention-to-treat analysis): 35 in the intervention group and 33 in the control group. Functional Independence Measure-motor scores increased significantly in both groups over time (P < 0.05). However, no treatment-by-time effects were observed (median estimated difference 2.4, 95% confidence interval -1.2 to 7.1). Handgrip strength, calf circumference and body mass index increased significantly in both groups over time (P < 0.05), with significantly greater improvements in the intervention group (P = 0.041, 0.033 and 0.035, respectively). We showed that an 8-week intervention of branched-chain amino acids and vitamin D supplementation with low-intensity resistance training improves muscle-related outcomes in sarcopenic older adults undergoing hospital-based rehabilitation (UMIN000006238). Geriatr Gerontol Int 2019; 19: 12-17.",PubMed,https://pubmed.ncbi.nlm.nih.gov/30358032/,doi:10.1111/ggi.13547,include_title_abs,Potential eligible RCT at title/abstract stage,C_sarcopenia_secondary,Community sarcopenia RCT; secondary stratum
34751506,,10.1111/jnu.12723,Effects of Vitality Acupunch exercise on functional fitness and activities of daily living among probable sarcopenic older adults in residential facilities.,Tung HT; Chen KM; Huang KC; Hsu HF; Chou CP; Kuo CF,2022,Journal of nursing scholarship : an official publication of Sigma Theta Tau International Honor Society of Nursing,"To test the effects of a Vitality Acupunch exercise program on the functional fitness and the ability to perform the activities of daily living (ADL) among older adults with probable sarcopenia in residential facilities. This was a cluster-randomized controlled trial. A total of 12 long-term care facilities randomly assigned to the intervention and control groups with 1:1 allocation ratio. Among them, 114 older adults with probable sarcopenia participated at baseline and were allocated to either the intervention or control group according to the facility where they resided in. Of these, 103 older adults completed the study. The intervention group (n = 52) underwent the Vitality Acupunch exercise program three times a week, each lasting 40 min, for 6 months while the control group (n = 51) performed its routine daily activities. The functional fitness and ADL of the intervention group significantly improved at each time point (all p < 0.001), while the control group showed a significant decreasing trend. Except the lower limb muscular endurance, the functional fitness and ADL of the intervention group significantly improved compared to the control group at T1, and the improvements were still significant at T2. Functional fitness and the ability to perform ADL in older adults with probable sarcopenia were significantly improved after receiving the Vitality Acupunch exercises. An exercise that integrates the meridian theory and exercise concepts effectively improves functional fitness in probable sarcopenic older adults. Clinicaltrials.gov (NCT04504786). The trial was first posted on August 7, 2020. This part of the data was collected from August 2020 to March 2021.",PubMed,https://pubmed.ncbi.nlm.nih.gov/34751506/,doi:10.1111/jnu.12723,include_title_abs,Potential eligible RCT at title/abstract stage,C_sarcopenia_secondary,Community sarcopenia RCT; secondary stratum
39142111,,10.1016/j.clnu.2024.07.037,"Effect of high plant protein/peptide nutrition supplementation on knee osteoarthritis in older adults with sarcopenia: A randomized, double-blind, placebo-controlled trial.",Wu Q; Xu Z; Huang W; Qi X; Wu J; Du J; Kan J,2024,"Clinical nutrition (Edinburgh, Scotland)","Skeletal muscle is an important contributor to joint health. Previous studies have shown that age-related muscle mass and strength loss are closely associated with the development of knee osteoarthritis. The objective of this study is to investigate whether a high plant protein/peptide nutrition supplementation can alleviate knee osteoarthritis by improving muscle mass and strength. This randomized, double-blind, placebo-controlled trial that included participants aged 50-70 years diagnosed with knee osteoarthritis and sarcopenia was conducted in China from February 2022 to September 2022 (ChiCTR2200056415). Participants were randomly assigned to receive either a 12-week high plant protein/peptide nutrition supplementation or a placebo twice daily, with one serving each after breakfast and dinner, respectively. The primary outcome analyzed using intention-to-treat analysis was difference in Short Physical Performance Battery (SPPB) from baseline to week 12 between the two groups. The secondary outcomes included changes in muscle mass, strength, symptom and imaging of knee osteoarthritis, body composition, biochemical parameters, and health quality scores. After 12 weeks, a total of 124 participants (38.7% male) completed the trial and were included in the final analysis. Over the 12-week follow-up, the experimental group showed a significant improvement in the SPPB total score (1.03, 95% CI, 0.69 to 1.38, P < 0.0001) compared with the placebo group. Grip strength (2.83 kg, 95% CI, 2.13 to 3.53, P < 0.0001) and skeletal muscle mass index (0.66 kg/m2, 95% CI, 0.45 to 0.86, P < 0.0001) were also significantly increased in the experimental group relative to the placebo group. The mean change in Western Ontario and McMaster Universities Osteoarthritis Index total score was -3.95 points (95% CI, -5.02 to -2.89, P < 0.0001) in the experimental group and 0.23 points (95% CI, -0.17 to 0.63, P = 0.253) in the placebo group. Additionally, within the experimental group, nine participants experienced an improvement in osteophyte magnetic resonance imaging results, while no improvement was observed in the placebo group. The experimental group also exhibited significant improvements in health quality compared with the placebo group as assessed by Short Form 36, the World Health Organization Quality of Life Brief Scale, and the Chalder Fatigue Scale. No serious adverse events were reported during the trial. Oral supplementation with high levels of plant protein/peptides can alleviate symptoms of osteoarthritis in elderly individuals with minor or mild knee osteoarthritis and sarcopenia. This improvement may be attributed to the enhancements of muscle mass, strength, and physical performance.",PubMed,https://pubmed.ncbi.nlm.nih.gov/39142111/,doi:10.1016/j.clnu.2024.07.037,include_title_abs,Potential eligible RCT at title/abstract stage,C_sarcopenia_secondary,Community sarcopenia RCT; secondary stratum
33961812,,10.1016/j.jamda.2021.04.001,Response and Adherence of Nursing Home Residents to a Nutrition/Exercise Intervention.,Karlsson ES; Grönstedt HK; Faxén-Irving G; Franzén E; Luiking YC; Seiger Å; Vikström S; Wimo A; Cederholm TE; Boström AM,2021,Journal of the American Medical Directors Association,"Interindividual response variability to nutrition and exercise interventions is extensive in older adults. A group of nursing home (NH) residents participated in a combined intervention. The objective of this post-hoc analysis was to identify factors associated with intervention response measured by change in physical function and body composition. Post-hoc analyses in the Older Person's Exercise and Nutrition study, a 2-arm randomized trial. The primary outcomes were 30-second Chair Stand Test and composite scores combining physical function and fat-free mass. A secondary outcome was intervention adherence. A 12-week intervention of sit-to-stand exercises and protein-rich nutritional supplements did not improve chair-stand capacity vs control on intention-to-treat basis. Residents ≥75 years of age from dementia and somatic units in eight NHs in Sweden. Logistic regressions were performed to define factors associated with response (maintenance/improvement) or nonresponse (deterioration) in 30-second Chair Stand Test, and with intervention adherence. Linear regressions were performed to explore factors associated with response in composite scores. Mean age of participants (n = 52 intervention, n = 49 control) was 85.8 years. Sarcopenia was occurring in 74%. Sarcopenia at baseline (P = .005) and high adherence to nutritional supplements (P = .002) increased the odds of response. Higher independence in daily activities increased the odds of adherence to sit-to-stand exercises (P = .027) and the combined intervention (P = .020). Allocation to the intervention group and higher self-perceived health were associated with higher composite scores. NH residents with baseline sarcopenia, better self-perceived health, and high adherence to nutritional supplements benefitted most from a combined nutrition and exercise intervention regarding chair-stand capacity and composite scores of function and fat-free mass. Adherence was related to higher grade of independence. Understanding factors associated with response and adherence to an intervention will help target susceptible residents in most need of support and to optimize the outcome.",PubMed,https://pubmed.ncbi.nlm.nih.gov/33961812/,doi:10.1016/j.jamda.2021.04.001,include_title_abs,Potential eligible RCT at title/abstract stage,C_sarcopenia_secondary,Community sarcopenia RCT; secondary stratum
36138493,PMC9839984,10.1093/jn/nxac219,Chronic Intake of a Meal Including Alaska Pollack Protein Increases Skeletal Muscle Mass and Strength in Healthy Older Women: A Double-Blind Randomized Controlled Trial.,Mori H; Tokuda Y; Yoshida E; Uchida K; Matsuhisa M,2023,The Journal of nutrition,"In animal studies, a meal containing Alaska pollack protein (APP) induces fast-twitch muscle hypertrophy. To our knowledge, no interventional studies have examined the benefits of APP intake on muscle mass and muscle weakness and the prevention of sarcopenia in older individuals. We evaluated the effects of APP intake on skeletal muscle mass, muscle strength, and physical performance among healthy community-dwelling older Japanese women. In this double-blind randomized controlled trial, healthy women ≥ 65 y old were allocated to an APP or whey protein control (CON) group. Participants ingested test protein meals (5.0-5.1 g protein/serving) daily for 24 wk. Between-group differences in the change of skeletal muscle mass index (SMI) as the primary outcome and muscle strength as a secondary outcome were tested using multifrequency BIA and a handheld dynamometer, respectively, at baseline, and 4, 12, and 24 wk. The mean changes in the measured primary and secondary outcome variables from baseline to 4, 12, and 24 wk were compared using unpaired t tests. There were no between-group differences in nutritional status, food intake, or total energy and protein intakes at baseline, 12 wk, or 24 wk. The change in SMI was 0.12 kg/m2 (95% CI: 0.01, 0.23 kg/m2) and 0.11 kg/m2 (95% CI: 0.03, 0.19 kg/m2) greater in the APP group than in the CON group at 12 wk and 24 wk (P ≤ 0.03) and knee extension strength was 0.07 Nm/kg BW (95% CI: 0.02, 0.12 Nm/kg BW) and 0.05 Nm/kg BW (95% CI: 0.00, 0.09 Nm/kg BW) higher in the APP group than in the CON group at these times (P ≤ 0.015), respectively. The groups did not differ at 4 wk. Daily intake of a meal containing APP compared with whey protein increases skeletal muscle mass and lower-extremity muscle strength in healthy older women, suggesting that an APP-containing meal may be useful in the prevention of sarcopenia in this group.This trial was registered at as UMIN000035718.",PubMed,https://pubmed.ncbi.nlm.nih.gov/36138493/,doi:10.1093/jn/nxac219,include_title_abs,Potential eligible RCT at title/abstract stage,C_sarcopenia_secondary,Community sarcopenia RCT; secondary stratum
32664548,PMC7408891,10.3390/jcm9072194,Effects of Elastic Resistance Exercise on Postoperative Outcomes Linked to the ICF Core Sets for Osteoarthritis after Total Knee Replacement in Overweight and Obese Older Women with Sarcopenia Risk: A Randomized Controlled Trial.,Liao CD; Chiu YS; Ku JW; Huang SW; Liou TH,2020,Journal of clinical medicine,"(1) Background: Knee osteoarthritis (KOA) and aging are associated with high sarcopenia risk; sarcopenia may further affect outcomes after total knee replacement (TKR). Elastic resistance exercise training (RET) limits muscle attenuation in older adults. We aimed to identify the effects of post-TKR elastic RET on lean mass (LM) and functional outcomes in overweight and obese older women with KOA by using the brief International Classification of Functioning, Disability and Health Core Set for osteoarthritis (Brief-ICF-OA). (2) Methods: Eligible women aged ≥60 years who had received unilateral primary TKR were randomly divided into an experimental group (EG), which received postoperative RET twice weekly for 12 weeks, and a control group (CG), which received standard care. The primary and secondary outcome measures were LM and physical capacity, respectively, and were linked to the Brief-ICF-OA. The assessment time points were 2 weeks prior to surgery (T0) and postoperative at 1 month (T1; before RET) and 4 months (T2; upon completion of RET) of follow-up. An independent t test with an intention-to-treat analysis was conducted to determine the between-group differences in changes of outcome measures at T1 and T2 from T0. (3) Results: Forty patients (age: 70.9 ± 7.3 years) were randomly assigned to the EG (n = 20) or CG (n = 20). At T2, the EG exhibited significantly greater improvements in leg LM (mean difference (MD) = 0.86 kg, p = 0.004) and gait speed (MD = 0.26 m/s, p = 0.005) compared with the CG. Furthermore, the EG generally obtained significantly higher odds ratios than the CG for treatment success for most Brief-ICF-OA categories (all p < 0.001). Conclusions: Early intervention of elastic RET after TKR yielded positive postoperative outcomes based on the Brief-ICF-OA. The findings of this study may facilitate clinical decision-making regarding the optimal post-TKR rehabilitation strategy for older women with KOA.",PubMed,https://pubmed.ncbi.nlm.nih.gov/32664548/,doi:10.3390/jcm9072194,include_title_abs,Potential eligible RCT at title/abstract stage,C_sarcopenia_secondary,Community sarcopenia RCT; secondary stratum
28933611,,10.1177/0269215517698835,Optimal frequency/time combination of whole body vibration training for developing physical performance of people with sarcopenia: a randomized controlled trial.,Wei N; Pang MY; Ng SS; Ng GY,2017,Clinical rehabilitation,"To determine whether frequency and exposure time to whole body vibration influenced its effects on physical performance in seniors with sarcopenia. Randomized controlled trial Setting: A university sports training laboratory. Eighty community dwelling seniors with sarcopenia were recruited. Participants were randomly divided into 4 groups, namely, low-frequency (LG: 20Hz x 720s), medium-frequency (MG: 40Hz x 360s), high-frequency (HG: 60Hz x 240s) and control (CG: no extra training) for 12 weeks of whole body vibration training and 12 weeks of follow-up. Assessments were done at baseline, mid-intervention, post-intervention, mid-follow-up, and final follow-up for five-repetition sit-to-stand, 10-meter walking test with self-preferred speed and timed-up-and-go test. There was significant time × group interaction effect in timed-up-and-go test (F12, 304 = 3.333, effect size = 0.116, p < 0.001). Between-group differences in percentage change from baseline were significant between medium-frequency group and control group on all outcome variables after 12-week whole body vibration training (Five-repetition sit-to-stand test: 10.46 ± 2.28 (-16.12%), p = 0.008; 10-meter walking test: 1.05 ± 0.16 (11.18%), p = 0.04; Timed-up-and-go test: 11.32 ± 1.72 (-15.08%), p = 0.001). With the total number of vibrations controlled, the combination of 40Hz and 360s of whole body vibration has the best outcome on physical performance of people with sarcopenia.",PubMed,https://pubmed.ncbi.nlm.nih.gov/28933611/,doi:10.1177/0269215517698835,include_title_abs,Potential eligible RCT at title/abstract stage,C_sarcopenia_secondary,Community sarcopenia RCT; secondary stratum
39169398,PMC11446726,10.1002/jcsm.13567,Novel metabolic and lipidomic biomarkers of sarcopenia.,Hsu WH; Wang SY; Chao YM; Chang KV; Han DS; Lin YL,2024,"Journal of cachexia, sarcopenia and muscle","The pathophysiology of sarcopenia is complex and multifactorial and has not been fully elucidated. The impact of resistance training and nutritional support (RTNS) on metabolomics and lipodomics in older adults with sarcopenia remains uncertain. This study aimed to explore potential biomarkers of sarcopenia and clinical indicators of RTNS in older sarcopenic adults. Older individuals diagnosed with sarcopenia through routine health checkups at a community hospital were recruited for a 12-week randomized controlled trial focusing on RTNS. Plasma metabolomic and lipidomic profiles of 45 patients with sarcopenia and 47 matched controls were analysed using 1H-nuclear magnetic resonance (1H-NMR) and liquid chromatography-mass spectrometer (LC-MS). At baseline, the patient and control groups had similar age, sex, and height distribution. The patient group had significantly lower weight, BMI, grip strength, gait speed, skeletal muscle index, lean mass of both the upper and lower limbs, and lower limb bone mass. There was a significant difference in 12 metabolites between the control and patient groups. They are isoleucine (patient/control fold change [FC] = 0.86 ± 0.04, P = 0.0005), carnitine (FC = 1.05 ± 0.01, P = 0.0110), 1-methylhistamine/3-methylhistamine (FC = 1.24 ± 0.14, P = 0.0039), creatinine (FC = 0.71 ± 0.04, P < 0.0001), carnosine (FC = 0.71 ± 0.04, P = 0.0007), ureidopropionic acid (FC = 0.61 ± 0.10, P = 0.0107), uric acid (FC = 0.88 ± 0.03, P = 0.0083), PC (18:2/20:0) (FC = 0.69 ± 0.03, P = 0.0010), PC (20:2/18:0) (FC = 0.70 ± 0.06, P = 0.0014), PC (18:1/20:1) (FC = 0.74 ± 0.05, P = 0.0015), PI 32:1 (FC = 4.72 ± 0.17, P = 0.0006), and PI 34:3 (FC = 1.88 ± 0.13, P = 0.0003). Among them, carnitine, 1-methylhistamine/3-methylhistamine, creatinine, ureidopropionic acid, uric acid, PI 32:1, and PI 34:3 were first identified. Notably, PI 32:1 had highest diagnostic accuracy (0.938) for sarcopenia. 1-Methylhistamine/3-methylhistamine, carnosine, PC (18:2/20:0), PI 32:1, and PI 34:3 levels were not different from the control group after RTNS. These metabolites are involved in amino acid metabolism, lipid metabolism, and the PI3K-AKT/mTOR signalling pathway through the ingenuity pathway analysis. These findings provide information on metabolic changes, lipid perturbations, and the role of RTNS in patients with sarcopenia. They reveal new insights into its pathological mechanisms and potential therapies.",PubMed,https://pubmed.ncbi.nlm.nih.gov/39169398/,doi:10.1002/jcsm.13567,include_title_abs,Potential eligible RCT at title/abstract stage,C_sarcopenia_secondary,Community sarcopenia RCT; secondary stratum
40026058,PMC11873539,10.1002/jcsm.13750,BIO101 in Sarcopenic Seniors at Risk of Mobility Disability: Results of a Double-Blind Randomised Interventional Phase 2b Trial.,Fielding RA; Dao MM; Cannon K; Desvarieux M; Miller SS; Gimness MP; Brandon DM; Villareal DT; Bruyere O; Bautmans I,2025,"Journal of cachexia, sarcopenia and muscle","Sarcopenia is a progressive muscle disorder that may lead to mobility disability. No pharmaceutical interventions are currently available, and treatment relies on physical exercise and nutrition. The aim of SARA-INT was to investigate whether BIO101 (20-hydroxyecdysone), an activator of the MAS receptor, is safe and improves muscle function and physical performance of community dwelling older sarcopenic patients. SARA-INT was a randomised three-arm interventional study (BIO101 175 mg bid /350 mg bid/placebo) with a planned 6-month treatment (up to 9 months in 50 subjects). Eligibility criteria for sarcopenia were meeting FNIH criteria for sarcopenia and Short Physical Performance Battery (SPPB) score ≤ 8/12 in men and women aged ≥ 65 years. Primary endpoint was the change from baseline (CFB) in gait speed (GS) measured by 400-m walking test (400MWT), secondary endpoints being CFB in other physical performance tests. A total of 233 participants were randomised (mean age 75.5 ± 7.12; 54.3% female), of whom 232 and 156 were included in the full analysis set (FAS) and per-protocol (PP) populations, respectively. Due to COVID-19 pandemic, 55% of on-site end-of-treatment efficacy assessments were lost, reducing the studies' power. In the primary analysis (mix of 6/9 months), BIO101 350 mg bid treatment after 6/9 months was associated with an improvement in the 400MWT of 0.07 m/s versus placebo in the FAS population (not significant) and of 0.09 m/s in the PP population (p = 0.008). BIO101 350 mg bid treatment effect on the 400MWT GS was also observed in pre-defined subpopulations at higher risk of mobility disability (0.0474 m/s for slow walkers, 0.0521 m/s for obese and 0.0662 m/s for chair stand sub-score ≤ 2 from SPPB in the FAS population), with a trend for a dose response. BIO101 showed a good safety profile at both doses (number of subjects with related treatment emergent adverse events (TEAEs) of 13 (16.0%), 10 (13.3%) and 10 (13.5%) in the placebo, 175 mg and 350 mg BIO101 groups, respectively). After 6 to 9 months of treatment, BIO101 350 mg bid showed strong trends consistent with a clinically relevant effect on the 400MWT GS, close to the minimal clinically important difference (MCID) in sarcopenia (0.1 m/s). This was also shown in predefined subpopulations at higher risk of mobility disability. BIO101 showed a good safety profile. Taken together, efficacy and safety data of this Phase 2 trial encourage us to pursue further development of BIO101 for the treatment of sarcopenia.",PubMed,https://pubmed.ncbi.nlm.nih.gov/40026058/,doi:10.1002/jcsm.13750,include_title_abs,Potential eligible RCT at title/abstract stage,C_sarcopenia_secondary,Community sarcopenia RCT; secondary stratum
41056838,PMC12538054,10.1016/j.jnha.2025.100692,Effect of the BFR-7211 on lower limb muscle strength in older adults: A randomized controlled trial.,Kim Y; Kang S; Kim M; Kim J; Youn BY,2025,"The journal of nutrition, health & aging","To evaluate the efficacy of a proprioceptive neuromuscular facilitation (PNF) stretching program integrated into a massage chair (BFR-7211) on lower limb strength, balance, and functional mobility in older adults, as a potential intervention for preventing sarcopenia and enhancing musculoskeletal health. A randomized controlled trial with a 4-week follow-up (12 visits) and 1:1 allocation ratio, conducted without blinding due to the nature of the interventions. Sixty-two community-dwelling older adults, 65 years and older, from a senior welfare center were randomized into an experimental group (massage chair with PNF stretching) or a control group (standard trunk exercise program) three times per week for a 4-week intervention period. The experimental group received mechanical massage therapy utilizing the PNF stretching mode (XM module, level 2) of the massage chair for 20 min, three times weekly over four weeks. The control group performed a standard trunk exercise program consisting of trunk curl-ups, diagonal trunk curls, and single-legged extensions for 30 min per session. The primary outcome was measured by the Short Physical Performance Battery (SPPB). Secondary outcomes included maximal hamstring strength, body composition, depressive symptoms (GDS-K), fear of falling (KFES), and quality of life (K-CASP-16). Adverse events were monitored throughout the study. Outcomes were measured at baseline, 6th visit, and the final visit (visit 12). Within-group changes were assessed using paired t-tests, while between-group differences were analyzed with Welch's t-tests and a prespecified ANCOVA adjusting for baseline SPPB, age, and sex. Adjusted mean differences with 95% CIs and p-values are reported, and a sensitivity analysis using a linear mixed model accounted for repeated measures at visits 6 and 12 with baseline SPPB as a covariate. The experimental group showed significant improvements in SPPB total score (from 9.42 ± 2.38 to 11.58 ± 0.67, p < 0.001), chair-stand, balance, and gait speed, while the control group showed minimal or negative changes. Hamstring muscle strength increased significantly in the experimental group for both legs, whereas the control group experienced a decline. The experimental group also demonstrated a slight increase in soft lean mass, which is also statistically significant. The experimental group also demonstrated a significant reduction in fear of falling (KFES: -3.00, p = 0.045) and improved quality of life (K-CASP-16: +2.32, p = 0.032), with no significant change in depressive symptoms or body composition. No serious adverse events were reported. A four-week massage chair-based PNF stretching program significantly improved lower limb strength, physical function, and perceived health in older adults. This intervention offers a safe, accessible, and effective strategy for enhancing musculoskeletal health and reducing fall risk in older adults.",PubMed,https://pubmed.ncbi.nlm.nih.gov/41056838/,doi:10.1016/j.jnha.2025.100692,include_title_abs,Potential eligible RCT at title/abstract stage,C_sarcopenia_secondary,Community sarcopenia RCT; secondary stratum
34993224,PMC8724572,10.3389/fnut.2021.797004,Supplementation of Protein at Breakfast Rather Than at Dinner and Lunch Is Effective on Skeletal Muscle Mass in Older Adults.,Kim HK; Chijiki H; Fukazawa M; Okubo J; Ozaki M; Nanba T; Higashi S; Shioyama M; Takahashi M; Nakaoka T,2021,Frontiers in nutrition,"Background: The effects of different intake patterns of meal protein on muscle mass have not been clarified. We cross-sectionally and longitudinally examined the effect of different timing of protein intake on sarcopenia-related factors in older adults. Methods: This cross-sectional study 1 included 219 (male, n = 69, female, n = 150) elderly subjects aged ≥65 years. Subjects who consumed more protein at breakfast than at dinner were grouped into the morning group (MG, n = 76; male, n = 26; female, n = 50), and those who consumed more protein at dinner than at breakfast were grouped into the evening group (EG, n = 143; male, n = 43; female, n = 100). In cross-sectional study 2-1 (female, n = 125), the subjects were classified into four groups according to the number of meals with sufficient protein intake. In cross-sectional studies 2-2 (female, n = 125) and 2-3 (female, n = 27), the subjects were classified into eight groups and three groups according to whether they had consumed sufficient protein at three meals; sarcopenia-related factors were compared. The intervention study was a placebo-controlled, double-blind, randomized controlled trial that included 40 elderly women with low daily breakfast protein intake. The subjects were divided into four groups: morning protein and placebo intake groups and evening protein and placebo intake groups. Each group consumed the test food (containing 10 g milk protein) or placebo in the morning or evening for 12 weeks. Blood indices and physical function were assessed before and after the intervention. Results: Comparing all subjects, MG showed significantly higher handgrip strength than did EG (P < 0.05). The higher ratio of morning protein intake relative to the total protein intake, the better the muscle mass (r = 0.452, P < 0.05) and handgrip strength (r = 0.383, P < 0.05). The intervention study showed an increase in muscle mass with the intake of milk protein in the morning rather than in the evening (P < 0.05). Conclusions: Protein intake at breakfast might have relatively stronger effects on skeletal muscle mass than at lunch and dinner.",PubMed,https://pubmed.ncbi.nlm.nih.gov/34993224/,doi:10.3389/fnut.2021.797004,include_title_abs,Potential eligible RCT at title/abstract stage,C_sarcopenia_secondary,Community sarcopenia RCT; secondary stratum
31069442,,10.1007/s00223-019-00558-5,Vitamin D in Relation to Incident Sarcopenia and Changes in Muscle Parameters Among Older Adults: The KORA-Age Study.,Conzade R; Grill E; Bischoff-Ferrari HA; Ferrari U; Horsch A; Koenig W; Peters A; Thorand B,2019,Calcified tissue international,"Effects of low serum 25OHD on age-related changes in muscle mass and function remain unclear. Our aims were to explore associations of baseline 25OHD levels with prevalent and incident sarcopenia and changes in muscle parameters, and to examine the role of parathyroid hormone (PTH) therein. Cross-sectional (n = 975) and prospective analyses (n = 702) of older adults aged 65-93 years participating in the KORA-Age study. Sarcopenia was defined using the 2010 European Working Group on Sarcopenia in Older People (EWGSOP) criteria as low muscle mass combined with low grip strength or low physical performance. Associations with baseline 25OHD were examined in multiple regression analyses. Low vitamin D status was linked to increased odds of prevalent sarcopenia. Over three years, low baseline 25OHD < 25 vs. ≥ 50 nmol/L were associated with greater loss of muscle mass and increased time for the Timed Up and Go test. The risk for developing incident sarcopenia was not significantly elevated in individuals with low baseline 25OHD but when including death as combined outcome alongside incident sarcopenia, there was a strong positive association in multivariable analysis [OR (95% CI) 3.19 (1.54-6.57) for 25OHD < 25 vs. ≥ 50 nmol/L]. There was no evidence for a PTH-mediating effect. Low baseline 25OHD levels were associated with unfavorable changes in muscle mass and physical performance, but not with incident sarcopenia. Future randomized trials are needed to assess causality and to address the issue of competing risks such as mortality in older cohorts.",PubMed,https://pubmed.ncbi.nlm.nih.gov/31069442/,doi:10.1007/s00223-019-00558-5,include_title_abs,Potential eligible RCT at title/abstract stage,C_sarcopenia_secondary,Community sarcopenia RCT; secondary stratum
34727682,PMC8580584,10.20463/pan.2021.0014,Effects of marine oligomeric polyphenols on body composition and physical ability of elderly individuals with sarcopenia: a pilot study.,Kwon IS; Park DS; Shin HC; Seok MG; Oh JK,2021,Physical activity and nutrition,"We aimed to identify the effects of marine oligomeric polyphenol (MOP) intake in elderly individuals with sarcopenia. Older adults (aged 65 years or older) were recruited based on the diagnostic criterion for sarcopenia and were randomly assigned to the MOP intake group (n=10) or the placebo (PBO) intake group (n=10). To determine the effect of MOP intake received for four weeks, the pre- and post-intake body composition (weight, skeletal muscle mass, and bone density) and senior fitness tests were assessed. Our results showed there were significant differences in the skeletal muscle mass (p=0.039), bone density (p=0.020), fat-free mass index (p=0.026), and 2.4 m up and go test (p=0.001) between pretest and post-test. There was a significant difference between the pre-test and post-test and an interaction effect for the one-leg stand test (p=0.010 and p=0.049, respectively). However, there were no significant differences in body fat percentage, calf circumference, grip strength, or the chair rise test. Some variables exhibited significant differences in the pre- and post-assessments, and there was an interaction effect for the one-leg stand. However, this was insufficient to prove the effectiveness of MOP intake in improving sarcopenia. Therefore, additional studies are essential to examine the effects of MOP intake and exercise intervention on the body composition and fitness of patients over a longer period.",PubMed,https://pubmed.ncbi.nlm.nih.gov/34727682/,doi:10.20463/pan.2021.0014,include_title_abs,Potential eligible RCT at title/abstract stage,C_sarcopenia_secondary,Community sarcopenia RCT; secondary stratum
32649708,PMC7351162,10.1371/journal.pone.0235952,Feasibility and acceptability of a milk and resistance exercise intervention to improve muscle function in community-dwelling older adults (MIlkMAN): Pilot study.,Granic A; Hurst C; Dismore L; Stevenson E; Sayer AA; Aspray T,2020,PloS one,"Dietary protein supplementation combined with resistance exercise (RE) may counteract declines in muscle strength, mass, and function (sarcopenia), but the role of whole foods rich in protein, such as milk, is less well understood. In the MIlkMAN study, we aimed to examine the feasibility and acceptability of milk+RE as an intervention for muscle function in community-dwelling older adults, and provide exploratory pilot data for future substantive research in population at risk of sarcopenia. In a parallel groups design, 30 older adults (71.7±3.6 years; 12 women) were randomised into three groups: WM (whole milk 3.6% fat)+RE, SM (skimmed milk 0.3% fat)+RE, and C (isocaloric carbohydrate drink)+RE. RE was performed twice-weekly over 6 weeks in a community gym, followed by the consumption of 500 ml of milk (~20 g protein) or carbohydrate drink immediately after exercise and a further 500 ml at home within the following 4-5 hours. The feasibility and acceptability of the study was determined by calculating recruitment and attendance rates, compliance with the intervention, rating participants' experiences, and recording adverse health events. The response rate was 49% (out of 400 invitations sent), and the recruitment rate was 73.2% (30 participants recruited out of 41 screened for eligibility). Twenty-nine participants completed the intervention-an attendance rate of 97.1%; 89.7% rated their experience as 'excellent'/very good'. Compliance with taking the drinks was 97.1% (WM), 98.3% (SM), and 95.0% (C); 93.1% rated their drink intake as 'easy'/'very easy' with no adverse effects. Collection of exploratory pilot data to inform future trials was successful. Mean change in grip strength, 5-chair rises, and gait speed were 0.9±3.4 kg, 1.8±2.2 s, 0.1±0.1 m/s, respectively with no differences between the groups. This community-based milk+RE intervention was feasible and acceptable to older adults. The study successfully collected pilot data for future substantive research.",PubMed,https://pubmed.ncbi.nlm.nih.gov/32649708/,doi:10.1371/journal.pone.0235952,include_title_abs,Potential eligible RCT at title/abstract stage,C_sarcopenia_secondary,Community sarcopenia RCT; secondary stratum
29107439,,10.1016/j.jfma.2017.05.004,Effects of exercise improves muscle strength and fat mass in patients with high fracture risk: A randomized control trial.,Chan DC; Chang CB; Han DS; Hong CH; Hwang JS; Tsai KS; Yang RS,2018,Journal of the Formosan Medical Association = Taiwan yi zhi,"The deterioration of the musculoskeletal system imposes significant impact on physical activity. Exercise is an important strategy which minimizes these changes. It is not clear which type of exercise provides better improvement on low physical performance, low muscle mass and low strength of sarcopenia. We aim to develop an integrated care (IC) model and compare its relative efficacy in limb fat free mass, muscle strength, and physical performance with low extremities exercise (LEE) in community dwelling older adults with high risk of fractures (Fracture Risk Assessment Tool (FRAX®)) ≧3% for hip fracture, ≧20% for major osteoporotic fracture or 1-min osteoporosis risk test (≧1 point) or fall (≧2 falls in previous year). Patients were assigned randomized to participate in either IC or LEE group (n = 55 each) for 3 months. All participants received education including home-based exercise. The IC group consisted of different modalities of exercise while the LEE group performed machine-based low extremities exercise. Fat free mass, muscle strength, and physical performance were measured at their baseline and 3-months follow-up. Mean age was 73.8 ± 7 years with 69.1% women. Entire cohort demonstrated significant increment in fat free mass, muscle strength (4 indicators) and physical performance (3 indicators). However, between group differences were not significant. With regular supervise exercise; both groups are equally effective in decreasing fat mass and increasing physical performance, muscle mass and strength. However, the IC group required fewer resources and thus more financially feasible in a community setting.",PubMed,https://pubmed.ncbi.nlm.nih.gov/29107439/,doi:10.1016/j.jfma.2017.05.004,include_title_abs,Potential eligible RCT at title/abstract stage,C_sarcopenia_secondary,Community sarcopenia RCT; secondary stratum
38297472,PMC10847829,10.20463/pan.2023.0033,Effects of resistance training and protein supplementation interventions on muscle volume and muscle function: sex differences in humans.,Noh KW; Park S,2023,Physical activity and nutrition,"This review aimed to identify differences in the effects of co-intervention with resistance training (RT) and protein supplementation according to sex and provide meaningful information for future research on the development of exercise programs to improve muscle volume and muscle function. PubMed, Science Direct, and Google Scholar were searched to identify clinical and nonclinical studies that assessed the effects of RT in older adults with sarcopenia; these studies were published between 1990 and 2023. Cross-sectional and double-blind studies (randomized controlled trials, RCTs) were examined in this review. The effects of parallel intervention with RT and protein supplementation on muscle volume and physical function were found to differ according to sex. Both males and females had improvements in muscle strength, muscle mass, and physical function after RT and protein supplementation; however, many studies found a greater increase in muscle volume and function in males than in females. Such difference may be due to differences in physiological characteristics between males and females. Based on the findings of this review, the effects of combined intervention with RT and protein supplementation on muscle strength, muscle mass, and physical function to differ according to sex. Owing to these sex differences in the response and physiological characteristics caused by the parallel intervention of RT and protein supplementation, such differences must be considered to maximize the effects of RT and protein supplementation.",PubMed,https://pubmed.ncbi.nlm.nih.gov/38297472/,doi:10.20463/pan.2023.0033,include_title_abs,Potential eligible RCT at title/abstract stage,C_sarcopenia_secondary,Community sarcopenia RCT; secondary stratum
31338563,,10.1007/s00223-019-00581-6,"A Vitamin D, Calcium and Leucine-Enriched Whey Protein Nutritional Supplement Improves Measures of Bone Health in Sarcopenic Non-Malnourished Older Adults: The PROVIDE Study.",Hill TR; Verlaan S; Biesheuvel E; Eastell R; Bauer JM; Bautmans I; Brandt K; Donini LM; Maggio M; Mets T,2019,Calcified tissue international,"Alterations in musculoskeletal health with advanced age contribute to sarcopenia and decline in bone mineral density (BMD) and bone strength. This decline may be modifiable via dietary supplementation. To test the hypothesis that a specific oral nutritional supplement can result in improvements in measures of bone health. Participants (n 380) were participants of the PROVIDE study, a 13-week, multicenter, randomized, controlled, double-blind, 2 parallel-group study among non-malnourished older participants (≥ 65 years) with sarcopenia [determined by Short Physical Performance Battery (SPPB; 0-12) scores between 4 and 9, and a low skeletal muscle mass index (SMI; skeletal muscle mass/BW × 100) ≤ 37% in men and ≤ 28% in women using bioelectric impedance analysis] Supplementation of a vitamin D, calcium and leucine-enriched whey protein drink that comprises a full range of micronutrients (active; 2/day) was compared with an iso-caloric control. Serum 25-hydroxyvitamin D [25(OH)D], parathyroid hormone (PTH), biochemical markers of bone formation (osteocalcin; OC, procollagen type 1 amino-terminal propeptide; P1NP) and resorption (carboxy-terminal collagen crosslinks; CTX), insulin like growth factor 1 (IGF-1) and total-body BMD were analysed pre- and post-intervention. Serum 25(OH)D concentrations increased from 51.1 ± 22.9 nmol/L (mean ± SD) to 78.9 ± 21.1 nmol/L in the active group (p < 0.001 vs. control). Serum PTH showed a significant treatment difference (p < 0.001) with a decline in the active group, and increase in the control group. Serum IGF-1 increased in the active group (p < 0.001 vs. control). Serum CTX showed a greater decline in the active group (p = 0.001 vs. control). There were no significant differences in serum OC or P1NP between groups during the intervention. Total body BMD showed a small (0.02 g/cm2; ~ 2%) but significant increase in the active group after supplementation (p = 0.033 vs. control). Consuming a vitamin D, calcium and leucine-enriched whey protein supplement for 13 weeks improved 25(OH)D, suppressed PTH and had small but positive effects on BMD, indicative of improved bone health, in sarcopenic non-malnourished older adults.",PubMed,https://pubmed.ncbi.nlm.nih.gov/31338563/,doi:10.1007/s00223-019-00581-6,include_title_abs,Potential eligible RCT at title/abstract stage,C_sarcopenia_secondary,Community sarcopenia RCT; secondary stratum
41746539,,10.1007/s41999-025-01403-9,"Validity, reliability, and diagnostic accuracy of the InGrip digital dynamometer compared with the Jamar hydraulic model in older adults.",Polo-Ferrero L; Méndez-Sánchez R; Martín-Vallejo J; Torres-Alonso J; Carrera-Villegas MB; Barbero-Iglesias FJ; Cruz-Jentoft AJ; Montero-Errasquín B,2026,European geriatric medicine,"Handgrip strength is essential for diagnosing sarcopenia and assessing muscle function in older adults. The Jamar hydraulic dynamometer, backed by strong clinical and epidemiological data, is widely used; however, weight and calibration requirements may limit use. Digital models such as InGrip offer stable calibration and ergonomic design. This study aimed to validate accuracy, reliability, and diagnostic performance of InGrip versus the Jamar. A cross-sectional, randomized, single-center study of 415 community-dwelling older adults (mean age: 75.3 ± 6.5 years). Handgrip strength was measured with both devices per the Southampton protocol. Correlation and agreement (Bland-Altman, ICC) between InGrip and the reference dynamometer (Jamar) were analyzed, and diagnostic capacity via ROC curves, estimating sensitivity, specificity, and predictive values for low handgrip strength per EWGSOP2 criteria. The InGrip dynamometer showed strong correlation with the Jamar dynamometer (r = 0.95) and excellent agreement (ICC = 0.94), intra-observer (ICC = 0.96), and inter-observer (ICC = 0.96), with a mean bias of - 0.37 kg and limits of agreement from - 4.45 to 3.72 kg. Its diagnostic capacity was high (AUC women = 0.968; AUC men = 0.982). Optimal cutoffs were ≤ 18 kg for women (sensitivity = 92.6%, specificity = 90.5%) and ≤ 27.5 kg for men (sensitivity = 96%, specificity = 93%). The InGrip digital dynamometer showed excellent validity, reliability, and diagnostic accuracy compared to the Jamar in community-dwelling older adults, with sex-specific cutoffs aligned with EWGSOP2 criteria, supporting its use as a practical alternative for strength assessment in research and clinical practice. ClinicalTrials.gov NCT06623019.",PubMed,https://pubmed.ncbi.nlm.nih.gov/41746539/,doi:10.1007/s41999-025-01403-9,include_title_abs,Potential eligible RCT at title/abstract stage,C_sarcopenia_secondary,Community sarcopenia RCT; secondary stratum
33816540,PMC8010144,10.3389/fnut.2021.644865,"The Effects of a High-Protein Dairy Milk Beverage With or Without Progressive Resistance Training on Fat-Free Mass, Skeletal Muscle Strength and Power, and Functional Performance in Healthy Active Older Adults: A 12-Week Randomized Controlled Trial.",Huschtscha Z; Parr A; Porter J; Costa RJS,2021,Frontiers in nutrition,"The study aimed to investigate the independent and combined effects of consuming a high-protein dairy milk beverage, twice daily, with or without a progressive resistance training (PRT) program on outcomes of age-related sarcopenia, in healthy active older (≥50 years) adults. In this 12-week, 2 × 2 factorial study, participants were randomly allocated into one of four groups: dairy milk beverage (DM), exercise and dairy milk beverage (EX+DM), exercise alone (EX), and control (CON). The EX group underwent a 12-week whole-body PRT schedule (three sessions/week) and a high-protein dairy milk beverage (DM) was consumed twice daily (30 g protein/day). At weeks 0, 6, and 12, body composition (iDXA), strength [one-repetition maximum (1RM): leg press, chest press, lateral (lat) pull-down, and handgrip], power (countermovement jump), cardiorespiratory fitness (VO2), and physical performance (gait speed) were measured. Before measurements, blood samples were collected to determine the immune (i.e., leukocyte trafficking and inflammatory cytokines) and hormonal (i.e., insulin, cortisol, IGF-1, testosterone, and estradiol) profiles. Participants (n = 37) completed the study within the controlled experimental conditions. Protein intake increased in the EX+DM [mean ± SD, 1.2 ± 0.2 to 1.8 ± 0.4 g/kg body mass (BM) per day-1] and DM (1.3 ± 0.5 to 1.8 ± 0.6 g kg-1 BM day-1) groups during the intervention. Absolute fat-free mass increased in the EX+DM [mean (95% confidence interval) = 0.65 (0.25-1.0) kg] and EX [0.49 (-0.44 to 1.40) kg] groups (P < 0.001) compared to DM [-0.54 (-1.6 to 0.05) kg]. Relative fat mass decreased (group*time, P = 0.018) in DM [-1.8% (-3.3 to -0.35%)] and EX+DM [-1.3% (-2.3 to -0.31%)], which was a greater reduction than that in the CON [0.10% (-0.80 to 1.0%)] group (P < 0.01). Relative maximal strength increased in both the EX and EX+DM (≥35%, P < 0.05) groups, but not in the DM and CON groups. The change in 1RM strength outcomes was higher in EX+DM compared to all other groups (53-78%, P < 0.01). There was an increase in resting plasma IL-10 concentration in EX+DM (88%), compared to all the other groups (P = 0.016). No other differences in systemic inflammatory cytokines were observed. There were no significant changes in all hormone concentrations measured among all groups. In conclusion, a high-protein dairy milk beverage providing additional protein did not further enhance the effects of PRT on outcomes of fat-free mass, power, or physical performance. However, there was a significant augmentative effect for high-protein dairy milk consumption on changes to maximal strength outcomes during PRT in healthy active older adults.",PubMed,https://pubmed.ncbi.nlm.nih.gov/33816540/,doi:10.3389/fnut.2021.644865,include_title_abs,Potential eligible RCT at title/abstract stage,C_sarcopenia_secondary,Community sarcopenia RCT; secondary stratum
37628492,PMC10454246,10.3390/healthcare11162294,"Effects of Physical Activity Program on Body Composition, Physical Performance, and Neuromuscular Strategies during Walking in Older Adults with Sarcopenic Obesity: Randomized Controlled Trial.",Ferhi H; Gaied Chortane S; Durand S; Beaune B; Boyas S; Maktouf W,2023,"Healthcare (Basel, Switzerland)","The potential impact of a specific physical activity program on biomechanical gait parameters and neuromuscular strategies around the ankle joint in older adults with sarcopenic obesity (SO) remains largely unexplored. The objective of this study was to investigate the effectiveness of a 24-week posture, strengthening, and motricity (PSM) program on improving neuromuscular strategies and biomechanical gait parameters in older adults with SO. 40 participants were randomly assigned to either the trained group (TG) and the control group (CG). Only the TG received the PSM program. Standardized evaluations were performed before and after the intervention, including walking tests on an instrumented gait analysis treadmill to evaluate biomechanical gait parameters and EMG activity of ankle muscles. After the PSM program, TG exhibited an increase in comfortable walking speed (+80%, p < 0.001) and step length (+38%, p < 0.05). Moreover, TG demonstrated a reduction in CoP velocity (-26%, p < 0.01). These gait modifications were associated with decreased muscle activity during the different gait phases (p < 0.05). The PSM program effectively improved gait and neuromuscular capacities in older adults with SO. Notably, these results shed light on the remarkable trainability of neuromuscular capacities in older adults with SO, despite the adverse effects of aging and obesity.",PubMed,https://pubmed.ncbi.nlm.nih.gov/37628492/,doi:10.3390/healthcare11162294,include_title_abs,Potential eligible RCT at title/abstract stage,C_sarcopenia_secondary,Community sarcopenia RCT; secondary stratum
35216716,,10.1016/j.ecl.2021.11.012,Testosterone Treatment As a Function-Promoting Therapy in Sarcopenia Associated with Aging and Chronic Disease.,Dos Santos MR; Storer TW,2022,Endocrinology and metabolism clinics of North America,"Sarcopenia is characterized by loss of muscle strength and physical ability because of aging and/or chronic disease. Supplemental testosterone and other androgenic-anabolic steroids have been investigated as countermeasures to ameliorate the negative consequences of sarcopenia; these trials show dose-related improvements in lean body mass, maximal voluntary strength, stair climbing power, aerobic capacity, hemoglobin, and self-reported function, but less consistent improvements in walking speed. Randomized clinical trials with large cohorts and patient-important outcome measures are needed to determine long-term efficacy and safety of testosterone treatment in improving physical function and reducing physical disability, falls, and fractures in older adults with sarcopenia.",PubMed,https://pubmed.ncbi.nlm.nih.gov/35216716/,doi:10.1016/j.ecl.2021.11.012,include_title_abs,Potential eligible RCT at title/abstract stage,C_sarcopenia_secondary,Community sarcopenia RCT; secondary stratum
41228530,PMC12608599,10.3390/nu17213459,Effects of High-Protein Nutritional Guidance on Sarcopenia-Related Parameters in Individuals Aged ≥ 75 Years with Type 2 Diabetes: An Exploratory Single-Arm Pre-Post Intervention Study.,Todoroki H; Takayanagi T; Morikawa R; Asada Y; Hidaka S; Yoshino Y; Hiratsuka I; Shibata M; Wada A; Asai S,2025,Nutrients,"Background: Sarcopenia and metabolic deterioration are major health concerns in adults aged ≥ 75 years with type 2 diabetes (T2DM), a population characterized by anabolic resistance, reduced dietary intake, and limited renal reserve. Optimizing protein nutrition may support muscle maintenance in this high-risk group, but clinical evidence for individualized high-protein guidance in the oldest-old population remains limited. Objective: We investigated whether an 18-month dietary intervention improves muscle mass and strength in adults aged ≥ 75 years with T2DM and whether serum amino acid (AA) and hormonal profiles reflect these changes. Methods: In this 18-month, single-arm, prospective intervention study, 44 community-dwelling adults aged ≥ 75 years with T2DM received individualized, dietitian-led nutritional guidance targeting a protein intake of approximately 1.4 g/kg ideal body weight (IBW)/day. Assessments at baseline and every 6 months included body composition, muscle strength, renal function, and fasting serum amino acid and hormonal profiles. Longitudinal changes were analyzed using paired t-tests and linear mixed-effects models. This trial was registered in the UMIN Clinical Trials Registry (UMIN000044687). Results: Skeletal muscle index and grip strength showed significant improvements at specific time points during follow-up (both p < 0.05), while gait speed improved at 6 months. Renal function remained clinically stable (eGFRcreat slope: +0.18 mL/min/1.73 m2/year; eGFRcys slope: -2.97 mL/min/1.73 m2/year), with no significant increase in CKD stage. Changes in glucagon correlated positively and C-peptide negatively with changes in skeletal muscle index, whereas glucagon was inversely associated with grip strength. Serum fibroblast growth factor 21 (FGF21) levels decreased over time, suggesting metabolic adaptation to the intervention. Conclusions: Individualized high-protein nutritional guidance for 18 months improved sarcopenia-related parameters, including skeletal muscle index and grip strength, without clinically significant deterioration of renal function in adults aged ≥ 75 years with T2DM. These findings support the feasibility and safety of protein-focused dietary counseling as a strategy to preserve muscle health in advanced age.",PubMed,https://pubmed.ncbi.nlm.nih.gov/41228530/,doi:10.3390/nu17213459,include_title_abs,Potential eligible RCT at title/abstract stage,C_sarcopenia_secondary,Community sarcopenia RCT; secondary stratum
34029521,PMC8567747,10.1016/j.jamda.2021.04.015,Intranasal Oxytocin Improves Lean Muscle Mass and Lowers LDL Cholesterol in Older Adults with Sarcopenic Obesity: A Pilot Randomized Controlled Trial.,Espinoza SE; Lee JL; Wang CP; Ganapathy V; MacCarthy D; Pascucci C; Musi N; Volpi E,2021,Journal of the American Medical Directors Association,"Obesity is associated with sarcopenia in older adults, and weight loss can lead to further muscle mass loss. Oxytocin decreases with age, and animal studies suggest that oxytocin administration has trophic effects on skeletal muscle cells and reduces adiposity. We conducted a clinical trial to examine the safety and preliminary efficacy of intranasal oxytocin for older adults with sarcopenic obesity. A double-blind, placebo-controlled randomized controlled trial of intranasal oxytocin (24 IU 4 times per day) for 8 weeks. Twenty-one older (67.5 ± 5.4 years), obese (30-43 kg/m2), sedentary (<2 strenuous exercise per week) adults with slow gait speed (<1 m/s, proxy measure of sarcopenia) were recruited. Generalized estimating equations were used to evaluate the effect of oxytocin on safety/tolerability of oxytocin administration and whole body muscle and fat mass. At baseline, body mass index (BMI) was 36.8 ± 3.6 kg/m2, fat mass 46.09 ± 6.99 kg, lean mass 50.98 ± 11.77 kg, fasting plasma glucose (FPG) 92.0 ± 8.9 mg/dL, hemoglobin A1c (HbA1c) 5.7% ± 0.4%, low density lipoprotein (LDL) 111.3 ± 41.5 mg/dL, high-density lipoprotein (HDL) 47.85 ± 10.96 mg/dL, and triglycerides 140.55 ± 83.50 mg/dL. Oxytocin administration was well tolerated without any significant adverse events. Oxytocin led to a significant increase of 2.25 kg in whole body lean mass compared with placebo (P < .01) with a trend toward decreasing fat mass, and a significantly reduced plasma LDL cholesterol by -19.3 mg/dL (P = .023) compared against placebo. There were no significant changes in BMI, appetite scores, glycemia, plasma HDL, triglycerides, or depressive symptoms. This proof-of-concept study indicates that oxytocin may be useful for the treatment of sarcopenic obesity in older adults. Oxytocin administration may also provide additional cardiovascular benefits.",PubMed,https://pubmed.ncbi.nlm.nih.gov/34029521/,doi:10.1016/j.jamda.2021.04.015,include_title_abs,Potential eligible RCT at title/abstract stage,C_sarcopenia_secondary,Community sarcopenia RCT; secondary stratum
39307071,PMC12879208,10.1016/j.jnha.2024.100364,Daily supplementation of lesser mealworm protein for 11-weeks increases skeletal muscle mass in physically active older adults.,Koopmans L; Spoelder M; Bongers CCWG; Eijsvogels TMH; Hopman MTE,2024,"The journal of nutrition, health & aging","Adequate protein intake is important to maintain skeletal muscle mass in older adults and to prevent sarcopenia. Insect-based supplements were recently introduced to the market as an environmentally friendly protein alternative. We examined the effect of daily supplementation of lesser mealworm (Alphitobius diaperinus) protein for 11 consecutive weeks on muscle mass and muscle strength in older adults. In this randomized controlled trial, 70 physically active older adults (>60 years) were randomly allocated to three groups: (I) lesser mealworm protein, (II) whey protein or (III) iso-caloric placebo. Participants received 11 weeks of supplements two times a day (30 gram/day). Muscle mass, fat mass, leg muscle strength and handgrip strength were measured at baseline and after 11 weeks of supplementation. Of the 70 participants, 59 completed the supplementation period (mealworm n = 16; whey n = 23; iso-caloric placebo n = 20). Overall, skeletal muscle mass increased from 29.0 ± 6.2 kg to 29.3 ± 6.1 kg, with a significantly more profound increase in the lesser mealworm group (+0.67 [0.20-1.14] kg) compared to the whey (+0.03 [-0.20 - 0.28] kg) and placebo group (+0.30 [0.03 - 0.63] kg, Pgroup*time = 0.030). Fat mass and maximum handgrip strength decreased over time, whereas one-repetition maximum (1RM) leg muscle strength did not change pre- versus post-intervention. No group differences, nor interaction effects, were observed for fat mass, leg muscle strength and handgrip strength CONCLUSION: 11-weeks of lesser mealworm protein supplementation induced an increase in skeletal muscle mass compared to whey protein supplementation and iso-caloric placebo in physically active older adults. No differences among groups were observed for changes in muscle strength.",PubMed,https://pubmed.ncbi.nlm.nih.gov/39307071/,doi:10.1016/j.jnha.2024.100364,include_title_abs,Potential eligible RCT at title/abstract stage,C_sarcopenia_secondary,Community sarcopenia RCT; secondary stratum
33377368,,10.6133/apjcn.202012_29(4).0009,The benefits of a novel chicken-based oral nutritional supplement for older adults: A double-blind randomized controlled trial.,Assantachai P; Jirapinyo P; Densupsoontorn N; Intalapaporn S; Chatthanawaree W; Muangpaisan W; Chalermsri C; Suraarunsumrit P; Wongviriyawong T; Pengsorn N,2020,Asia Pacific journal of clinical nutrition,"A considerable proportion of older adults are lactose intolerant. The aim of this study was to investigate the clinical safety, efficacy, and tolerability of a chicken-based oral nutritional supplement (ONS). Double-blind randomized controlled trial. Subjects in the intervention group received chicken-based ONS, and those in the control group received a similarly flavored oral fluid placebo. All subjects were followed-up every two months for a total of 6 months. Thirty-eight older adults aged ≥70 years were recruited. The mean age and BMI were 81.5±5.6 years and 19.6±2.5 kg/m2. At the end of this trial, there was no statistically significant change in sarcopenia-related variables in the intervention group. However, the higher-level physical activity (PA) group within the intervention group had a significantly improved usual gait speed (UGS) compared to the lower-level PA group (p=0.04). The adjusted mean differences in UGS between the high and low level PA groups in the intervention and placebo groups were 0.149 m/sec and 0.083 m/sec, respectively. Significant difference was observed for changes in two bone markers between the intervention and placebo groups. The chicken-based ONS evaluated in this study was well-tolerated. No improvement of sarcopenia-related components was shown by the study ONS. Up to nearly an 80% increase in adjusted mean difference in UGS between the high and low level PA groups was observed in the nutritional intervention group compared to the zero-protein calorie placebo group. Significant improvement in age-related bone resorption was the earliest advantage of taking our ONS.",PubMed,https://pubmed.ncbi.nlm.nih.gov/33377368/,doi:10.6133/apjcn.202012_29(4).0009,include_title_abs,Potential eligible RCT at title/abstract stage,C_sarcopenia_secondary,Community sarcopenia RCT; secondary stratum
37544395,PMC10528338,10.1016/j.bone.2023.116867,"The association of vitamin D with bone microarchitecture, muscle strength, and mobility performance in older women in long-term care.",Haeri NS; Perera S; Greenspan SL,2023,Bone,"Osteoporosis and sarcopenia are prevalent in older adults. Trabecular bone score (TBS) is a novel method to evaluate bone microarchitecture, whereas grip strength and gait speed are simple methods to assess muscle strength and function. Few studies have linked the relationship between vitamin D levels (25OHD) with TBS, grip strength, and gait speed in healthy community dwelling adults. We sought to investigate this relationship in older women with osteoporosis and multiple comorbid conditions residing in long-term care (LTC) facilities. We analyzed baseline 25OHD, spine TBS, grip strength, and gait speed in 246 women with osteoporosis who were residents of LTC and enrolled in a randomized controlled clinical trial. On average, participants were 81.6 years old and had a BMI of 26.8 kg/m2. The correlation (r) of 25OHD with spine TBS, grip strength, and gait speed were (r = 0.15; p = 0.0208), (r = - 0.05; p = 0.4686), and (r = 0.19; p = 0.0041), respectively. Each 5 ng/dl increase in 25OHD was associated with an increase of 0.006 in spine TBS and 0.014 m/s in gait speed. After adjusting for covariates, each 5 ng/dl increase in 25OHD was associated with an increase of 0.004 in spine TBS (p = 0.0599) and 0.012 m/s in gait speed (p = 0.0144). In older women residing in LTC facilities, 25OHD was associated with spine TBS and gait speed. The strengths of the associations suggest there may be other factors with a more prominent role in bone microarchitecture, muscle strength, and physical function in this population. Our study found in older women who are residents of long-term care facilities, vitamin D level is associated with bone microarchitecture and mobility performance.",PubMed,https://pubmed.ncbi.nlm.nih.gov/37544395/,doi:10.1016/j.bone.2023.116867,include_title_abs,Potential eligible RCT at title/abstract stage,C_sarcopenia_secondary,Community sarcopenia RCT; secondary stratum
32633836,PMC7440655,10.1111/jgs.16525,Application of Cut-Points for Low Muscle Strength and Lean Mass in Mobility-Limited Older Adults.,Grosicki GJ; Travison TG; Zhu H; Magaziner J; Binder EF; Pahor M; Correa-de-Araujo R; Cawthon PM; Bhasin S; Orwig D,2020,Journal of the American Geriatrics Society,"The Sarcopenia Definitions and Outcomes Consortium (SDOC) is a collaborative initiative seeking to develop and evaluate cut-points for low muscle strength and lean mass that predict an increased risk for slowness (usual walking speed <.8 m/s) among older adults. The goal of the present study was to provide clinicians and researchers with an understanding of the diagnostic implications of using SDOC variables and cut-points in mobility-limited older adults. Using data from older individuals with specific conditions that render them at increased risk for mobility limitation, we evaluated the performance characteristics (ie, sensitivity and specificity) of five putative sarcopenia parameters and then compared these values with previously recommended diagnostic criteria for sarcopenia. Retrospective analysis of six randomized controlled trials enriched in persons at risk for mobility limitation. National and international geriatric clinical research centers. A total of 925 mobility-limited older adults (≥55 years of age; 58% women) were included in the analysis. The prevalence of low muscle strength and lean mass were assessed using five candidate metrics discriminative of slowness. Analyses of sensitivity and specificity were used to compare muscle weakness criteria with published diagnostics for sarcopenia. Odds ratios (ORs) supported maximal grip strength (Grip max <35.5 and 20.0 in men and women, respectively) as the most discriminative of slowness in both men and women (OR = 3.66 and 3.53, respectively). More men (58%) than women (30%) fell below sex-specific maximal grip cut-points. When applying previously recommended sarcopenia component definitions in our population, we found that fewer individuals met those criteria (range = 6%-32%). A greater number of individuals fall below SDOC Grip max cut-points compared with previous recommendations. Clinicians and researchers working with older adults may consider these thresholds as an inclusive means to identify candidates for low-risk lifestyle promyogenic and function-promoting therapies. J Am Geriatr Soc 68:1445-1453, 2020.",PubMed,https://pubmed.ncbi.nlm.nih.gov/32633836/,doi:10.1111/jgs.16525,include_title_abs,Potential eligible RCT at title/abstract stage,C_sarcopenia_secondary,Community sarcopenia RCT; secondary stratum
18437461,,10.1007/s00455-008-9158-z,Does an exercise aimed at improving swallow function have an effect on vocal function in the healthy elderly?,Easterling C,2008,Dysphagia,"Age-related sarcopenia or muscle wasting contributes to changes in the ability to perform activities of daily living, changes in deglutition, and changes in vocal function. The Shaker Exercise, an isometric and isokinetic exercise, has been shown to strengthen suprahyoid muscles and increase deglutitive anteroposterior (AP) upper esophageal sphincter (UES) opening diameter. The aim of this study was to determine if this exercise has an effect on the age-related changes in vocal function and deglutition in healthy older adults. Eleven females and 10 males, aged 65-78 years (mean = 70 +/- 4 years) and with a negative history for dysphagia and voice disorders, participated by exercising three times per day for 6 weeks. Five age-matched controls did not perform the exercise. Acoustic analysis of voice and biomechanical analysis of deglutition were performed before and after 6 weeks of exercise. Controls participated in voice analysis only. Dysphonia Severity Index (DSI), a multivariate voice index, was used to compare voice production initially and after 6 weeks. Deglutitive biomechanical measures increased and DSI scores improved in 10 of 21 participants following 6 weeks of the exercise. DSI for controls did not change over the 6-week period. Ten of 21 exercise participants experienced improved deglutitive biomechanics and DSI scores. Accuracy of exercise performance, compliance, and/or disclosed alterations in health status may contribute to the lack of deglutitive and DSI change in the participants who did not experience change in function. A large randomized control study, including periodic monitoring of health status, exercise performance accuracy, and compliance, is warranted to evaluate the affect of this exercise on deglutition as well as voice. The Shaker Exercise could be recommended as a preventative measure to diminish the effect of sarcopenia on the muscles used in deglutition and voice and alter the progression of the characteristic senescent voice and swallow changes.",PubMed,https://pubmed.ncbi.nlm.nih.gov/18437461/,doi:10.1007/s00455-008-9158-z,include_title_abs,Potential eligible RCT at title/abstract stage,C_sarcopenia_secondary,Community sarcopenia RCT; secondary stratum
35450990,PMC12879146,10.1007/s12603-022-1753-4,"Dietary Inflammatory Index and Cross-Sectional Associations with Inflammation, Muscle Mass and Function in Healthy Old Adults.",Haß U; Herpich C; Kochlik B; Weber D; Grune T; Norman K,2022,"The journal of nutrition, health & aging","Inflammaging is considered a driver of age-related loss of muscle mass and function (sarcopenia). As nutrition might play a role in this process, the Dietary Inflammatory Index® (DII) has been developed to quantify the inflammatory potential of an individual diet. We aimed to examine associations between the DII, inflammation, oxidative stress and sarcopenia-related parameters in healthy old compared to young adults. This cross-sectional study included data of 79 community-dwelling, healthy old adults (65-85 years) and 59 young adults (18-35 years) who participated in a randomized controlled trial from April to December 2019. The DII was computed with dietary data collected from 24-h recall interviews. Associations between the DII, inflammatory and oxidative stress markers as well as bioimpedance-derived body composition, handgrip strength and gait speed were determined with multiple linear regression analyses adjusted for age, sex, physical activity and insulin resistance. Regression analyses revealed significant relationships between a higher interleukin (IL) 6 and IL-6:IL-10-ratio and higher percentage fat mass (%FM), waist-to-height-ratio (WHtR) as well as lower percentage skeletal muscle mass (%SMM) and gait speed exclusively in old adults. Subsequent analyses showed that IL-6 was associated with a pro-inflammatory diet as indicated by a higher DII, again exclusively in old adults (beta coefficient (β)= 0.027, standard error (SE) 0.013, p=0.037). While the DII was not related with handgrip strength or oxidative stress in neither old nor young adults, linear models confirmed that a higher DII was inversely associated with gait speed in old participants (β= -0.022, SE 0.006, p<0.001). Finally, a pro-inflammatory diet was significantly associated with higher %FM, WHtR and lower %SMM in both age groups. A pro-inflammatory diet reflected by the DII is associated with higher systemic inflammation, slower gait speed as well as lower muscle mass in old adults. Intervention studies are needed to examine whether anti-inflammatory dietary approaches can help to improve muscle mass and function and thus minimize the risk for sarcopenia in the long-term.",PubMed,https://pubmed.ncbi.nlm.nih.gov/35450990/,doi:10.1007/s12603-022-1753-4,include_title_abs,Potential eligible RCT at title/abstract stage,C_sarcopenia_secondary,Community sarcopenia RCT; secondary stratum
32300723,PMC7155308,10.22540/JFSF-04-091,"Osteosarcopenic obesity, the coexistence of osteoporosis, sarcopenia and obesity and consequences in the quality of life in older adults ≥65 years-old in Greece.",Keramidaki K; Tsagari A; Hiona M; Risvas G,2019,"Journal of frailty, sarcopenia and falls","We investigated the coexistence of sarcopenia and obesity in older adults≥65 years diagnosed with osteoporosis and the association with Quality of Life (QoL). A Cross-sectional survey has been performed on a randomized sample of 50 diagnosed osteoporotic elderly people from both sexes (Men=16; Women=34). Quantitative ultrasound was conducted to identify osteoporosis and defined with a T score ≤2.5. Validated anthropometric equations were used in order to estimate body fat percentage and skeletal muscle mass so as to detect the reallocation of body fat and lean muscle. 10m gait speed and hand grip strength was measured in order to diagnose sarcopenia according to European Society for Clinical Nutrition and Metabolism (ESPEN) algorithm. The evaluation of QoL was conducted using a QoL questionnaire specific to osteoporosis. The data were analyzed with descriptive statistics and a chi-square test was performed to examine if Osteosarcopenic Obesity (OSO) is sex related and the correlation between OSO and QoL. From the 50 participants, 40%(n=19) were classified as people with OSO and 60%(n=31) without OSO. From n=19 people that experienced OSO women represent 20% (n=9) and men 18% (n=9); with the latter had a greater decline in muscle mass than women, while women had lower BMD than men according to the z score. OSO is not related with sex (p>.05) and there is no significant association between OSO and QoL (p> .05 for all the domains of QoL questionnaire). Osteoporosis in the elderly often coexists with reduced muscle mass and muscle strength as well as an increase in adiposity and was independently associated with QoL. People that experience OSO presenting lower functionality that increases the risk for falls and bone fractures originated from the decline in bone and muscle mass, and increased adiposity. Increased awareness of OSO may help develop efficient interventions and public health policies for healthier and more active elderly people.",PubMed,https://pubmed.ncbi.nlm.nih.gov/32300723/,doi:10.22540/jfsf-04-091,include_title_abs,Potential eligible RCT at title/abstract stage,C_sarcopenia_secondary,Community sarcopenia RCT; secondary stratum
39491795,PMC11869509,10.1177/08980101241291756,Effects of the Vitality Acupunch Exercise Program on Older Adults With Probable Sarcopenia: A Mixed Methods Pilot Study.,Murley B; Chen KM; Gipson CS; Gosselin K; Thornhill J; Ross A; Gladding K; Mastel-Smith B,2025,Journal of holistic nursing : official journal of the American Holistic Nurses' Association,"Purpose: Age-related loss of muscle mass and strength is a highly prevalent condition in older adults in long-term care (LTC) facilities. This pilot study aimed to test the effects of a vitality acupunch (VA) exercise program on muscle mass, muscle strength, muscle endurance, functional fitness, activities of daily living, quality of life, and sleep quality of older adults in LTC facilities with probable sarcopenia in the United States and understand the experiences of residents who participated in the VA program. Design: A mixed-methods experimental design was used for this study. Methods: The quantitative phase included a sample of 27 participants randomly assigned to the control (n = 13) or VA (n = 14) condition. The VA condition consisted of three weekly 40-minute instructor-led seated exercise sessions over 24 weeks. Measures were obtained at baseline, three, and sixmonth intervals. Semi-structured interviews were conducted to explore participant's experiences of the program. Findings: Statistical comparison revealed significantly higher handgrip strength for the VA group (p = .008). Narrative analysis revealed that the program had a positive impact on participant's daily lives. Conclusions: The VA program offers a holistic, evidence-based exercise program for older adults with probable sarcopenia living in LTC facilities.",PubMed,https://pubmed.ncbi.nlm.nih.gov/39491795/,doi:10.1177/08980101241291756,include_title_abs,Potential eligible RCT at title/abstract stage,C_sarcopenia_secondary,Community sarcopenia RCT; secondary stratum
40644314,PMC12645253,10.2337/dbi25-0004,Treating Sarcopenic Obesity in the Era of Incretin Therapies: Perspectives and Challenges.,Chen AS; Batsis JA,2025,Diabetes,"Sarcopenic obesity, a subtype of obesity, is marked by reduced skeletal muscle mass and function, or sarcopenia, and poses a significant health challenge to older adults as it affects an estimated 28.3% of people aged >60 years. This subtype is unique to older adults as aging exacerbates sarcopenia and obesity due to changes in energy metabolism, hormones and inflammatory markers, and lifestyle factors. Traditional treatments for sarcopenic obesity have been focused on exercise and dietary modifications to reduce fat while maintaining muscle mass. Newer glucagon-like peptide 1 receptor agonists (GLP-1RAs) and dual gastric inhibitory polypeptide/GLP-1 receptor agonists (GIP/GLP-1RAs), including liraglutide, semaglutide, and tirzepatide, have shown great promise to reduce weight, treat obesity-related complications, improve physical function, and improve quality of life, in younger clinical trial populations. However, the use of GLP-1RAs and GIP/GLP-1RAs has not been exhaustively evaluated in older adults with sarcopenic obesity. These medications come with the risk of loss of muscle mass and an increased rate of adverse events. Thus, clinicians should use them cautiously by weighing the potential benefits against their risks. Herein, we discuss a possible approach to using GLP-1RAs and GIP/GLP-1RAs in patients with sarcopenic obesity, including considerations for patient identification, monitoring, maintenance, and discontinuation. In this article we also discuss the emerging treatments that will be available, which may include activin type II receptor antibodies and selective androgen receptor agonists. We conclude by highlighting the advancement of geroscience as a promising field for individualizing treatments in the future. Sarcopenic obesity, reduced muscle mass and strength coupled with obesity, poses significant health risks to older adults. Aging exacerbates sarcopenia and obesity due to metabolic, hormonal, inflammatory, and lifestyle changes. Traditional interventions emphasize exercise and diet to reduce fat mass while preserving muscle mass. Incretin therapies show promise in weight reduction and physical improvement in younger populations but are minimally studied in older adults. These medications can be used to treat several obesity-related complications, which older adults with sarcopenic obesity are prone to developing. These medications need to be used cautiously among older adults, considering potential muscle mass loss and adverse events.",PubMed,https://pubmed.ncbi.nlm.nih.gov/40644314/,doi:10.2337/dbi25-0004,include_title_abs,Potential eligible RCT at title/abstract stage,C_sarcopenia_secondary,Community sarcopenia RCT; secondary stratum
27289534,,10.1007/s00198-016-3662-z,Whole-body electromyostimulation to fight sarcopenic obesity in community-dwelling older women at risk. Resultsof the randomized controlled FORMOsA-sarcopenic obesity study.,Kemmler W; Teschler M; Weissenfels A; Bebenek M; von Stengel S; Kohl M; Freiberger E; Goisser S; Jakob F; Sieber C,2016,Osteoporosis international : a journal established as result of cooperation between the European Foundation for Osteoporosis and the National Osteoporosis Foundation of the USA,"The effect of whole body-electromyostimulation in community-dwelling women ≥70 with sarcopenic obesity was heterogeneous, with high effects on muscle mass, moderate effects on functional parameters, and minor effects on fat mass. Further, we failed to determine a supportive effect of additional protein-enriched dietary supplementation in this albeit predominately well-nourished group. The aim of the study was to determine the effect of whole-body electromyostimulation (WB-EMS) on sarcopenic obesity (SO) in community-dwelling women more than 70 years with sarcopenic obesity. Seventy-five community-dwelling women ≥70 years with SO were randomly allocated to either a WB-EMS-application with (WB-EMS &P; 24.9 ± 1.9 kg/m2) or without (WB-EMS; 25.2 ± 1.8 kg/m2) dietary supplementation (150 kcal/day, 56 % protein) or a non-training control group (CG; 24.7 ± 1.4 kg/m2). WB-EMS consisted of one weekly session of 20 min (85 Hz, 350 μs, 4 s of strain-4 s of rest) performed with moderate to high intensity. Primary study endpoint was the Sarcopenia Z-Score constituted by skeletal muscle mass index (SMI, as assessed by dual energy X-ray absorptiometry), grip strength, and gait speed, and secondary study endpoint was body fat (%). Sarcopenia Z-score comparably increases in the WB-EMS and the WB-EMS&P-group (p ≤ .046). Both groups differ significantly (p ≤ .001) from the CG which deteriorated significantly (p = .006). Although body fat changes were most pronounced in the WB-EMS (-0.9 ± 2.1; p = .125) and WB-EMS&P (-1.4 ± 2.5; p = .028), reductions did not statistically differ (p = .746) from the CG (-0.8 ± 2.7; p = .179). Looking behind the covariates, the most prominent changes were determined for SMI, with a significant increase in both EMS-groups (2.0-2.5 %; p ≤ .003) and a decrease in the CG (-1.2 ± 3.1 %; p = .050) with significant between-group differences (p = .001). WB-EMS is a safe and attractive method for increasing muscle mass and functional capacity in this cohort of women 70+ with SO; however, the effect on body fat is minor. Protein-enriched supplements did not increase effects of WB-EMS alone.",PubMed,https://pubmed.ncbi.nlm.nih.gov/27289534/,doi:10.1007/s00198-016-3662-z,include_title_abs,Potential eligible RCT at title/abstract stage,C_sarcopenia_secondary,Community sarcopenia RCT; secondary stratum
34620350,PMC8502229,10.1016/j.clnesp.2021.07.006,Impact of whey protein supplementation in a weight-loss intervention in rural dwelling adults: A feasibility study.,Batsis JA; Petersen CL; Cook SB; Al-Nimr RI; Driesse T; Pidgeon D; Fielding R,2021,Clinical nutrition ESPEN,"Weight loss in older adults enhances physical function, but may lead to sarcopenia and osteoporosis. Whey protein is a low cost rich source of essential amino acids, may improve physical function. We evaluated the feasibility and acceptability of consuming whey protein in the context of a weight-loss intervention in older adults with obesity. A 12-week pilot feasibility, non-randomized weight loss study of 28 older adults was conducted, consisting of individualized, weekly dietitian visits with twice weekly physical therapist-led group strengthening classes. Half consumed whey protein, three times weekly, following exercise. Preliminary efficacy measures of body composition, sit-to-stand, 6-min walk and grip strength and subjective measures of self-reported health and function were also evaluated. Of the 37 enrolled, 28 completed the study (50 % in the protein group). Attendance rates for protein vs. non-protein groups were 89.9 ± 11.1 % vs. 95.6 ± 3.4 % (p = 0.08). Protein consumption was high in those attending classes (90.3 %) as was compliance at home (82.6 %). Whey was pleasant (67.3 ± 22.1, range 30-100, above average), had little aftertaste, and was neither salty or sticky. All were compliant (0.64 ± 0.84, range 0-5, low = higher compliance). Both groups lost significant weight (protein vs. no protein, -3.45 ± 2.86 vs. -5.79 ± 3.08, p = 0.47); Sit-to-stand, 6-min walk, and gait speed were no different, grip strength was improved in the protein compared to the non-protein group (-2.63 kg vs. 4.29 kg; p < 0.001). Our results suggest that whey protein is a low-cost and readily available nutritional supplement that can be integrated into a weight loss intervention.",PubMed,https://pubmed.ncbi.nlm.nih.gov/34620350/,doi:10.1016/j.clnesp.2021.07.006,include_title_abs,Potential eligible RCT at title/abstract stage,C_sarcopenia_secondary,Community sarcopenia RCT; secondary stratum
42129493,,10.1038/s41598-026-53239-3,"Sex-specific effects of progressive whole-body vibration combined with active exercises on muscle mass, strength, and function in sarcopenic older adults.",Altaf S; Malmir K; Mir SM; Olyaei GR; Aftab A; Rajput TA,2026,Scientific reports,"Whole-body vibration (WBV) is a low-strain alternative to resistance training for improving muscle function in older adults, but evidence on progressive frequency protocols and sex-specific effects remains limited. This study investigated the effects of an eight-week WBV program on muscle mass, strength, and functional performance in sarcopenic older adults, with follow-up assessments for sustained benefits. Fifty-six participants (≥ 60 years) classified by EWGSOP2 criteria were randomly assigned to WBV or control groups (n = 28 each, 14 per gender). The WBV group performed dynamic squats with progressive frequency (15-40 Hz) and amplitude (1.2-1.8 mm), while the control group performed identical exercises without vibration. Both groups completed upper and lower limb active exercises thrice weekly for eight weeks. WBV significantly improved skeletal muscle index in females, with a significant time × intervention interaction (p < 0.001) that remained after BMI adjustment (p < 0.001), but not in males (p > 0.05). Physical Performance Test scores had a significant time × intervention interaction in both sex (p < 0.05); after BMI adjustment, the effect remained strong in females (p < 0.001) but was smaller yet significant in males (p = 0.013). Timed Up and Go performance improved in females (interaction: p = 0.001 after adjustment), while the effect in males was not significant (p = 0.972). In females, right leg quadriceps strength increased significantly after BMI adjustment (p < 0.001), with a significant interaction in the left leg (p = 0.034); no significant effects were seen in males (p > 0.05). A reduction in fear of falling (FES-I) was observed in females (p = 0.025), but the pattern of improvement over time did not differ significantly from controls (p = 0.054). For female grip strength, a significant time × intervention interaction was found for the right hand after adjustment (p = 0.002); no significant effects were found in males. While functional improvements were often maintained at follow-up in females, gains in muscle mass and strength showed some decline. These findings indicate that WBV combined with active exercise appears more beneficial for older women with sarcopenia, showing more consistent improvements in muscle mass and strength. Additionally, TUG time reduced below fall-risk threshold. However, sustained training may be necessary to maintain long-term benefits, and larger clinical trials are required to confirm the generalizability of these results.",PubMed,https://pubmed.ncbi.nlm.nih.gov/42129493/,doi:10.1038/s41598-026-53239-3,include_title_abs,Potential eligible RCT at title/abstract stage,C_sarcopenia_secondary,Community sarcopenia RCT; secondary stratum
37862321,PMC10588903,10.1371/journal.pone.0292402,ACE I/D genotype associates with strength in sarcopenic men but not with response to ACE inhibitor therapy in older adults with sarcopenia: Results from the LACE trial.,Rossios C; Bashir T; Achison M; Adamson S; Akpan A; Aspray T; Avenell A; Band MM; Burton LA; Cvoro V,2023,PloS one,"Angiotensin II (AII), has been suggested to promote muscle loss. Reducing AII synthesis, by inhibiting angiotensin converting enzyme (ACE) activity has been proposed as a method to inhibit muscle loss. The LACE clinical trial was designed to determine whether ACE inhibition would reduce further muscle loss in individuals with sarcopenia but suffered from low recruitment and returned a negative result. Polymorphic variation in the ACE promoter (I/D alleles) has been associated with differences in ACE activity and muscle physiology in a range of clinical conditions. This aim of this analysis was to determine whether I/D polymorphic variation is associated with muscle mass, strength, in sarcopenia or contributed to the lack of response to treatment in the LACE study. Sarcopenic individuals were recruited into a 2x2 factorial multicentre double-blind study of the effects of perindopril and/or leucine versus placebo on physical performance and muscle mass. DNA extracted from blood samples (n = 130 72 women and 58 men) was genotyped by PCR for the ACE I/D polymorphism. Genotypes were then compared with body composition measured by DXA, hand grip and quadriceps strength before and after 12 months' treatment with leucine and/or perindopril in a cross-sectional analysis of the influence of genotype on these variables. Allele frequencies for the normal UK population were extracted from 13 previous studies (I = 0.473, D = 0.527). In the LACE cohort the D allele was over-represented (I = 0.412, D = 0.588, p = 0.046). This over-representation was present in men (I = 0.353, D = 0.647, p = 0.010) but not women (I = 0.458, D = 0.532, p = 0.708). In men but not women, individuals with the I allele had greater leg strength (II/ID = 18.00 kg (14.50, 21.60) vs DD = 13.20 kg (10.50, 15.90), p = 0.028). Over the 12 months individuals with the DD genotype increased in quadriceps strength but those with the II or ID genotype did not. Perindopril did not increase muscle strength or mass in any polymorphism group relative to placebo. Our results suggest that although ACE genotype was not associated with response to ACE inhibitor therapy in the LACE trial population, sarcopenic men with the ACE DD genotype may be weaker than those with the ACE I/D or II genotype.",PubMed,https://pubmed.ncbi.nlm.nih.gov/37862321/,doi:10.1371/journal.pone.0292402,include_title_abs,Potential eligible RCT at title/abstract stage,C_sarcopenia_secondary,Community sarcopenia RCT; secondary stratum
32737844,PMC7897619,10.1007/s40520-020-01663-4,Update on the ESCEO recommendation for the conduct of clinical trials for drugs aiming at the treatment of sarcopenia in older adults.,Reginster JY; Beaudart C; Al-Daghri N; Avouac B; Bauer J; Bere N; Bruyère O; Cerreta F; Cesari M; Rosa MM,2021,Aging clinical and experimental research,"In 2016, an expert working group was convened under the auspices of the European Society for Clinical and Economic Aspects of Osteoporosis and Osteoarthritis (ESCEO) and formulated consensus recommendations for the conduct of clinical trials for drugs to prevent or treat sarcopenia. The objective of the current paper is to provide a 2020 update of the previous recommendations in accordance with the evidence that has become available since our original recommendations. This paper is based on literature reviews performed by members of the ESCEO working group and followed up with face to face meetings organized for the whole group to make amendments and discuss further recommendations. The randomized placebo-controlled double-blind parallel-arm drug clinical trials should be the design of choice for both phase II and III trials. Treatment and follow-up should run at least 6 months for phase II and 12 months for phase III trials. Overall physical activity, nutrition, co-prescriptions and comorbidity should be recorded. Participants in these trials should be at least 70-years-old and present with a combination of low muscle strength and low physical performance. Severely malnourished individuals, as well as bedridden patients, patients with extremely limited mobility or individuals with physical limitations clearly attributable to the direct effect of a specific disease, should be excluded. Multiple outcomes are proposed for phase II trials, including, as example, physical performance, muscle strength and mass, muscle metabolism and muscle-bone interaction. For phase III trials, we recommend a co-primary endpoint of a measure of functional performance and a Patient Reported Outcome Measure. The working group has formulated consensus recommendations on specific aspects of trial design, and in doing so hopes to contribute to an improvement of the methodological robustness and comparability of clinical trials. Standardization of designs and outcomes would advance the field by allowing better comparison across studies, including performing individual patient-data meta-analyses, and different pro-myogenic therapies.",PubMed,https://pubmed.ncbi.nlm.nih.gov/32737844/,doi:10.1007/s40520-020-01663-4,include_title_abs,Potential eligible RCT at title/abstract stage,C_sarcopenia_secondary,Community sarcopenia RCT; secondary stratum
37758867,PMC11193940,10.1007/s00223-023-01138-4,Impact of EASO/ESPEN-Defined Sarcopenic Obesity Following a Technology-Based Weight Loss Intervention.,Wood BS; Batchek DJ; Lynch DH; Spangler HB; Gross DC; Petersen CL; Batsis JA,2024,Calcified tissue international,"Sarcopenic Obesity is the co-existence of increased adipose tissue (obesity) and decreased muscle mass or strength (sarcopenia) and is associated with worse outcomes than obesity alone. The new EASO/ESPEN consensus provides a framework to standardize its definition. This study sought to evaluate whether there are preliminary differences observed in weight loss or physical function in older adults with and without sarcopenic obesity taking part in a multicomponent weight loss intervention using these new definitions. A 6-month, non-randomized, non-blinded, single-arm pilot study was conducted from 2018 to 2020 in adults ≥ 65 years with a body mass index (BMI) ≥ 30 kg/m2. Weekly dietitian visits and twice-weekly physical therapist-led exercise classes were delivered using telemedicine. We conducted a secondary retrospective analysis of the parent study (n = 53 enrolled, n = 44 completers) that investigated the feasibility of a technology-based weight management intervention in rural older adults with obesity. Herein, we applied five definitions of sarcopenic obesity (outlined in the consensus) to ascertain whether the response to the intervention differed among those with and without sarcopenic obesity. Primary outcomes evaluated included weight loss and physical function (30-s sit-to-stand). In the parent study, mean weight loss was - 4.6 kg (95% CI - 3.6, - 5.6; p < 0.001). Physical function measures of 30-s sit-to-stand showed a mean increase of 3.1 in sit-to-stand repetitions (+ 1.9, + 4.3; p < 0.001). In this current analysis, there was a significant decrease in weight and an increase in repetitions between baseline and follow-up within each group of individuals with and without sarcopenia for each of the proposed definitions. However, we did not observe any significant differences in the changes between groups from baseline to follow-up. The potential lack of significant differences in weight loss or physical function between older adults with and without sarcopenic obesity participating in a weight loss intervention may suggest that well-designed, multicomponent interventions can lead to similar outcomes irrespective of sarcopenia status in persons with obesity. Fully powered randomized clinical trials are critically needed to confirm these preliminary results.",PubMed,https://pubmed.ncbi.nlm.nih.gov/37758867/,doi:10.1007/s00223-023-01138-4,include_title_abs,Potential eligible RCT at title/abstract stage,C_sarcopenia_secondary,Community sarcopenia RCT; secondary stratum
36695864,,10.1097/SPC.0000000000000630,Interventions to improve nutritional status for older patients with cancer - a holistic approach is needed.,Liposits G; Singhal S; Krok-Schoen JL,2023,Current opinion in supportive and palliative care,"Older adults with cancer frequently experience malnutrition and sarcopenia resulting in lower treatment efficacy, increased risk of toxicities and healthcare costs, lower quality of life and shorter survival. Improving nutritional status in this rapidly growing population is an urgent need globally. We reviewed randomized controlled trials from the last 18 months focusing on nutritional status and applying multimodal interventions in older adults with cancer. Several randomized controlled trials have been reported recently elucidating the impact of nutritional interventions as a part of multimodal interventions through different stages of cancer care. Although multimodal interventions rarely demonstrate survival benefit, they improve several important aspects of cancer care, including patient-centred endpoints such as physical functioning, adherence, patient satisfaction and quality of life. Multimodal interventions including nutrition have the potential to improve patient-centred outcomes in older adults with cancer during the continuum of care, from prehabilitation to palliative care. Early, integrated supportive care applying the right intervention in the right setting at the proper time along with personalized antitumor treatment is the cornerstone of optimal holistic cancer care.",PubMed,https://pubmed.ncbi.nlm.nih.gov/36695864/,doi:10.1097/spc.0000000000000630,include_title_abs,Potential eligible RCT at title/abstract stage,C_sarcopenia_secondary,Community sarcopenia RCT; secondary stratum
31011022,PMC6371107,10.3390/geriatrics2010012,Muscle Strength and Functional Ability in Recreational Female Golfers and Less Active Non-Golfers over the Age of 80 Years.,Stockdale A; Webb N; Wootton J; Drennan J; Brown S; Stokes M,2017,"Geriatrics (Basel, Switzerland)","Muscle strength and functional ability decline with age. Physical activity can slow the decline but whether recreational golf is associated with slower decline is unknown. This cross-sectional, observational study aimed to examine the feasibility of testing muscle strength and functional ability in older female golfers and non-golfers in community settings. Thirty-one females over aged 80, living independently (golfers n = 21, mean age 83, standard deviation (±) 2.1 years); non-golfers, n = 10 (80.8 ± 1.03 years) were studied. Maximal isometric contractions of handgrip and quadriceps were tested on the dominant side. Functional ability was assessed using the Timed Up and Go (TUG) and health-related quality of life using the Short Form-36 questionnaire. Grip strength, normalised to body mass, was greater in golfers (0.33 ± 0.06 kgF/kg) than non-golfers (0.29 ± 0.06), however, the difference was not statistically significant (p = 0.051). Quadriceps strength did not differ (golfers 2.78 ± 0.74 N/kg; non-golfers 2.69 ± 0.83; p = 0.774). TUG times were significantly faster (p = 0.027) in golfers (10.4 ± 1.9 s) than non-golfers (12.6 ± 3.21 s; within sarcopenic category). Quality of life was significantly higher in golfers for the physical categories (Physical Function p < 0.001; Physical p = 0.033; Bodily pain p = 0.028; Vitality p = 0.047) but psychosocial categories did not differ. These findings indicated that the assessment techniques were feasible in both groups and sensitive enough to detect some differences between groups. The indication that golf was associated with better physical function than non-golfers in females over 80 needs to be examined by prospective randomised controlled trials to determine whether golf can help to achieve the recommended guidelines for strengthening exercise to protect against sarcopenia.",PubMed,https://pubmed.ncbi.nlm.nih.gov/31011022/,doi:10.3390/geriatrics2010012,include_title_abs,Potential eligible RCT at title/abstract stage,C_sarcopenia_secondary,Community sarcopenia RCT; secondary stratum
