pmid,pmcid,doi,title,authors,year,journal,abstract,source,url,dedupe_key,screen_decision,reason,fulltext_priority,priority_reason
35406137,PMC9003251,10.3390/nu14071524,"Whey Protein, Leucine- and Vitamin-D-Enriched Oral Nutritional Supplementation for the Treatment of Sarcopenia.",Cereda E; Pisati R; Rondanelli M; Caccialanza R,2022,Nutrients,"Sarcopenia has been recognized as a muscle disease, with adverse consequences on health. Updated recommendations, aimed at increasing awareness of sarcopenia and its accompanying risks, have been produced to urge the early detection and treatment of this disease. Recommended treatment is based on an individually tailored resistance exercise training program, the optimization of protein intake using high-quality protein sources (i.e., whey protein) in order to provide a high amount of essential amino acids-particularly leucine-and addressing vitamin D deficiency/insufficiency. The purpose of this review is to collate and describe all of the relevant efficacy studies carried out with a muscle-targeted oral nutritional supplementation (MT-ONS)-namely a whey-protein-based, leucine- and vitamin D-enriched formula aimed at optimizing their intake and satisfying their requirements-in different patient populations and clinical settings in order to determine if there is enough evidence to recommend prescription for the treatment of sarcopenia or its prevention in high-risk patient populations. Trials using a MT-ONS with or without a concomitant physical exercise program were systematically searched (up to June 2021), and those addressing relevant endpoints (muscle mass, physical performance and function) were critically reviewed. In total, 10 articles providing efficacy data from eight trials were identified and narratively reviewed. As far as older patients with sarcopenia are concerned, MT-ONS has been pertinently tested in six clinical trials (duration 4-52 weeks), mostly using a high-quality randomized controlled trial design and demonstrating efficacy in increasing the muscle mass and strength, as well as the physical performance versus iso-caloric placebo or standard practice. Consistent results have been observed in various clinical settings (community, rehabilitation centers, care homes), with or without adjunctive physical exercise programs. A positive effect on markers of inflammation has also been shown. A muscle-protein-sparing effect, with benefits on physical performance and function, has also been demonstrated in patients at risk of losing skeletal muscle mass (three trials), such as older patients undergoing weight loss or intensive rehabilitation programs associated with neurological disability (Parkinson's disease). MT-ONS has demonstrated not only a significant efficacy in clinical variables, but also a positive impact on healthcare resource consumption in the rehabilitation setting (length of stay and duration of rehabilitation). In summary, MT-ONS, alone or in association with an appropriate exercise program, is an effective therapy for older patients with sarcopenia and should be offered as a first-line treatment, not only to improve clinical outcomes but also to reduce healthcare resource consumption, particularly in patients admitted to a rehabilitation center.",PubMed,https://pubmed.ncbi.nlm.nih.gov/35406137/,doi:10.3390/nu14071524,include_title_abs,Potential eligible RCT at title/abstract stage,D_sarcopenia_context,Sarcopenia RCT; context or sensitivity only
26170041,,10.1016/j.jamda.2015.05.021,"Effects of a vitamin D and leucine-enriched whey protein nutritional supplement on measures of sarcopenia in older adults, the PROVIDE study: a randomized, double-blind, placebo-controlled trial.",Bauer JM; Verlaan S; Bautmans I; Brandt K; Donini LM; Maggio M; McMurdo ME; Mets T; Seal C; Wijers SL,2015,Journal of the American Medical Directors Association,"Age-related losses of muscle mass, strength, and function (sarcopenia) pose significant threats to physical performance, independence, and quality of life. Nutritional supplementation could positively influence aspects of sarcopenia and thereby prevent mobility disability. To test the hypothesis that a specific oral nutritional supplement can result in improvements in measures of sarcopenia. A multicenter, randomized, controlled, double-blind, 2 parallel-group trial among 380 sarcopenic primarily independent-living older adults with Short Physical Performance Battery (SPPB; 0-12) scores between 4 and 9, and a low skeletal muscle mass index. The active group (n = 184) received a vitamin D and leucine-enriched whey protein nutritional supplement to consume twice daily for 13 weeks. The control group (n = 196) received an iso-caloric control product to consume twice daily for 13 weeks. Primary outcomes of handgrip strength and SPPB score, and secondary outcomes of chair-stand test, gait speed, balance score, and appendicular muscle mass (by DXA) were measured at baseline, week 7, and week 13 of the intervention. Handgrip strength and SPPB improved in both groups without significant between-group differences. The active group improved more in the chair-stand test compared with the control group, between-group effect (95% confidence interval): -1.01 seconds (-1.77 to -0.19), P = .018. The active group gained more appendicular muscle mass than the control group, between-group effect: 0.17 kg (0.004-0.338), P = .045. This 13-week intervention of a vitamin D and leucine-enriched whey protein oral nutritional supplement resulted in improvements in muscle mass and lower-extremity function among sarcopenic older adults. This study shows proof-of-principle that specific nutritional supplementation alone might benefit geriatric patients, especially relevant for those who are unable to exercise. These results warrant further investigations into the role of a specific nutritional supplement as part of a multimodal approach to prevent adverse outcomes among older adults at risk for disability.",PubMed,https://pubmed.ncbi.nlm.nih.gov/26170041/,doi:10.1016/j.jamda.2015.05.021,include_title_abs,Potential eligible RCT at title/abstract stage,D_sarcopenia_context,Sarcopenia RCT; context or sensitivity only
39400535,PMC11634513,10.1002/jcsm.13602,Short-Term Multicomponent Exercise Impact on Muscle Function and Structure in Hospitalized Older at Risk of Acute Sarcopenia.,Sáez de Asteasu ML; Martínez-Velilla N; Zambom-Ferraresi F; García-Alonso Y; Galbete A; Ramírez-Vélez R; Cadore EL; Izquierdo M,2024,"Journal of cachexia, sarcopenia and muscle","Hospitalization exacerbates sarcopenia and physical dysfunction in older adults. Whether tailored inpatient exercise prevents acute sarcopenia is unknown. This study aimed to examine the effect of a multicomponent exercise programme on muscle and physical function in hospitalized older adults. We hypothesized that participation in a brief tailored exercise regimen (i.e., 3-5 days) would attenuate muscle function and structure changes compared with usual hospital care alone. This randomized clinical trial with blinded outcome assessment was conducted from May 2018 to April 2021 at Hospital Universitario de Navarra, Spain. Participants were 130 patients aged 75 years and older admitted to an acute care geriatric unit. Patients were randomized to a tailored 3- to 5-day exercise programme (n = 64) or usual hospital care (control, n = 66) consisting of physical therapy if needed. The coprimary endpoints were between-group differences in changes in short physical performance battery (SPPB) score and usual gait velocity from hospital admission to discharge. Secondary endpoints included changes in rectus femoris echo intensity, cross-sectional area, thickness and subcutaneous and intramuscular fat by ultrasound. Among 130 randomized patients (mean [SD] age, 87.7 [4.6] years; 57 [44%] women), the exercise group increased their mean SPPB score by 0.98 points (95% CI, 0.28-1.69 points) and gait velocity by 0.09 m/s (95% CI, 0.03-0.15 m/s) more than controls (both p < 0.01). No between-group differences were observed in any ultrasound muscle outcomes. There were no study-related adverse events. Three to 5 days of tailored multicomponent exercise provided functional benefits but did not alter muscle or fat architecture compared with usual hospital care alone among vulnerable older patients. Brief exercise may help prevent acute sarcopenia during hospitalization. ClinicalTrials.gov identifier: NCT04600453.",PubMed,https://pubmed.ncbi.nlm.nih.gov/39400535/,doi:10.1002/jcsm.13602,include_title_abs,Potential eligible RCT at title/abstract stage,D_sarcopenia_context,Sarcopenia RCT; context or sensitivity only
30462162,,10.1093/ageing/afy179,Effects of exercise and nutrition supplementation in community-dwelling older Chinese people with sarcopenia: a randomized controlled trial.,Zhu LY; Chan R; Kwok T; Cheng KC; Ha A; Woo J,2019,Age and ageing,"Limited trials examining the effect of exercise and nutrition supplementation in older people with sarcopenia are available. to assess the impact of resistance exercise program targeting muscle strength and power with and without nutrition supplementation on gait speed, body composition, physical function and quality of life. this trial randomized 113 community-dwelling older Chinese adults aged ≥65 and with sarcopenia defined using the Asian Criteria into one of the three groups: exercise program alone, combined-exercise program and nutrition supplement or waitlist control. The exercise program consisted of 90-min group training twice weekly and one-home session weekly for 12 weeks. Participants in the combined group were additionally asked to consume nutrition supplement twice daily for 12 weeks. Both groups were encouraged to keep home exercise after intervention period for another 12 weeks to detect sustained effect. The primary outcome was gait speed. at 12 and 24 weeks, gait speed did not differ significantly between groups. Significant improvement in leg extension, and five-chair stand test occurred in both intervention groups that persisted to 24 weeks. Physical Activity Scale for the Elderly improved in both intervention groups that persisted until 24 weeks only in the combined group. Lower limb muscle and appendicular skeletal muscle mass increased significantly in the combined group but the increase was not sustained to 24 weeks. the exercise program with and without nutrition supplementation had no significant effect on the primary outcome of gait speed but improved the secondary outcomes of strength and the five-chair stand test in community-dwelling Chinese sarcopenic older adults. NCT02374268.",PubMed,https://pubmed.ncbi.nlm.nih.gov/30462162/,doi:10.1093/ageing/afy179,include_title_abs,Potential eligible RCT at title/abstract stage,D_sarcopenia_context,Sarcopenia RCT; context or sensitivity only
36437767,,10.1007/s12603-022-1853-1,De-Training Effects Following Leucine-Enriched Whey Protein Supplementation and Resistance Training in Older Adults with Sarcopenia: A Randomized Controlled Trial with 24 Weeks of Follow-Up.,Mori H; Tokuda Y,2022,"The journal of nutrition, health & aging","This study aimed to evaluate the effectiveness of de-training after a combined intervention of leucine-enriched whey protein supplementation and resistance training on skeletal muscle mass and strength in older adults with sarcopenia. A randomized controlled trial. A community in Hyogo, Japan. The study included older adults aged ≥ 65 years who were screened for sarcopenia at the Care Center from, a community in Hyogo, Japan. The participants were randomly allocated to one of three groups: whey protein supplementation after resistance training (RT + PRO; n = 27), resistance training only (RT; n = 27), and whey protein supplementation only (PRO; n = 27). An intervention program was conducted over a period of 24 weeks. The program included RT and/or PRO supplementation twice a week for 24 weeks, followed by a de-training period for another 24 weeks. PRO supplementation included 11.0 g of protein and 2,300 mg of leucine. The total energy and protein intake amounts for the participants in all groups were controlled to achieve at least 30 kcal/kg ideal body weight (IBW)/day and 1.2 g/kg IBW/day, respectively, during the intervention and de-training periods. The primary outcomes, such as mean change of appendicular skeletal muscle mass index (ΔASMI), and secondary outcomes, such as handgrip strength (ΔHGS), were measured at baseline, the end of intervention, and at 12 and 24 weeks of de-training. Compared to baseline, ASMI and HGS increased significantly at the end of the intervention period in the RT+PRO group (ASMI and HGS, p < 0.01); however, there were no significant differences in ΔASMI and ΔHGS between each group. At 24 weeks of the de-training period, ΔASMI and ΔHGS were higher in the RT + PRO group than in the RT group (p < 0.05 and p < 0.01, respectively). We demonstrated that combined intervention of RT and PRO showed long-term maintenance in treating sarcopenia than RT only at 24 weeks after de-training. Therefore, PRO intake after RT may be useful in the treatment of sarcopenia in older adults.",PubMed,https://pubmed.ncbi.nlm.nih.gov/36437767/,doi:10.1007/s12603-022-1853-1,include_title_abs,Potential eligible RCT at title/abstract stage,D_sarcopenia_context,Sarcopenia RCT; context or sensitivity only
39455849,PMC11512051,10.1038/s41598-024-76810-2,The effect of unaffected side resistance training on upper limb function reconstruction and prevention of sarcopenia in stroke patients: a randomized controlled trial.,Feng T; Zhao C; Dong J; Xue Z; Cai F; Li X; Hu Z; Xue X,2024,Scientific reports,"Aging has made stroke a top killer and disabler, with post-stroke sarcopenia worsening disability and quality of life. While resistance training benefits the elderly, its impact on stroke patients is understudied. This study evaluates the potential of a 4-week unilateral resistance training (URT) program to prevent sarcopenia in stroke patients. It assesses the impact of URT on hand grip strength (HG), muscle thickness (MT), upper limb functionality, and the psychological status of the patients. The study aims to quantitatively analyze these indicators to inform evidence-based post-stroke rehabilitation practices. This study employed a randomized controlled trial (RCT) involving 77 eligible stroke survivors, equally allocated into a control group (n = 39) and an intervention group (n = 38). The control group received standard rehabilitation, while the intervention group additionally underwent a 4-week URT program. The primary outcomes were unaffected side HG and MT, measuring muscle mass and function. Secondary outcomes included the Fugl-Meyer Assessment of the Upper Extremity (FMA-UE) for upper limb functionality and the Hamilton Depression Rating Scale (HAMD) for psychological well-being changes. Statistical analysis showed significant differences (p < 0. 05) in all measured parameters between the intervention and control groups after the 4-week period. Intra-group comparisons also indicated substantial improvements (p < 0. 05). Unilateral resistance training significantly mitigates muscle atrophy in stroke patients, preventing sarcopenia and enhancing upper limb function. It also ameliorates depressive symptoms, improving rehabilitation outcomes and overall quality of life.",PubMed,https://pubmed.ncbi.nlm.nih.gov/39455849/,doi:10.1038/s41598-024-76810-2,include_title_abs,Potential eligible RCT at title/abstract stage,D_sarcopenia_context,Sarcopenia RCT; context or sensitivity only
33216623,,10.1139/apnm-2020-0643,"Effects of nutrition supplementation and physical exercise on muscle mass, muscle strength and fat mass among sarcopenic elderly: a randomized controlled trial.",Li Z; Cui M; Yu K; Zhang XW; Li CW; Nie XD; Wang F,2021,"Applied physiology, nutrition, and metabolism = Physiologie appliquee, nutrition et metabolisme","This study aimed to determine the impact of nutrition supplementation (whey protein, fish oil, vitamin D) and physical exercise (resistance and aerobic exercise) on muscle mass, muscle strength and fat mass among sarcopenic elderly. Participants (N = 241) with sarcopenia (aged ≥ 60 y) enrolled from 2 centers were randomized into groups undergoing nutrition supplementation (Nutr), physical exercise (Ex), nutrition combined with exercise (Nutr+Ex), or routine consultation for 12 weeks. Muscle-related indicators, grip strength as well as fat-related indicators were compared pre- and post-intervention. The per-protocol analysis showed that all indicators were significantly different between groups (P < 0.001). Further pairwise comparisons showed that compared with controls, appendicular muscle mass and grip strength were significantly higher in Nutr (P < 0.001, 95% CI: 0.578, 1.475; P < 0.001, 95% CI: 3.614∼9.118), Ex (P = 0.010, 95% CI: 0.157, 1.153; P < 0.001, 95% CI: 2.904, 8.732), and Nutr+Ex (P < 0.001, 95% CI: 0.564, 1.471; P < 0.001, 95% CI: 3.441, 8.907) groups, while fat mass was significantly lower in the Nutr (P < 0.001, 95% CI: -4.676, -2.358) and Nutr+Ex (P < 0.001, 95% CI: -4.717,-1.790) groups. When compared with Ex, fat mass decreased significantly in the Nutr (P = 0.001, 95% CI: -4.856,-1.359) and Nutr+Ex (P = 0.005, 95% CI: -4.810, -0.878) groups. The findings indicate that nutrition supplementation and physical exercise could improve muscle mass, strength and fat mass among sarcopenic elderly. Nutrition supplementation might be better at decreasing fat mass in this population. ClinicalTrials.gov registration no.: NCT02873676. Novelty: Nutrition supplementation improved muscle mass, strength and fat mass among sarcopenic elderly. Aerobic and resistance exercise improved muscle mass and strength in sarcopenic elderly. Combined nutrition supplementation and physical exercise improved muscle mass, strength and fat mass among sarcopenic elderly.",PubMed,https://pubmed.ncbi.nlm.nih.gov/33216623/,doi:10.1139/apnm-2020-0643,include_title_abs,Potential eligible RCT at title/abstract stage,D_sarcopenia_context,Sarcopenia RCT; context or sensitivity only
38102705,PMC10724983,10.1186/s13054-023-04698-x,Effects of a multilevel intervention of resistance training with or without beta-hydroxy-beta-methylbutyrate in medical ICU patients during entire hospitalisation: a four-arm multicentre randomised controlled trial.,Wu TT; Chen QL; Lin XX; Xu ML; Chen XX; Luo CJ; Zhuang YN; Wei YQ; Wu JB; Xiong J,2023,"Critical care (London, England)","Intensive care unit-acquired weakness (ICU-AW) is a prevalent and severe issue among ICU patients. Resistance training and beta-hydroxy-beta-methylbutyrate (HMB) intervention have demonstrated the potential to enhance muscle function in patients with sarcopenia and in older adults. The purpose of this study was to determine whether resistance training and/or HMB administration would improve physical function, muscle strength, and quality of life in medical ICU patients. In this multicentre, four-arm, single-blind randomised control trial, a total of 112 adult patients with internal medical diagnoses admitted to the ICU were enrolled. These participants were then randomly assigned to one of four treatment groups: the resistance training group received protocol-based multilevel resistance exercise, the HMB group received 3 g/day of HMBCa, combination group and control groups received standard care, from the ICU to the general ward until discharge. The primary outcomes assessed at discharge included six-minute walking distance (6MWD) and short physical performance battery (SPPB). Secondary outcomes measured included muscle mass, MRC score, grip strength, and health reports quality of life at different time points. Data analysis was performed using a generalised linear mixed model, adhering to the principles of intention-to-treat analysis. Resistance training and combination treatment groups exhibited significant increases in SPPB scores (3.848 and 2.832 points, respectively) compared to the control group and substantial improvements in 6WMD (99.768 and 88.577 m, respectively) (all with P < 0.01). However, no significant changes were observed in the HMB group. Muscle strength, as indicated by MRC and grip strength tests conducted at both ICU and hospital discharge, showed statistically significant improvements in the resistance training and combination groups (P < 0.05). Nevertheless, no significant differences were found between the treatment groups and usual care in terms of 60-day mortality, prevalence of ICU-AW, muscle mass, quality of life, or other functional aspects. Resistance training with or without beta-hydroxy-beta-methylbutyrate during the entire hospitalisation intervention improves physical function and muscle strength in medical ICU patients, but muscle mass, quality of life, and 60-day mortality were unaffected. ChiCTR2200057685 was registered on March 15th, 2022.",PubMed,https://pubmed.ncbi.nlm.nih.gov/38102705/,doi:10.1186/s13054-023-04698-x,include_title_abs,Potential eligible RCT at title/abstract stage,D_sarcopenia_context,Sarcopenia RCT; context or sensitivity only
41342363,,10.1530/JOE-25-0275,Effects of combined aerobic and resistance exercise on sarcopenia in elderly patients with type 2 diabetes mellitus.,Ma Y; Zheng J; Yu M; Zheng Z; Yang F; Liu Y,2025,The Journal of endocrinology,"Aerobic exercise and resistance exercise have been shown to improve sarcopenia. However, whether combining aerobic and resistance exercise could alleviate sarcopenia symptoms in patients with type 2 diabetes mellitus (T2DM) complicated with sarcopenia remains unclear. This 12-week randomized controlled trial enrolled older patients with T2DM and sarcopenia, diagnosed by grip strength, appendicular skeletal muscle mass index (ASMI), and the short physical performance battery. Participants were randomized to an exercise group (aerobic plus resistance training) or a control group receiving health education. Physical function was evaluated with the 6-min walk and timed up-and-go tests. Serum 25(OH)D3 was measured by liquid chromatography-tandem mass spectrometry, and irisin by enzyme-linked immunosorbent assay. Before the intervention, there were no differences in baseline characteristics between the non-intervention and intervention groups. However, grip strength and ASMI significantly increased in patients in the intervention group after receiving combined aerobic and resistance exercise. Moreover, functional physical fitness also improved in the intervention group after the intervention. In addition, the sarcopenia-associated factors, including irisin and 25(OH)D3, increased significantly in patients with T2DM complicated with sarcopenia following the intervention. Overall, combined aerobic and resistance exercise may help alleviate sarcopenia in patients with T2DM.",PubMed,https://pubmed.ncbi.nlm.nih.gov/41342363/,doi:10.1530/joe-25-0275,include_title_abs,Potential eligible RCT at title/abstract stage,D_sarcopenia_context,Sarcopenia RCT; context or sensitivity only
41350709,PMC12681163,10.1186/s12937-025-01244-z,"Effects of combined nutritional supplementation and exercise on proxy measures of muscle mass, strength, and function in older adults with sarcopenia: a 12-week multicentre RCT.",Sun J; He M; Chen M; Chen Y; Yuan W; Song F; Ren L; Shen H; Zhang J; Shen X,2025,Nutrition journal,"Although nutritional supplementation and exercise have shown independent efficacy in managing sarcopenia, data supporting their combined implementation in real-world clinical settings remain limited. This 12-week multicenter randomized controlled trial enrolled 110 older adults (≥ 65 years) with sarcopenia or possible sarcopenia. Participants were randomly allocated (1:1) to either the intervention group (n = 55) or control group (n = 55). In addition to their habitual diets, the intervention group received daily muscle-targeted oral nutritional supplementation (MT-ONS, 2 × 10 g sachets/day: containing 8.4 g protein, 0.5 g calcium β-hydroxy-β-methylbutyrate, 200 IU D3 per sachet) alongside a structured exercise programs featuring twice-weekly resistance training (20 min/session), alternate-day chair-based exercises (10 min/session), and home-based activity recommendations. Control group participants maintained their habitual dietary and physical activity patterns without intervention. All outcome measures were assessed at baseline and post-intervention. The intervention group showed modest increases in BIA-derived appendicular lean tissue (mean change + 0.60 kg, 95% CI 0.33 to 0.88), skeletal muscle index (+ 0.20 kg/m², 95% CI 0.11 to 0.29), and handgrip strength (+ 2.22 kg, 95% CI 1.35 to 3.09) compared with the control group. Improvements were also observed in walking speed, chair-stand performance, Short Physical Performance Battery scores, serum vitamin D, and EQ-5D measures of quality of life. A 12-week combined intervention of multi-ingredient nutritional supplementation and exercise led to modest improvements in proxy measures of muscle mass, strength, function, and quality of life in older adults. As muscle mass was not directly measured and the study did not employ a factorial design, the relative contributions of exercise and supplementation cannot be determined. These findings suggest that combined interventions may help attenuate, rather than reverse, sarcopenia-related decline. This clinical trial was registered on Chinese Clinical Trial Registry (ChiCTR2300077187) on 1 November 2023.",PubMed,https://pubmed.ncbi.nlm.nih.gov/41350709/,doi:10.1186/s12937-025-01244-z,include_title_abs,Potential eligible RCT at title/abstract stage,D_sarcopenia_context,Sarcopenia RCT; context or sensitivity only
33148945,,10.1097/MCO.0000000000000713,β-hydroxy-β-methylbutyrate supplementation in older persons - an update.,Bear DE; Cruz-Jentoft AJ; Stout JR,2021,Current opinion in clinical nutrition and metabolic care,"The interest in the use of beta-hydroxy-beta-methylbutyrate (HMB) as an intervention to prevent and treat sarcopenia has increased over recent years. The purpose of this review is to explore recent evidence pertaining to the mechanism of action of HMB and how this may influence changes in lean mass and strength in older persons who are both hospitalized and living in the community. No new studies have been published over the last 2 years investigating the effect of HMB in older persons who are hospitalized, aside from one posthoc analysis of a randomized controlled trial exploring the effect of a high protein oral nutrition supplement containing HMB on handgrip strength and nutritional status. Three studies recruiting community-dwelling older adults have been published, but results are influenced by suboptimal methodological quality. Recent data suggest the need for high-quality studies investigating the effectiveness of HMB to improve outcomes related to sarcopenia in both hospitalized and community-dwelling older persons.",PubMed,https://pubmed.ncbi.nlm.nih.gov/33148945/,doi:10.1097/mco.0000000000000713,include_title_abs,Potential eligible RCT at title/abstract stage,D_sarcopenia_context,Sarcopenia RCT; context or sensitivity only
38765795,PMC11102744,10.2147/CIA.S455736,Non-Pharmacological Strategies for Managing Sarcopenia in Chronic Diseases.,Hu J; Wang Y; Ji X; Zhang Y; Li K; Huang F,2024,Clinical interventions in aging,"This article focuses on a range of non-pharmacological strategies for managing sarcopenia in chronic diseases, including exercise, dietary supplements, traditional Chinese exercise, intestinal microecology, and rehabilitation therapies for individuals with limited limb movement. By analyzing multiple studies, the article aims to summarize the available evidence to manage sarcopenia in individuals with chronic diseases. The results strongly emphasize the role of resistance training in addressing chronic diseases and secondary sarcopenia. Maintaining the appropriate frequency and intensity of resistance training can help prevent muscle atrophy and effectively reduce inflammation. Although aerobic exercise has limited ability to improve skeletal muscle mass, it does have some positive effects on physical function. Building upon this, the article explores the potential benefits of combined training approaches, highlighting their helpfulness for overall quality of life. Additionally, the article also highlights the importance of dietary supplements in combating muscle atrophy in chronic diseases. It focuses on the importance of protein intake, supplements rich in essential amino acids and omega-3, as well as sufficient vitamin D to prevent muscle atrophy. Combining exercise with dietary supplements appears to be an effective strategy for preventing sarcopenia, although the optimal dosage and type of supplement remain unclear. Furthermore, the article explores the potential benefits of intestinal microecology in sarcopenia. Probiotics, prebiotics, and bacterial products are suggested as new treatment options for sarcopenia. Additionally, emerging therapies such as whole body vibration training, blood flow restriction, and electrical stimulation show promise in treating sarcopenia with limited limb movement. Overall, this article provides valuable insights into non-pharmacological strategies for managing sarcopenia in individuals with chronic diseases. It emphasizes the importance of a holistic and integrated approach that incorporates exercise, nutrition, and multidisciplinary interventions, which have the potential to promote health in the elderly population. Future research should prioritize high-quality randomized controlled trials and utilize wearable devices, smartphone applications, and other advanced surveillance methods to investigate the most effective intervention strategies for sarcopenia associated with different chronic diseases.",PubMed,https://pubmed.ncbi.nlm.nih.gov/38765795/,doi:10.2147/cia.s455736,include_title_abs,Potential eligible RCT at title/abstract stage,D_sarcopenia_context,Sarcopenia RCT; context or sensitivity only
39823681,PMC12180063,10.1016/j.jnha.2024.100477,Daily Supplementation with Protein-Enriched Lacto-Vegetarian Soups and Muscle Health in Community-Dwelling Older Adults: A Randomized Controlled Trial.,Kao SL; Wang JH; Lai HY; Hsiao FY; Chen LK; Loh CH,2025,"The journal of nutrition, health & aging","Dietary protein adequacy is crucial for muscle health in aging individuals, posing a particular challenge for vegetarian seniors. This randomized controlled trial (RCT) investigates the impacts of protein-enriched lacto-vegetarian soup supplementation on body composition, physical performance and muscle strength functional assessment as well as cardiometabolic and inflammatory biomarkers in older adults. We enrolled 100 participants ≥65 years at risk for malnutrition (MNA-SF ≤ 11) and at risk for sarcopenia (SARC-F ≥4 or SARC-CalF ≥11) in this RCT. Participants were randomized assigned to receive a daily protein-enriched lacto-vegetarian soup (24-30 g protein) or usual diet. Primary outcomes of interest including (1) body composition (anthropometric measurements and body composition measured by bioimpedance analysis (BIA)), (2) physical performance (Short Physical Performance Battery, SPPB) and muscle strength (hand grip strength), and (3) functional assessments (including sarcopenia risk scales and nutritional status) as well as secondary outcomes of interests including cardiometabolic and inflammatory biomarkers were assessed at baseline and the 12th week of follow-up. Data of 97 participants (intervention: n = 48, control: n = 49) were analyzed. Despite no significant changes in body composition were observed in the intervention group, compared to the usual diet, those who received protein-enriched lacto-vegetarian soup supplementation had an improved physical performance including an increase in SPPB score (β = 0.83 [95% CI 0.15-1.51], p = 0.02), a decrease in time to complete the 5 times chair rise test (β = -2.25 [-4.04 to -0.44], p = 0.01). Some functional assessments, including improved sarcopenia risk scale (e.g., SARC-F score [β = -0.68, p = 0.04]) and nutritional status (e.g., MNA-SF score [β = 0.44, p = 0.03]) were also observed. Daily supplementation with protein-enriched lacto-vegetarian soups enhanced physical performance and functional assessments (such as sarcopenia risk scale and nutritional status) among older adults at risk of malnutrition and sarcopenia. Further study is needed to explore the long-term benefits of protein-enriched lacto-vegetarian soup supplementation for healthy aging.",PubMed,https://pubmed.ncbi.nlm.nih.gov/39823681/,doi:10.1016/j.jnha.2024.100477,include_title_abs,Potential eligible RCT at title/abstract stage,D_sarcopenia_context,Sarcopenia RCT; context or sensitivity only
42098919,,10.1177/15491684261449707,Regular Daily Exercise Improves Sarcopenia in Elderly Patients.,Zheng J; Luo H; Zheng Z; Wang S; Mo T; Ma Y,2026,Rejuvenation research,"Sarcopenia attenuates independence and mobility in older adults, and scalable nonpharmacological interventions are needed. This trial evaluated whether a 12-week exercise program improves activities of daily living, muscle mass and strength, physical performance, and systemic inflammation in older adults with sarcopenia. In this 12-week randomized controlled trial, adults aged 60-75 years with sarcopenia were randomized 1:1 to a control group or an exercise group. The exercise group performed postprandial multicomponent training (37 min/session, 3 days/week), combining resistance and aerobic exercise. Outcomes were measured at baseline and at week 12. The primary endpoint was the Modified Barthel Index (MBI). Secondary endpoints were Appendicular Skeletal Muscle Mass Index (ASMI), handgrip strength, the 6-minute walk test (6MWT), the Timed Up and Go Test (TUGT), and serum interleukin-6 (IL-6) and tumor necrosis factor-α (TNF-α). Of 224 enrolled participants, 120 were randomized and 94 were analyzed (control, n = 49; exercise, n = 45). At week 12, the exercise group showed higher MBI (68.89 ± 9.60 vs. 62.02 ± 10.35; p = 0.001), ASMI (6.074 ± 0.904 vs. 5.295 ± 0.739 kg/m2; p < 0.001), and handgrip strength (22.78 ± 5.02 vs. 19.95 ± 4.25 kg; p = 0.009); better 6MWT (395.6 ± 55.6 vs. 363.7 ± 53.8 minutes; p = 0.005), shorter TUGT (6.76 ± 1.41 vs. 7.66 ± 1.55 seconds; p = 0.005), and lower IL-6 (45.21 ± 10.66 vs. 53.73 ± 10.99 pg/mL; p < 0.001) and TNF-α (38.09 ± 8.64 vs. 45.45 ± 8.07 pg/mL; p < 0.001) compared with the control group. These findings suggested that a 12-week regular exercise program improved functional independence, muscle health, mobility, and inflammatory status in older adults with sarcopenia.",PubMed,https://pubmed.ncbi.nlm.nih.gov/42098919/,doi:10.1177/15491684261449707,include_title_abs,Potential eligible RCT at title/abstract stage,D_sarcopenia_context,Sarcopenia RCT; context or sensitivity only
41124892,,10.1016/j.archger.2025.106055,"The effects of Oligo-Fucoidan on muscle function in community-dwelling older adults: A double-blind, randomized, placebo-controlled trial.",Chang YC; Liu HW; Hsieh TJ; Chang SJ,2026,Archives of gerontology and geriatrics,"Sarcopenia, characterized by age-related loss of muscle mass and function, presents a growing public health concern in aging populations. While resistance training remains the gold standard for management, alternative interventions are needed for individuals with limited exercise capacity. Fucoidan, a sulfated polysaccharide derived from brown seaweed, has demonstrated promising biological activities, including potential muscle-enhancing effects. This study investigated the effects of low-molecular-weight Oligo-Fucoidan supplementation on muscle strength, muscle mass, and physical performance in community-dwelling older adults. In this 12-week, randomized, double-blind, placebo-controlled trial, 60 participants aged ≥60 years were assigned to one of three groups: Oligo-Fucoidan, Oligo-Fucoidan with branched-chain amino acids (BCAA) and vitamin D, or placebo. Outcomes included handgrip strength, calf circumference, appendicular lean mass index (ALMI), five-times sit-to-stand (5STS), six-minute walk test (6MWT), and isokinetic knee extension (KE) strength. Oligo-Fucoidan supplementation significantly improved grip strength (p < 0.001; effect size r = 0.82), with 64.7 % of participants exceeding the minimal clinically important difference. Improvements in 6MWT distance (p < 0.001) were also observed, with 47.1 % of participants surpassing the minimal detectable change thresholds. No significant changes in muscle mass were noted, though the placebo group showed a reduction in calf circumference (p = 0.012). MANOVA of percent changes across six outcomes indicated significant overall group differences, driven primarily by greater improvements in grip strength in the Oligo-Fucoidan supplementation group compared with placebo. No adverse events were reported. Oligo-Fucoidan supplementation improved muscle strength and physical performance in older adults, suggesting its potential as a safe, non-pharmacological intervention for sarcopenia. Further research is warranted to evaluate long-term effects and optimize formulation.",PubMed,https://pubmed.ncbi.nlm.nih.gov/41124892/,doi:10.1016/j.archger.2025.106055,include_title_abs,Potential eligible RCT at title/abstract stage,D_sarcopenia_context,Sarcopenia RCT; context or sensitivity only
41632571,PMC12887399,10.1016/j.tjfa.2025.100129,"A multicomponent intervention consisting of exercise, proteins and omega-3 supplementation to improve sarcopenia in community-dwelling older adults: Lessons learned from a 5-armed randomized controlled feasibility trial.",Amini N; Dupont J; Lapauw L; Vercauteren L; Peeters L; Dedeyne L; Verschueren S; Tournoy J; Gielen E,2026,The Journal of frailty & aging,"Anabolic interventions, including physical exercise, proteins and omega-3 polyunsaturated fatty acids (PUFAs) supplementation, have shown effectiveness in improving sarcopenia outcomes. However, data on their combined effects in older adults with sarcopenia remain limited. To assess feasibility, acceptability, and preliminary effects of a multicomponent intervention combining individualized home-based exercise, proteins, and/or omega-3 supplementation. Parallel five-armed randomized assessor-blinded controlled feasibility trial with triple-blinded supplementation. Community-dwelling older adults (≥65 years) diagnosed with sarcopenia (EWGSOP2-criteria) from the Exercise and Nutrition for Healthy Ageing (ENHANce) study. The ENHANce study was registered on ClinicalTrials.gov (NCT03649698). Participants were randomized into 5 groups: 1) Exercise, 2) Proteins, 3) Exercise+Protein, 4) Exercise+Protein+Omega-3, and 5) Control group. Feasibility was assessed via eligibility, recruitment, retention, and data completion rates. Acceptability was evaluated through participants' feedback, adherence, and safety. Effects were measured by changes in sarcopenia outcomes after 12 weeks. Fifty-eight participants (76.2±6.6years,♀:65.5%) were included (Exercise,n=9;Protein,n=12; Exercise+Protein,n=13;Exercise+Protein+Omega-3;n=12;Control,n=12). Feasibility was low, with a recruitment rate of 2%. Acceptability was moderate, with most participants completing the planned assessments and reporting positive experiences such as feeling stronger and more aware of the importance of physical activity and nutrition. However, many found the study procedures demanding, and many experienced difficulties with the protein supplements. Adherence varied widely across interventions. Safety was high, with no significant adverse effects reported. The interventions showed potential to improve chair stand test (CST), Short Physical Performance Battery (SPPB), muscle mass and quadriceps strength. A multicomponent intervention to treat sarcopenia showed low feasibility, moderate acceptability, and high safety. Preliminary efficacy results showed that exercise with protein supplementation may improve physical function. Adding omega-3 PUFA might offer further benefits for muscle strength and mass, but should be confirmed in larger studies. The insights and the practical challenges in the ENHANce study inform future sarcopenia intervention designs.",PubMed,https://pubmed.ncbi.nlm.nih.gov/41632571/,doi:10.1016/j.tjfa.2025.100129,include_title_abs,Potential eligible RCT at title/abstract stage,D_sarcopenia_context,Sarcopenia RCT; context or sensitivity only
27838369,,10.1016/j.exger.2016.11.002,Effects of home-based tele-exercise on sarcopenia among community-dwelling elderly adults: Body composition and functional fitness.,Hong J; Kim J; Kim SW; Kong HJ,2017,Experimental gerontology,"This study aims to develop a form of tele-exercise that would enable real-time interactions between exercise instructors and community-dwelling elderly people and to investigate its effects on improvement of sarcopenia-related factors of body composition and functional fitness among the elderly. Randomized, controlled trial, with a 12-week intervention period. Community-dwelling senior citizens in Gangseo-gu, Seoul, South Korea. The participants were 23 elderly individuals (tele-exercise group: 11, control group: 12), aged 69 to 93years. The tele-exercise program was developed utilizing a 15-in. all-in-one PC and video conferencing software (Skype™), with broadband Internet connectivity. The tele-exercise group performed supervised resistance exercise at home for 20-40min a day three times per week for 12weeks. The remote instructor provided one-on-one instruction to each participant during the intervention. The control group maintained their lifestyles without any special intervention. The sarcopenia-related factors of body composition and functional fitness were examined prior to, as well as following, a 12-week intervention period. The data were analyzed with a two-way repeated measures ANOVA. There were significant improvements in lower limb muscle mass (p=0.017), appendicular lean soft tissue (p=0.032), total muscle mass (p=0.033), and chair sit-and-reach length (p=0.019) for the tele-exercise group compared to the control group. No group×time interaction effects were detected for the 2-min step, chair stand, and time effects (p<0.05). Video conferencing-based supervised resistance exercise had positive effects on sarcopenia-related factors such as total-body skeletal muscle mass, appendicular lean soft tissue, lower limb muscle mass, and the chair sit-and-reach scores among community-dwelling elderly adults. These results imply that tele-exercise can be a new and effective intervention method for increasing skeletal muscle mass and the physical functioning of the lower limbs from the perspective of sarcopenia improvement among the elderly.",PubMed,https://pubmed.ncbi.nlm.nih.gov/27838369/,doi:10.1016/j.exger.2016.11.002,include_title_abs,Potential eligible RCT at title/abstract stage,D_sarcopenia_context,Sarcopenia RCT; context or sensitivity only
33071273,,10.1507/endocrj.EJ20-0550,Effects of resistance training using elastic bands on muscle strength with or without a leucine supplement for 48 weeks in elderly patients with type 2 diabetes.,Yamamoto Y; Nagai Y; Kawanabe S; Hishida Y; Hiraki K; Sone M; Tanaka Y,2021,Endocrine journal,"Type 2 diabetes is associated with sarcopenia. Resistance training and appropriate nutritional therapy are reported to be effective for muscle strength and mass. This study aimed to evaluate the effect of resistance training using elastic bands at home combined with a leucine-rich amino acid supplement on muscle strength, physical function, and muscle mass in elderly type 2 diabetes. We conducted a 48-week prospective single-center randomized controlled trial in 60 patients who were randomly allocated to one of three groups: control (C), resistance exercise (R), and resistance exercise plus supplement (RL). R and RL groups performed daily bodyweight resistance training with elastic bands exercises at home, and the RL group also took 6 g of a leucine-rich amino acid supplement daily. Knee extension strength (muscle strength), grip strength, usual gait speed (physical function), muscle mass, and cognitive function were assessed at 0 and 48 weeks. Although the change in knee extension strength from baseline was significantly increased by 6.4 Nm (95% CI 1.0, 11.7) in the RL group (p = 0.036), no significant difference was observed among the three groups (p = 0.090). Physical function, muscle mass, and cognitive function also had no changes during the study period among the three groups. No additive effect of a leucine-rich amino acid supplement on muscle strength or mass was observed. Although a post hoc analysis comparing with or without resistance training (C group vs. R + RL group) found that knee extension strength was significantly increased (p = 0.028), and cognitive decline was less (p = 0.046) than in the C group.",PubMed,https://pubmed.ncbi.nlm.nih.gov/33071273/,doi:10.1507/endocrj.ej20-0550,include_title_abs,Potential eligible RCT at title/abstract stage,D_sarcopenia_context,Sarcopenia RCT; context or sensitivity only
34434950,PMC8381276,10.3389/fnut.2021.672971,"Personalized Protein Supplementation Improves Total Protein, Leucine, and Energy Intake in (Pre)Sarcopenic Community-Dwelling Older Adults in the ENHANce RCT.",Dedeyne L; Dupont J; Verschueren S; Koppo K; Tournoy J; Matthys C; Gielen E,2021,Frontiers in nutrition,"Recommendations concerning protein quantity, source, and leucine intake for older adults are difficult to reach by regular dietary intake. This randomized clinical trial assesses in sarcopenic community-dwelling older adults (i) the regular (non-supplemented) daily protein and leucine intake; and (ii) the effect of personalized protein supplementation (aiming for an evenly distributed total protein intake of 1.5 g·kg-1·d-1 of body mass, accounting for energy intake) on regular and total (dietary and supplemental) intake. A preliminary feasibility study in participants of the ongoing Exercise and Nutrition for Healthy AgeiNg (ENHANce) study was performed with the objective to assess the intake and distribution of regular dietary protein and leucine, protein source and energy intake in (pre)sarcopenic community-dwelling older adults. Moreover, this study aimed to assess if personalized protein supplementation was feasible without negatively affecting regular dietary intake. ENHANce (NCT03649698) is a 5-armed RCT that assesses the effect of anabolic interventions on physical performance in (pre)sarcopenic older adults. In August 2019, n = 51 participants were included in ENHANce with complete available data on dietary intake at screening and thus eligible for inclusion in present analysis. Of these, n = 35 participants completed the intervention period of ENHANce at the moment of analysis, allowing an exploration of the effect of supplementation on regular dietary intake. The regular dietary protein intake of 51 (pre)sarcopenic adults (73.6 ± 6.5 years) was 1.06 ± 0.3 g·kg-1·d-1 of body mass. Protein supplementation (n = 20) improved total protein intake to 1.55 ± 0.3 g·kg-1·d-1 of body mass (P < 0.001) without affecting regular dietary protein (P = 0.176) or energy intake (P = 0.167). Placebo supplementation (n = 15) did not affect regular dietary protein intake (P = 0.910) but decreased regular dietary energy intake (P = 0.047). Regular leucine intake was unevenly distributed over the day, but increased by supplementation at breakfast (P < 0.001) and dinner (P = 0.010) to at least 2.46 g leucine·meal-1, without reducing regular dietary leucine intake (P = 0.103). Animal-based protein intake-the main protein source-was not affected by supplementation (P = 0.358). Personalized protein supplementation ensured an adequate quantity and even distribution of protein and leucine over the day, without affecting regular dietary protein or energy intake.",PubMed,https://pubmed.ncbi.nlm.nih.gov/34434950/,doi:10.3389/fnut.2021.672971,include_title_abs,Potential eligible RCT at title/abstract stage,D_sarcopenia_context,Sarcopenia RCT; context or sensitivity only
29188900,PMC12879806,10.1007/s12603-016-0864-1,"Effects of Aerobic and Resistance Training Combined with Fortified Milk on Muscle Mass, Muscle Strength, and Physical Performance in Older Adults: A Randomized Controlled Trial.",Osuka Y; Fujita S; Kitano N; Kosaki K; Seol J; Sawano Y; Shi H; Fujii Y; Maeda S; Okura T,2017,"The journal of nutrition, health & aging","Fortified milk and resistance training (RT) increase muscle mass, muscle strength, and physical performance in older adults, but it remains unclear whether RT combined with aerobic training (AT) would have stronger effects on these outcomes. The purpose of this study was to examine the effects of aerobic and resistance training (ART) combined with fortified milk consumption on muscle mass, muscle strength, and physical performance in older adults. Open-labeled randomized controlled trial. University of Tsukuba. Fifty-six older adults aged 65-79. Participants were randomly allocated into resistance training (RT + fortified milk, n = 28) and aerobic and resistance training (ART + fortified milk, n = 28) groups. All participants attended supervised exercise programs twice a week at University of Tsukuba and ingested fortified milk every day for 12 weeks. Skeletal muscle index ([SMI]: appendicular lean mass/height2) was assessed using dual-energy X-ray absorptiometry as a muscle mass measure. One-repetition maximum strength was measured using four kinds of resistance training machines (chest press, leg extension, leg curl, and leg press) as muscle strength measures. Sit-to-stand and arm curl tests were also assessed as physical performance measures. The primary measurements were muscle mass and strength. The secondary outcomes were physical performance, blood samples, habitual diet, habitual physical activity, and medication use. Although the muscle strength and physical performance measures significantly improved in both groups, SMI significantly improved in only the RT group. There was no significant difference in the change in SMI and muscle strength measures between the two groups. However, the change in sit-to-stand and arm curl measures in the ART group were significantly higher than those in the RT group. These results suggest that AT before RT combined with fortified milk consumption has similar effects on skeletal muscle mass and strength compared with RT alone, but it may be a more useful strategy to improve physical performance in older adults. Although the mechanism of our intervention is uncertain, our program would be an effective prevention for sarcopenia in older adults.",PubMed,https://pubmed.ncbi.nlm.nih.gov/29188900/,doi:10.1007/s12603-016-0864-1,include_title_abs,Potential eligible RCT at title/abstract stage,D_sarcopenia_context,Sarcopenia RCT; context or sensitivity only
42068448,,10.1007/s10120-026-01747-6,Exercise-nutrition prehabilitation attenuates lean body mass loss before gastrectomy: a randomized controlled trial.,Yamamoto K; Shinno N; Omori T; Yanagimoto Y; Masuike Y; Ushimaru Y; Yamamoto K; Sugimura K; Shima M; Suzuki M,2026,Gastric cancer : official journal of the International Gastric Cancer Association and the Japanese Gastric Cancer Association,"Older patients undergoing gastrectomy frequently exhibit sarcopenia and reduced physiologic reserve, increasing vulnerability to perioperative muscle loss. However, randomized evidence supporting multimodal exercise-nutrition prehabilitation in gastric cancer surgery remains limited. This trial evaluated whether prehabilitation attenuates preoperative lean body mass (LBM) loss and explored subgroups with greater benefit. In this single-center, open-label randomized controlled trial, patients aged ≥ 65 years with resectable gastric adenocarcinoma scheduled for curative gastrectomy were randomized 1:1 to standard care or multimodal prehabilitation. The intervention included daily walking, resistance training, and β-hydroxy-β-methylbutyrate supplementation. The primary endpoint was change in LBM from baseline to preoperative assessment. Secondary endpoints included physical function and postoperative outcomes. Prespecified subgroup and exploratory adherence analyses were conducted. Of 110 randomized patients, 101 were analyzed (control, n = 52; prehabilitation, n = 49). Mean (SD) change in LBM was - 0.3 (1.2) kg in controls and 0.1 (1.0) kg with prehabilitation, yielding a mean difference of 0.4 kg (95% CI, 0.02-0.86; P = 0.043). Physical function and postoperative outcomes did not differ between groups. Greater LBM preservation was observed in women and in patients with lower baseline C-reactive protein or skeletal muscle index. Higher resistance training adherence was associated with greater LBM gain. Multimodal exercise-nutrition prehabilitation modestly preserved preoperative LBM in elderly gastrectomy patients but did not improve functional or postoperative outcomes. Risk-enriched trials are needed to determine whether targeted prehabilitation improves clinically meaningful endpoints.",PubMed,https://pubmed.ncbi.nlm.nih.gov/42068448/,doi:10.1007/s10120-026-01747-6,include_title_abs,Potential eligible RCT at title/abstract stage,D_sarcopenia_context,Sarcopenia RCT; context or sensitivity only
25646324,,10.3945/ajcn.114.090290,"A high whey protein-, leucine-, and vitamin D-enriched supplement preserves muscle mass during intentional weight loss in obese older adults: a double-blind randomized controlled trial.",Verreijen AM; Verlaan S; Engberink MF; Swinkels S; de Vogel-van den Bosch J; Weijs PJ,2015,The American journal of clinical nutrition,"Intentional weight loss in obese older adults is a risk factor for muscle loss and sarcopenia. The objective was to examine the effect of a high whey protein-, leucine-, and vitamin D-enriched supplement on muscle mass preservation during intentional weight loss in obese older adults. We included 80 obese older adults in a double-blind randomized controlled trial. During a 13-wk weight loss program, all subjects followed a hypocaloric diet (-600 kcal/d) and performed resistance training 3×/wk. Subjects were randomly allocated to a high whey protein-, leucine-, and vitamin D-enriched supplement including a mix of other macro- and micronutrients (150 kcal, 21 g protein; 10×/wk, intervention group) or an isocaloric control. The primary outcome was change in appendicular muscle mass. The secondary outcomes were body composition, handgrip strength, and physical performance. Data were analyzed by using ANCOVA and mixed linear models with sex and baseline value as covariates. At baseline, mean ± SD age was 63 ± 5.6 y, and body mass index (in kg/m(2)) was 33 ± 4.4. During the trial, protein intake was 1.11 ± 0.28 g · kg body weight(-1) · d(-1) in the intervention group compared with 0.85 ± 0.24 g · kg body weight(-1) · d(-1) in the control group (P < 0.001). Both intervention and control groups decreased in body weight (-3.4 ± 3.6 kg and -2.8 ± 2.8 kg; both P < 0.001) and fat mass (-3.2 ± 3.1 kg and -2.5 ± 2.4 kg; both P < 0.001), with no differences between groups. The 13-wk change in appendicular muscle mass, however, was different in the intervention and control groups [+0.4 ± 1.2 kg and -0.5 ± 2.1 kg, respectively; β = 0.95 kg (95% CI: 0.09, 1.81); P = 0.03]. Muscle strength and function improved over time without significant differences between groups. A high whey protein-, leucine-, and vitamin D-enriched supplement compared with isocaloric control preserves appendicular muscle mass in obese older adults during a hypocaloric diet and resistance exercise program and might therefore reduce the risk of sarcopenia. This trial was registered at the Dutch Trial Register (http://www.trialregister.nl) as NTR2751.",PubMed,https://pubmed.ncbi.nlm.nih.gov/25646324/,doi:10.3945/ajcn.114.090290,include_title_abs,Potential eligible RCT at title/abstract stage,D_sarcopenia_context,Sarcopenia RCT; context or sensitivity only
26529601,PMC4631374,10.1371/journal.pone.0141757,Effect of Oral Beta-Hydroxy-Beta-Methylbutyrate (HMB) Supplementation on Physical Performance in Healthy Old Women Over 65 Years: An Open Label Randomized Controlled Trial.,Berton L; Bano G; Carraro S; Veronese N; Pizzato S; Bolzetta F; De Rui M; Valmorbida E; De Ronch I; Perissinotto E,2015,PloS one,"Although older people are particularly liable to sarcopenia, limited research is available on beta-hydroxy-beta-methylbutyrate (HMB) supplementation in this population, particularly in healthy subjects. In this parallel-group, randomized, controlled, open-label trial, we aimed to evaluate whether an oral supplement containing 1.5 g of calcium HMB for 8 weeks could improve physical performance and muscle strength parameters in a group of community-dwelling healthy older women. Eighty healthy women attending a twice-weekly mild fitness program were divided into two equal groups of 40, and 32 of the treated women and 33 control completed the study. We considered a change in the Short Physical Performance Battery (SPPB) score as the primary outcome and changes in the peak torque (PT) isometric and isokinetic strength of the lower limbs, 6-minute walking test (6MWT), handgrip strength and endurance as secondary outcomes. Body composition was assessed with dual-energy X-ray absorptiometry (DXA) and peripheral quantitative computerized tomography (pQCT). The mean difference between the two groups on pre-post change were finally calculated (delta) for each outcome. After 8 weeks, there were no significant differences between the groups’ SPPB, handgrip strength or DXA parameters. The group treated with HMB scored significantly better than the control group for PT isokinetic flexion (delta = 1.56±1.56 Nm; p = 0.03) and extension (delta = 3.32±2.61 Nm; p = 0.03), PT isometric strength (delta = 9.74±3.90 Nm; p = 0.02), 6MWT (delta = 7.67±8.29 m; p = 0.04), handgrip endurance (delta = 21.41±16.28 s; p = 0.02), and muscle density assessed with pQCT. No serious adverse effects were reported in either group. In conclusion, a nutritional supplement containing 1.5 g of calcium HMB for 8 weeks in healthy elderly women had no significant effects on SPPB, but did significantly improve several muscle strength and physical performance parameters. ClinicalTrials.gov NCT02118181.",PubMed,https://pubmed.ncbi.nlm.nih.gov/26529601/,doi:10.1371/journal.pone.0141757,include_title_abs,Potential eligible RCT at title/abstract stage,D_sarcopenia_context,Sarcopenia RCT; context or sensitivity only
41241825,,10.1002/ncp.70064,Effects of comprehensive care combined with nutrition and exercise interventions on nutrition parameters and balance ability in older adult patients with sarcopenia: A randomized controlled trial.,Zhang L; Qin J; Wan C; Li Q; Li L; Chen S; Wan T; Yu K; Hu W,2026,Nutrition in clinical practice : official publication of the American Society for Parenteral and Enteral Nutrition,"We aim to explore the impacts of comprehensive nursing care combined with nutrition and exercise interventions on nutrition parameters and balance ability in older adult patients with sarcopenia. This was a randomized controlled trial with 100 older adult patients with sarcopenia split into control (underwent routine nursing) and intervention (received comprehensive nursing plus nutrition and exercise interventions) groups (n = 50 each). Preintervention and postintervention bone metabolism markers, physical function, grip strength, appendicular skeletal muscle mass index, balance and gait ability, nutrition status, and quality of life were assessed. Patient satisfaction with nursing care was compared between groups. Primary indicators: postintervention, both groups improved in gait/balance and nutrition, with the intervention group excelling. Significant group × time interactions were found (gait/balance: F = 39.640-303.484, P < 0.001, ηP2 = 0.288-0.756; nutrition: F = 14.855-107.323, P < 0.001, ηP2 = 0.132-0.523). Secondary indicators: both groups improved in bone metabolism (25-hydroxyvitamin D3 and alkaline phosphatase), physical function, and quality of life, with the intervention group showing superior results. Significant group × time interactions were also observed (bone metabolism: F = 72.721-18.673, P < 0.001, ηP2 = 0.426-0.160; physical function: F = 866.322-168.097, P < 0.001, ηP2 = 0.898-0.632; quality of life: F = 907.259-570.078, P < 0.001, ηP2 = 0.903-0.853). The intervention group had higher patient satisfaction with nursing (χ2 = 14.581, P < 0.05). Comprehensive nursing care combined with nutrition and exercise interventions effectively improves nutrition parameters and balance ability in older adult patients with sarcopenia.",PubMed,https://pubmed.ncbi.nlm.nih.gov/41241825/,doi:10.1002/ncp.70064,include_title_abs,Potential eligible RCT at title/abstract stage,D_sarcopenia_context,Sarcopenia RCT; context or sensitivity only
41627702,PMC12872658,10.1007/s40520-025-03307-x,Preliminary clinical study on the synergistic effects of prebiotics and β-hydroxy-β-methylbutyrate in improving muscle function and intestinal barrier function in elderly patients with sarcopenia.,Zhuo J; Han T; Yang N; Qu Z; Li Z; Hong F,2026,Aging clinical and experimental research,"To investigate the effects of prebiotics combined with β-hydroxy-β-methylbutyrate (HMB) on muscle function, intestinal barrier integrity, and inflammation in elderly patients with sarcopenia. A randomized controlled trial was conducted on 78 elderly sarcopenic patients recruited from Tongji University Affiliated Tenth People's Hospital and Baoshan District Geriatric Care Hospital (Jan 2023 - Jan 2025). Participants were randomly assigned Group A (n = 32, standard diet + HMB-supplement), Group B (n = 31, standard diet + HMB + fructooligosaccharides), or Group C (n = 15, standard diet alone) for 30 days. Outcomes included muscle function (skeletal muscle mass index, grip strength, calf circumference), intestinal barrier markers (serum diamine oxidase, D-lactic acid, endotoxin), and inflammatory and nutritional markers (CRP, neutrophil/lymphocyte ratio, systemic immune inflammation index, albumin, prealbumin). Baseline indicators did not differ among groups (P > 0.05). After intervention, skeletal muscle mass index and grip strength improved significantly in Groups A and B (P < 0.05), with higher grip strengths to Group B than C (adj. P = 0.017). Calf circumference decreased in all groups (P < 0.05), most in Group C (t = 4.461, P = 0.001). Group B exhibited lower diamine oxidase, D-lactic acid, and endotoxin levels than Groups A and C (P < 0.05) and the greatest reductions in CRP, NLR, and SII (P < 0.001). Albumin or prealbumin showed no significant changes (P > 0.05). HMB improves muscle function in sarcopenic elderly, prebiotics combined with HMB further enhance intestinal barrier repair and reduce inflammation, offering a promising gut-muscle-targeted nutritional strategy.",PubMed,https://pubmed.ncbi.nlm.nih.gov/41627702/,doi:10.1007/s40520-025-03307-x,include_title_abs,Potential eligible RCT at title/abstract stage,D_sarcopenia_context,Sarcopenia RCT; context or sensitivity only
30273819,,10.1016/j.nut.2018.05.028,"Effects of a leucine-enriched amino acid supplement on muscle mass, muscle strength, and physical function in post-stroke patients with sarcopenia: A randomized controlled trial.",Yoshimura Y; Bise T; Shimazu S; Tanoue M; Tomioka Y; Araki M; Nishino T; Kuzuhara A; Takatsuki F,2019,"Nutrition (Burbank, Los Angeles County, Calif.)","The aim of this study was to investigate the effects of a leucine-enriched amino acid supplement on muscle mass, muscle strength, and physical function in post-stroke patients with sarcopenia. We conducted an eight-wk, two-parallel group intervention, randomized controlled, blinded outcome assessment among 44 post-stroke older patients with sarcopenia. Sarcopenia was defined as a loss of skeletal muscle mass and decreased muscle strength according to the Asian Working Group for Sarcopenia criteria. The intervention group (n = 21) received a leucine-enriched amino acid supplement; the control group (n = 23) did not. Both groups performed low-intensity resistance training in addition to a post-stroke rehabilitation program. A primary outcome of physical function by using the motor domain of Functional Independence Measure (FIM), and secondary outcomes of appendicular muscle mass (skeletal muscle mass index [SMI]) measured via bioelectrical impedance analysis and muscle strength as handgrip strength were measured at baseline and at the end of the intervention. The FIM score increased significantly in both groups over time (P < 0.01), with significantly greater improvement in the intervention group than in the control group (P < 0.045). Handgrip strength also increased significantly over time (P <0.05), with significantly greater improvement in the intervention group (P < 0.01). The SMI increased significantly in the intervention group but not in the control group over time, with significantly greater improvement in the intervention group (median estimated difference, 0.50 kg/m2; 95% confidence interval, 0.01-2.11). We demonstrated that an eight-wk intervention consisting of a leucine-enriched amino acid supplementation and low-intensity resistance training increased muscle mass, strength, and physical function in post-stroke patients with sarcopenia.",PubMed,https://pubmed.ncbi.nlm.nih.gov/30273819/,doi:10.1016/j.nut.2018.05.028,include_title_abs,Potential eligible RCT at title/abstract stage,D_sarcopenia_context,Sarcopenia RCT; context or sensitivity only
41021476,,10.1093/gerona/glaf211,Long-term effects of progressive high-speed resistance exercise in older women with low muscle strength: a randomized clinical trial.,Polo-Ferrero L; Cruz-Jentoft AJ; Martín-Vallejo J; Puente-González AS; Sánchez-Sánchez MC; Barbero-Iglesias FJ; Méndez-Sánchez R,2025,"The journals of gerontology. Series A, Biological sciences and medical sciences","Low muscle strength and sarcopenia are strong predictors of disability. Although multicomponent training (MT) is commonly recommended, its long-term effects remain unclear, and evidence on high-speed resistance training (H-RT) in older women is limited. This double-blind randomized trial evaluated the effects of a 32-week intervention, with RT (weeks 1-11) progressing to H-RT (weeks 12-32) vs MT, on muscle strength, body composition, and functional performance. A total of 120 women aged ≥65 years (mean age: 77.0 ± 6.8 years) with low muscle strength (diagnosed with probable sarcopenia according to EWGSOP2) were randomized into H-RT, MT, or a nonexercise control group (CG). Both exercise modalities improved lower-limb physical performance, as assessed by the Five Times Sit-to-Stand Test, compared to women who did not exercise (p < .001), with no significant differences between H-RT and MT (p = .127) (H-RT: -3.2 ± 2.5 s; MT: -2.6 ± 2.5 s vs CG: -0.8 ± 2.1 s). Functional and body composition improvements were seen in both groups. H-RT led to greater improvements in the Timed Up & Go Test (-0.9 ± 1.9 s; p = .007) and waist circumference (-4.5 ± 5.1 cm; p = .010), while MT showed better results in aerobic capacity (Two-minute step test: +19.9 ± 17.2 steps; p = .044). H-RT is an effective alternative to MT for improving strength, performance, and body composition in older women, with specific benefits. Further studies should confirm its role in preserving intrinsic capacity and preventing sarcopenic obesity.",PubMed,https://pubmed.ncbi.nlm.nih.gov/41021476/,doi:10.1093/gerona/glaf211,include_title_abs,Potential eligible RCT at title/abstract stage,D_sarcopenia_context,Sarcopenia RCT; context or sensitivity only
36364764,PMC9655197,10.3390/nu14214501,Effect of Intake of Leucine-Rich Protein Supplement in Parallel with Resistance Exercise on the Body Composition and Function of Healthy Adults.,Oh GS; Lee JH; Byun K; Kim DI; Park KD,2022,Nutrients,"Although sarcopenia has been dealt with in several studies, the standardized guidelines for preventing sarcopenia resulting from increased life expectancy are still insufficient. Therefore, this study evaluated the effects of daily resistance exercise and the intake of leucine-rich protein supplements daily for 12 weeks on the body composition and physical function of healthy adults aged >50 years living in Korea. The study analyzed 50 healthy people without medical conditions, who were randomly assigned to two groups (taking either protein powder or placebo powder) twice a day for 12 weeks. All participants performed resistance exercises regularly that could be repeated 8−12 times using a TheraBand for 12 weeks. A total of 41 participants completed the study. When measured via bioimpedance analysis (BIA), body fat mass (kg) and body fat (%) significantly decreased, and lean body mass (LBM) (kg) and skeletal muscle mass (SMM) (kg) significantly increased, in both groups. However, when measured via dual-energy X-ray absorptiometry (DXA), LBM was significantly increased only in the protein powder group. The LBM and SMM change measured via BIA was significantly greater in the protein powder group than in the placebo powder group (LBM: 0.95 ± 0.91 kg in the protein powder group vs. 0.38 ± 1.06 kg in the placebo powder group, p = 0.043; SMM: 0.69 ± 0.58 kg in the protein powder group vs. 0.29 ± 0.65 kg in the placebo powder group, p = 0.039, respectively). In the senior fitness test (SFT), significant functional improvement was found within the two groups, but no significant difference was found between the groups in the degree of improvement. In conclusion, in older people aged >50, to prevent sarcopenia, is more effective to combine resistance exercise and leucine-rich protein supplementation than to simply perform resistance exercise.",PubMed,https://pubmed.ncbi.nlm.nih.gov/36364764/,doi:10.3390/nu14214501,include_title_abs,Potential eligible RCT at title/abstract stage,D_sarcopenia_context,Sarcopenia RCT; context or sensitivity only
41858037,PMC13012712,10.12659/MSM.952000,Effect of Baduanjin Exercise and Resistance Band Training on Sarcopenia in the Elderly: A Randomized Controlled Trial.,Jiawei C; Zeyun L; Qianwen Y; Le X; Jie L; Kun P; Linan Z,2026,Medical science monitor : international medical journal of experimental and clinical research,"BACKGROUND Sarcopenia, the age-related loss of muscle mass and function, is a major geriatric concern. This study evaluated the impact of Baduanjin, resistance band, and mixed exercise on muscle mass and physical function in elderly sarcopenic patients. MATERIAL AND METHODS Eighty sarcopenic individuals were randomly assigned to Baduanjin, resistance band, mixed exercise, or control groups (n=20 each). Interventions were conducted 3×/week for 30 minutes over 12 weeks. Appendicular skeletal muscle mass (ASM), ASM index (ASMI), handgrip strength (HGS), gait speed (GS), Short Physical Performance Battery (SPPB) scores, and timed up-and-go test (TUGT) were measured before and after the intervention. RESULTS Before the intervention, the groups were comparable. Post-intervention within-group comparisons indicated significant improvements in ASM and ASMI in the resistance band and mixed exercise groups (P<0.05). Between-group comparisons of change scores revealed greater increases in ASM and ASMI in the resistance band group compared to the control group (P<0.05). Furthermore, post-intervention within-group comparisons shows that improvements (P<0.05) were noted in HGS, GS, TUGT, and SPPB across all exercise groups. Between-group comparisons of change scores revealed that the resistance band and mixed exercise groups demonstrated greater enhancements in HGS, GS, and TUGT compared to the control group (p<0.05). Additionally, changed balance scores in SPPB and SPPB were significantly higher in the resistance band group than in the control group (P<0.05). CONCLUSIONS Resistance band and mixed exercise improved muscle mass and overall physical function. Baduanjin specifically enhanced balance. These findings support tailored exercise prescriptions for sarcopenia management.",PubMed,https://pubmed.ncbi.nlm.nih.gov/41858037/,doi:10.12659/msm.952000,include_title_abs,Potential eligible RCT at title/abstract stage,D_sarcopenia_context,Sarcopenia RCT; context or sensitivity only
41026715,PMC12483237,10.1371/journal.pone.0333171,Effect of short-term exercise with different programs on prevention of sarcopenia in postmenopausal women: A Quasi-Randomized Controlled Trial.,Pan N; Krasowska K; Zbigniew O,2025,PloS one,"Physical exercise is an effective measure to prevent sarcopenia. However, the effects of Nordic walking based on high-intensity interval training (HIIT NW) and conventional strength training (ST) on the parameters related to sarcopenia in postmenopausal women remain unclear. Therefore, this study aims to evaluate the effects of 12-week HIIT NW and ST on body composition and physical function performance in postmenopausal women. The participants were 71 women aged between 60 and 79 years old without sarcopenia. Participants were randomly assigned to the HIIT NW group (12-week Nordic walking training, 3 × /week), the ST group (12-week strength training, 3 × /week), and the control group. The body composition was determined by using Otupole InBody 720. Test the hand grip strength with a digital hand force gauge. The strength of the extensor and flexor muscles of the knee joint was measured using Biodex System 4 Pro™. This study also employed common methods for measuring functional performance and conducted two measurements of blood creatinine and creatine kinase. Compared with the control group, significant improvements were observed in parameters such as Time Up and Go (TUG) and knee joint flexor strength (KFS) in both the HIIT NW group and the ST group. In the ST group alone, significant enhancements were noted in parameters including walking speed (GS) and hand strength on the left side (HS-L). Following the intervention, the HIIT NW group exhibited a marked increase in limb lean mass, which led to a significant rise in the skeletal muscle index (SMI) (p < 0.001). However, the body fat mass (BFM) and body mass index (BMI) decreased significantly in the ST group (p < 0.001 and p = 0.005, respectively). No significant changes were observed in the control group. Both HIIT NW and ST interventions can effectively prevent sarcopenia in postmenopausal women. The former focuses on improving lower limb strength, while the latter focuses on improving upper limb strength. In the short term, the HIIT NW intervention model is more beneficial for postmenopausal women with normal weight, while the conventional ST intervention model is more conducive to the overweight population.",PubMed,https://pubmed.ncbi.nlm.nih.gov/41026715/,doi:10.1371/journal.pone.0333171,include_title_abs,Potential eligible RCT at title/abstract stage,D_sarcopenia_context,Sarcopenia RCT; context or sensitivity only
39565152,PMC11970227,10.1111/jgs.19266,"Effect of vitamin D, omega-3 supplementation, or a home exercise program on muscle mass and sarcopenia: DO-HEALTH trial.",Eggimann AK; de Godoi Rezende Costa Molino C; Freystaetter G; Vellas B; Kanis JA; Rizzoli R; Kressig RW; Armbrecht G; Da Silva JAP; Dawson-Hughes B,2025,Journal of the American Geriatrics Society,"We aimed to investigate the effect of daily supplemental vitamin D, omega-3s, and a thrice-weekly home exercise program, alone or in combination, on change of appendicular lean muscle mass index (ALMI) and incident sarcopenia in older adults. This is a secondary endpoint analysis of a 3-year randomized, double-blind, placebo-controlled trial with a 2 × 2 × 2 factorial design among 2157 community-dwelling, healthy adults aged 70 + years, from 2012 to 2018 (DO-HEALTH). Participants were randomized to 2000 IU/d vitamin D and/or 1 g/d marine omega-3s and/or exercise. Change in ALMI over 3 years was calculated in all participants who underwent dual energy X-ray absorptiometry (DXA) (n = 1495) using mixed effect models. Incident sarcopenia was analyzed based on the Sarcopenia Definitions and Outcomes Consortium in all non-sarcopenic participants (n = 1940). Among 1495 participants (mean age 74.9 (sd 4.4); 63.3% were women; 80.5% were at least moderately physically active at baseline) mean gait speed at baseline was 1.2 m/s (sd 0.3), mean ALMI at baseline was 6.65 (SD 0.95) in women, and 8.01 (SD 0.88) kg/m2 in men. At year 3, average change of ALMI was -0.09 (sd 0.34) kg/m2 (-1.35%) in women and - 0.17 (sd 0.33) kg/m2 (-2.0%) in men. None of the treatments individually or in combination had a benefit on ALMI change compared to control over 3 years, with omega-3s showing a small protective effect on ALMI at year 1 only (-0.021 vs. no-omega-3s -0.066 kg/m2, p = 0.001). Of 1940 non-sarcopenic participants at baseline, 88 (4.5%) developed incident sarcopenia over 3 years. None of the treatments individually or in combination reduced the odds of incident sarcopenia compared with placebo. Among healthy, physically active older adults, ALMI and incidence of sarcopenia were not improved by treatment of daily 2000 IU vitamin D, daily 1 g omega-3s, or a simple home exercise program compared with control over 3 years.",PubMed,https://pubmed.ncbi.nlm.nih.gov/39565152/,doi:10.1111/jgs.19266,include_title_abs,Potential eligible RCT at title/abstract stage,D_sarcopenia_context,Sarcopenia RCT; context or sensitivity only
37147574,PMC10161444,10.1186/s12877-023-04007-9,Are dietary intake and nutritional status of specific polyunsaturated fatty acids correlated with sarcopenia outcomes in community-dwelling older adults with sarcopenia? - Exploratory results from ENHANce.,Dupont J; Wauters E; Dedeyne L; Vercauteren L; Amini N; Lapauw L; Matthys C; Verschueren S; Tournoy J; Koppo K,2023,BMC geriatrics,"To explore the relationship between dietary polyunsaturated fatty acids (PUFAs) intake, nutritional PUFAs status and sarcopenia outcomes in sarcopenic older adults. The Exercise and Nutrition for Healthy AgeiNg (ENHANce) is an ongoing 5-armed triple blinded randomized controlled trial, in sarcopenic older adults (> 65y) aiming to assess the effect of combined anabolic interventions (protein, omega-3 supplement and exercise) on physical performance in these adults, compared to single/placebo interventions. Baseline data were used for a secondary, exploratory, cross-sectional analysis. Dietary PUFAs intake was assessed with 4-day food records, status with RBC membrane fatty acids profiles. Spearman's rho(ρ) correlation coefficients were calculated to explore associations of PUFAs intake and status with sarcopenia-defining parameters (muscle strength, mass and physical performance), physical activity (step count) and quality of life (SF-36, SarQoL). In total, 29 subjects (9♂/20♀, mean age 76.3 ± 5.4y) were included. Total omega-3 intake of participants (1.99 ± 0.99 g/d) was below the recommended intake (♂:2.8-5.6 g/d; ♀:2.2-4.4 g/d). Intake and status of PUFAs were not correlated. Regarding correlations with outcomes, α-linolenic acid status was inversely associated with appendicular lean mass (aLM) (ρ:-0.439; p = 0.017), whereas docosahexaenoic acid status was positively associated with aLM (ρ:0.388; p = 0.038). Some omega-3 PUFAs intake and status markers were positively associated with step count, SF-36 and SarQoL scores, whereas gamma-linolenic acid status was inversely associated with SF-36 physical component summary score (ρ = -0.426; p = 0.024). Although intake of omega-3 and omega-6 was low, the present exploratory study generated new hypotheses for potential correlations of PUFAs intake and status with sarcopenia outcomes in older adults with sarcopenia.",PubMed,https://pubmed.ncbi.nlm.nih.gov/37147574/,doi:10.1186/s12877-023-04007-9,include_title_abs,Potential eligible RCT at title/abstract stage,D_sarcopenia_context,Sarcopenia RCT; context or sensitivity only
41483327,PMC12764641,10.1007/s00394-025-03845-0,Efficacy of leucine-rich high protein supplementation on body composition and muscle function among older adults with sarcopenia: a randomized controlled trial.,Chung SX; Shahar S; Ajit Singh DK; Malek Rivan NF; Abdul Karim N; Nik Fuad NF; Ong YQ; Arifin A; Abd Rahni AA,2026,European journal of nutrition,"To evaluate the effect of leucine-rich high protein supplementation on body composition, muscle function and gene expression among older adults with or at risk of sarcopenia residing in Klang Valley, Malaysia. A total of 47 participants were recruited into this 12-week double-blinded, randomized controlled trial. Intervention group consumed 2 sachets of high protein supplement daily contributing to 50.6 g of protein/day and 6 g of leucine/day. Control group received placebo supplement. Body composition was assessed via anthropometry measurements, bioelectrical impedance analysis (BIA), and magnetic resonance imaging (MRI) of left mid-thigh. Meanwhile, muscle function was assessed using short physical performance battery (SPPB). A total of 16 ml of full blood was collected pre- and post- study to assess participants' health profiling and changes in gene expression as determined by mitochondrial RNA activity derived from the peripheral blood mononuclear cells. The measurements were performed at 0, 6, and 12 weeks. Participants were mostly women (89.4%) with a mean age of 69.3 ± 7.1 years. Repeated measures ANOVA showed no significant intervention effect in body composition (anthropometry measurements and BIA) as well as muscle function (SPPB score). However, genes responsible for adenosine triphosphate (ATP) production (GBA, MLYCD), cell proliferation (STAT5A) and DNA repair (BRCC3) were significantly up-regulated in intervention group (p < 0.05). Leucine-rich high protein supplementation did not produce significant changes in body composition or muscle function in older adults with sarcopenia. However, it showed potential in improving gene expression. Further studies with a longer supplementation period and a larger sample size might be needed for noticeable changes, particularly for body composition.",PubMed,https://pubmed.ncbi.nlm.nih.gov/41483327/,doi:10.1007/s00394-025-03845-0,include_title_abs,Potential eligible RCT at title/abstract stage,D_sarcopenia_context,Sarcopenia RCT; context or sensitivity only
37457975,PMC10349202,10.3389/fnut.2023.1164469,Eicosapentaenoic acid and branched-chain amino acids fortified complete nutrition drink improved muscle strength in older individuals with inadequate protein intake.,Khoonin W; Shantavasinkul PC; Santivarangkna C; Praengam K; Trachootham D,2023,Frontiers in nutrition,"Elevated inflammation and negative nutritional balance contribute to sarcopenia, a progressive loss of muscle mass, strength, and function. This study investigated the effect of energy supplementation and the combination of anti-inflammatory factor (eicosapentaenoic acid; EPA) and muscle-synthesis promotor (branched-chain amino acids; BCAA) on body composition, muscle, and inflammatory biomarkers in elderly with inadequate protein intake. A randomized blinded placebo-controlled trial was conducted on 84 elderly with inadequate protein intake. The participants were randomly assigned into four groups receiving a complete nutrition drink; (1) control formula, (2) fortified with 2.2 g EPA, (3) with 2.2 g EPA and 5 g BCAA (2:1:1 of Leu: Ile: Val), and (4) with 2.2 g EPA plus 5g BCAA (4:1:1 of Leu: Ile: Val). Each subject consumed two sachets of the drink to gain 500 kcal/day and performed arm muscle exercises for 3 weeks. Body compositions and handgrip strength were measured using BIA and a dynamometer, respectively. Plasma EPA and BCAA levels were determined using LC-MS/MS to ensure compliance. Muscle protein biomarkers including histidine, β-alanine, and carnosine were measured using LC-MS/MS. Serum inflammatory (IL-6) and anti-inflammatory cytokines (IL-10) were measured by using ELISA. No symptoms and signs of adverse events were observed. The right arm muscle mass and handgrip strength were significantly increased after consuming a complete nutrition drink fortified with EPA + BCAA 2:1:1 and 4:1:1 of Leu: Ile: Val (p < 0.05 and p < 0.01, respectively. Consistently, consuming such combinatory formula non-significantly elevated carnosine with reduced histidine, and increased IL-10 with decreased IL-6. All relevant intervention groups showed a significant increase in plasma levels of BCAA and EPA. Consuming a complete nutrition drink fortified with 2.2g EPA and 5g BCAA 2:1:1 or 4:1:1 of Leu: Ile: Val for 3 weeks may increase right arm muscle mass and strength in elderly with inadequate protein intake. The tendency of increased dipeptide (carnosine)/decreased free amino acid (histidine) suggests a shift toward muscle protein synthesis. The trend of decreased inflammatory/increased anti-inflammatory cytokines suggests an anti-inflammatory effect. Future long-term studies are warranted to confirm the combinatory effect of BCAA and EPA in the prevention of sarcopenia. Thailand Clinical Trial Registry No. TCTR20230116005.",PubMed,https://pubmed.ncbi.nlm.nih.gov/37457975/,doi:10.3389/fnut.2023.1164469,include_title_abs,Potential eligible RCT at title/abstract stage,D_sarcopenia_context,Sarcopenia RCT; context or sensitivity only
38977995,PMC11232209,10.1186/s12877-024-05188-7,Proposal and validation of a new approach in tele-rehabilitation with 3D human posture estimation: a randomized controlled trial in older individuals with sarcopenia.,He S; Meng D; Wei M; Guo H; Yang G; Wang Z,2024,BMC geriatrics,"Through a randomized controlled trial on older adults with sarcopenia, this study compared the training effects of an AI-based remote training group using deep learning-based 3D human pose estimation technology with those of a face-to-face traditional training group and a general remote training group. Seventy five older adults with sarcopenia aged 60-75 from community organizations in Changchun city were randomly divided into a face-to-face traditional training group (TRHG), a general remote training group (GTHG), and an AI-based remote training group (AITHG). All groups underwent a 3-month program consisting of 24-form Taichi exercises, with a frequency of 3 sessions per week and each session lasting 40 min. The participants underwent Appendicular Skeletal Muscle Mass Index (ASMI), grip strength, 6-meter walking pace, Timed Up and Go test (TUGT), and quality of life score (QoL) tests before the experiment, during the mid-term, and after the experiment. This study used SPSS26.0 software to perform one-way ANOVA and repeated measures ANOVA tests to compare the differences among the three groups. A significance level of p < 0.05 was defined as having significant difference, while p < 0.01 was defined as having a highly significant difference. (1) The comparison between the mid-term and pre-term indicators showed that TRHG experienced significant improvements in ASMI, 6-meter walking pace, and QoL (p < 0.01), and a significant improvement in TUGT timing test (p < 0.05); GTHG experienced extremely significant improvements in 6-meter walking pace and QoL (p < 0.01); AITHG experienced extremely significant improvements in ASMI, 6-meter walking pace, and QoL (p < 0.01), and a significant improvement in TUGT timing test (p < 0.05). (2) The comparison between the post-term and pre-term indicators showed that TRHG experienced extremely significant improvements in TUGT timing test (p < 0.01); GTHG experienced significant improvements in ASMI and TUGT timing test (p < 0.05); and AITHG experienced extremely significant improvements in TUGT timing test (p < 0.01). (3) During the mid-term, there was no significant difference among the groups in all tests (p > 0.05). The same was in post-term tests (p > 0.05). Compared to the pre-experiment, there was no significant difference at the post- experiment in the recovery effects on the muscle quality, physical activity ability, and life quality of patients with sarcopenia between the AI-based remote training group and the face-to-face traditional training group. 3D pose estimation is equally as effective as traditional rehabilitation methods in enhancing muscle quality, functionality and life quality in older adults with sarcopenia. The trial was registered in ClinicalTrials.gov (NCT05767710).",PubMed,https://pubmed.ncbi.nlm.nih.gov/38977995/,doi:10.1186/s12877-024-05188-7,include_title_abs,Potential eligible RCT at title/abstract stage,D_sarcopenia_context,Sarcopenia RCT; context or sensitivity only
32961041,PMC7749532,10.1002/jcsm.12532,Improving rehabilitation in sarcopenia: a randomized-controlled trial utilizing a muscle-targeted food for special medical purposes.,Rondanelli M; Cereda E; Klersy C; Faliva MA; Peroni G; Nichetti M; Gasparri C; Iannello G; Spadaccini D; Infantino V,2020,"Journal of cachexia, sarcopenia and muscle","Sarcopenia is a disease associated with aging and a negative prognosis. Consensus-based treatment consists in targeting muscle mass and function through physical exercise, optimization of protein intake, and vitamin D supplementation, but evidence is lacking. We evaluated the safety and efficacy of a muscle-targeted nutritional support on the outcome of a physical exercise rehabilitation programme. In a single-site, double-blind, randomized, controlled trial (NCT03120026; May 2017 to December 2018), old (≥65 years) adults [N = 140 (63% female patients; age, 81 ± 6 years)] without severe cognitive impairment, who were found to have sarcopenia by European Working Group on Sarcopenia in Older People 2010 criteria and hospitalized for physical rehabilitation, were randomized to receive until discharge (for at least 4 weeks and up to 8 weeks) a whey protein-based nutritional formula enriched with leucine and vitamin D or an iso-caloric control formula twice daily in addition to a standard hospital diet. The primary endpoint was the change in 4 m gait speed per month. Key secondary endpoints addressed the change in physical performance: chair-stand test, timed up and go test, and short physical performance battery. Other secondary outcomes were the change in functional status, muscle strength and mass, cognitive status, and quality of life. The proportion of patients who improved their rehabilitation intensity profile and overall economic benefits (using length of stay and duration of rehabilitation as surrogate measures) were also evaluated. A total of 161 patients were screened and 140 were randomized to study interventions. Thirteen patients (experimental, n = 6; placebo, n = 7) discontinued the intervention because they disliked the product and intention-to-treat analyses were based on patients reassessed at discharge [n = 127 (66% female patients; age, 81 ± 6 years)]. Supplementation with the experimental formula (n = 64) resulted in greater increase in mean gait speed {0.061 m/s/month [95% confidence interval (CI), 0.043 to 0.080]} than placebo [n = 63; -0.001 m/s/month (95%CI, -0.008 to 0.006)]: mean difference, 0.063 m/s/month (95%CI, 0.043 to 0.082) (P < 0.001). A significant effect was also found for muscle mass (P < 0.03) and all key secondary outcomes, functional and cognitive endpoints (P < 0.001 for all). Supplementation resulted also in higher proportion of patients improving their rehabilitation intensity profile (P = 0.003) and being discharged home (P = 0.002); shorter rehabilitation (P < 0.001); and hospital stay (P < 0.001). In old adults with sarcopenia admitted to hospital for rehabilitation the consumption of a whey protein-based nutritional formula enriched with leucine and vitamin D improved physical performance and function, as well as muscle mass, and reduced the intensity and costs of care.",PubMed,https://pubmed.ncbi.nlm.nih.gov/32961041/,doi:10.1002/jcsm.12532,include_title_abs,Potential eligible RCT at title/abstract stage,D_sarcopenia_context,Sarcopenia RCT; context or sensitivity only
30864254,,10.1111/ggi.13643,Synergistic effect of bodyweight resistance exercise and protein supplementation on skeletal muscle in sarcopenic or dynapenic older adults.,Yamada M; Kimura Y; Ishiyama D; Nishio N; Otobe Y; Tanaka T; Ohji S; Koyama S; Sato A; Suzuki M,2019,Geriatrics & gerontology international,"The objective of this trial was to investigate the synergistic effects of bodyweight resistance exercise and a protein supplement with vitamin D on skeletal muscle in sarcopenic or dynapenic older adults. This was a four-arm randomized controlled trial. Sarcopenic or dynapenic older adults were recruited for this trial. After screening, a total of 112 older adults were randomly allocated among four groups; 28 older adults each were enrolled in the combined resistance exercise and nutritional supplementation group, the exercise alone group, the nutritional supplementation alone group, and the control group. Participants in the combined group and exercise alone groups took part in a bodyweight resistance exercise program for 12 weeks. Protein and vitamin D supplements were provided every day for 12 weeks for the participants in the combined group and nutritional supplementation alone groups. We assessed the echo intensity of participants' thigh muscle using ultrasonography, measured their appendicular muscle mass using a bioelectrical impedance data acquisition system, and tested their knee extension strength and physical function. Participants in the combined group had a significantly greater improvement in rectus femoris echo intensity and knee extension torque than those in the other groups (P < 0.05). Furthermore, the combined program increased appendicular muscle mass in sarcopenic older adults (P < 0.05), but not in older adults with low physical function with normal muscle mass. The present study confirmed the synergistic effect of bodyweight resistance exercise and protein supplement with vitamin D on muscle quality and muscle strength in sarcopenic or dynapenic older adults. Geriatr Gerontol Int 2019; 19: 429-437.",PubMed,https://pubmed.ncbi.nlm.nih.gov/30864254/,doi:10.1111/ggi.13643,include_title_abs,Potential eligible RCT at title/abstract stage,D_sarcopenia_context,Sarcopenia RCT; context or sensitivity only
33808526,PMC8003155,10.3390/ijerph18063165,Circulating Mediators of Apoptosis and Inflammation in Aging; Physical Exercise Intervention.,Morawin B; Tylutka A; Chmielowiec J; Zembron-Lacny A,2021,International journal of environmental research and public health,"Sarcopenia is an age-related loss of skeletal muscle mass caused by many cellular mechanisms and also by lifestyle factors such as low daily physical activity. In addition, it has been shown that sarcopenia may be associated with inflammation and cognitive impairment in old age. Regular exercise is key in reducing inflammation and preventing sarcopenia and diseases related to cognitive impairment. The study was designed to assess the impact of exercise training on circulating apoptotic and inflammatory markers of sarcopenia in older adults. Eighty older adults aged 70.5 ± 5.8 years were randomized to the physically active group who participated in a 10-month Tai-Chi training session (TC, n = 40) and the control group who participated in health education sessions (HE, n = 40). Tai-Chi training caused a significant decrease in fat mass (FM) by 3.02 ± 3.99%, but an increase in appendicular skeletal muscle mass index (ASMI) by 1.76 ± 3.17% and gait speed by 9.07 ± 11.45%. Tai-Chi training elevated the plasma levels of C-reactive protein (CRP), tumor necrosis factor (TNFα), and tumor necrosis receptor factor II (TNFRII), and decreased caspases 8 and 9. Despite the increase in TNFα, apoptosis was not initiated, i.e., the cell-free DNA level did not change in the TC group. The study demonstrated that Tai-Chi training significantly reduced the symptoms of sarcopenia through the changes in body composition and physical performance, and improvements in cytokine-related mechanisms of apoptosis.",PubMed,https://pubmed.ncbi.nlm.nih.gov/33808526/,doi:10.3390/ijerph18063165,include_title_abs,Potential eligible RCT at title/abstract stage,D_sarcopenia_context,Sarcopenia RCT; context or sensitivity only
41863133,PMC13007441,10.1080/15502783.2026.2646626,Combined resistance exercise and essential amino acid intake enhance follistatin/myostatin ratio and muscle fitness in older women: a randomized controlled trial.,Jeong D; Valentine RJ; Jeong H; Sung JY; Lim H; Kang S,2026,Journal of the International Society of Sports Nutrition,"Age-associated sarcopenia and declining physical function in older women are connected to changes in hormones, inflammation, and disrupted protein metabolism. Myokines and cytokines play central roles in muscle atrophy. While both resistance exercise (RE) and essential amino acid (EAA) supplementation are promising interventions, limited randomized trials have assessed their combined effect in healthy elderly populations. Early targeted strategies may help delay sarcopenia and promote healthier aging. A 12-week randomized controlled trial was performed involving 96 healthy women aged ≥ 65 years without insulin resistance. Participants were randomized into four groups: control, RE, EAA, or RE + EAA. The intervention consisted of a circuit-based training program conducted three times per week, with each session lasting 60 minutes at moderate intensity. Participants in EAA and RE + EAA groups consumed 5.5g of EAA twice daily. Assessments before and after the intervention included body composition, muscle fitness, serum myokines, and inflammatory cytokines. Data analysis involved two-way repeated measures ANOVA, Bonferroni post-hoc comparisons, and one-way ANOVA for changes in the follistatin/myostatin ratio. The RE + EAA group demonstrated a significant increase in muscle mass (F(3, 72) = 5.042, p < 0.001, partial η² = 0.174) and greater improvements in the senior fitness test (p ranging from < 0.05 to < 0.001). There was a reduction in myostatin levels (p < 0.05) and an elevation in follistatin in both the RE (p < 0.05) and RE + EAA (p < 0.001) groups. The follistatin/myostatin ratio increased most in the RE + EAA group (F(3, 72) = 5.556, p = 0.002, partial η² = 0.188), with significance versus control (p < 0.001), EAA (p < 0.05) groups. IL-6 and IL-1β were significantly reduced in the RE (p < 0.05) and RE + EAA (p < 0.05) groups, whereas TNF-α decreased only in the RE + EAA group (p < 0.05). A 12-week intervention combining resistance exercise and essential amino acid supplementation was superior to either intervention alone in enhancing muscle mass, muscle fitness, myokine profiles, and reducing inflammatory markers among healthy older women. These results support the development of early combined interventions for the prevention of sarcopenia and may guide personalized exercise-nutrition prescriptions for optimal aging. KCT 0010756 (Retrospectively registered; July 15, 2025).",PubMed,https://pubmed.ncbi.nlm.nih.gov/41863133/,doi:10.1080/15502783.2026.2646626,include_title_abs,Potential eligible RCT at title/abstract stage,D_sarcopenia_context,Sarcopenia RCT; context or sensitivity only
41485966,,10.3177/jnsv.71.507,"Individualized Nutritional Rehabilitation Improves Muscle Strength, Cognitive Function, and Quality of Life in Elderly Patients with Sarcopenia and Cognitive Impairment: A Randomized Controlled Trial.",Chen Z; Hu Q,2025,Journal of nutritional science and vitaminology,"Sarcopenia, the progressive loss of muscle mass and strength, greatly affects the elderly. Combined with cognitive impairment, it severely impairs physical function and quality of life. While personalized nutritional rehabilitation programs are proposed, their efficacy remains understudied. To evaluate the effects of individualized nutritional rehabilitation on clinical symptoms and prognosis in elderly patients with sarcopenia and cognitive impairment. This randomized controlled trial enrolled 96 patients with sarcopenia and cognitive impairment (March 2022-March 2023), randomly assigned to intervention (individualized nutritional rehabilitation plus standard care, n=48) or control groups (standard care only, n=48). Assessments included nutritional markers (hemoglobin, albumin, vitamin D), muscle strength (Medical Research Council scale), balance (Berg Balance Scale), physical performance (Short Physical Performance Battery), activities of daily living, grip strength, 5-times sit-to-stand test, 6-m walk speed, cognitive function (Montreal Cognitive Assessment), and quality of life pre- and post-intervention. Post-intervention, the intervention group showed significantly higher hemoglobin, albumin, vitamin D, and lower Patient-Generated Subjective Global Assessment scores (all p<0.05). They demonstrated superior improvements in upper/lower limb strength, Short Physical Performance Battery, Berg Balance Scale, Activities of Daily Living scores, grip strength, sit-to-stand time, and 6-min walk distance (all p<0.05). Montreal Cognitive Assessment scores improved more in the intervention group (25.3±3.2 vs 22.1±3.5, p<0.05). Quality of life improved significantly more in the intervention versus control group (p<0.05). Individualized nutritional rehabilitation effectively improves nutritional status, muscle strength, physical function, cognitive performance, and quality of life in elderly patients with sarcopenia and cognitive impairment.",PubMed,https://pubmed.ncbi.nlm.nih.gov/41485966/,doi:10.3177/jnsv.71.507,include_title_abs,Potential eligible RCT at title/abstract stage,D_sarcopenia_context,Sarcopenia RCT; context or sensitivity only
39558011,PMC11574083,10.1038/s41598-024-79506-9,Effectiveness of low-load resistance training with blood flow restriction vs. conventional high-intensity resistance training in older people diagnosed with sarcopenia: a randomized controlled trial.,Zhang M; Song Y; Zhu J; Ding P; Chen N,2024,Scientific reports,"Low-load resistance training with blood flow restriction (LRT-BFR) has shown potential to improve muscle strength and mass in different populations; however, there remains limited evidence in sarcopenic people diagnosed with sarcopenia criteria. This study systematically compared the effectiveness of LRT-BFR and conventional high-intensity resistance training (CRT) on clinical muscle outcomes (muscle mass, strength and performance), cardiovascular disease (CVD) risk factors and sarcopenia-related biomarkers of older people with sarcopenia. Twenty-one older individuals (aged 65 years and older) diagnosed with sarcopenia were randomly assigned to the LRT-BFR (20%-30% one-repetition maximum (1RM), n = 10) or CRT (60%-70% 1RM, n = 11) group. Both groups underwent a supervised exercise program three times a week for 12 weeks. The primary outcome was knee extensor strength (KES), and the secondary outcomes included body composition (body mass, body mass index and body fat percentage), muscle mass [appendicular skeletal muscle mass index (ASMI)], handgrip strength, physical performance [short physical performance battery (SPPB) and 6-m walk], CVD risk factors [hemodynamic parameters (systolic and diastolic blood pressure and heart rate (SBP, DBP and HR)) and lipid parameters (total cholesterol, triglyceride (TG), high-density lipoprotein (HDL) and low-density lipoprotein)], sarcopenia-related blood biomarkers [inflammatory biomarkers, hormones (growth hormone (GH) and insulin-like growth factor 1) and growth factors (myostatin and follistatin)] and quality of life [Short Form 36 Health Survey (SF-36)]. Both interventions remarkably improved the body composition, KES, 6-m walk, SBP, HDL, TG, GH, FST and SF-36 scores. CRT significantly improved the ASMI (p < 0.05) and SPPB (p < 0.05). A significant improvement in HR was observed only after LRT-BFR. No significant between-group differences were found before and after the interventions. This study suggested that LRT-BFR and CRT are beneficial to the clinical muscle outcomes, CVD risk factors and certain sarcopenia-related biomarkers of older people with sarcopenia. By comparison, CRT seems more effective in improving muscle mass, while LRT-BFR may be more beneficial for improving cardiovascular health in this population. Therefore, LRT-BFR is a potential alternative to CRT for aging sarcopenia.",PubMed,https://pubmed.ncbi.nlm.nih.gov/39558011/,doi:10.1038/s41598-024-79506-9,include_title_abs,Potential eligible RCT at title/abstract stage,D_sarcopenia_context,Sarcopenia RCT; context or sensitivity only
37891589,PMC10604857,10.1186/s12889-023-17014-7,Effectiveness of elastic band training and group-based dance on physical-functional performance in older women with sarcopenia: a pilot study.,Valdés-Badilla P; Guzmán-Muñoz E; Hernandez-Martinez J; Núñez-Espinosa C; Delgado-Floody P; Herrera-Valenzuela T; Branco BHM; Zapata-Bastias J; Nobari H,2023,BMC public health,"Sarcopenia is a syndrome associated with aging that causes progressive loss of skeletal muscle mass and muscle function. In this pilot study, we compared the effectiveness of elastic band training regarding group-based dance on fat mass, fat-free mass, handgrip strength (HGS; dominant and non-dominant hand), leg strength, timed up-and-go (TUG) and walking speed in older women with sarcopenia. This is a randomized controlled trial, single-blind, repeated measures of parallel groups (elastic band group: EBG, n = 21; group-based dance: GBD, n = 19), and a quantitative methodology. Three 60-minute sessions per week for 12 weeks were dedicated to the interventions with pre- and post-assessments. A two-factor mixed analysis of variance (ANOVA) model with repeated measures was performed to measure the group×time effect. A significant interaction revealed for fat-free mass (F1,16= 18.91; p < 0.001; EBG + 10.9% vs. GBD - 1.97%), HGS dominant hand (F1,16= 7.44; p = 0.014; EBG + 10.9% vs. GBD + 0.59%), HGS non-dominant hand (F1,16= 6.41; p = 0.022; EBG + 10.21% vs. GBD + 3.80%), leg strength (F1,16= 17.98; p < 0.001; EBG + 9.1% vs. GBD + 3.83%), TUG (F1,16= 7.52; p = 0.014; EBG - 14.7% vs. GBD - 1.0%) and walking speed (F1,16 = 6.40; p = 0.019; EBG - 7.6% vs. GBD - 4.35%) in favor of EBG. Elastic band training produces significantly greater responses on physical-functional performance regarding group-based dance in older women with sarcopenia. On the other hand, the EBG revealed a significant improvement in fat-free mass and upper and lower limb muscle strength, as well as a significant decrease time in TUG, and walking speed. Elastic band exercise is a safe, easy, affordable, and effective physical activity strategy, according to the findings.",PubMed,https://pubmed.ncbi.nlm.nih.gov/37891589/,doi:10.1186/s12889-023-17014-7,include_title_abs,Potential eligible RCT at title/abstract stage,D_sarcopenia_context,Sarcopenia RCT; context or sensitivity only
31799080,PMC6884990,10.7717/peerj.8140,Sarc-F and muscle function in community dwelling adults with aged care service needs: baseline and post-training relationship.,Keogh JWL; Henwood T; Gardiner PA; Tuckett AG; Hetherington S; Rouse K; Swinton P,2019,PeerJ,"This study sought to better understand the psychometric properties of the SARC-F, by examining the baseline and training-related relationships between the five SARC-F items and objective measures of muscle function. Each of the five items of the SARC-F are scored from 0 to 2, with total score of four or more indicative of likely sarcopenia. This manuscript describes a sub-study of a larger step-wedge, randomised controlled 24-week progressive resistance and balance training (PRBT) program trial for Australian community dwelling older adults accessing government supported aged care. Muscle function was assessed using handgrip strength, isometric knee extension, 5-time repeated chair stand and walking speed over 4 m. Associations within and between SARC-F categories and muscle function were assessed using multiple correspondence analysis (MCA) and multinomial regression, respectively. Significant associations were identified at baseline between SARC-F total score and measures of lower-body muscle function (r = - 0.62 to 0.57; p ≤ 0.002) in 245 older adults. MCA analysis indicated the first three dimensions of the SARC-F data explained 48.5% of the cumulative variance. The initial dimension represented overall sarcopenia diagnosis, Dimension 2 the ability to displace the body vertically, and Dimension 3 walking ability and falls status. The majority of the 168 older adults who completed the PRBT program reported no change in their SARC-F diagnosis or individual item scores (56.5-79.2%). However, significant associations were obtained between training-related changes in SARC-F total and item scores and changes in walking speed and chair stand test performance (r = - 0.30 to 0.33; p < 0.001 and relative risk ratio = 0.40-2.24; p < 0.05, respectively). MCA analysis of the change score data indicated that the first two dimensions explained 32.2% of the cumulative variance, with these dimensions representing whether a change occurred and the direction of change, respectively. The results advance our comprehension of the psychometric properties on the SARC-F, particularly its potential use in assessing changes in muscle function. Older adults' perception of their baseline and training-related changes in their function, as self-reported by the SARC-F, closely matched objectively measured muscle function tests. This is important as there may be a lack of concordance between self-reported and clinician-measured assessments of older adults' muscle function. However, the SARC-F has a relative lack of sensitivity to detecting training-related changes, even over a period of 24 weeks. Results of this study may provide clinicians and researchers a greater understanding of how they may use the SARC-F and its potential limitations. Future studies may wish to further examine the SARC-F's sensitivity of change, perhaps by adding a few additional items or an additional category of performance to each item.",PubMed,https://pubmed.ncbi.nlm.nih.gov/31799080/,doi:10.7717/peerj.8140,include_title_abs,Potential eligible RCT at title/abstract stage,D_sarcopenia_context,Sarcopenia RCT; context or sensitivity only
18829138,,10.1016/j.revmed.2008.08.013,[Sarcopenia].,Rolland Y; Vellas B,2009,La Revue de medecine interne,"Sarcopenia is defined by loss of muscular mass, strength and quality that occurs in elderly. It has become an important area of research because of its frequency and its responsibility for a significant part of the mobility disability in older people. Understanding and treating sarcopenia could probably have a dramatic impact on the disability process. A definitive consensual clinical method to assess sarcopenia is still needed in everyday clinical practice and clinical research. The different characteristics that define sarcopenia are usually studied separately. The loss of muscular mass and muscle strength is mainly caused by low physical activity, aged-related changes in steroids hormones and inflammatory processes. Treatment relies on a multidimensional approach. Preventing loss of muscle mass and preserving muscle strength is relevant if it prevents decline in physical performance and mobility disability. Identifying target elderly populations for specific treatment in clinical trial is an important issue. To date strength training is the only efficient approach to treat and prevent sarcopenia. So far, no pharmacological treatment has proven definitive evidence to treat or prevent sarcopenia. On-going and future pharmacological clinical trials may radically change our therapeutic approach of mobility disability in elderly. The endpoint prevention of mobility disability should be added to the well-established outcomes of treatment of the loss of muscular mass, muscle strength or muscle quality.",PubMed,https://pubmed.ncbi.nlm.nih.gov/18829138/,doi:10.1016/j.revmed.2008.08.013,include_title_abs,Potential eligible RCT at title/abstract stage,D_sarcopenia_context,Sarcopenia RCT; context or sensitivity only
41569985,,10.1177/10538127261415998,"Effects of acupuncture combined with Baduanjin on muscle mass, strength, and quality of life in older adults with sarcopenia: A randomized controlled trial.",Ji W; He W; Luo Z; Shi S; Zhang T; He M; Zhao Y; Xu L; Zhang C; Wu S,2026,Journal of back and musculoskeletal rehabilitation,"BackgroundOlder adults experience accelerated muscle loss due to decreased physical ability, inadequate nutrition, and chronic illnesses depletion, predisposing them to sarcopenia. While Baduanjin and acupuncture may be beneficial, their combined effectiveness remains unclear.ObjectivesTo evaluate the combined effects of acupuncture and Baduanjin on muscle mass, strength, and quality of life in older adults with sarcopenia.MethodsIn this randomized controlled trial, 105 adults aged 60-84 years with sarcopenia were randomly assigned to three groups: acupuncture combined with Baduanjin group (AC + BDJ), acupuncture group (AC), and Baduanjin group (BDJ). The 12-week intervention included acupuncture twice weekly for 30 min and Baduanjin exercises five times weekly for 20-30 min. Assessments were conducted at baseline, 12-week, and 20-week follow-up. The primary outcome was appendicular skeletal muscle mass index (ASMI). Secondary outcomes included body composition (weight, BMI, body fat percentage), physical function (handgrip strength, gait speed, calf circumference), and overall health status [short physical performance battery (SPPB), Mini-Nutritional Assessment (MNA), and Geriatric Depression Scale (GDS)]. Statistical analyses were performed using SPSS 26.0.ResultsAmong 93 completers, all groups showed significant within-group improvements (all P < 0.01). Crucially, AC + BDJ demonstrated superior improvements in ASMI (η2p = 0.609) and SPPB (η2p = 0.259) compared to individual groups (both P < 0.01). While AC + BDJ exhibited the largest percentage gains in other outcomes, Post-hoc differences were not statistically significant. Depressive symptom improvements were similar across groups.ConclusionCombining acupuncture with Baduanjin significantly enhances muscle mass and strength in older adults with sarcopenia, offering superior clinical efficacy and a low-risk, adaptable rehabilitation alternative.Trial registrationThis study was reviewed and approved by the Ethics Committee of Nanjing Hospital of Traditional Chinese Medicine (approval number KY2024017). The registration was completed in the International Traditional Medicine Clinical Trial Registration Platform with registration number ITMCTR2025000130.",PubMed,https://pubmed.ncbi.nlm.nih.gov/41569985/,doi:10.1177/10538127261415998,include_title_abs,Potential eligible RCT at title/abstract stage,D_sarcopenia_context,Sarcopenia RCT; context or sensitivity only
28591061,PMC5466239,10.1097/MD.0000000000007115,Effects of elastic resistance exercise on body composition and physical capacity in older women with sarcopenic obesity: A CONSORT-compliant prospective randomized controlled trial.,Liao CD; Tsauo JY; Lin LF; Huang SW; Ku JW; Chou LC; Liou TH,2017,Medicine,"Sarcopenia is associated with loss of muscle mass and an increased risk of physical disability in elderly people. However, the prevalence of sarcopenia has increased in obese elderly populations. The purpose of this study was to identify the clinical efficacy of elastic resistance exercise training (RET) in patients with sarcopenic obesity. This study was conducted at the rehabilitation center of a university-based teaching hospital and was designed as a prospective and randomized controlled trial with an intention-to-treat analysis. A total of 46 women aged 67.3 (5.2) years were randomly assigned to an experimental group (EG) and control group (CG). The EG underwent elastic RET for 12 weeks, and the CG received no RET intervention. All outcome measures were assessed at the baseline and posttest, including body composition measured using dual-energy X-ray absorptiometry, muscle quality (MQ) defined as a ratio of muscular strength to muscle mass, and physical capacity assessed using functional mobility tests. One-way analysis of covariance and Pearson correlation were used to compare outcomes between the 2 groups and to identify the relationship between changes in body composition and physical outcomes, respectively. A chi-square test was performed to identify differences in qualitative data between the 2 groups. At the posttest, a significant between-group difference was observed in fat-free mass, MQ, and physical capacity (all P < .05); and a significant correlation was found between leg-lean-mass change and gait speed (r = 0.36; P < .05). After 12 weeks of elastic RET intervention, the EG had significantly fewer patients exhibiting sarcopenia (P < .05) and experiencing physical difficulty (P < .001) than the CG. The present data suggest that elastic resistance exercise exerted benefits on the body composition, MQ, and physical function in patients with sarcopenic obesity. Regular exercise incorporating elastic RET should be used to attenuate muscle mass loss and prevent physical difficulty in obese older adults with sarcopenia on reconditioning therapy. Chinese Clinical Trial Registry, ChiCTR-IPR-15006069.",PubMed,https://pubmed.ncbi.nlm.nih.gov/28591061/,doi:10.1097/md.0000000000007115,include_title_abs,Potential eligible RCT at title/abstract stage,D_sarcopenia_context,Sarcopenia RCT; context or sensitivity only
33871558,PMC8168361,10.1093/ajcn/nqaa449,"Does supplementation with leucine-enriched protein alone and in combination with fish-oil-derived n-3 PUFA affect muscle mass, strength, physical performance, and muscle protein synthesis in well-nourished older adults? A randomized, double-blind, placebo-controlled trial.",Murphy CH; Flanagan EM; De Vito G; Susta D; Mitchelson KAJ; de Marco Castro E; Senden JMG; Goessens JPB; Mikłosz A; Chabowski A,2021,The American journal of clinical nutrition,"Leucine-enriched protein (LEU-PRO) and long-chain (LC) n-3 (ω-3) PUFAs have each been proposed to improve muscle mass and function in older adults, whereas their combination may be more effective than either alone. The impact of LEU-PRO supplementation alone and combined with LC n-3 PUFAs on appendicular lean mass, strength, physical performance and myofibrillar protein synthesis (MyoPS) was investigated in older adults at risk of sarcopenia. This 24-wk, 3-arm parallel, randomized, double-blind, placebo-controlled trial was conducted in 107 men and women aged ≥65 y with low muscle mass and/or strength. Twice daily, participants consumed a supplement containing either LEU-PRO (3 g leucine, 10 g protein; n = 38), LEU-PRO plus LC n-3 PUFAs (0.8 g EPA, 1.1 g DHA; LEU-PRO+n-3; n = 38), or an isoenergetic control (CON; n = 31). Appendicular lean mass, handgrip strength, leg strength, physical performance, and circulating metabolic and renal function markers were measured pre-, mid-, and postintervention. Integrated rates of MyoPS were assessed in a subcohort (n = 28). Neither LEU-PRO nor LEU-PRO+n-3 supplementation affected appendicular lean mass, handgrip strength, knee extension strength, physical performance or MyoPS. However, isometric knee flexion peak torque (treatment effect: -7.1 Nm; 95% CI: -12.5, -1.8 Nm; P < 0.01) was lower postsupplementation in LEU-PRO+n-3 compared with CON. Serum triacylglycerol and total adiponectin concentrations were lower, and HOMA-IR was higher, in LEU-PRO+n-3 compared with CON postsupplementation (all P < 0.05). Estimated glomerular filtration rate was higher and cystatin c was lower in LEU-PRO and LEU-PRO+n-3 postsupplementation compared with CON (all P < 0.05). Contrary to our hypothesis, we did not observe a beneficial effect of LEU-PRO supplementation alone or combined with LC n-3 PUFA supplementation on appendicular lean mass, strength, physical performance or MyoPS in older adults at risk of sarcopenia. This trial was registered at clinicaltrials.gov as NCT03429491.",PubMed,https://pubmed.ncbi.nlm.nih.gov/33871558/,doi:10.1093/ajcn/nqaa449,include_title_abs,Potential eligible RCT at title/abstract stage,D_sarcopenia_context,Sarcopenia RCT; context or sensitivity only
16274381,,10.1111/j.1532-5415.2005.53567.x,Effects of ultra-low-dose estrogen therapy on muscle and physical function in older women.,Kenny AM; Kleppinger A; Wang Y; Prestwood KM,2005,Journal of the American Geriatrics Society,"To determine the effects of ultra-low-dose hormone therapy on muscle mass and physical function in community-dwelling women. Double-blind, placebo-controlled trial. Clinical research center in Connecticut. Healthy, community-dwelling women aged 65 and older (n=167). Eligible women were randomly assigned to treatment with 0.25 mg 17-beta estradiol or placebo for 36 months. All women (estradiol or placebo) with an intact uterus received micronized progesterone 100 mg/d for 2 weeks every 6 months. All participants received 1,300 mg elemental calcium with 1,000 IU vitamin D per day. Appendicular skeletal muscle mass (ASM), lean body mass (LBM), and percentage body fat were measured using dual x-ray absorptiometry. Sarcopenia was defined as skeletal muscle mass (ASM/height2) 2 standard deviations or less than young, healthy reference population mean. Physical activity (Physical Activity Scale in the Elderly (PASE)) and performance were measured. Serum estrone, estradiol, and sex hormone-binding globulin were measured. The prevalence of sarcopenia at baseline was 13%. There were no baseline differences between groups except for PASE score and chair rise time, in which the estrogen group had better performance. No changes in ASM, LBM, percentage of body fat, or physical performance were found after 3 years of estrogen therapy. Sarcopenia was present in 13% of this group of community-dwelling, postmenopausal older women. Ultra-low-dose estrogen therapy neither improves nor harms ASM. Similarly, no changes in body fat or physical performance were detected.",PubMed,https://pubmed.ncbi.nlm.nih.gov/16274381/,doi:10.1111/j.1532-5415.2005.53567.x,include_title_abs,Potential eligible RCT at title/abstract stage,D_sarcopenia_context,Sarcopenia RCT; context or sensitivity only
34201810,PMC8267934,10.3390/ijerph18136762,Effects of 16 Weeks of Resistance Training on Muscle Quality and Muscle Growth Factors in Older Adult Women with Sarcopenia: A Randomized Controlled Trial.,Seo MW; Jung SW; Kim SW; Lee JM; Jung HC; Song JK,2021,International journal of environmental research and public health,"This study examined the effects of resistance training on muscle quality, muscle growth factors, and functional fitness in older adult women with sarcopenia. Twenty-two older adult women aged over 65 with sarcopenia were randomly assigned to either resistance training (RT, n = 12) or non-exercise control group (CG, n = 10). The body weight-based and elastic band RT were performed three times a week, 60 min per session, for 16 weeks. Body composition and thigh muscle quality were estimated by dual-energy X-ray absorptiometry (DEXA) and computed tomography (CT), respectively. The muscle growth factors, including growth differentiation factor-8 (GDF-8), growth differentiation factor-15 (GDF-15), activin A, and follistatin, were analyzed via blood samples. Statistical analyses were performed using repeated measures multivariate analysis of variance (MANOVA), analysis of variance (ANOVA), and effect size (i.e., cohen's d, partial eta square), and the significance level was set at 0.05. The RT group improved their functional fitness, grip strength, gait speed, and isometric muscle strength (p < 0.01, d > 0.99; large), while these variables did not change in the CG. An increase in intramuscular fat was only observed in the CG (p < 0.01, 1.06; large). Muscle growth factors such as follistatin were significantly increased in the RT (p < 0.05, 0.81; large), but other variables did not change following resistance training. Sixteen weeks of resistance training improved functional fitness and prevented age-related increases in intramuscular fat in the thigh area. However, there were only some changes in muscle growth factors, such as follistatin, suggesting that the effectiveness of resistance training on muscle growth factors is limited. Body weight-based and elastic band resistance training is an alternative training method for sarcopenia to minimize the age-related adverse effects on muscle function and quality.",PubMed,https://pubmed.ncbi.nlm.nih.gov/34201810/,doi:10.3390/ijerph18136762,include_title_abs,Potential eligible RCT at title/abstract stage,D_sarcopenia_context,Sarcopenia RCT; context or sensitivity only
29431561,,10.1123/japa.2017-0268,Effects of Resistance Training of Peripheral Muscles Versus Respiratory Muscles in Older Adults With Sarcopenia Who are Institutionalized: A Randomized Controlled Trial.,Cebrià I Iranzo MÀ; Balasch-Bernat M; Tortosa-Chuliá MÁ; Balasch-Parisi S,2018,Journal of aging and physical activity,"This study compares the effects of two resistance training programs in peripheral and respiratory musculature on muscle mass and strength and physical performance and identifies the appropriate muscle mass parameter for assessing the intervention effects. Thirty-seven institutionalized older Spanish adults with sarcopenia were analyzed: control group (n = 17), respiratory muscle training group (n = 9), and peripheral muscle training group (n = 11). Measured outcomes were appendicular skeletal muscle mass (ASM/height2, ASM/weight, and ASM/BMI), isometric knee extension, arm flexion and handgrip strength, maximal inspiratory and expiratory pressures, and gait speed pre- and postintervention. Trained groups participated in a 12-week program and improved in maximum static inspiratory pressure, maximum static expiratory pressure, knee extension, and arm flexion (p < .05), whereas nonsignificant changes were found in gait speed and ASM indexes pre- and postintervention in the three groups. In conclusion, resistance training improved skeletal muscle strength in the studied population, and any ASM index was found to be appropriate for detecting changes after physical interventions.",PubMed,https://pubmed.ncbi.nlm.nih.gov/29431561/,doi:10.1123/japa.2017-0268,include_title_abs,Potential eligible RCT at title/abstract stage,D_sarcopenia_context,Sarcopenia RCT; context or sensitivity only
40011687,PMC11865505,10.1038/s41598-025-91644-2,Effects of 12-week whole-body vibration training versus resistance training in older people with sarcopenia.,Zhuang M; Gu Y; Wang Z; He X; Chen N,2025,Scientific reports,"Sarcopenia is a syndrome commonly found in older people. The aim of this study was to evaluate the effects of whole-body vibration training (WBVT) and resistance training (RT) on body composition, muscle strength, physical performance and blood biomarkers in older people with sarcopenia. We conducted a 12-week, 3-times-weekly assessor-blinded, randomized controlled trial of 27 older people with sarcopenia aged ≥ 65 years. Subjects were randomized into WBVT group (n = 14) and RT group (n = 13). The primary outcome was knee extension strength (KES). Secondary outcomes were body composition [body weight, body mass index (BMI), percentage of body fat (PBF), and appendicular skeletal muscle mass index (ASMI)], muscle strength [handgrip strength (HS)], physical performance [gait speed (GS), 5-time chair stand test (5CST), and short physical performance battery (SPPB)], blood biomarkers (inflammatory factors, hormones, growth factors, and muscle injury biomarker), and quality of life questionnaire [medical outcomes study short-form 36 (SF-36)]. After 12-week intervention, in the WBVT group, we observed significant improvements in body composition (weight, BMI, PBF and ASMI), muscle strength (KES), physical performance (GS, SPPB and 5CST), blood biomarkers [insulin-like growth factor 1 (IGF-1), growth hormone, follistatin (FST) and creatine kinase (CK)] and quality of life. In the RT group, we observed significant improvements in body composition (weight, BMI and PBF), muscle strength (KES), physical performance (GS and SPPB), blood biomarkers (growth hormone, FST and CK) and quality of life. Between-group comparisons were only significant for KES (P = 0.007) and the role-physical (RP) dimension of the SF-36 (P = 0.007). WBVT and RT both improved the physical condition of older people with sarcopenia. RT excelled in muscle strength, but WBVT offered an alternative for those with restrictions. WBVT's low risk and flexibility suited diverse conditions, providing a new rehabilitation option for patients with sarcopenia.",PubMed,https://pubmed.ncbi.nlm.nih.gov/40011687/,doi:10.1038/s41598-025-91644-2,include_title_abs,Potential eligible RCT at title/abstract stage,D_sarcopenia_context,Sarcopenia RCT; context or sensitivity only
30569340,,10.1007/s11657-018-0553-2,Vitamin D supplementation and muscle strength in pre-sarcopenic elderly Lebanese people: a randomized controlled trial.,El Hajj C; Fares S; Chardigny JM; Boirie Y; Walrand S,2018,Archives of osteoporosis,"Previous studies have shown that improving vitamin D status among the elderly may lead to an improvement in muscle mass and muscle strength. In our study, vitamin D supplementation showed significant improvements in vitamin D concentrations as well as appendicular muscle mass in pre-sarcopenic older Lebanese people. However, we found no significant effect on muscle strength. Improving vitamin D status might improve muscle function and muscle mass that lead to sarcopenia in older subjects. The aim of this randomized, controlled, double-blind study was to examine the effect of vitamin D supplementation on handgrip strength and appendicular skeletal muscle mass in pre-sarcopenic older Lebanese subjects. We also examined whether this effect differs in normal vs. obese subjects. Participants (n = 128; 62 men and 66 women) deficient in vitamin D (25(OH)D = 12.92 ± 4.3 ng/ml) were recruited from Saint Charles Hospital, Beirut, Lebanon. The participants were given a supplement of 10,000 IU of cholecalciferol (vitamin D group; n = 64) to be taken three times a week or a placebo tablet (placebo group; n = 64) for 6 months. One hundred fifteen subjects completed the study: 59 had normal weight, while 56 were obese. Strength and functional assessment and biochemical analysis were performed at the start and after 6 months. Compared to placebo, the vitamin D supplemented group showed significant improvements in appendicular skeletal muscle mass (ASMM) (P < 0.001) but not in handgrip strength (P = 0.2901). ANCOVA for ASMM adjusting for obesity and including the interaction between obesity and vitamin D showed a significant interaction. The increase in ASMM with vitamin D in normal-weight subjects was higher than that of obese subjects (B = 35.09 vs. B = 2.19). Treatment with vitamin D showed beneficial effects on appendicular muscle mass in pre-sarcopenic older Lebanese men and women. However, it had no effect on muscle strength relative to placebo. This trial was registered at isrctn.org as ISRCTN16665940.",PubMed,https://pubmed.ncbi.nlm.nih.gov/30569340/,doi:10.1007/s11657-018-0553-2,include_title_abs,Potential eligible RCT at title/abstract stage,D_sarcopenia_context,Sarcopenia RCT; context or sensitivity only
39118187,PMC11308463,10.1186/s12986-024-00838-4,"Effects of cheese ingestion on muscle mass and strength in possible sarcopenia women: an open-label, parallel-group study.",Chen J; Wang Y; Yang Y; Su C; Wang M; Chen Y; Yang J; Chen X; Wang Y; Qin L,2024,Nutrition & metabolism,"Nutrient-rich cheese supplements were demonstrated to have improvements in markers of sarcopenia in healthy elders. However, the potential effects of cheese in individuals with possible sarcopenia remain unknown. This 90-day randomized controlled trial (RCT) included 68 women aged 60-80 years with possible sarcopenia in China, who were randomly assigned to three groups: Control group (CG), Original cheese group (OG: 9.0 g protein; 322.8 mg calcium), and Golden cheese group (GG: 12.7 g protein; 802.1 mg calcium). OG and GG were instructed to consume their habitual diet along with 4 slices of supplied cheese, while CG was directed to maintain their usual dietary habits. Face-to-face interviews, anthropometric measurements, and blood sample collection were conducted at baseline, midway (60 days), and the end of the trial. At the end of the trial, the primary outcome, changes of Skeletal Muscle Mass Index (SMI) were found to be higher in OG (0.18 ± 0.02 kg/m2) and GG (0.14 ± 0.02 kg/m2) compared to CG (0.09 ± 0.02 kg/m2). The secondary outcome, changes of handgrip strength were higher in GG (1.82 ± 4.16 kg) than CG (-0.61 ± 3.78 kg). There were no significant differences in makers for muscle function between three groups (P > 0.05). In the self-comparison, Creatinine/Cystatin C significantly increased in both OG and GG. In addition, OG had a significant increase in changes of free and total carnitine compared to CG. Both golden and original cheese supplementation enhanced muscle strength and mass in older women with possible sarcopenia. The mechanism behind this effect may be linked to muscle cell energy metabolism. The present study was registered in the Chinese Clinical Trial Registry with the registration number ChiCTR2300078720 (retrospectively registered, 20231215).",PubMed,https://pubmed.ncbi.nlm.nih.gov/39118187/,doi:10.1186/s12986-024-00838-4,include_title_abs,Potential eligible RCT at title/abstract stage,D_sarcopenia_context,Sarcopenia RCT; context or sensitivity only
34258330,PMC8255176,10.1016/j.bonr.2021.101099,Feasibility of simple exercise interventions for men with osteoporosis - A prospective randomized controlled pilot study.,Genest F; Lindström S; Scherer S; Schneider M; Seefried L,2021,Bone reports,"Aging is associated with progressive loss of musculoskeletal performance. Exercise interventions can improve physical function in the elderly but there is a paucity of comparative assessments in order to understand what specific goals can be achieved particularly with less demanding exercise interventions readily accessible for untrained men. Prospective randomized, controlled, single center exploratory trial to compare four distinct exercise interventions, i.e. Resistance Training (RT), Whole Body Vibration Exercise (WBV), Qi Gong (QG) and wearing a Spinal orthosis (SO) for 6 months in men at risk for osteoporosis aged 65-90 years. Primary endpoint was change in isometric one repetition maximum force trunk strength for extension (TSE) and flexion (TSF) compared to baseline, secondary endpoints covered key parameters of geriatric functional assessment, including Handgrip Strength (HS), Chair-Rise-Test (CRT), Usual Gait Speed (UGS) and Timed-Up-and-Go (TUG). Altogether 47 men (mean age 77 ±6.1 years) were randomized to RT, (n = 11) WBV (n = 13), QG (n = 10) and SO(n = 13). RT, defined as reference exercise intervention, lead to significant improvements for TSE (p = 0.009) and TSF (p = 0.013) and was significantly superior in the between-group analysis for TSE (p = 0.038). Vibration exercise caused sign. Improvements in TSE (p = 0.014) and CRT (p = 0.005), the Spinal orthosis improved CRT (p = 0.003) and Gait Speed (p = 0.027), while the QG intervention did not attain any sig. Developments.Subgroup analyses revealed most pronounced musculoskeletal progress in vulnerable patients (age ≥ 80 years, pre-sarcopenia, multimorbidity ≥3chronic diseases). Irrespective of the type of exercise, participants ≥80 years experienced significant gains in TSE (p = 0.029) and CRT (p = 0.017). Presarcopenic subjects (Skeletal muscle Index (SMI) ≤10.75 kg/m2) improved in TSE (p = 0.003), CRT (p = 0.001) and UGS (p = 0.016). Multimorbid participants achieved sig. Gains in TSE (p < 0.001), TSF (p = 0.002), UGS (p = 0.036) and HS (p = 0.046). In this exploratory trial we found that simple exercise interventions are feasible in elderly men eliciting specific benefits, i.e. improvements are attained in those tasks addressed with the respective exercise modality. While targeted resistance training is superior in increasing TSE, alternative simple exercise interventions also appear to elicit beneficial effects, even in vulnerable patients, i.e. those with low muscle mass, above 80 years of age or multimorbidity.",PubMed,https://pubmed.ncbi.nlm.nih.gov/34258330/,doi:10.1016/j.bonr.2021.101099,include_title_abs,Potential eligible RCT at title/abstract stage,D_sarcopenia_context,Sarcopenia RCT; context or sensitivity only
37156446,,10.1016/j.exger.2023.112196,Are inflammatory markers associated with sarcopenia-related traits in older adults with sarcopenia? - A cross-sectional analysis of the ENHANce study.,Dupont J; Vercauteren L; Amini N; Lapauw L; De Schaepdryver M; Poesen K; Dedeyne L; Verschueren S; Tournoy J; Koppo K,2023,Experimental gerontology,"To explore the relationship between inflammatory markers and sarcopenia-related traits in sarcopenic older adults. Baseline data of the ongoing Exercise and Nutrition for Healthy AgeiNg (ENHANce) study were used for a secondary, exploratory, cross-sectional analysis. ENHANce is a 5-armed triple blinded randomized controlled trial, in older adults (>65y) with sarcopenia defined according to the revised criteria of the European Working Group of Sarcopenia in Older People (EWGSOP2) aiming to assess the effect of combined anabolic interventions (protein supplement, omega-3 supplement and physical exercise) on physical performance, compared to single/placebo interventions. Inflammatory markers C-reactive protein (hs-CRP), albumin, interleukin-1β (IL-1β), IL-6, IL-8, and tumour necrosis factor-α (TNF-α) were assessed at baseline. Spearman's rho (ρ) correlation coefficients were calculated to associate these inflammatory markers with baseline sarcopenia-defining parameters (handgrip strength, chair stand test, appendicular lean mass [aLM], gait speed, Short Physical Performance Battery), physical activity (step count) and quality of life (SF-36, SarQoL). We included 40 sarcopenic subjects (15 men/25 women, age 77.1 ± 6.8 years). Contrary to expectations, the pro-inflammatory IL-1β correlated positively with handgrip strength (ρ: 0.376; p = 0.024) and IL-6 with aLM (ρ: 0.334; p = 0.0433). IL-6 inversely correlated with step count (ρ:-0.358; p = 0.048). Subgroup analysis revealed important gender differences. IL-8 inversely correlated with handgrip strength in women (ρ: -0.425; p = 0.034) but not in men. In contrast, pro-inflammatory cytokines CRP (ρ: -0.615; p = 0.019), IL-6 (ρ: -0.604; p = 0.029) and TNF-α (ρ: -0.615; p = 0.025) inversely correlated with the SF-36 physical component score in men but not in women. Although Inflammageing might play a role in sarcopenia-related traits, this exploratory study highlights an important role of gender. Future research should take this into account when elucidating the Inflammageing-sarcopenia interplay.",PubMed,https://pubmed.ncbi.nlm.nih.gov/37156446/,doi:10.1016/j.exger.2023.112196,include_title_abs,Potential eligible RCT at title/abstract stage,D_sarcopenia_context,Sarcopenia RCT; context or sensitivity only
29396436,PMC5797161,10.1038/s41598-018-20677-7,Effects of elastic band exercise on lean mass and physical capacity in older women with sarcopenic obesity: A randomized controlled trial.,Liao CD; Tsauo JY; Huang SW; Ku JW; Hsiao DJ; Liou TH,2018,Scientific reports,"Sarcopenia is associated with loss of muscle mass as well as an increased risk of physical disability in elderly people. This study was aimed to investigate the effect of elastic band resistance training (ERT) on muscle mass and physical function in older women with sarcopenic obesity. A randomized controlled trial with an intention-to-treat analysis was conducted. A total of 56 women (mean ± SD age 67.3 ± 5.1 years) were randomly assigned to the experimental group receiving 12 weeks of ERT and to the control group receiving no exercise intervention. Lean mass (measured using a dual-energy X-ray absorptiometer), physical capacity (assessed using the global physical capacity score), and a 36-item short form questionnaire were conducted at the baseline examination (T0), as well as the 3-month (T1) and 9-month followups (T2). At T1 and T2, the between-group difference was measured in total skeletal mass relative to T0, with mean differences of 0.70 kg (95% CI 0.12-1.28; P < 0.05) and 0.72 kg (95% CI 0.21-1.23; P < 0.01), respectively. Similar results were found in muscle quality, physical capacity, and physical function outcomes. The ERT exerted a significant beneficial effect on muscle mass, muscle quality, and physical function in older women with sarcopenic obesity.",PubMed,https://pubmed.ncbi.nlm.nih.gov/29396436/,doi:10.1038/s41598-018-20677-7,include_title_abs,Potential eligible RCT at title/abstract stage,D_sarcopenia_context,Sarcopenia RCT; context or sensitivity only
41139271,,10.36721/PJPS.2025.38.6.REG.14442.1,"The effects of vitamin D combined with thermotherapy and resistance exercise on inflammatory factors, thyroid hormones and MSTN in elderly patients with sarcopenia.",Zhao C; Liu W; Kong T; Zhu X; Wang R,2025,Pakistan journal of pharmaceutical sciences,"This study investigated the impact of vitamin D (VD) combined with thermotherapy and resistance exercise (RE) on elderly patients with sarcopenia, thereby offering novel insights into evidence-based management strategies for sarcopenia. 140 sarcopenia patients were admitted between May 2023 and August 2024. Participants were randomized to receive either VD combined with thermotherapy and resistance exercise (treatment group) or thermotherapy and resistance exercise alone (control group). Skeletal muscle mass and handgrip strength were evaluated before and after the intervention using a body composition analyzer and a hand dynamometer. In addition, the levels of blood glucose, blood lipids, inflammatory factors and thyroid hormones were measured. Both groups exhibited significant improvements in skeletal muscle mass, handgrip strength and glucose/lipid metabolism post-treatment, with the treatment group demonstrating superior enhancements (P<0.05). After treatment, the level of inflammatory factors in the treatment group was lower, while the level of thyroid hormone was higher (P<0.05). There was a significant negative correlation between 25-hydroxyvitamin D3 [25(OH)D3] and myostatin (MSTN) in both groups (P<0.05). The combination of VD with thermotherapy and RE effectively enhances skeletal muscle function, suppresses inflammatory responses and regulates endocrine function in elderly patients with sarcopenia.",PubMed,https://pubmed.ncbi.nlm.nih.gov/41139271/,doi:10.36721/pjps.2025.38.6.reg.14442.1,include_title_abs,Potential eligible RCT at title/abstract stage,D_sarcopenia_context,Sarcopenia RCT; context or sensitivity only
35889801,PMC9317261,10.3390/nu14142844,Randomised Controlled Trial of Fish Oil Supplementation on Responsiveness to Resistance Exercise Training in Sarcopenic Older Women.,da Cruz Alves NM; Pfrimer K; Santos PC; de Freitas EC; Neves T; Pessini RA; Junqueira-Franco MVM; Nogueira-Barbosa MH; Greig CA; Ferriolli E,2022,Nutrients,"This study aims to investigate the effects of fish oil supplementation on the muscle adaptive response to resistance exercise training, physical performance and serum levels of inflammatory cytokines in sarcopenic older women. A randomised, double-blind, placebo-controlled trial is performed with thirty-four sarcopenic women (2010 European Consensus of Sarcopenia), aged ≥ 65 years. The participants are allocated into the following two groups: Exercise and Fish Oil (EFO) and Exercise and Placebo (EP). Both groups undertook a resistance exercise programme over 14 weeks. All participants are instructed to ingest 4 g/day of food supplements; the EP group received sunflower oil capsules, and the EFO group, fish oil capsules. The cross-sectional area (CSA) of the quadriceps muscle is calculated using magnetic resonance imaging (MRI). The strength of the lower limbs is measured using isokinetic dynamometry. Both groups show improvements in CSA and strength after the intervention. Changes in EFO are significantly greater compared with EP for muscle strength (peak torque, 19.46 Nm and 5.74 Nm, respectively, p < 0.001). CSA increased after the intervention in both groups (EFO; 6.11% and EP; 2.91%), although there is no significant difference between the groups (p = 0.23). There are no significant intra-group, inter-group or time differences in any of the cytokines measured. The use of fish oil supplementation potentiates the neuromuscular response to the anabolic stimulus from training, increasing muscle strength and physical performance in sarcopenic older women.",PubMed,https://pubmed.ncbi.nlm.nih.gov/35889801/,doi:10.3390/nu14142844,include_title_abs,Potential eligible RCT at title/abstract stage,D_sarcopenia_context,Sarcopenia RCT; context or sensitivity only
34191423,,10.6133/apjcn.202106_30(2).0005,"Effect of ingestion of essential amino acids and tea catechins after resistance exercise on the muscle mass, physical performance, and quality of life of healthy older people: A randomized controlled trial.",Tokuda Y; Mori H,2021,Asia Pacific journal of clinical nutrition,"We evaluated the effectiveness of a 24-week nutritional ingestion program involving essential amino acid (AA) and tea catechin (TC) intake after performing resistance exercise in increasing the skeletal muscle mass, physical performance, and quality of life of healthy older people. An open-label randomized controlled trial involving 84-healthy older individuals (age ≥65 years) without sarcopenia, diabetes, and kidney disease, was conducted. They were allocated to the exercise (n=28), exercise and essential AA ingestion (n=28), and exercise, essential AA, and TC ingestion groups (n=28). The participants underwent a 24-week program of resistance exercise (performed twice per week) along with essential AA and TC intake (3,000 and 540 mg, respectively). Six participants could not complete the intervention after randomization. After the 24-week intervention period, the exercise, essential AA, and TC ingestion groups showed an increase in the skeletal muscle mass index, one-legged balance test, and physical quality of life score (skeletal muscle mass index, p=0.004; one-legged balance test, p=0.045; physical quality of life, p=0.020). After the 24- week intervention period, the exercise and essential AA ingestion group showed an increase in the skeletal muscle mass index and physical quality of life score (skeletal muscle mass index, p=0.014; physical quality of life, p=0.041). However, the exercise group did not show an increase in the skeletal muscle mass index. These results suggested that resistance exercise, essential AA, and TC intake in healthy older people could improve physical performance.",PubMed,https://pubmed.ncbi.nlm.nih.gov/34191423/,doi:10.6133/apjcn.202106_30(2).0005,include_title_abs,Potential eligible RCT at title/abstract stage,D_sarcopenia_context,Sarcopenia RCT; context or sensitivity only
26864356,,10.3945/ajcn.115.113357,"Whey protein, amino acids, and vitamin D supplementation with physical activity increases fat-free mass and strength, functionality, and quality of life and decreases inflammation in sarcopenic elderly.",Rondanelli M; Klersy C; Terracol G; Talluri J; Maugeri R; Guido D; Faliva MA; Solerte BS; Fioravanti M; Lukaski H,2016,The American journal of clinical nutrition,"Interventions to attenuate the adverse effects of age-related loss of skeletal muscle and function include increased physical activity and nutritional supplementation. This study tested the hypothesis that nutritional supplementation with whey protein (22 g), essential amino acids (10.9 g, including 4 g leucine), and vitamin D [2.5 μg (100 IU)] concurrent with regular, controlled physical activity would increase fat-free mass, strength, physical function, and quality of life, and reduce the risk of malnutrition in sarcopenic elderly persons. A total of 130 sarcopenic elderly people (53 men and 77 women; mean age: 80.3 y) participated in a 12-wk randomized, double-blind, placebo-controlled supplementation trial. All participants concurrently took part in a controlled physical activity program. We examined body composition with dual-energy X-ray absorptiometry, muscle strength with a handgrip dynamometer, and blood biochemical indexes of nutritional and health status, and evaluated global nutritional status, physical function, and quality of life before and after the 12 wk of intervention. Compared with physical activity and placebo, supplementation plus physical activity increased fat-free mass (1.7-kg gain, P < 0.001), relative skeletal muscle mass (P = 0.009), android distribution of fat (P = 0.021), handgrip strength (P = 0.001), standardized summary scores for physical components (P = 0.030), activities of daily living (P = 0.001), mini nutritional assessment (P = 0.003), and insulin-like growth factor I (P = 0.002), and lowered C-reactive protein (P = 0.038). Supplementation with whey protein, essential amino acids, and vitamin D, in conjunction with age-appropriate exercise, not only boosts fat-free mass and strength but also enhances other aspects that contribute to well-being in sarcopenic elderly. This trial was registered at clinicaltrials.gov as NCT02402608.",PubMed,https://pubmed.ncbi.nlm.nih.gov/26864356/,doi:10.3945/ajcn.115.113357,include_title_abs,Potential eligible RCT at title/abstract stage,D_sarcopenia_context,Sarcopenia RCT; context or sensitivity only
30539540,,10.1007/s40520-018-1090-y,Effects of essential amino acid supplementation and rehabilitation on functioning in hip fracture patients: a pilot randomized controlled trial.,Invernizzi M; de Sire A; D'Andrea F; Carrera D; Renò F; Migliaccio S; Iolascon G; Cisari C,2019,Aging clinical and experimental research,"Physical exercise and nutrition seem to have a key role in the management of hip fracture patients. To evaluate the impact of a 2-month rehabilitative protocol combined with dietetic counseling, with or without essential amino acid supplementation, on functioning in hip fracture patients. In this pilot randomized controlled study, we recruited patients aged more than 65 years, at 3 months after hip fracture. We randomly assigned the participants into two groups (A and B). Both groups performed a physical exercise rehabilitative programme (five sessions of 40 min/week for 2 weeks, followed by a home-based exercise protocol) and received a dietetic counseling; only group A was supplemented with two sachets of 4 g/day of essential amino acids (Aminotrofic®). We evaluated at baseline and after 2 months of intervention (T1): hand grip strength, Timed Up and Go, and Iowa Level of Assistance scale (ILOA). The 32 hip fracture patients (mean aged 79.03 ± 7.80 years) were allocated into two groups: group A (n = 16) and group B (n = 16). All the participants showed significant differences in all outcomes at T1 (p < 0.017). Sarcopenic patients in group A (n = 10) showed statistically significant differences in all the primary outcomes at T1 (p < 0.017), whereas sarcopenic patients in group B (n = 13) showed a significant reduction of ILOA only. In non-sarcopenic patients, we found no differences at T1 in all outcome measures. Hip fractures are a complex multifactorial condition of the elderly that determines devastating effects on functioning and independence. A multidisciplinary rehabilitative and nutritional intervention seems to be effective on functioning in hip fracture patients, in particular sarcopenic ones.",PubMed,https://pubmed.ncbi.nlm.nih.gov/30539540/,doi:10.1007/s40520-018-1090-y,include_title_abs,Potential eligible RCT at title/abstract stage,D_sarcopenia_context,Sarcopenia RCT; context or sensitivity only
40604455,PMC12219232,10.1186/s12877-025-06142-x,Impact of wearable-assisted walking on sarcopenia and body composition in older adults.,Wu CE; Manga YB,2025,BMC geriatrics,"Physical inactivity constitutes a global public health challenge, particularly among older adults. This study investigates the impact of a wearable device-assisted walking program on body composition, muscle strength, and sarcopenia in this population. Eighty healthy older adults (40 men and 40 women), aged 65 and above, were randomly assigned to either an intervention (experimental) group, which participated in a structured walking program utilizing wearable devices, or a non-intervention (control) group, which maintained their habitual activities. The walking program spanned 12 weeks. Key assessments included body composition analysis, handgrip strength measurement, the 5× sit-to-stand test, and the appendicular skeletal muscle index (ASMI). The intervention group exhibited significant improvements in body composition and muscle strength. Skeletal muscle mass (SMM) increased by 5.5% (95% CI: 4.2-6.8%), handgrip strength improved by 13.1% (95% CI: 10.6-15.6%, p < 0.05), and lower limb function improved by 10.5% (p < 0.05). ASMI proved to be an effective and accessible metric for sarcopenia assessment, demonstrating strong correlations with SMM, handgrip strength, and sit-to-stand performance. Wearable devices, such as smartwatches and fitness trackers, provide real-time feedback and enable tailored exercise recommendations, offering a practical and personalized strategy for mitigating sarcopenia. This study confirms that wearable-assisted walking programs effectively improve muscle health and functional performance in older adults, reinforcing their potential for promoting healthy aging.",PubMed,https://pubmed.ncbi.nlm.nih.gov/40604455/,doi:10.1186/s12877-025-06142-x,include_title_abs,Potential eligible RCT at title/abstract stage,D_sarcopenia_context,Sarcopenia RCT; context or sensitivity only
36708273,PMC10067485,10.1002/jcsm.13173,Effects of a 2-year exercise training on neuromuscular system health in older individuals with low muscle function.,Monti E; Tagliaferri S; Zampieri S; Sarto F; Sirago G; Franchi MV; Ticinesi A; Longobucco Y; Adorni E; Lauretani F,2023,"Journal of cachexia, sarcopenia and muscle","Ageing is accompanied by a progressive loss of skeletal muscle mass and strength, potentially determining the insurgence of sarcopenia. Evidence suggests that motoneuron and neuromuscular junction (NMJ) degeneration contribute to sarcopenia pathogenesis. Seeking for strategies able to slow down sarcopenia insurgence and progression, we investigated whether a 2-year mixed-model training involving aerobic, strength and balance exercises would be effective for improving or preserving motoneuronal health and NMJ stability, together with muscle mass, strength and functionality in an old, sarcopenic population. Forty-five sarcopenic elderly (34 females; 11 males) with low dual-energy X-ray absorptiometry (DXA) lean mass and Short Physical Performance Battery (SPPB) score <9 were randomly assigned to either a control group [Healthy Aging Lifestyle Education (HALE), n = 21] or an intervention group [MultiComponent Intervention (MCI), n = 24]. MCI trained three times per week for 2 years with a mix of aerobic, strength and balance exercises matched with nutritional advice. Before and after the intervention, ultrasound scans of the vastus lateralis (VL), SPPB and a blood sample were obtained. VL architecture [pennation angle (PA) and fascicle length (Lf)] and cross-sectional area (CSA) were measured. As biomarkers of neuronal health and NMJ stability status, neurofilament light chain (NfL) and C-terminal agrin fragment (CAF) concentrations were measured in serum. Differences in ultrasound parameters, NfL and CAF concentration and physical performance between baseline and follow-up were tested with mixed ANOVA or Wilcoxon test. The relationship between changes in physical performance and NfL or CAF concentration was assessed through correlation analyses. At follow-up, MCI showed preserved VL architecture (PA, Lf) despite a reduced CSA (-8.4%, P < 0.001), accompanied by maintained CAF concentration and ameliorated overall SPPB performance (P = 0.007). Conversely, HALE showed 12.7% decrease in muscle CSA (P < 0.001), together with 5.1% and 5.5% reduction in PA and Lf (P < 0.001 and P = 0.001, respectively), and a 6.2% increase in CAF (P = 0.009) but improved SPPB balance score (P = 0.007). NfL concentration did not change in either group. In the population, negative correlations between changes in CAF concentration and SPPB total score were found (P = 0.047), whereas no correlation between NfL and SPPB variations was observed. The present findings suggest that our 2-year mixed aerobic, strength and balance training seemed effective for preventing the age and sarcopenia-related increases in CAF concentration, preserving NMJ stability as well as muscle structure (PA and Lf) and improving physical performance in sarcopenic older individuals.",PubMed,https://pubmed.ncbi.nlm.nih.gov/36708273/,doi:10.1002/jcsm.13173,include_title_abs,Potential eligible RCT at title/abstract stage,D_sarcopenia_context,Sarcopenia RCT; context or sensitivity only
39449489,PMC11503367,10.3390/jfmk9040195,Effects of Neuromuscular Training on Postural Balance and Physical Performance in Older Women: Randomized Controlled Trial.,Concha-Cisternas Y; Castro-Piñero J; Vásquez-Muñoz M; Molina-Márquez I; Vásquez-Gómez J; Guzmán-Muñoz E,2024,Journal of functional morphology and kinesiology,"Background: Aging causes morphological and physiological changes, especially in the musculoskeletal and somatosensory systems, leading to sarcopenia and reduced postural balance, increasing the risk of falls and loss of independence. This study aimed to analyze the effects of a neuromuscular training program on postural balance, physical performance, and muscle strength in older Chilean women. Methods: The double-blind randomized controlled trial included 48 participants aged 65-80 who were divided into three groups: a control group (CG), a multicomponent training group (MCG), and a neuromuscular training group (NMG). Postural balance was assessed using a force platform with open eyes (OE) and closed eyes (CE) conditions, measuring ML velocity, AP velocity, mean radius, and area. Physical performance was evaluated with the Short Physical Performance Battery (SPPB), including static balance, 4-m walking speed, and 5× sit-to-stand chair test. Muscle strength was measured using a hydraulic hand dynamometer to record maximum grip force. Results: Significant time × group interactions in the CE condition were found for mean radius (F = 0.984; p = 0.017; ηp2 = 0.184), AP velocity (F = 10.01; p = 0.001; ηp2 = 0.312), and ML velocity (F = 4.30; p = 0.027; ηp2 = 0.163). Significant pre-post differences in the NMG for mean radius (p < 0.001), AP velocity (p < 0.001), and ML velocity (p = 0.029) were observed, with no significant changes in CG. Significant time × group interactions were also found in the SPPB test score (F = 11.49; p < 0.001; ηp2 = 0.343), gait speed (F = 5.513; p = 0.012; ηp2 = 0.198), and sit-to-stand test (F = 5.731; p = 0.010; ηp2 = 0.206), but not in the balance score (F = 2.099; p = 0.148). Handgrip strength showed no significant interactions (F = 3.216; p = 0.061; ηp2 = 0.127). Conclusions: These findings suggest that neuromuscular training is a promising intervention to mitigate the decline in balance and physical function associated with aging, offering a targeted approach to improve the quality of life in the elderly.",PubMed,https://pubmed.ncbi.nlm.nih.gov/39449489/,doi:10.3390/jfmk9040195,include_title_abs,Potential eligible RCT at title/abstract stage,D_sarcopenia_context,Sarcopenia RCT; context or sensitivity only
40381110,,10.1007/s11255-025-04560-9,Anti-sarcopenic effect of leucine-enriched branched-chain amino acid supplementation among elderly chronic kidney disease patients: a double-blinded randomized controlled trial.,Sunsandee N; Thimachai P; Satirapoj B; Supasyndh O,2025,International urology and nephrology,"Leucine, a branched-chain amino acid (BCAA), is an effective nutritional strategy to enhance skeletal muscle mass in aging populations. This study aimed to evaluate the effects of oral leucine-enriched BCAA supplementation on muscle mass, muscle synthesis biomarkers, and physical performance in elderly patients with chronic kidney disease (CKD). A randomized controlled trial was conducted among CKD patients aged over 65 years. The participants were randomly assigned to receive either oral mixed BCAA supplementation (60% leucine, 4.5 g/day; 20% valine, 1.5 g/day; 20% isoleucine, 1.5 g/day) (N = 29) or a placebo (N = 26) for 12 weeks. Muscle mass, serum insulin-like growth factor 1 (IGF-1), and myostatin levels were measured at baseline and after 12 weeks. A 3-day food record was reviewed by a dietitian, and functional capacity was assessed using handgrip and 6-min walk tests. Fifty-five patients (mean age 75.4 ± 5.2 years) were enrolled. Daily protein and calorie intake were comparable between groups. At study conclusion, lean muscle mass significantly increased in the leucine group compared to placebo (0.4 kg [95% CI 0.1-0.7] vs. - 0.2 kg [95% CI - 0.6-0.2], P = 0.010). A significant difference in the percentage change in muscle mass was also observed (1.0 ± 1.8% vs. - 0.5 ± 2.6%, P = 0.014). No significant differences were found in muscle strength, serum myostatin, IGF-1, or adverse events. Leucine-enriched BCAA supplementation for 12 weeks significantly increased muscle mass but did not impact biomarkers of muscle activity or functional capacity in elderly CKD patients. TCTR20200314003.",PubMed,https://pubmed.ncbi.nlm.nih.gov/40381110/,doi:10.1007/s11255-025-04560-9,include_title_abs,Potential eligible RCT at title/abstract stage,D_sarcopenia_context,Sarcopenia RCT; context or sensitivity only
41970373,PMC13062230,10.3389/fmed.2026.1762454,The effect of elastic-band resistance training on fecal microbiota and derived metabolites of aged individuals with possible sarcopenia.,Duan Y; Wang L; Cui H; Fang Z; Lu Y; Sun Z,2026,Frontiers in medicine,"Individuals with possible sarcopenia exhibit altered microbiota profiles and poor intestinal metabolism. Exercise training is linked to changes in gut microbiota and has been proposed to enhance the quality of aging skeletal muscle. In older adults with possible sarcopenia, the study aimed to determine if elastic-band resistance training modulates gut microbiota and its generated metabolites and investigate the underlying relationships with physical function. Thirty-one volunteers with possible sarcopenia were randomly assigned to either the control group (CG, n = 17) or the intervention group (RG, n = 14), which underwent 24 weeks of elastic-band resistance training. Physical function, body composition, and blood and fecal samples were collected from each patient at baseline and 24 weeks. Enzyme-linked immunosorbent assay (ELISA) was used to evaluate protein metabolism regulatory factors, targeted metabolomics was used to quantify short-chain fatty acid (SCFA) levels, and metagenomic sequencing was used to analyze the composition of the fecal microbiota. The gait speed (GS), arm curl test (ACT), 2-min step test (2MST), and timed up-and-go test (TUGT) all showed notable improvements in the RG. The RG also showed lower serum levels of tumor necrosis factor-α (TNF-α) and higher plasma concentrations of acetate and propionate. Following the intervention, the RG displayed decreased abundances of Eisenbergiella and Eggerthella and increased abundances of the genus Bacillus. Eggerthella abundance was inversely connected with 2MST performance, whereas the change in propionate level was positively correlated with 2MST, TUGT, GS, and appendicular skeletal muscle index (ASMI). The elastic-band resistance training effectively improved physical function, modulates gut microbiota and SCFAs. The results revealed the physiological mechanisms by which gut microbiota and SCFAs regulate aging muscle health, providing scientific support for possible sarcopenia prevention and treatment via gut-muscle axis bidirectional crosstalk. https://www.chictr.org.cn/index.html.",PubMed,https://pubmed.ncbi.nlm.nih.gov/41970373/,doi:10.3389/fmed.2026.1762454,include_title_abs,Potential eligible RCT at title/abstract stage,D_sarcopenia_context,Sarcopenia RCT; context or sensitivity only
37447248,PMC10343882,10.3390/nu15132922,Effect of Milk Fat Globule Membrane- and Protein-Containing Snack Product on Physical Performance of Older Women-A Randomized Controlled Trial.,Jyväkorpi SK; Niskanen RT; Markkanen M; Salminen K; Sibakov T; Lehtonen KM; Kunvik S; Pitkala KH; Turpeinen AM; Suominen MH,2023,Nutrients,"Sarcopenia is common in people 70+ years of age, and its prevalence increases with further aging. Insufficient energy and protein intake accelerates muscle loss, whereas sufficient protein intake and milk fat globule membrane (MFGM) may suppress age-associated deterioration of muscle mass and strength. Our objective was to test whether a snack product high in MFGM and protein would improve physical performance in older women. In this 12-week randomized controlled trial, women ≥ 70 years, with protein intake < 1.2 g/body weight (BW) kg/day (d), were randomized into intervention (n = 51) and control (n = 50) groups. The intervention group received a daily snack product containing ≥ 23 g of milk protein and 3.6-3.9 g of MFGM. Both groups were advised to perform a five-movement exercise routine. The primary outcome was the change in the five-time-sit-to-stand test between the groups. Secondary outcomes included changes in physical performance, cognition, hand grip strength, and health-related quality of life. The change in the five-time-sit-to-stand test did not differ between the intervention and the control groups. The change in the total Short Physical Performance Battery score differed significantly, favoring the intervention group (p = 0.020), and the balance test showed the largest difference. Protein intake increased significantly in the intervention group (+14 g) compared to the control group (+2 g). No other significant changes were observed. Our results indicate that the combination of MFGM and protein may improve the physical performance-related balance of older women.",PubMed,https://pubmed.ncbi.nlm.nih.gov/37447248/,doi:10.3390/nu15132922,include_title_abs,Potential eligible RCT at title/abstract stage,D_sarcopenia_context,Sarcopenia RCT; context or sensitivity only
32992531,PMC7578986,10.3390/ijerph17197064,Sarcopenia as a Mediator of the Effect of a Gerontogymnastics Program on Cardiorespiratory Fitness of Overweight and Obese Older Women: A Randomized Controlled Trial.,Marcos-Pardo PJ; González-Gálvez N; Gea-García GM; López-Vivancos A; Espeso-García A; Gomes de Souza Vale R,2020,International journal of environmental research and public health,"The objectives were to analyze the effect of a gerontogymnastics program on functional ability and fitness on overweight and obese older woman and to understand if sarcopenia mediates its effect. This randomized controlled trial involved 216 overweight and obese women. The experimental group (EG) carried out 12 weeks of a gerontogymnastics program. The assessment was of gait speed, cardiorespiratory fitness, functional capacity, and muscle strength. EG showed significant improvements in almost every test. When the effect of training was adjusted by gait speed, the improvement of the 6 min walk test (MWT) for the trained group was no longer significant (p = 0.127). The improvement of the 6 MWT was significantly and positively associated with the 10 m test (β = -10.087). After including the 10-m test in the equations, the association between the 6MWT and carrying out the training program decreased but remained significant (β = -19.904). The mediation analysis showed a significant, direct and indirect effect with a significant Sobel test value (z = 6.606 ± 7.733; p = 0.000). These results indicate that a gerontogymnastics program improves functional capacity and fitness; and the effect of a gerontogymnastics program on CRF is mediated by sarcopenia in older women who are overweight and obese.",PubMed,https://pubmed.ncbi.nlm.nih.gov/32992531/,doi:10.3390/ijerph17197064,include_title_abs,Potential eligible RCT at title/abstract stage,D_sarcopenia_context,Sarcopenia RCT; context or sensitivity only
36364828,PMC9656258,10.3390/nu14214566,"Effectiveness of a Novel Food Composed of Leucine, Omega-3 Fatty Acids and Probiotic",Rondanelli M; Gasparri C; Barrile GC; Battaglia S; Cavioni A; Giusti R; Mansueto F; Moroni A; Nannipieri F; Patelli Z,2022,Nutrients,"Sarcopenia is a complex process characterized by a progressive decrease in muscle mass and strength. Various nutrients have been shown to be effective in supporting muscular performance. This randomized clinical trial aimed to evaluate the effectiveness of a 2-month administration of food for special medical purposes composed of omega-3 fatty acids (500 mg), leucine (2.5 g), and probiotic Lactobacillus paracasei PS23 (LPPS23), on appendicular lean mass (ALM), muscle performance, inflammatory status, and amino acid profile in sarcopenic patients. A total of 60 participants (aged 79.7 ± 4.8 years and a body mass index of 22.2 ± 2.1 kg/m2) were enrolled and randomly assigned to either intervention (n = 22) or placebo group (n = 28). Comparing the differences in effects between groups (intervention minus placebo effects), ALM increased significantly in the intervention group (p < 0.05), with no discernible change in the placebo group. Similarly, significant differences were also observed for the Tinetti scale (+2.39 points, p < 0.05), the SPPB total score (+2.22 points, p < 0.05), and the handgrip strength (4.09 kg, p < 0.05). Visceral adipose tissue significantly decreased in the intervention group compared to the placebo group at 60 days −0.69 g (95% CI: −1.09, 0.29) vs. 0.27 g (95% CI: −0.11, 0.65), groups difference −0.96 (95% CI: −1.52, 0.39, p = 0.001). A statistically significant increase in levels of valine, leucine, isoleucine, and total amino acid profiles was observed in the intervention group compared with the placebo group at 60 days (p = 0.001). When taken together, these beneficial effects may be attributed to the innovative composition of this special medical-purpose food which could be considered for the treatment of sarcopenia in the elderly.",PubMed,https://pubmed.ncbi.nlm.nih.gov/36364828/,doi:10.3390/nu14214566,include_title_abs,Potential eligible RCT at title/abstract stage,D_sarcopenia_context,Sarcopenia RCT; context or sensitivity only
31278924,,10.1016/j.apmr.2019.06.006,Intradialytic Resistance Training Improves Functional Capacity and Lean Mass Gain in Individuals on Hemodialysis: A Randomized Pilot Trial.,Lopes LCC; Mota JF; Prestes J; Schincaglia RM; Silva DM; Queiroz NP; Freitas ATVS; Lira FS; Peixoto MDRG,2019,Archives of physical medicine and rehabilitation,"To compare the effects of high vs moderate loads of intradialytic resistance training (RT) on body composition, sarcopenia prevalence, functional capacity, inflammatory markers, and quality of life (QoL) in individuals on hemodialysis. A pilot randomized clinical trial. Two hemodialysis centers. Individuals on hemodialysis (N=80; 51% men, aged 30-75y) in treatment for at least 3 months, adequately dialyzed (Kt/V≥1.2, where K is dialyzer clearance in mL/min, t is time, and V is volume of water) with vascular access via arteriovenous fistula. The 12 weeks of intradialytic RT was performed 3 times per week. The training groups were: high-load intradialytic group (HLG, 8-10 repetitions), moderate-load intradialytic group (MLG, 16-18 repetitions), and control group (CG, stretching exercise). The total training volume was equalized among training groups. Lean leg mass was assessed by a dual-energy x-ray absorptiometry; functional capacity was assessed by Short Physical Performance Battery and Timed Up and Go test; and QoL was assessed by Kidney Disease QoL Instrument, inflammatory markers, and sarcopenia. After the training period, the HLG increased lean leg mass compared with the CG. The HLG also displayed improvements in the pain and physical function domains. The skeletal muscle index and functional capacity increased in both RT protocols. The prevalence of sarcopenia was reduced 14.3% and 25% in the MLG and HLG, respectively, while there was an increase of 10% in the CG. No differences were observed in cytokines after intervention. High-load intradialytic RT was associated with gains in lean leg mass and QoL while functional capacity, appendicular muscle mass, and sarcopenia status were improved regardless of the RT load.",PubMed,https://pubmed.ncbi.nlm.nih.gov/31278924/,doi:10.1016/j.apmr.2019.06.006,include_title_abs,Potential eligible RCT at title/abstract stage,D_sarcopenia_context,Sarcopenia RCT; context or sensitivity only
40496046,PMC12148628,10.4162/nrp.2025.19.3.412,Low-molecular-weight whey protein hydrolysate and ginseng berry extract enhance muscle strength and physical performance in Korean older adults: a randomized controlled trial.,Yoon D; Bae H; Park HS; Kim H; Auh JH; Kim DK,2025,Nutrition research and practice,"Sarcopenia can be prevented or mitigated through appropriate nutrition supplementation combined with exercise. We assessed the effects of 12-week supplementation with a mixture of low-molecular-weight whey protein hydrolysate (LMWPH) and ginseng berry extract (GBE), combined with resistance exercises, on muscle strength and physical performance in healthy Korean adults aged 60 yrs or older. This randomized, double-blind, placebo-controlled trial enrolled 100 participants aged 60 yrs or older, who were assigned to either the LMWPH-GBE group (5,000 mg/d, including LMWPH-GBE 4,500 mg) or placebo group. Participants performed lower-extremity strengthening exercises for 30-60 min at least 3 days per week. Handgrip strength, knee extensor muscle strength, muscle power and physical performance using short physical performance battery (SPPB), body composition, including appendicular skeletal muscle mass, skeletal muscle mass index, body mass index, fat mass and percentage, were assessed using dual energy absorptiometry. The LMWPH-GBE group showed significant improvements in right-handgrip strength (0.53 ± 2.82 kg, P = 0.027) and total SPPB scores (0.18 ± 0.45 points, P = 0.049) compared with the placebo (-0.83 ± 2.86 kg and -0.05±0.61 points, respectively). Additionally, the LMWPH-GBE group demonstrated improvements in the SPPB subscale compared with the placebo, with the 4-m gait speed changed by 0.26 ± 0.37 m/s (placebo: -0.02 ± 0.31 m/s, P < 0.001) and repeated chair stand time changed by -2.30 ± 1.78 s (placebo: -0.06 ± 1.60 s, P < 0.001). Knee extensor strength, muscle power, and muscle mass did not significantly differ between groups, likely because both groups performed lower-extremity strengthening exercises over 12 weeks. Twelve weeks of LMWPH-GBE supplementation improved physical performance and muscle strength, particularly right-handgrip strength, in older adults. Low-dose protein (LMWPH) and botanical extract (GBE) supplementation shows potential as a practical dietary intervention for older individuals who may not tolerate higher protein doses.",PubMed,https://pubmed.ncbi.nlm.nih.gov/40496046/,doi:10.4162/nrp.2025.19.3.412,include_title_abs,Potential eligible RCT at title/abstract stage,D_sarcopenia_context,Sarcopenia RCT; context or sensitivity only
34828861,PMC8623877,10.3390/foods10112581,Effects of Milk or Soy Milk Combined with Mild Resistance Exercise on the Muscle Mass and Muscle Strength in Very Old Nursing Home Residents with Sarcopenia.,Chiang FY; Chen JR; Lee WJ; Yang SC,2021,"Foods (Basel, Switzerland)","Background and aims: Sarcopenia is recognized as a major public health issue, because it is prevalent in the elderly, especially those who live in long-term care facilities. The purpose of this study was to investigate the beneficial effects of milk or soy milk combined with resistance exercise on the muscle mass and muscle strength of individual elderly nursing home residents with sarcopenia. Methods: This study was a randomized controlled trial (clincaltrials.gov as NCT05035121) that recruited very old (>75 years) subjects with sarcopenia in a nursing home (Su-Ao and Yuanshan Branches, Taipei Veterans General Hospital) from June to December 2017. Thirty-five elderly (84.9 ± 6.1 years old) subjects were recruited and divided into three groups: control (n = 12), milk supplemented (n = 12), and soy milk supplemented (n = 11). All participants joined a mild resistance exercise training program three times a week (30 min/time). Moreover, elderly subjects in the milk and soy milk groups drank 200 mL of milk or soy milk for breakfast and as a snack after exercise. Results: After 12 weeks, compared to the baseline, calf circumferences had significantly increased in the control and soy milk groups (p = 0.0362 and p = 0.0197, respectively). Hand grip strength had significantly improved in the milk and soy milk groups (p = 0.0407 and p = 0.0096, respectively). In addition, there was no difference among the three groups. Conclusions: Mild resistance exercise combined with milk or soy milk improved the calf circumference and hand grip strength in very old nursing home residents with sarcopenia.",PubMed,https://pubmed.ncbi.nlm.nih.gov/34828861/,doi:10.3390/foods10112581,include_title_abs,Potential eligible RCT at title/abstract stage,D_sarcopenia_context,Sarcopenia RCT; context or sensitivity only
25899102,,10.1249/MSS.0000000000000690,Oxandrolone Augmentation of Resistance Training in Older Women: A Randomized Trial.,Mavros Y; O'Neill E; Connerty M; Bean JF; Broe K; Kiel DP; Maclean D; Taylor A; Fielding RA; Singh MA,2015,Medicine and science in sports and exercise,"Sarcopenia is disproportionately present in older women with disability, and optimum treatment is not clear. We conducted a double-blind, randomized, placebo-controlled trial to determine whether oxandrolone administration in elderly women improves body composition or physical function beyond that which occurs in response to progressive resistance training (PRT). Twenty-nine sedentary women (age 74.9 ± 6.8 yr; 5.9 ± 2.8 medications per day) were randomized to receive high-intensity PRT (three times a week for 12 wk) combined with either oxandrolone (10 mg·d(-1)) or an identical placebo. Peak strength was assessed for leg press, chest press, triceps, knee extension, and knee flexion. Power was assessed for leg press and chest press. Physical function measures included static and dynamic balance, chair rise, stair climb, gait speed, and 6-min walk test. Body composition was assessed using dual energy x-ray absorptiometry. Oxandrolone treatment augmented increases in lean tissue for the whole body (2.6 kg; 95% confidence interval (CI), 1.0-4.2 kg; P = 0.003), arms (0.3 kg; 95% CI, 0.1-0.5 kg; P = 0.001), legs (0.8 kg; 95% CI, 0.1-1.4 kg; P = 0.018), and trunk (1.4 kg; 95% CI, 0.4-2.3 kg; P = 0.004). Oxandrolone also augmented loss of fat tissue of the whole body (-1 kg; 95% CI, -1.6 to -0.4; P = 0.002), arms (-0.2 kg; 95% CI, -0.5 to -0.02 kg; P = 0.032), legs (-0.4 kg; 95% CI, -0.6 to -0.1; P = 0.009), and tended to reduce trunk fat (-0.4 kg; 95% CI, -0.9 to 0.04; P = 0.07). Improvements in muscle strength and power, chair stand, and dynamic balance were all significant over time (P < 0.05) but not different between groups (P > 0.05). Oxandrolone improves body composition adaptations to PRT in older women over 12 wk without augmenting muscle function or functional performance beyond that of PRT alone.",PubMed,https://pubmed.ncbi.nlm.nih.gov/25899102/,doi:10.1249/mss.0000000000000690,include_title_abs,Potential eligible RCT at title/abstract stage,D_sarcopenia_context,Sarcopenia RCT; context or sensitivity only
22440321,PMC3356456,10.1016/j.arr.2012.03.002,The aging musculoskeletal system and obesity-related considerations with exercise.,Vincent HK; Raiser SN; Vincent KR,2012,Ageing research reviews,"Advancing age and adiposity contribute to musculoskeletal degenerative diseases and the development of sarcopenic obesity. The etiology of muscle loss is multifactorial, and includes inflammation, oxidative stress and hormonal changes, and is worsened by activity avoidance due to fear of pain. The risk for mobility disability and functional impairment rises with severity of obesity in the older adult. Performance measures of walking distance, walking speed, chair rise, stair climb, body transfers and ability to navigate obstacles on a course are adversely affected in this population, and this reflects decline in daily physical functioning. Exercise training is an ideal intervention to counteract the effects of aging and obesity. The 18 randomized controlled trials of exercise studies with or without diet components reviewed here indicate that 3-18 month programs that included aerobic and strengthening exercise (2-3 days per week) with caloric restriction (typically 750 kcal deficit/day), induced the greatest change in functional performance measures compared with exercise or diet alone. Importantly, resistance exercise attenuates muscle mass loss with the interventions. These interventions can also combat factors that invoke sarcopenia, including inflammation, oxidative stress and insulin resistance. Therefore, regular multimodal exercise coupled with diet appears to be very effective for counteracting sarocpenic obesity and improving mobility and function in the older, obese adult.",PubMed,https://pubmed.ncbi.nlm.nih.gov/22440321/,doi:10.1016/j.arr.2012.03.002,include_title_abs,Potential eligible RCT at title/abstract stage,D_sarcopenia_context,Sarcopenia RCT; context or sensitivity only
36045458,,10.3897/folmed.64.e63530,Sarcopenia in patients with diabetes mellitus.,Dionyssiotis Y; Athanassiou P; Papathanasiou J; Efstathopoulos E; Prokopidis K; Trovas G; Kostoglou-Athanassiou I,2022,Folia medica,"Diseases such as diabetes mellitus may be associated with adverse changes in body composition. Sarcopenia is characterized by a progressive and generalized loss of skeletal muscle mass and functionality. To investigate the relationship between type 2 diabetes mellitus (T2DM) and sarcopenia. In a retrospective, non-randomized study, 35 T2DM patients, aged 20-80 years, were assessed for sarcopenia prevalence compared to controls (n=16). Appendicular skeletal mass (ASM) (kg) was measured, and sarcopenia was defined as SMI <7.0 and <5.7 kg/m2, in males and females, respectively, using the European Working Group on Sarcopenia in Elderly (EWGOSP) definition. Low physical performance was defined as a walking speed of <0.8 m/s. Incidence of sarcopenia was significantly higher in T2DM patients vs. controls (27% vs. 20%, p=0.01) and elderly vs. young participants (40% vs. 12%, p<0.001), respectively. Walking velocity was significantly lower in T2DM patients compared to male and female controls (1.08±0.22 vs. 1.23±0.18 and 1.07±0.26 vs. 1.26±0.16, respectively, p<0.001,). A moderate prevalence of sarcopenia in patients with type 2 diabetes mellitus was observed, which appeared to increase significantly in older men. Finally, incidence of T2DM displayed decreased physical performance in both genders.",PubMed,https://pubmed.ncbi.nlm.nih.gov/36045458/,doi:10.3897/folmed.64.e63530,include_title_abs,Potential eligible RCT at title/abstract stage,D_sarcopenia_context,Sarcopenia RCT; context or sensitivity only
35457632,PMC9033118,10.3390/ijerph19084765,"Interventions to Improve Body Composition, Upper and Lower Extremity Muscle Strength, and Balance Ability of Older Female Adults: An Intervention Study.",Huang WY; Wu CE,2022,International journal of environmental research and public health,"The aim of the present study was to understand the effects of a moderate-intensity physical activity program on the changes observed in the body composition, upper and lower extremity muscle strength, as well as balance in elderly female adults in order to evaluate sarcopenia. In this study, 30 healthy elderly females were recruited and were randomly assigned to either the control group or the experimental group. The experimental group engaged in a moderate-intensity physical activity program twice a week for 8 weeks. Using a body composition analyzer, the senior fitness test, and handgrip strength and gait speed tests, all participants were tested in pre- and post-tests. The results of the study revealed changes in the overall body composition in the experimental group, with significant decreases in body mass index, body fat percentage, and body fat mass and substantial increases in the basal metabolic rate and skeletal muscle mass, while the upper and lower extremity muscle strength and balance ability also showed significant improvements. The moderate-intensity physical activity program also increased upper limb handgrip strength and lower limb gait speed, showing that the plan was able to effectively evaluate sarcopenia. The study concluded that using upper limb handgrip strength and lower limb walking speed to evaluate sarcopenia are useful diagnostic tools. Moderate-intensity physical activity is effective for improving muscle strength and reducing sarcopenia.",PubMed,https://pubmed.ncbi.nlm.nih.gov/35457632/,doi:10.3390/ijerph19084765,include_title_abs,Potential eligible RCT at title/abstract stage,D_sarcopenia_context,Sarcopenia RCT; context or sensitivity only
40409139,PMC12172971,10.1016/j.jnha.2025.100584,Culture-sensitive lifestyle intervention tailored to non-Western migrant older adults improves physical performance: A randomized controlled trial.,Biersteker EJM; van den Helder J; van der Spek N; Holwerda M; Kruizenga H; Weijs PJM; Tieland M,2025,"The journal of nutrition, health & aging","To counteract sarcopenia in non-Western migrant older adults, lifestyle interventions with increased physical activity and adequate dietary protein intake are promising. However, regular community-based lifestyle interventions often lack a culture-sensitive approach. The aim of this study was to assess the effects of a newly developed culture-sensitive lifestyle intervention on physical performance in non-Western Surinamese older adults. A randomized controlled trial. This study was conducted with 65 non-Western migrant participants (Surinamese, 65 ± 7 y, 91% female, 82% overweight or obese). The participants were allocated to the culture-sensitive lifestyle intervention (n = 35) or control group (n = 30). The six-month intervention consisted of an exercise training program and a nutritional program, both adapted to the cultural and personal needs of the participants. The primary outcome was physical performance, measured by 6-minute walking test. Secondary outcomes were timed-up-and-go, 30-seconds chair stand, knee-extension strength, single leg stand tests, appendicular lean soft tissue mass, fat mass, protein intake and daily physical activity. Linear mixed models were performed to assess intervention effects with significance set at p < 0.05. The intervention group improved physical performance by 12% from baseline 440 ± 62 m to 6 months 492 ± 73 m compared to 8% in control group from 438 ± 93 m to 471 ± 66 m (+25.5 m, 95%CI (3.2;47.9), p = 0.027). Knee-extension strength was significantly better maintained in the intervention group from 273 ± 71 N to 270 ± 70 N, whereas the control group decreased knee-extension strength by 8% at six months from 262 ± 78 N to 240 ± 87 N (+19 N, 95%CI (1-38), p = 0.040). The intervention group significantly increased protein intake more (from 63 ± 21 to 78 ± 38 g/day) compared to the control group (from 72 ± 25 to 78 ± 29 g/day) at three months (+15 g/day, 95%CI (1;28), p = 0.035). No difference between groups was found for physical activity or the other secondary outcomes. In non-Western migrant Surinamese older adults, a culture-sensitive lifestyle intervention improved physical performance, protein intake, and maintained muscle strength, presenting a promising approach to manage sarcopenia risk in this population. Clinicaltrials.gov (NCT06407583).",PubMed,https://pubmed.ncbi.nlm.nih.gov/40409139/,doi:10.1016/j.jnha.2025.100584,include_title_abs,Potential eligible RCT at title/abstract stage,D_sarcopenia_context,Sarcopenia RCT; context or sensitivity only
34179925,PMC12876615,10.1007/s12603-021-1599-1,"Effects of Exercise Alone or in Combination with High-Protein Diet on Muscle Function, Aerobic Capacity, and Physical Function in Middle-Aged Obese Adults: A Randomized Controlled Trial.",Hsu KJ; Chien KY; Tsai SC; Tsai YS; Liao YH; Chen JJ; Chen YR; Chen CN,2021,"The journal of nutrition, health & aging","Obesity accelerates and exacerbates the age-related changes on muscle function and exercise capacity. In addition, the middle-aged population is often overlooked when talking about the prevention of sarcopenia. This study investigated the effects of exercise alone or in combination with a high-protein diet on muscle function and physical fitness in middle-aged obese adults. Sixty-nine middle-aged (50-64 years old) obese adults were randomly assigned to one of the following groups: control group (C; n=23), exercise group (E; n=23) or exercise plus high-protein group (EP; n=23). Individuals within the E and EP groups received 12 weeks of exercise training; whereas, the individuals in the EP group also received a high-protein diet intervention (1.6g/kg/day). Individuals within the C group were asked to maintain their lifestyle for 12 weeks. Participants were evaluated before and after the intervention. Outcome measures included maximal exercise capacity, muscle function and functional physical performance. Analysis of covariance was used to determine the effects of the intervention. After the intervention, the E and EP groups had greater maximal work rate, peak oxygen consumption, and muscle power during muscle contractions at 180°/sec than that in the C group (P<0.05). The EP group, but not the E group, showed significant improvement in the sit-to-stand test and climbing stairs test than the C group after the intervention (P<0.05). Within group comparisons showed that the anaerobic threshold only increased in the EP group (+12% from pre-test). For middle-aged obese adults, exercise with a high-protein diet not only improved muscle power and exercise capacity but also enhanced their functional physical performance.",PubMed,https://pubmed.ncbi.nlm.nih.gov/34179925/,doi:10.1007/s12603-021-1599-1,include_title_abs,Potential eligible RCT at title/abstract stage,D_sarcopenia_context,Sarcopenia RCT; context or sensitivity only
41904665,,10.1093/qjmed/hcag094,Structured Horticultural Therapy Enhances Muscle Strength and Mass in Aging Women at Risk of Sarcopenia.,Wu CF; Fungfoo P; Hsu YS; Liu TY; Chou LW,2026,QJM : monthly journal of the Association of Physicians,"Sarcopenia, characterized by the progressive decline of skeletal muscle mass, strength, and physical performance, is commonly observed among older people and significantly impairs quality of life. Horticultural therapy can maintain muscle mass and reduce waist circumference in healthy participants but remains underutilized in the aging women of sarcopenia. To investigate the effects of a structured horticultural therapy program on muscle strength and mass in aging women at risk of sarcopenia, an age-related condition characterized by progressive skeletal muscle loss and weakness. A 12-week, assessor-blinded, non-randomized controlled trial. The study was conducted with 20 women aged ≥50 years with SARC-CalF scores ≥11. Participants were assigned to either a treatment group (n = 11) or a control group (n = 9). The intervention consisted of 100-minute sessions twice a week, involving gardening tasks with a progressive workload adapted based on resistance training principles. The primary outcome was peak quadriceps electromyographic (EMG) activity; secondary outcomes included handgrip strength and skeletal muscle mass. The median participant age was 64.5 years. In the treatment group, left leg EMG activity increased by 93.1% (p < 0.001, Δ = 80.4) post-intervention, with 56.9% (p = 0.037, Δ = 49.2) retained at follow-up. Right leg EMG improved by 39.3% (p = 0.008, Δ = 39.0), rising to 56.4% (p = 0.018, Δ = 56.2) at follow-up. No significant changes were observed in the control group. Between-group comparisons revealed a significantly greater improvement in the treatment group (38% difference, p = 0.010). Improvements were also noted in handgrip strength, total body, upper, and lower limb muscle mass. Adherence was 100%, with no adverse events reported. Structured horticultural therapy may serve as a safe and effective intervention to enhance muscle health in older adults at risk of sarcopenia.",PubMed,https://pubmed.ncbi.nlm.nih.gov/41904665/,doi:10.1093/qjmed/hcag094,include_title_abs,Potential eligible RCT at title/abstract stage,D_sarcopenia_context,Sarcopenia RCT; context or sensitivity only
39453567,,10.1007/s41999-024-01082-y,Investigating the efficacy of AI-enhanced telerehabilitation in sarcopenic older individuals.,Wei M; Meng D; He S; Lv Z; Guo H; Yang G; Wang Z,2025,European geriatric medicine,"This study explores the effectiveness of 3D pose estimation technology in Yi Jin Jing (a traditional Chinese exercise) interventions for sarcopenic older individuals. A randomized controlled trial involving 93 participants (mean age: 71.64 ± 7.09 years; 41 males and 52 females) divided into three groups: a face-to-face offline traditional training group (OFFG), a general remote online training group (ONG), and an AI-based online remote training group (AIONG). Participants in each group underwent their respective training programs. The effectiveness of the interventions was measured using Appendicular Skeletal Muscle Mass Index, Grip Strength, 6-meter Walking Speed, Timed-Up-and-Go Test, and Quality of Life assessments. Significant improvements were observed across all groups in ASMI, Grip Strength, 6-meter Walking Speed, TUGT, and QoL. However, there were no statistically significant differences between the groups in terms of the magnitude of these improvements. AIONG showed outcomes comparable to OFFG and ONG methods. AI-based telerehabilitation with 3D pose estimation is a viable and effective alternative for remote exercise interventions. It offers precise guidance and enhances the quality of rehabilitation training, demonstrating outcomes comparable to traditional and general online methods.",PubMed,https://pubmed.ncbi.nlm.nih.gov/39453567/,doi:10.1007/s41999-024-01082-y,include_title_abs,Potential eligible RCT at title/abstract stage,D_sarcopenia_context,Sarcopenia RCT; context or sensitivity only
41572290,PMC12910732,10.1186/s12937-025-01279-2,Is higher protein intake during weight loss interventions in older adults associated with improved outcomes? A secondary data analysis of three randomised controlled trials.,Eglseer D; Reiter L; Schoufour JD; Vágnerová T; Memelink RG; Verreijen AM; Borenich A; Bauer S; Weijs PJ,2026,Nutrition journal,"Weight loss interventions can exacerbate sarcopenia and sarcopenic obesity in older individuals. Increasing protein intake, alongside resistance training, is suggested to help preserve muscle mass, strength, and function during energy-restricted diets, but the benefits are not consistently supported by all studies in older adults. To investigate the relationship between protein intake and body composition, muscle strength, and function in weight loss programs with energy restriction, with or without increased protein intake (through supplementation or dietary counseling) and combined with resistance training in older adults with overweight or obesity. A secondary data analysis of three randomized controlled trials was conducted, including participants aged ≥ 55 with a BMI ≥ 25 kg/m². Data on protein intake at baseline and follow-up were analyzed. The follow-up period was 10 weeks in one study and 13 weeks in the other two studies.Outcomes included body weight, body fat, appendicular lean soft tissue mass (ALST), handgrip strength (HGS), gait speed, chair stand test (CST), and short physical performance battery (SPPB). Linear mixed models were used to identify associations between protein intake and outcomes. A total of 191 older adults (mean age 65.1 years, mean BMI 32.9 kg/m²) were included. Protein intake significantly increased from 0.87 to 1.06 g/kg BW/day (p < 0.001) in participants receiving protein supplementation or dietary advice. Higher protein intake was significantly associated with increased ALST (beta = 1.0, p = 0.047), but no associations were found with body weight, body fat, HGS, gait speed, CST, or SPPB. Increasing protein intake during weight loss interventions may help preserve ALST in older adults with overweight or obesity, potentially reducing the risk of sarcopenia. These findings suggest that incorporating protein strategies in weight loss programs is beneficial for muscle health in older adults. Further high-quality studies are needed to determine the optimal protein intake for this population. Trial registration in the Dutch Trial Register: MPS: NL2623, https://www.onderzoekmetmensen.nl/en/trial/24688, registration date 11022011 WelPrex NL4434 https://www.onderzoekmetmensen.nl/en/trial/29590, registration date 01052014 PROBE NL4357, https://www.onderzoekmetmensen.nl/en/trial/21917), registration date 08042014.",PubMed,https://pubmed.ncbi.nlm.nih.gov/41572290/,doi:10.1186/s12937-025-01279-2,include_title_abs,Potential eligible RCT at title/abstract stage,D_sarcopenia_context,Sarcopenia RCT; context or sensitivity only
24402391,PMC4111145,10.1007/s12603-013-0369-0,The impact of sarcopenia on a physical activity intervention: the Lifestyle Interventions and Independence for Elders Pilot Study (LIFE-P).,Liu CK; Leng X; Hsu FC; Kritchevsky SB; Ding J; Earnest CP; Ferrucci L; Goodpaster BH; Guralnik JM; Lenchik L,2014,"The journal of nutrition, health & aging","To determine if sarcopenia modulates the response to a physical activity intervention in functionally limited older adults. Secondary analysis of a randomized controlled trial. Three academic centers. Elders aged 70 to 89 years at risk for mobility disability who underwent dual-energy x-ray absorptiometry (DXA) for body composition at enrollment and follow-up at twelve months (N = 177). Subjects participated in a physical activity program (PA) featuring aerobic, strength, balance, and flexibility training, or a successful aging (SA) educational program about healthy aging. Sarcopenia as determined by measuring appendicular lean mass and adjusting for height and total body fat mass (residuals method), Short Physical Performance Battery score (SPPB), and gait speed determined on 400 meter course. At twelve months, sarcopenic and non-sarcopenic subjects in PA tended to have higher mean SPPB scores (8.7±0.5 and 8.7±0.2 points) compared to sarcopenic and non-sarcopenic subjects in SA (8.3±0.5 and 8.4±0.2 points, p = 0.24 and 0.10), although the differences were not statistically significant. At twelve months, faster mean gait speeds were observed in PA: 0.93±0.4 and 0.95±0.03 meters/second in sarcopenic and non-sarcopenic PA subjects, and 0.89±0.4 and 0.91±0.03 meters/second in sarcopenic and non-sarcopenic SA subjects (p = 0.98 and 0.26), although not statistically significant. There was no difference between the sarcopenic and non-sarcopenic groups in intervention adherence or number of adverse events. These data suggest that older adults with sarcopenia, who represent a vulnerable segment of the elder population, are capable of improvements in physical performance after a physical activity intervention.",PubMed,https://pubmed.ncbi.nlm.nih.gov/24402391/,doi:10.1007/s12603-013-0369-0,include_title_abs,Potential eligible RCT at title/abstract stage,D_sarcopenia_context,Sarcopenia RCT; context or sensitivity only
28653345,,10.1111/jgs.14927,"Treatment of Sarcopenia with Bimagrumab: Results from a Phase II, Randomized, Controlled, Proof-of-Concept Study.",Rooks D; Praestgaard J; Hariry S; Laurent D; Petricoul O; Perry RG; Lach-Trifilieff E; Roubenoff R,2017,Journal of the American Geriatrics Society,"To assess the effects of bimagrumab on skeletal muscle mass and function in older adults with sarcopenia and mobility limitations. A 24-week, randomized, double-blind, placebo-controlled, parallel-arm, proof-of-concept study. Five centers in the United States. Community-dwelling adults (N = 40) aged 65 and older with gait speed between 0.4 and 1.0 m/s over 4 m and an appendicular skeletal muscle index of 7.25 kg/m2 or less for men and 5.67 kg/m2 or less for women. Intravenous bimagrumab 30 mg/kg (n = 19) or placebo (n = 21). Change from baseline in thigh muscle volume (TMV), subcutaneous and intermuscular fat, appendicular and total lean body mass, grip strength, gait speed, and 6-minute walk distance (6MWD). Thirty-two (80%) participants completed the study. TMV increased by Week 2, was sustained throughout the treatment period, and remained above baseline at the end of study in bimagrumab-treated participants, whereas there was no change with placebo treatment (Week 2: 5.15 ± 2.19% vs -0.34 ± 2.59%, P < .001; Week 4: 6.12 ± 2.56% vs 0.16 ± 3.42%, P < .001; Week 8: 8.01 ± 3.70% vs 0.35 ± 3.32%, P < .001; Week 16: 7.72 ± 5.31% vs 0.42 ± 5.14%, P < .001; Week 24: 4.80 ± 5.81% vs -1.01 ± 4.43%, P = .002). Participants with slower walking speed at baseline receiving bimagrumab had clinically meaningful and statistically significantly greater improvements in gait speed (mean 0.15 m/s, P = .009) and 6MWD (mean 82 m, P = .022) than those receiving placebo at Week 16. Adverse events in the bimagrumab group included muscle-related symptoms, acne, and diarrhea, most of which were mild in severity and resolved by the end of study. Treatment with bimagrumab over 16 weeks increased muscle mass and strength in older adults with sarcopenia and improved mobility in those with slow walking speed.",PubMed,https://pubmed.ncbi.nlm.nih.gov/28653345/,doi:10.1111/jgs.14927,include_title_abs,Potential eligible RCT at title/abstract stage,D_sarcopenia_context,Sarcopenia RCT; context or sensitivity only
30243898,,10.1016/j.exger.2018.09.015,"Effects of 8-week kettlebell training on body composition, muscle strength, pulmonary function, and chronic low-grade inflammation in elderly women with sarcopenia.",Chen HT; Wu HJ; Chen YJ; Ho SY; Chung YC,2018,Experimental gerontology,"To examine the effect of kettlebell training on body composition, muscle strength, pulmonary function, and chronic low-grade inflammatory markers among elderly people with sarcopenia. Randomized controlled trial. Community center and research center. A total of 33 elderly women with sarcopenia (aged 65-75 years) were recruited. The participants were randomly assigned to a kettlebell training (KT) group or a control (CON) group. The KT group received an 8-week training intervention involving 60-min sessions twice a week, whereas the CON group members continued their daily lifestyles without participating in any exercise training. Four weeks of detraining were organized to observe the retention effect of the training program on the KT group. The participants' body composition, muscle strength, pulmonary function, and chronic low-grade inflammatory markers were measured and analyzed before training (at Week 0, W0), after 8 weeks of training (at Week 8, W8), and after 4 weeks of detraining (at Week 12, W12). In the KT group, appendicular skeletal muscle mass (ASM) and the sarcopenia index measured at W8 and W12 were significantly higher than those at W0(p = .004; p = .005). At W8 and W12, the sarcopenia index was significantly higher in the KT group than the CON group(p = .020; p = .019). In the CON group, the skeletal muscle mass levels measured at W8 and W12 were significantly lower than that at W0(p = .029; p = .005), and the ASM and the sarcopenia index measured at W8 were significantly lower than those at W0(p = .037; p = .036). Additionally, the measured left handgrip strength(p = .006), back strength(p = .011; p = .018), and peak expiratory flow (PEF) (p = .008; p = .006) were significantly higher in the KT group than the CON group at W8 and W12. At W8, the measured right handgrip strength was significantly higher in the KT group than the CON group(p = .043). In the KT group, the back strength and PEF levels measured at W8 and W12 were significantly higher than those at W0(p = .000; p = .004), and the left and right handgrip strength levels at W8 were significantly higher than those at W0(p = .004; p = .013). By contrast, in the CON group, the left(p = .004; p = .006)and right(p = .002; p = .004)handgrip strength levels and PEF(p = .018; p = .012) measured at W8 and W12 were significantly lower than those at W0. Moreover, compared with the high-sensitivity C-reactive protein (hs-CRP) levels measured at W0, those measured at W8 and W12 were significantly lower in the KT group(p = .006; p = .013)but significantly higher in the CON group(p = .005; p = .009). There was no significant difference in hs-CRP, IL-6, TNF-α between the KT and CON group. For elderly people with sarcopenia, participating in kettlebell training significantly increases the sarcopenia index, grip strength, back strength, and PEF. In addition, the retention effect of the training program continued after 4 weeks of detraining.",PubMed,https://pubmed.ncbi.nlm.nih.gov/30243898/,doi:10.1016/j.exger.2018.09.015,include_title_abs,Potential eligible RCT at title/abstract stage,D_sarcopenia_context,Sarcopenia RCT; context or sensitivity only
40886476,,10.1016/j.phymed.2025.157190,"Efficacy and safety of Shen-Qi Paste, a Traditional Chinese Medicine, in dialysis patients with sarcopenia: A randomized, double-blind, placebo-controlled trial.",Li X; Wang R; Lu K; He L; Li L; Yong R; Liu T; Hua L; Hou Z; Sun Q,2025,Phytomedicine : international journal of phytotherapy and phytopharmacology,"The lack of effective treatments for sarcopenia remains a major unmet medical need. Shen-Qi Paste (SQP), a Traditional Chinese Medicine (TCM) dietary formulation developed on the basis of the theory of ""same origin of medicine and food,"" offers a novel therapeutic strategy. Unlike conventional approaches that are focused solely on nutrition and exercise, SQP targets the underlying TCM-defined etiologies (e.g., spleen-kidney deficiency) to address the root causes of muscle wasting. Studies have shown that the traditional herbal ingredients of SQP has anti-inflammatory, antioxidant, and muscle protein inhibition properties and can enhance muscle mass and strength. This study aimed to assess the efficacy and safety of SQP in dialysis patients with sarcopenia by using a two-center, randomized, double-blind, placebo-controlled clinical trial. A total of 128 dialysis patients (age: 45-89 years old) with sarcopenia (as identified by the Asian Sarcopenia Group for Sarcopenia 2019) were randomly allocated to either the SQP group or control group for intervention. Patients in the SQP group and control group were respectively administered oral SQP and placebo at 1 vial/15 g twice daily for 12 weeks. At the same time, all participants maintained low-intensity exercise for 20-30 min/d at a frequency of 3-4 d/wk during the trial. The indexes and scales were examined and evaluated before and after the intervention. The primary indicators were changes in sarcopenia measures, including skeletal muscle mass index (SMI), grip strength, and physical function by five-times sit-to-stand test (FTSST). A total of 163 patients aged 45-89 years were screened, and 128 patients were randomized to receive the study intervention. Some patients (SQP group, n = 6; control group, n = 5) stopped the intervention because of various reasons. A total of 117 patients (55.56 % of whom were male) completed the 12 weeks intervention. The statistical results of the study were as follows: (1) Intra-group comparison: compared to pre-intervention, SQP intervention significantly improved SMI (t, -0.248, [95 %CI, -0.37 to -0.127], p < 0.001), and decreased FTSST, myostatin levels, and serum uric acid levels (P<0.05). Both groups had significant changes in grip strength and 36-Item Short Form Health Survey (SF-36) scores post-intervention (p < 0.05). (2) Inter-group comparison: compared to the control group, SQP intervention improved the SMI (t, -0.384, [95 %CI, -0.66 to -0.109], p = 0.007); even though the grip strength of SQP group decreased, it was still significantly higher (t, -2.113, [95 %CI, -3.755 to -0.123], p = 0.037); the score for Mini Nutritional Assessment Short Form significantly increased (p < 0.05); Pittsburgh Sleep Quality Index, TCM syndrome score, C-reactive protein level, and blood urea nitrogen level significantly decreased (p < 0.05); and the change in the score of International Physical Activity Questionnaire-Short Form was statistically significant (p = 0.026). There were no notable differences between the two groups in terms of Fatigue, Resistance, Aerobic Capacity, Illnesses, and Loss of Weight scale score, FTSST scores, SF-36 score, Irisin level, serum creatinine level, hemoglobin level, and metabolic markers (p > 0.05). SQP has the potential to notably enhance muscle mass; therefore, it could be a viable option for treating sarcopenia. Further research should investigate its effectiveness in a broader group of patients and delve into its mechanism of action to offer more detailed evidence for SQP in treating sarcopenia.",PubMed,https://pubmed.ncbi.nlm.nih.gov/40886476/,doi:10.1016/j.phymed.2025.157190,include_title_abs,Potential eligible RCT at title/abstract stage,D_sarcopenia_context,Sarcopenia RCT; context or sensitivity only
32764397,PMC7468852,10.3390/nu12082341,Effects of High Intensity Dynamic Resistance Exercise and Whey Protein Supplements on Osteosarcopenia in Older Men with Low Bone and Muscle Mass. Final Results of the Randomized Controlled FrOST Study.,Kemmler W; Kohl M; Jakob F; Engelke K; von Stengel S,2020,Nutrients,"The present study aimed to evaluate the effect of high intensity dynamic resistance exercise (HIT-DRT) and whey protein supplementation (WPS) on bone mineral density (BMD) and sarcopenia parameters in osteosarcopenic men. Men ≥ 72 years with osteosarcopenia (n = 43) were randomly assigned to a HIT-RT (HIT-RT: n = 21) or a non-training control group (n = 22). Supervised HIT-RT twice/week was applied for 18 months, while the control group maintained their habitual lifestyle. Supplying WPS, total protein intake amounted to 1.5-1.6 (HIT-RT) and 1.2 g/kg/body mass/d (control). Both groups were supplied with calcium and vitamin D. Primary study outcomes were BMD and the sarcopenia Z-score. After adjusting for multiplicity, we observed significant positive effects for sarcopenia Z-score (standardized mean difference (SMD): 1.40), BMD at lumbar spine (SMD: 0.72) and total hip (SMD: 0.72). In detail, effect sizes for skeletal muscle mass changes were very pronounced (1.97, p < 0.001), while effects for functional sarcopenia parameters were moderate (0.87, p = 0.008; handgrip strength) or low (0.39, p = 0.209; gait velocity). Apart from one man who reported short periods of temporary worsening of existing joint pain, no HIT-RT/WPS-related adverse effects or injuries were reported. We consider HIT-RT supported by whey protein supplementation as a feasible, attractive, safe and highly effective option to fight osteosarcopenia in older men.",PubMed,https://pubmed.ncbi.nlm.nih.gov/32764397/,doi:10.3390/nu12082341,include_title_abs,Potential eligible RCT at title/abstract stage,D_sarcopenia_context,Sarcopenia RCT; context or sensitivity only
40971339,,10.1159/000547822,Effects of 12 Weeks of Whole-Body Vibration Training and Vitamin D Supplementation on Bone Density and Muscle Quality in the Aged with Osteosarcopenia: A Randomized Controlled Trial.,Li W; Li Y; Wang Z; Lu Y; Qiu Y; Li Z; Yang F,2025,Gerontology,"Osteosarcopenia (OS) is a common geriatric condition, which seriously impairs the quality of life of the elderly, but there is a lack of research on its mechanism and treatment. This study explores the efficacy of whole-body vibration (WBV) training plus vitamin D in OS intervention and its correlation with irisin and myostatin (MSTN). Subjects meeting the enrollment criteria were recruited from the Affiliated Hospital of Shaanxi University of Traditional Chinese Medicine. Forty-eight volunteers were enrolled and divided into a control group and a WBVT group, with 24 in each. The control group takes 0.25 μg of calcitriol orally half an hour after breakfast daily. The WBVT group received WBV training 3 times a week in addition to the control treatment for 3 months, followed by a 3-month follow-up. Primary outcomes were lumbar, hip, and forearm bone mineral density (BMD), appendicular skeletal muscle mass measured by dual energy X-ray absorptiometry, and handgrip strength. Secondary outcomes included serum MSTN, irisin, bone turnover markers, physical performance (assessed by 5-time chair stand test, 6-m walk, and SPPB), and adverse events in the trial. Baseline indicators were comparable between the two groups. WBV training with oral vitamin D improved OS patients' BMD, muscle mass, strength, and physical function. It increased serum vitamin D, N-MID, tPINP levels and decreased β-CTX levels. Also, it raised irisin and lowered MSTN levels. WBV training in conjunction with oral vitamin D administration is conducive to increasing BMD, augmenting muscle mass and strength, as well as improving body function in subjects with OS. The underlying mechanism might be associated with the modulation of myokines such as irisin and MSTN.",PubMed,https://pubmed.ncbi.nlm.nih.gov/40971339/,doi:10.1159/000547822,include_title_abs,Potential eligible RCT at title/abstract stage,D_sarcopenia_context,Sarcopenia RCT; context or sensitivity only
40859523,PMC12384908,10.1097/MD.0000000000043976,"Effects of vitamins C and E supplementation combined with 12-week resistance training in older women with sarcopenia: A randomized, double-blind, placebo-controlled trial.",Liu X; Chen B; Jin Y; Zhong F; Zhang Y; Li Y; Zhang Y; Cui R; Wu B; Li C,2025,Medicine,"Resistance training (RT) is a fundamental sarcopenia treatment, but its efficacy may be enhanced by nutritional strategies. This study investigated whether combining RT with vitamins C and E supplementation yields additive benefits in sarcopenia patients. Sixty older women with sarcopenia (60-75 years) were randomized to an antioxidant supplementation group (AS; 1000 mg/d vitamin C and 335 mg/d vitamin E) or a placebo group (PLA) following the same elastic-band RT program. Muscle mass, muscle strength, physical performance, oxidative stress-related indices (reduced glutathione [GSH] and oxidized glutathione [GSSG], GSH/GSSG ratio, malondialdehyde, and protein carbonyl), and pro-inflammatory factors (interleukin-6 [IL-6] and tumor necrosis factor-alpha) were evaluated at baseline and after the 12-week intervention. After 12 weeks, muscle mass, strength, and physical performance significantly increased (P < .05) in both the AS and PLA groups. However, the AS group had higher increases in arm lean mass (Δ = 0.96 vs 0.59 kg; P = .003, d = 0.74), skeletal muscle mass index (Δ = 0.71 vs 0.42 kg/m²; P = .004, d = 0.71), handgrip strength (Δ = 3.66 vs 1.16 kg; P = .047, d = 0.51), and knee extension strength (Δ = 2.28 vs 1.02 kg; P < .001, d = 0.89) than the PLA group. There were no differences in physical performance between the RT conditions over time. Regarding blood parameters, the AS group had increased GSH (P < .001, d = 1.52) and GSH/GSSG ratio (P < .001, d = 1.52), and reduced GSSG (P < .001, d = 0.96) and malondialdehyde (P < .001, d = 1.65) compared to the PLA group. The serum levels of IL-6 and tumor necrosis factor-alpha significantly decreased in the PLA and AS groups, but IL-6 was lower in the AS group than in the PLA group (P < .001, d = 1.16). Vitamins C and E supplementation combined with RT for 12 weeks resulted in superior adaptations in muscle mass and strength compared with RT with placebo, and the underlying mechanism could be related to the alleviation of oxidative stress and inflammation.",PubMed,https://pubmed.ncbi.nlm.nih.gov/40859523/,doi:10.1097/md.0000000000043976,include_title_abs,Potential eligible RCT at title/abstract stage,D_sarcopenia_context,Sarcopenia RCT; context or sensitivity only
37628515,PMC10454391,10.3390/healthcare11162317,"Short-Term Effects of Dietary Protein Supplementation on Physical Recovery in Older Patients at Risk of Malnutrition during Inpatient Rehabilitation: A Pilot, Randomized, Controlled Trial.",Strasser B; Grote V; Bily W; Nics H; Riedl P; Jira I; Fischer MJ,2023,"Healthcare (Basel, Switzerland)","It is estimated that about 50% of geriatric rehabilitation patients suffer from sarcopenia. Thereby, malnutrition is frequently associated with sarcopenia, and dietary intake is the main modifiable risk factor. During hospitalization, older adults are recommended to consume more dietary protein than the current recommended dietary allowance of 0.8 g/kg body weight per day to optimize the recovery of muscular strength and physical function. This prospective pilot study examined the feasibility and preliminary efficacy of short-term protein supplementation with protein-enriched foods and drinks on the hand-grip strength, nutritional status, and physical function of older patients at risk of malnutrition during a three-week inpatient orthopedic rehabilitation stay. The Mini Nutritional Assessment (MNA) tool was used to assess malnutrition. Patients with an MNA score ≤ 23.5 points were randomly assigned to an intervention group (goal: to consume 1.2-1.5 g protein/kg body weight per day) or a control group (standard care). Both groups carried out the same rehabilitation program. Physical recovery parameters were determined at admission and discharge. A trend was recognized for participants in the intervention group to consume more protein than the control group (p = 0.058): 95.3 (SD 13.2) g/day as compared to 77.2 (SD 24.2) g/day, which corresponds to a mean protein intake of 1.6 (SD 0.3) g/kg/day vs. 1.3 (SD 0.5) g/kg/day. Dietary protein supplementation increased body weight by an average of 0.9 (SD 1.1) kg and fat mass by an average of 0.9 (SD 1.2) kg as compared to the baseline (p = 0.039 and p = 0.050, respectively). No significant change in hand-grip strength, body composition, or physical function was observed. In conclusion, short-term intervention with protein-enriched foods and drinks enabled older patients at risk of malnutrition to increase their protein intake to levels that are higher than their required intake. In these older individuals with appropriate protein intake, dietary protein supplementation did not result in a greater improvement in physical recovery outcomes during short-term inpatient rehabilitation. The intervention improved dietary protein intake, but further research (e.g., a full-scale, randomized, controlled trial with sufficient power) is required to determine the effects on physical function outcomes.",PubMed,https://pubmed.ncbi.nlm.nih.gov/37628515/,doi:10.3390/healthcare11162317,include_title_abs,Potential eligible RCT at title/abstract stage,D_sarcopenia_context,Sarcopenia RCT; context or sensitivity only
40205689,PMC11981955,10.1002/jcsm.13789,Resistance and Impact Training During Weight Loss Improves Physical Function and Body Composition in Older Adults With Obesity.,Mesinovic J; Gandham A; Cervo MM; Jansons P; Glavas C; Braude M; Rodriguez JP; De Courten B; Zengin A; Beck BR,2025,"Journal of cachexia, sarcopenia and muscle","Weight loss achieved via energy restriction leads to significant losses in muscle and bone mass, potentially increasing risk for sarcopenia and osteoporosis. High-intensity resistance and impact training (HiRIT) might attenuate weight loss-induced musculoskeletal declines. Our objective was to compare changes in physical function and body composition in older adults with obesity undertaking dietary weight loss combined with HiRIT or aerobic training (AT). Sixty older adults (aged ≥ 60 years) with obesity (dual-energy x-ray absorptiometry determined body fat percentage ≥ 30% in men and ≥ 40% in women) and a mobility limitation (Short Physical Performance Battery [SPPB] score ≤ 11) were randomly assigned to either 12 weeks of supervised, centre-based HiRIT or self-directed, home-based AT while consuming a hypocaloric diet (750-1000 kcal/day reduction in energy intake). Changes in physical function (primary outcome: gait speed) and body composition were compared between groups. A total of 49/60 randomised participants (mean age: 69.6 ± 6 years; 58% women; mean BMI: 32.9 ± 4.1 kg/m2) completed the trial. Gait speed increased following HiRIT compared with AT (mean difference: 0.07 m/s [95% CI: 0.01, 0.13]). Chair stand times decreased in both groups (HiRIT: -1.3 s [95% CI: -2.1, -0.4] vs. AT: -0.8 s [95% CI: -1.6, -0.04]) and HiRIT, but not AT, increased handgrip strength (HiRIT: 2.2 kg [95% CI: 0.6, 3.9] vs. AT: 0.7 kg [95% CI: -0.9, 2.3]) and SPPB scores (HiRIT: 0.9 [95% CI: 0.4, 1.3] vs. AT: 0.4 [95% CI: -0.04, 0.8]). Similar decreases in total body mass (HiRIT: -5.1 kg [95% CI: -6.7, -3.4] vs. AT: -4.9 kg [95% CI: -6.5, -3.3]), fat mass (HiRIT: -3.6 kg [95% CI: -5.0, -2.2] vs. AT: -3.3 kg [95% CI: -4.7, -2.0]), visceral fat (HiRIT: -32.1 cm2 [95% CI: -47.4, -16.8] vs. AT: -31.4 cm2 [95% CI: -46.1, -16.8]) and appendicular lean mass (HiRIT: -0.8 kg [95% CI: -1.4, -0.2] vs. AT: -1.2 kg [95% CI: -1.8, -0.6]) were observed. HiRIT was well tolerated with only seven minor adverse events compared with five reported in those who completed AT. HiRIT appears to be safe and more effective than AT for improving gait speed in older adults with obesity undertaking dietary weight loss. Additional trials with larger sample sizes and longer durations are warranted to explore whether HiRIT can attenuate weight loss-related muscle and bone mass declines. Australian New Zealand Clinical Trials: ACTRN12618001146280.",PubMed,https://pubmed.ncbi.nlm.nih.gov/40205689/,doi:10.1002/jcsm.13789,include_title_abs,Potential eligible RCT at title/abstract stage,D_sarcopenia_context,Sarcopenia RCT; context or sensitivity only
31687984,,10.1097/PHM.0000000000001344,Effects of Elastic Resistance Exercise After Total Knee Replacement on Muscle Mass and Physical Function in Elderly Women With Osteoarthritis: A Randomized Controlled Trial.,Liao CD; Tsauo JY; Chiu YS; Ku JW; Huang SW; Liou TH,2020,American journal of physical medicine & rehabilitation,"Knee osteoarthritis and age are associated with high sarcopenia risk, especially in patients who have received total knee replacement. The aim of this study was to identify the effects of elastic resistance exercise training after total knee replacement on muscle mass and physical outcomes in older women with knee osteoarthritis. Sixty older women who received unilateral primary total knee replacement surgery were randomized to an experimental group, which received 12 wks of postoperative elastic resistance exercise training, or a control group, which received standard care. The outcome measures included physical function performance (ie, Timed Up & Go, gait speed, forward reach, single-leg stance, timed chair rise), appendicular lean mass, and the Western Ontario and McMaster Universities Osteoarthritis Index. The assessment time points were 2 wks before surgery (T0), 1 mo after surgery (T1, before resistance exercise training), and 4 mos after surgery (T2, upon completion of resistance exercise training). After 12 wks of postoperative elastic resistance exercise training, the experimental group exhibited a significantly greater change in appendicular lean mass (mean difference = 0.81 kg, P = 0.004) than the control group. Elastic resistance exercise training also exerted significant effects on Timed Up & Go and gait speed with mean differences of 0.28 m/sec (P < 0.001) and -2.66 secs (P < 0.001), respectively. A 12-wk elastic resistance exercise training program after total knee replacement exerted benefits on muscle mass, mobility, and Western Ontario and McMaster Universities Osteoarthritis Index functional outcomes in older women with knee osteoarthritis.",PubMed,https://pubmed.ncbi.nlm.nih.gov/31687984/,doi:10.1097/phm.0000000000001344,include_title_abs,Potential eligible RCT at title/abstract stage,D_sarcopenia_context,Sarcopenia RCT; context or sensitivity only
27893087,PMC5554402,10.7326/M16-0830,Targeting Functional Decline in Alzheimer Disease: A Randomized Trial.,Callahan CM; Boustani MA; Schmid AA; LaMantia MA; Austrom MG; Miller DK; Gao S; Ferguson DY; Lane KA; Hendrie HC,2017,Annals of internal medicine,"Alzheimer disease results in progressive functional decline, leading to loss of independence. To determine whether collaborative care plus 2 years of home-based occupational therapy delays functional decline. Randomized, controlled clinical trial. (ClinicalTrials.gov: NCT01314950). Urban public health system. 180 community-dwelling participants with Alzheimer disease and their informal caregivers. All participants received collaborative care for dementia. Patients in the intervention group also received in-home occupational therapy delivered in 24 sessions over 2 years. The primary outcome measure was the Alzheimer's Disease Cooperative Study Group Activities of Daily Living Scale (ADCS ADL); performance-based measures included the Short Physical Performance Battery (SPPB) and Short Portable Sarcopenia Measure (SPSM). At baseline, clinical characteristics did not differ significantly between groups; the mean Mini-Mental State Examination score for both groups was 19 (SD, 7). The intervention group received a median of 18 home visits from the study occupational therapists. In both groups, ADCS ADL scores declined over 24 months. At the primary end point of 24 months, ADCS ADL scores did not differ between groups (mean difference, 2.34 [95% CI, -5.27 to 9.96]). We also could not definitively demonstrate between-group differences in mean SPPB or SPSM values. The results of this trial are indeterminate and do not rule out potential clinically important effects of the intervention. The authors could not definitively demonstrate whether the addition of 2 years of in-home occupational therapy to a collaborative care management model slowed the rate of functional decline among persons with Alzheimer disease. This trial underscores the burden undertaken by caregivers as they provide care for family members with Alzheimer disease and the difficulty in slowing functional decline. National Institute on Aging.",PubMed,https://pubmed.ncbi.nlm.nih.gov/27893087/,doi:10.7326/m16-0830,include_title_abs,Potential eligible RCT at title/abstract stage,D_sarcopenia_context,Sarcopenia RCT; context or sensitivity only
38656072,PMC11027183,10.1590/1414-431X2024e13282,Effect of whole-body vibration stimulation on plasma soluble TNF receptors in elderly with sarcopenia: a randomized controlled trial.,Almeida HC; Lage VKS; Taiar R; Santos JM; Paula FA; Rapin A; Sá-Caputo DC; Bernardo-Filho M; Lacerda ACR; Mendonça VA,2024,Brazilian journal of medical and biological research = Revista brasileira de pesquisas medicas e biologicas,"Sarcopenia is a pathology resulting from a progressive and severe loss of muscle mass, strength, and function in the course of aging, which has deleterious consequences on quality of life. Among the most widespread studies on the issue are those focused on the effect of different types of physical exercise on patients with sarcopenia. This randomized controlled study aimed to compare the effects of a whole-body vibration exercise (WBV) session on the inflammatory parameters of non-sarcopenic (NSG, n=22) and sarcopenic elderly (SG, n=22). NSG and SG participants were randomly divided into two protocols: intervention (squat with WBV) and control (squat without WBV). After a one-week washout period, participants switched protocols, so that everyone performed both protocols. Body composition was assessed by dual-energy radiological absorptiometry (DXA) and function through the six-minute walk test (6MWD) and Short Physical Performance Battery (SPPB). Plasma soluble tumor necrosis factor receptors (sTNFR) were determined by enzyme-linked immunosorbent assay (ELISA) and measured before and immediately after each protocol. After exercise with WBV, there was an increase in sTNFR2 levels in the NSG (P<0.01; d=-0.69 (-1.30; -0.08) and SG (P<0.01, d=-0.95 (-1.57; -0.32) groups. In conclusion, an acute session of WBV influenced sTNFr2 levels, with sarcopenic individuals showing a greater effect. This suggested that WBV had a more pronounced impact on sTNFr2 in those with loss of muscle strength and/or physical performance. Additionally, WBV is gaining recognition as an efficient strategy for those with persistent health issues.",PubMed,https://pubmed.ncbi.nlm.nih.gov/38656072/,doi:10.1590/1414-431x2024e13282,include_title_abs,Potential eligible RCT at title/abstract stage,D_sarcopenia_context,Sarcopenia RCT; context or sensitivity only
25258523,PMC4172033,10.2147/CIA.S67449,"Nutrient-rich dairy proteins improve appendicular skeletal muscle mass and physical performance, and attenuate the loss of muscle strength in older men and women subjects: a single-blind randomized clinical trial.",Alemán-Mateo H; Carreón VR; Macías L; Astiazaran-García H; Gallegos-Aguilar AC; Enríquez JR,2014,Clinical interventions in aging,"At present, it is unknown whether the use of nutrient-rich dairy proteins improves the markers of sarcopenia syndrome. Therefore, our proposal was to investigate whether adding 210 g of ricotta cheese daily would improve skeletal muscle mass, handgrip strength, and physical performance in non-sarcopenic older subjects. This was a single-blind randomized clinical trial that included two homogeneous, randomized groups of men and women over 60 years of age. Participants in the intervention group were asked to consume their habitual diet but add 210 g of ricotta cheese (IG/HD + RCH), while the control group was instructed to consume only their habitual diet (CG/HD). Basal and 12-week follow-up measurements included appendicular skeletal muscle mass (ASMM) by dual-energy X-ray absorptiometry, handgrip strength by a handheld dynamometer, and physical performance using the short physical performance battery (SPPB) and the stair-climb power test (SCPT). The main outcomes were relative changes in ASMM, strength, SPPB, and SCPT. ASMM increased in the IG/HD + RCH (0.6±3.5 kg), but decreased in the CG/HD (-1.0±2.6). The relative change between groups was statistically significant (P=0.009). The relative change in strength in both groups was negative, but the loss of muscle strength was more pronounced in CG/HD, though in this regard statistical analysis found only a tendency (P=0.07). The relative change in the balance-test scores was positive for the IG/HD + RCH, while in the CG/HD it was negative, as those individuals had poorer balance. In this case, the relative change between groups did reach statistical significance. The addition of 210 g of ricotta cheese improves ASMM and balance-test scores, while attenuating the loss of muscle strength. These results suggest that adding ricotta cheese to the habitual diet is a promising dietetic strategy that may improve the markers of sarcopenia in subjects without a pronounced loss of ASMM or sarcopenia.",PubMed,https://pubmed.ncbi.nlm.nih.gov/25258523/,doi:10.2147/cia.s67449,include_title_abs,Potential eligible RCT at title/abstract stage,D_sarcopenia_context,Sarcopenia RCT; context or sensitivity only
31826368,,10.6133/apjcn.201912_28(4).0007,Effect of exercise therapy combined with branched-chain amino acid supplementation on muscle strength in elderly women after total hip arthroplasty: a randomized controlled trial.,Ikeda T; Matsunaga Y; Kanbara M; Kamono A; Masuda T; Watanabe M; Nakanishi R; Jinno T,2019,Asia Pacific journal of clinical nutrition,"Many patients develop a prolonged decrease of muscle strength after total hip arthroplasty (THA) despite their reconstructed hip joint. Physical exercise combined with branched-chain amino acid (BCAA) supplementation has been reported to improve muscle strength in elderly persons with sarcopenia. However, the effect of BCAA supplementation in patients after THA is unknown. This study examined the effects of BCAA supplementation combined with exercise therapy on the improvement of physical function in elderly patients after THA. The subjects were 31 elderly women who underwent THA. The participants were randomly assigned to two groups: BCAA (n=18) and control (n=13). The combined therapy was carried out for one month after THA. For the exercise intervention, a 3-set physical exercise program was conducted. For the nutritional intervention, the participants consumed 3.4 g of BCAA supplement or 1.2 g of starch immediately after the exercise intervention. BCAA supplementation combined with muscle strengthening exercises had a significant effect on knee extension strength of the contralateral side and on upper arm cross-sectional area. The improvement ratio of knee extension strength before and after intervention on the operated side was also significantly higher in the BCAA group. BCAA supplementation is effective for patients to improve the strength of some muscles when combined with physical exercises, but hip abductor muscle strength of the operated leg did not improve. A future study is needed to determine the efficacy of this combined therapy for hip abductor muscle strength.",PubMed,https://pubmed.ncbi.nlm.nih.gov/31826368/,doi:10.6133/apjcn.201912_28(4).0007,include_title_abs,Potential eligible RCT at title/abstract stage,D_sarcopenia_context,Sarcopenia RCT; context or sensitivity only
38409184,PMC10898163,10.1186/s13102-024-00849-x,The effects of TRX suspension training on sarcopenic biomarkers and functional abilities in elderlies with sarcopenia: a controlled clinical trial.,Rezaei S; Eslami R; Tartibian B,2024,"BMC sports science, medicine & rehabilitation","Sarcopenia is an age-related progressive loss of muscle mass and strength that can be modulated by resistance training. This study aimed to investigate the effects of TRX Suspension Training (TST) on serum levels of neuromuscular and growth factors and functional indices in elderly men with sarcopenia, an age-related condition characterized by progressive muscle mass and strength loss. Nineteen sarcopenic elderly men (age = 74.87 ± 4.58 years) were randomly assigned into two groups, the TST group (n = 10) and the control group (n = 9). Serum concentrations of regulatory muscle markers, anthropometric and body composition indices, and functional tests were evaluated at baseline and after 8 weeks. The training protocol consisted of eight weeks of TRX exercises, with three weekly sessions. After 8 weeks of training, growth factors such as Follistatin (FST) (P = 0.001), 22 kDa C-terminal agrin fragment (CAF) (P = 0.031), and growth differentiation factor 15 (GDF15) (P = 0.049) increased significantly in the training group in comparison to the control group and Myostatin (MSTN) (P = 0.002) had a significant decrease. However, there was no significant difference in ASMM/m2 (P = 0.527), SMM/m2 (P = 0.621), or Body fat mass (P = 0.433) within or between groups. In addition, the TRX Suspension Training had a significant effect on the functional tests and improved gait speed (P = 0.037), chair stand (P = 0.016), and TUG (P = 0.016) as well as Handgrip strength (P = 0.035). Our findings highlight the efficacy of TRX Suspension Training in enhancing the serum levels of muscle growth factors and functional capacities among elderly individuals with sarcopenia. Therefore, considering the ongoing COVID-19 pandemic, this protocol can prove beneficial for this demographic group. Iranian Registry of Clinical Trials identifier: IRCT20230727058944N1, prospectively registered 20-09-2023, https://en.irct.ir/trial/71635.",PubMed,https://pubmed.ncbi.nlm.nih.gov/38409184/,doi:10.1186/s13102-024-00849-x,include_title_abs,Potential eligible RCT at title/abstract stage,D_sarcopenia_context,Sarcopenia RCT; context or sensitivity only
41485118,,10.1002/ncp.70083,Rehabilitation effects of whole-body vibration training combined with blood flow restriction training on sarcopenia in older adults: A randomized prospective study.,Zhu Q; Zhang P; Cui T; Yang M; Lu M; Pu X,2026,Nutrition in clinical practice : official publication of the American Society for Parenteral and Enteral Nutrition,"Considering sarcopenia's major health threat to older adults and the limited efficacy of current treatments, this study aims to unveil the rehabilitation effects of whole-body vibration training (WBVT) combined with blood flow restriction (BFR) training on older patients with sarcopenia. This study is a randomized controlled experiment. Seventy-four older patients with sarcopenia were randomly split into observation and control groups (37 each). Both groups received nutrition support; the control group underwent conventional rehabilitation, whereas the observation group underwent an additional 6-week WBVT and BFR training. Outcomes included skeletal muscle mass index (SMI), appendicular SMI (ASMI), grip strength, 6-min walk test (6MWT), self-care ability (Short Physical Performance Battery Score [SPPB]), and daily living ability (Activity of Daily Living Scale [ADL]). After the intervention, SMI and ASMI increased, with higher values in the observation group (P < 0.05); 6MWT and grip strength improved in both groups, with higher values in the observation group (P < 0.05); and SPPB and ADL scores increased in both groups, with higher scores in the observation group (P < 0.05). WBVT combined with BFR training effectively enhances muscle strength, improves motor function, and increases the quality of life in older patients with sarcopenia.",PubMed,https://pubmed.ncbi.nlm.nih.gov/41485118/,doi:10.1002/ncp.70083,include_title_abs,Potential eligible RCT at title/abstract stage,D_sarcopenia_context,Sarcopenia RCT; context or sensitivity only
41577337,,10.1111/bph.70355,Glucagon-like peptide-1 receptor agonists and muscle strength changes in older adults: Risks beyond muscle mass reductions.,Prokopidis K,2026,British journal of pharmacology,"Gastric inhibitory polypeptide (GIP)/Glucagon-like peptide-1 (GLP-1) receptor agonists are increasingly prescribed for the management of obesity and type 2 diabetes, yet research pertinent to their effects on muscle health is limited. Considering the central role of muscle strength as a sarcopenia component, this article summarizes emerging evidence on insulin-based therapies and muscle strength. Short-to-mid-term trials of semaglutide or liraglutide in adults with obesity have shown statistically preserved handgrip strength despite reductions in lean soft tissue mass, suggesting that muscle strength may not decline proportionally to weight loss. Likewise, tirzepatide combined with resistance and aerobic training in young men may not confer additional strength benefits beyond exercise alone. In contrast, longitudinal and retrospective research in older adults with type 2 diabetes have reported reductions in handgrip strength and accelerated sarcopenia with prolonged semaglutide use, raising concerns about potentially detrimental effects on neuromuscular health. Collectively, these findings indicate that lean soft tissue loss is not a reliable predictor of muscle strength change following GIP/GLP-1 agonists. While shorter term studies suggest relative preservation, longer term data in older adults point to possible risk of muscle strength decline. Future randomized, double-blinded trials with adequate sample sizes and longer follow-ups are warranted, particularly in older populations who are at an increased risk of sarcopenia. Their findings could support the integration of muscle strength outcomes into clinical monitoring and trial design to ensure that GIP/GLP-1 agonist-based strategies may not compromise muscle strength in these populations during weight loss.",PubMed,https://pubmed.ncbi.nlm.nih.gov/41577337/,doi:10.1111/bph.70355,include_title_abs,Potential eligible RCT at title/abstract stage,D_sarcopenia_context,Sarcopenia RCT; context or sensitivity only
39751920,,10.1007/s00394-024-03575-9,The effects of dietary protein on physical performance and body composition in middle age and older people having type II diabetes mellitus: a randomized pilot study.,Argyropoulou D; Nomikos T; Terzis G; Tataki S; Geladas ND; Paschalis V,2025,European journal of nutrition,"Protein supplementation has been proposed as an effective dietary strategy for maintaining or increasing skeletal muscle mass and improving physical performance in middle-aged and older adults. Diabetes mellitus exacerbates muscle mass loss, leading to many older adults with type 2 diabetes mellitus (T2DM) experiencing sarcopenia, and vice versa. Our objective was to assess the impact of increased dietary protein intake on muscle mass, strength, physical performance, and the progression of T2DM in middle-aged and older adults diagnosed with this condition. A 12-week randomized, controlled, parallel pilot study was conducted with 26 patients diagnosed with T2DM and had either low muscle mass, or low muscle strength or poor physical performance (age > 55 years old), aiming to investigate the effects of a protein-rich diet in sarcopenic and metabolic markers. The control group received 0.8-1.0 g/kg/day, while the intervention group received 1.2-1.5 g/kg/day of protein respectively. Body composition, muscle mass/strength and biochemical parameters were measured before and after the intervention period. Different kinetics of skeletal muscle index (SMI), appendicular lean mass (ALM), hand grip strength (HGS), gait speed (GS) and standing balance (SB) (p < 0.05) were observed between two groups. Specifically, the intervention group showed a significant improvement in HGS (p < 0.001) and physical performance (timed-up-and-go, p < 0.001; GS, p = 0.011; SB, p = 0.022), while the control group had its ALM (p = 0.014), SMI (p = 0.011) and HGS (p = 0.011) significantly reduced. The kinetics of metabolic markers indices was similar for both groups. Current recommendation for protein intake (0.8-1 g/kg/day) is certainly not enough to ameliorate the muscle mass loss in middle age and older adults' individuals with T2DM. In contrast, protein intake of 1.2-1.5 g/kg/day seems to be a more appropriate recommendation to combat upcoming sarcopenia, nonetheless the progression of T2DM was not interrupted.",PubMed,https://pubmed.ncbi.nlm.nih.gov/39751920/,doi:10.1007/s00394-024-03575-9,include_title_abs,Potential eligible RCT at title/abstract stage,D_sarcopenia_context,Sarcopenia RCT; context or sensitivity only
41184220,PMC12582911,10.1002/jcsm.70080,Postinactivity Exercise Training Improves Sarcopenia Traits in 40-60-Year-Old Women Regardless of Fortified Milk Supplementation.,Trezise J; Lima RM; Poppitt SD; Fanning AC; Devine A; Blazevich AJ,2025,"Journal of cachexia, sarcopenia and muscle","The term sarcopenia was introduced to describe the age-related decline in muscle mass, but current definitions also include measures of muscle strength and function. Menopause increases sarcopenia risk and may exacerbate the adverse effects of physical inactivity. Exercise training is a potent stimulus to restore muscle health, and nutritional supplementation can further improve the outcomes. The purposes of this study were to examine the changes in a set of sarcopenia-related phenotypes induced by a 14-day step-reduction period followed by a 12-week exercise training programme, with or without fortified milk supplementation in healthy 40-60-year-old females, and to determine whether menopausal status interacted with these changes. In this double-blind, placebo-controlled randomized trial, females aged 40-60 years were evaluated before and after 2 weeks of reduced activity monitored through pedometer and after a subsequent 12-week exercise + nutrition programme with ingestion of a fortified milk product (FMP) or placebo. Muscle volume (dual-energy X-ray absorptiometry [DXA] and peripheral quantitative computed tomography), handgrip (hydraulic handheld dynamometer), knee extensor and plantar flexor strength (isokinetic dynamometer) and a variety of physical function measures were assessed at all timepoints. Eighty-three self-reported healthy females (50.7 ± 5.3 years; 52 postmenopausal) completed the reduced-activity period, and 67 completed the subsequent exercise training + nutrition phase. At baseline, participants averaged 8323 ± 3077 daily steps and then decreased to 1876 ± 729 during the reduced-activity period. Mean sarcopenia outcomes declined after 2 weeks of activity restriction, with significant changes (p < 0.05) in shank muscle cross-sectional area (CSA) (67.7 ± 9.9 to 66.5 ± 9.9 cm2), handgrip strength (25.3 ± 5.0 to 24.0 ± 5.3 kg), knee extensor peak torque (134.7 ± 36.2 to 122.7 ± 34.5 Nm) and stair ascending time (3.6 ± 0.6 to 3.7 ± 0.6 s) and power (367.6 ± 67.6 to 356.7 ± 67.7 W), with no significant time × menopause interactions (p > 0.05 for all variables). All muscle mass, strength and function outcomes were not only improved after exercise training + nutrition but also significantly increased compared to preintervention baseline (all p < 0.05). No training × menopause or training × supplementation interactions were observed for any variable (both p > 0.05). Two weeks of step reduction negatively affected muscle mass, strength and physical function in 40-60-year-old females. A 12-week training programme including strength exercises and dietary supplementation not only recovered muscular health but also promoted improvements above the baseline before the physical activity restriction. Menopause status did not influence changes in response to step reduction or exercise, and the addition of a fortified milk product during the training period did not influence the induced adaptations.",PubMed,https://pubmed.ncbi.nlm.nih.gov/41184220/,doi:10.1002/jcsm.70080,include_title_abs,Potential eligible RCT at title/abstract stage,D_sarcopenia_context,Sarcopenia RCT; context or sensitivity only
33244565,PMC12876580,10.1007/s12603-020-1429-x,Effectiveness of a Short-Term Mixed Exercise Program for Treating Sarcopenia in Hospitalized Patients Aged 80 Years and Older: A Prospective Clinical Trial.,Wang R; Liang Y; Jiang J; Chen M; Li L; Yang H; Tan L; Yang M,2020,"The journal of nutrition, health & aging","To assess the effectiveness of short-term exercise for treating sarcopenia in hospitalized older patients aged 80 years and over. Prospective clinical trial. A post-acute care unit. Sarcopenic patients aged 80 years or over. The participants were allocated to the intervention group (to receive a mixed exercise program with 10 sessions over two weeks) or the control group (usual care) based on the sequence of admission. The primary outcome was the improvement in activities of daily living (ADL) estimated by the change in Barthel Index (BI) score from the baseline to the end of the 2-week intervention. The secondary outcomes were the changes in gait speed, handgrip strength, the time ""UP and GO"" test (TUG) score, and the Short Physical Performance Battery (SPPB) score. We included 121 participants (intervention group: n = 62; control group: n = 59). All participants in the intervention group finished all 10 exercise sessions. After the 2-week intervention, patients in the mixed exercise group achieved a significant improvement in ADL compared with their counterparts in the control group (the adjusted mean difference of the change in BI score was 7.8 points, 95% confidence interval (CI) 4.0 to 11.8 points). The mixed exercise program significantly but slightly improved gait speed (adjusted group difference in mean change: 0.06 m/s, 95% CI 0.02 to 0.11 m/s). However, the mixed exercise program did not significantly improve the handgrip strength, SPPB score, or TUG score compared with usual care. Very old inpatients with sarcopenia can benefit from a mixed exercise program (even as short as two weeks) by improving their ADL and gait speed. However, the long-term effects of exercise on important clinical outcomes need to be further evaluated.",PubMed,https://pubmed.ncbi.nlm.nih.gov/33244565/,doi:10.1007/s12603-020-1429-x,include_title_abs,Potential eligible RCT at title/abstract stage,D_sarcopenia_context,Sarcopenia RCT; context or sensitivity only
38452652,,10.1016/j.archger.2024.105374,Association between the sarcopenia-related traits and Parkinson's disease: A bidirectional two-sample Mendelian randomization study.,She Y; He Y; Wu J; Liu N,2024,Archives of gerontology and geriatrics,"To explore the causal association between sarcopenia-related traits and Parkinson's disease by Mendelian randomization (MR) approach. A genome-wide association study (GWAS) of sarcopenia-related traits was done at the UK Biobank (UKB). The traits were appendicular lean mass, low hand grip strength (including the European Working Group on Sarcopenia in Older People (EWGSOP) and the Foundation for the National Institutes of Health (FNIH) criteria and usual walking pace. The International Parkinson's Disease Genomics Consortium (IPDGC) gave us GWAS data for Parkinson's disease (PD). We used three different types of MR analyses: including Inverse-variance weighted (IVW), Mendelian randomized Egger regression (MR-Egger), and weighted median methods (both weighted and simple modes). The MR analysis showed that low hand grip strength was negatively associated with the risk of developing Parkinson's disease, including EWGSOP criterion (odds ratio (OR) = 0.734; 95% confidence interval (CI) = 0.575-0.937, P = 0.013) and FNIH criterion (OR = 0.619; 95% CI = 0.419-0.914, P = 0.016), and usual walking pace was also a risk factor for Parkinson's disease (OR = 3.307, 95% CI = 1.277-8.565, P = 0.014). In European population, low hand grip strength is negatively associated with the risk of developing Parkinson's disease, and usual walking pace is also a risk factor for Parkinson's disease. Further exploration of the potential genetic mechanisms underlying hand grip strength and Parkinson's disease and the potential relationship between walking pace, balance, and falls in Parkinson's patients may help to reduce the burden of sarcopenia and Parkinson's disease.",PubMed,https://pubmed.ncbi.nlm.nih.gov/38452652/,doi:10.1016/j.archger.2024.105374,include_title_abs,Potential eligible RCT at title/abstract stage,D_sarcopenia_context,Sarcopenia RCT; context or sensitivity only
32585837,PMC7353259,10.3390/nu12061866,"Supplementation with Whey Protein, Omega-3 Fatty Acids and Polyphenols Combined with Electrical Muscle Stimulation Increases Muscle Strength in Elderly Adults with Limited Mobility: A Randomized Controlled Trial.",Boutry-Regard C; Vinyes-Parés G; Breuillé D; Moritani T,2020,Nutrients,"Age-related sarcopenia is a progressive and generalized skeletal muscle disorder associated with adverse outcomes. Herein, we evaluate the effects of a combination of electrical muscle stimulation (EMS) and a whey-based nutritional supplement (with or without polyphenols and fish oil-derived omega-3 fatty acids) on muscle function and size. Free-living elderly participants with mobility limitations were included in this study. They received 2 sessions of EMS per week and were randomly assigned to ingest an isocaloric beverage and capsules for 12 weeks: (1) carbohydrate + placebo capsules (CHO, n = 12), (2) whey protein isolate + placebo capsules (WPI, n = 15) and (3) whey protein isolate + bioactives (BIO) capsules containing omega-3 fatty acids, rutin, and curcumin (WPI + BIO, n = 10). The change in knee extension strength was significantly improved by 13% in the WPI + BIO group versus CHO on top of EMS, while WPI alone did not provide a significant benefit over CHO. On top of this, there was the largest improvement in gait speed (8%). The combination of EMS and this specific nutritional intervention could be considered as a new approach for the prevention of sarcopenia but more work is needed before this approach should be recommended. This trial was registered at the Japanese University Hospital Medical Information Network (UMIN) clinical trial registry (UMIN000008382).",PubMed,https://pubmed.ncbi.nlm.nih.gov/32585837/,doi:10.3390/nu12061866,include_title_abs,Potential eligible RCT at title/abstract stage,D_sarcopenia_context,Sarcopenia RCT; context or sensitivity only
37402352,,10.1111/anae.16072,A randomised controlled trial of prehabilitation in patients undergoing elective cardiac surgery.,Akowuah EF; Wagnild JM; Bardgett M; Prichard JG; Mathias A; Harrison SL; Ogundimu EO; Hancock HC; Maier RH; PREPs Trial investigators,2023,Anaesthesia,"The feasibility, safety and efficacy of prehabilitation in adult patients awaiting elective cardiac surgery are unknown. A total of 180 participants undergoing elective cardiac surgery were allocated randomly to receive either standard pre-operative care or prehabilitation, consisting of pre-operative exercise and inspiratory muscle training. The primary outcome was change in six-minute walk test distance from baseline to pre-operative assessment. Secondary outcomes included change in inspiratory muscle strength (maximal inspiratory pressure); sarcopenia (handgrip strength); quality of life and compliance. Safety outcomes were pre-specified surgical and pulmonary complications and adverse events. All outcomes were assessed at baseline; at pre-operative assessment; and 6 and 12 weeks following surgery. Mean (SD) age was 64.7 (10.2) years; 33/180 (18%) were women. In total, 65/91 (71.4%) participants who were allocated to prehabilitation attended at least four of eight supervised in-hospital exercise classes; participants aged > 50 years were more likely than younger participants to attend (odds ratio (95%CI) of 4.6 (1.0-25.1)). Six-minute walk test was not significantly different between groups (mean difference (95%CI) -7.8 m (-30.6-15.0), p = 0.503) in the intention-to-treat analysis. Subgroup analyses based on tests for interaction indicated improvements in six-minute walk test distance were larger amongst sarcopenic patients in the prehabilitation group (p = 0.004). Change in maximal inspiratory pressure from baseline to all time-points was significantly greater in the prehabilitation group, with the greatest mean difference (95%CI) observed 12 weeks after surgery (10.6 cmH2 O (4.6-16.6) cmH2 O, p < 0.001). There were no differences in handgrip strength or quality of life up to 12 weeks after surgery. There was no significant difference in postoperative mortality (one death in each group), surgical or pulmonary complications. Of 71 pre-operative adverse events, six (8.5%) were related to prehabilitation. The combination of exercise and inspiratory muscle training in a prehabilitation intervention before cardiac surgery was not superior to standard care in improving functional exercise capacity measured by six-minute walk test distance pre-operatively. Future trials should target patients living with sarcopenia and include inspiratory muscle strength training.",PubMed,https://pubmed.ncbi.nlm.nih.gov/37402352/,doi:10.1111/anae.16072,include_title_abs,Potential eligible RCT at title/abstract stage,D_sarcopenia_context,Sarcopenia RCT; context or sensitivity only
39860619,PMC11765574,10.3390/jcm14020615,"Impact of Resistance Exercise and Nitrate Supplementation on Muscle Function and Clinical Outcomes After Knee Osteoarthritis Surgery in Middle-Aged Women with Sarcopenia: A Randomized, Double-Blind, Placebo-Controlled Clinical Trial.",Park HS; Yoon JH; Oh JK,2025,Journal of clinical medicine,"Background/Objectives: Sarcopenia, characterized by reduced muscle mass and strength, is associated with osteoarthritis (OA), particularly in middle-aged women, and may worsen postoperatively. Resistance exercise (RE) can resolve sarcopenia; however, recovery is often suboptimal. Nitrate (NO3-) supplementation may enhance muscle recovery and complement RE. We investigated whether NO3- supplementation combined with RE improves thigh muscle mass and strength in middle-aged women during postoperative rehabilitation. Methods: We conducted a prospective randomized placebo-controlled double-blind study including 36 middle-aged women with sarcopenia and cartilage defects undergoing mesenchymal stem cell implantation. Participants were assigned to RE with NO3- supplementation (NG, n = 18) or with placebo (PG, n = 18) groups. Both groups underwent 12 weeks of supervised RE. The primary outcomes were thigh muscle cross-sectional area (CSA) and knee strength, whereas functional and clinical measures, including the Short Physical Performance Battery (SPPB), skeletal muscle index (SMI), International Knee Documentation Committee (IKDC), and Western Ontario and McMaster Universities Osteoarthritis Index (WOMAC) scores, were secondary outcomes. Results: Thigh muscle CSA decreased in the PG but was maintained in the NG. Knee extension strength improved significantly in the NG compared with that in the PG at 6 and 12 weeks. Knee flexion strength also improved rapidly in the NG, with a significant increase at 6 weeks. SPPB and IKDC scores improved significantly in the NG. However, similar improvements were observed for WOMAC scores in both groups. Conclusions: NO3- supplementation combined with RE effectively prevented muscle atrophy and enhanced muscle strength in our study participants, indicating potential for improving postoperative recovery.",PubMed,https://pubmed.ncbi.nlm.nih.gov/39860619/,doi:10.3390/jcm14020615,include_title_abs,Potential eligible RCT at title/abstract stage,D_sarcopenia_context,Sarcopenia RCT; context or sensitivity only
41388544,PMC12822174,10.1186/s12937-025-01272-9,The effect of a diet based on vegetable and dairy protein on biochemical and functional indicators of sarcopenia in patients with liver cirrhosis: a randomized controlled trial.,Taghizadeh M; Khalese-Ranjbar B; Ostevari A; Taher M; Sohrabpour AA; Yekaninejad MS; Hosseinzadeh-Attar MJ; Asghari S,2025,Nutrition journal,"Sarcopenia, a prevalent complication of cirrhosis, is strongly linked to adverse clinical outcomes including hepatic encephalopathy and increased mortality which underscoring the urgent need for effective prevention and treatment strategies. This study investigates the effects of a diet based on vegetable and dairy protein on sarcopenia-related parameters in patients with cirrhosis. This randomized, controlled clinical trial was carried out on 42 patients with cirrhosis aged 30 to 60 years. Patients were randomly assigned to either the diet based on vegetable and dairy protein (n = 21) or the standard omnivorous isocaloric and isonitrogenous diet (n = 21). Fasting blood samples, anthropometric measurements, handgrip strength, five times sit to stand (5STS) test, four meters gate speed (4MGS) as well as dietary intake and physical activity data were collected for all patients at the baseline and after 12 weeks of the intervention. Following 12 weeks of intervention, functional indicators of sarcopenia including handgrip strength, 4MGS, and the 5STS improved in vegetable and dairy protein-based diet group; however, no significant differences were found between the intervention and control groups (P > 0.05). Blood ammonia and myostatin levels remained stable in the vegetable and dairy protein-based diet group, whereas these biomarkers significantly increased in the standard diet group (P = 0.03). Moreover, a significant between-group difference was observed in blood ammonia levels (P = 0.02). Anthropometric indices including weight, BMI, mid-arm circumference (MAC), triceps skinfold (TSF), and mid-arm muscle circumference (MAMC) did not show significant differences between two groups (P > 0.05). In conclusion, a vegetable and dairy protein-based diet effectively inhibited significant elevations in ammonia levels compared to the standard diet in persons with liver cirrhosis; however, anthropometric parameters and muscle function did not differ between two groups.",PubMed,https://pubmed.ncbi.nlm.nih.gov/41388544/,doi:10.1186/s12937-025-01272-9,include_title_abs,Potential eligible RCT at title/abstract stage,D_sarcopenia_context,Sarcopenia RCT; context or sensitivity only
40339065,PMC12202034,10.1093/gerona/glaf103,Association Between Changes in Body Composition and Physical Function After Intensive Behavioral Weight-loss Intervention: A Look AHEAD Trial Subgroup Analysis.,Chae K; Bettencourt AF; Houston DK; Simonsick EM; Ferrucci L; Kalyani RR; Schoenborn N; Clark JM; Gudzune KA,2025,"The journals of gerontology. Series A, Biological sciences and medical sciences","Intentional weight loss improves physical function among older adults with obesity, despite the associated lean mass loss. However, prior studies have not assessed the impacts of weight loss on physical function and body composition among older adults with type 2 diabetes mellitus and obesity, a population at high risk for sarcopenia and functional decline. Our objective was to examine differences in body composition changes by physical function status among middle-aged and older adults with type 2 diabetes mellitus and overweight/obesity participating in an intensive weight-loss intervention of diet and exercise over 12 months. We conducted a secondary analysis of 12-month data from the Look AHEAD dual-energy X-ray absorptiometry substudy among participants randomized to intervention (n = 603). Independent variables included dual-energy X-ray absorptiometry-derived percent change in appendicular lean mass and fat mass. The dependent variable was SF-36 physical function subscale change categorized as worsened (decrease ≥ 5), stable (change ± 4), or improved (increase ≥ 5). We examined the associations using ANOVA. Overall, participants had a mean age of 58.3 (SD 6.7) and 63% were women-8% had worsened, 69% stable, and 22% improved physical function. Differences in mean percent appendicular lean mass change between physical function groups were nonsignificant (worsened -3.7%; stable -4.8%; improved -5.6%; p = .05). Mean percent fat mass change was significantly different across physical function groups (worsened -9.3%; stable -14.6%; improved -17.9%; p < .01). Lean mass loss associated with lifestyle weight-loss intervention does not negatively affect physical function, rather the intervention appears to improve physical function by reducing adiposity among adults with type 2 diabetes mellitus and overweight/obesity.",PubMed,https://pubmed.ncbi.nlm.nih.gov/40339065/,doi:10.1093/gerona/glaf103,include_title_abs,Potential eligible RCT at title/abstract stage,D_sarcopenia_context,Sarcopenia RCT; context or sensitivity only
41619563,PMC12874578,10.1016/j.jaim.2025.101265,Efficacy of traditional Indian diet (Ayush ahara) on muscle strength and Sarcopenia: A scoping review.,Katkar R; Rana U; Mohanty S; Pathania M,2026,Journal of Ayurveda and integrative medicine,"Sarcopenia is a degenerative musculoskeletal condition that affects older persons with the hallmark of loss of muscle mass and function. Modern management is limited to nutrition, exercise, and lifestyle modifications, with no approved drugs. Ayurveda recognizes a similar condition called Mamsa kshaya due to vitiation of Vata dosha, which reflects the clinical picture of sarcopenia, and offers Ayush Ahara, a therapeutic dietary approach. To assess the clinical evidence for the role of traditional Indian diet (∼Ayush ahara) in improving muscle strength and managing sarcopenia. A scoping review was conducted according to PRISMA-ScR. Literature published from 2015 to 2025 was searched across various databases. Inclusion criteria: randomized controlled trials involving human subjects assessing the effect of traditional Indian diet on muscle strength-related outcomes. Non-English, non-full-text, in vitro/in vivo studies, and reviews were excluded. The nine studies were included. Ayush ahara, such as green gram, dried grapes, turmeric, cow milk, finger millet, spinach, and almonds, was associated with improved muscle strength, physical performance, reduced inflammation, and enhanced bone mineral density. Ayush ahara shows potential for improving muscle strength and managing sarcopenia. The reviewed RCTs showed statistical improvements in muscle strength measures, indicating the need for targeted clinical trials to validate these preliminary findings. Support further exploration of Ayurveda-based nutritional strategies as a complementary approach to musculoskeletal aging.",PubMed,https://pubmed.ncbi.nlm.nih.gov/41619563/,doi:10.1016/j.jaim.2025.101265,include_title_abs,Potential eligible RCT at title/abstract stage,D_sarcopenia_context,Sarcopenia RCT; context or sensitivity only
21333926,,10.1016/j.jamda.2010.09.010,Development of a new patient-reported outcome measure in sarcopenia.,Evans CJ; Chiou CF; Fitzgerald KA; Evans WJ; Ferrell BR; Dale W; Fried LP; Gandra SR; Dennee-Sommers B; Patrick DL,2011,Journal of the American Medical Directors Association,"The objective of this study was to develop a patient-reported outcome (PRO) to assess reduced muscle strength in sarcopenia. Qualitative research study. University of Arkansas for Medical Sciences. Subjects with sarcopenia. Adults aged 55 years and older with sarcopenia (n = 12) attended open-ended, concept elicitation interviews to characterize the functional effects of reduced muscle strength on their lives. The resulting qualitative data were analyzed using a qualitative analysis software program (Atlas.ti [Atlas.ti GmbH, Berlin, Germany]) and a common set of codes was developed to summarize the data. Subsequently, the initial PRO measure was drafted. Cognitive interviews were then conducted with additional sarcopenia subjects (n = 12) to refine the measure. Qualitative interviews identified key concepts (eg, impacts) in the areas of activities of daily living, emotions, social activities, energy, balance, coordination, sleep, and strength. Based on data from the cognitive debriefing interviews (eg, understandability, relevance, suggestions to reword items), the PRO measure development team came to consensus on which items or parts of the instructions to retain, revise, or delete. The final measure included 14 items. The final PRO measure, the Age-Related Muscle Loss Questionnaire, can be used in both clinical practice and clinical trial settings to assess functional impacts of reduced muscle strength in sarcopenia.",PubMed,https://pubmed.ncbi.nlm.nih.gov/21333926/,doi:10.1016/j.jamda.2010.09.010,include_title_abs,Potential eligible RCT at title/abstract stage,D_sarcopenia_context,Sarcopenia RCT; context or sensitivity only
30420965,PMC6211206,10.1155/2018/5095673,"Effects of Two Types of 9-Month Adapted Physical Activity Program on Muscle Mass, Muscle Strength, and Balance in Moderate Sarcopenic Older Women.",Piastra G; Perasso L; Lucarini S; Monacelli F; Bisio A; Ferrando V; Gallamini M; Faelli E; Ruggeri P,2018,BioMed research international,"The present study aimed to evaluate the effects of two types of 9-month adapted physical activity (APA) program, based on a muscle reinforcement training and a postural training, respectively, on muscle mass, muscle strength, and static balance in moderate sarcopenic older women. The diagnosis of sarcopenia was done in accordance with measurable variables and cut-off points suggested by the European Working Group on Sarcopenia in Older People (EWGSOP). Seventy-two participants were randomly assigned to two groups: the muscle reinforcement training group (RESISTANCE) (n=35; 69.9 ± 2.7 years) and the postural training group (POSTURAL) (n=37; 70.0±2.8 years). Body composition, muscle mass, skeletal muscle mass index (SMI), and handgrip strength (HGS) were evaluated for sarcopenia assessment, whereas Sway Path, Sway Area, Stay Time, and Spatial Distance were evaluated for static balance assessment. Sixty-six participants completed the study (RESISTANCE group: n=33; POSTURAL group: n=33). Significant increases of muscle mass, SMI, and handgrip strength values were found in the RESISTANCE group, after muscle reinforcement program. No significant differences appeared in the POSTURAL group, after postural training. Furthermore, RESISTANCE group showed significant improvements in static balance parameters, whereas no significant differences appeared in the POSTURAL group. On the whole, the results of this study suggest that the APA program based on muscle reinforcement applied on moderate sarcopenic older women was able to significantly improve muscle mass and muscle strength, and it was also more effective than the applied postural protocol in determining positive effects on static balance.",PubMed,https://pubmed.ncbi.nlm.nih.gov/30420965/,doi:10.1155/2018/5095673,include_title_abs,Potential eligible RCT at title/abstract stage,D_sarcopenia_context,Sarcopenia RCT; context or sensitivity only
40771504,PMC12322558,10.1136/bmjnph-2024-001076,Comparative effects of integrated physical training with a high protein diet versus a regular protein diet in post-COVID-19 older men with sarcopenia symptoms.,Nambi G; Alghadier M; Mohamed SHP; Vellaiyan A; Ebrahim EE; Eltabey Sobeh D; Aldhafian OR; Sirajudeen MS; Muthusamy H; Unnikrishnan R,2025,"BMJ nutrition, prevention & health","Sarcopenia has become a significant health issue, particularly as a common consequence of COVID-19 in older adults. This study aimed to explore the clinical and psychological effects of integrated physical training with a high-protein diet compared with a regular protein diet in community-dwelling older men who had recovered from COVID-19 and exhibited symptoms of sarcopenia. This is a single-blinded, randomised, controlled study conducted from March 2020 to December 2023 at the University hospital. The eligible participants were randomly assigned to two groups using the block randomisation method. The first group underwent integrated physical training with a high-protein diet (group A; n=38), with an average age of 64.1±3.8 years, while the second group underwent integrated physical training with a regular protein diet (group B; n=38), with an average age of 64.5±3.6 years over an 8-week period. Clinical parameters (handgrip strength and muscle mass-cross-sectional area CSA) and psychological measures (kinesiophobia and quality of life) were assessed at baseline, the fourth week, the eighth week and at a 6-month follow-up. The data were analysed using a 4×2 mixed model for repeated measures at different time points. Demographic characteristics such as age, height, weight and body mass index did not show any statistically significant differences between the groups (p>0.05). After the 8-week intervention and at the 6-month follow-up, handgrip strength decreased by -5.0 (95% CI -6.21 to -3.78), midthigh CSA decreased by -3.7 (95% CI -6.53 to -0.86), midcalf CSA decreased by -4.4 (95% CI -6.80 to -2.00), kinesiophobia level increased by 8.1 (95% CI 7.16 to 9.03) and quality of life decreased by -6.3 (95% CI -9.0 to -3.5). The findings indicated significantly greater improvement (p<0.001) in group A compared with group B, although there was no significant difference in muscle CSA in the arm region (p>0.05). Integrated physical training with a high-protein diet led to improvements in clinical (muscle strength and muscle mass) and psychological (kinesiophobia and quality of life) parameters compared with integrated physical training with a regular protein diet in older men recovering from COVID-19 and displaying symptoms of sarcopenia.",PubMed,https://pubmed.ncbi.nlm.nih.gov/40771504/,doi:10.1136/bmjnph-2024-001076,include_title_abs,Potential eligible RCT at title/abstract stage,D_sarcopenia_context,Sarcopenia RCT; context or sensitivity only
42119578,,10.1016/j.lanhl.2026.100843,Muscle failure and risk of adverse outcomes in older adults: a derivation and multicohort validation study.,Coelho-Júnior HJ; Álvarez-Bustos A; Rodríguez-Sánchez I; Landi F; Marzetti E,2026,The lancet. Healthy longevity,"Sarcopenia is inconsistently defined, and its definition might not adequately capture muscle failure, underlying disability, and other adverse outcomes in older adults. We aimed to develop and validate an evidence-based, outcome-driven model of muscle failure. In this derivation and multicohort validation study, we analysed data from the SPRINTT randomised controlled trial (1519 participants; mean age 78·9 years [SD 5·8]; 431 [28·4%] men, 1088 (71·6%) women) and validated findings in five independent cohorts (ilSIRENTE, NHANES, HRS, ELSA, and CHARLS). Neuromuscular domains including appendicular lean mass, muscle strength and power, mobility, and physical activity were assessed. Principal component analysis identified clusters of measures, which were tested for associations with disability in mobility and disability in activities of daily living, hospitalisation, and mortality using adjusted regression models. Predictive performance was evaluated with receiver operating characteristic curves. Area under the curve (AUC) values were defined as acceptable (0·7-0·8), excellent (0·8-0·9), or outstanding (>0·9). We identified two major muscle failure indexes: mobility (short-distance walking speed, 400 m walk) and physical activity (step counts, time spent standing, stepping, and sitting). In SPRINTT, the mobility model strongly predicted disability (AUC 0·721, 95% CI 0·698-0·795; p<0·0001), whereas the physical activity model was more closely associated with hospitalisation (0·646, 0·570-0·731; p=0·00040) and mortality (0·746, 0·612-0·926; p=0·0020). Combined models including mobility, handgrip strength, appendicular lean mass, and absolute muscle power improved prediction of mortality (0·746, 0·549-0·955; p=0·0076). External validation confirmed acceptable-to-strong discrimination for disability outcomes across cohorts (AUCs 0·7-0·9), while associations with hospitalisation and mortality were weaker and inconsistent (0·4-0·9). Compared with consensus-based sarcopenia definitions, the evidence-based model seemed to show better predictive ability for disability. Distinct mobility measures provide a robust framework for identifying muscle failure and predicting disability in older adults. Continuous activity monitoring might improve prediction of hospitalisation and mortality. This outcome-driven approach supports refinement of sarcopenia assessment and its implementation in clinical practice. None.",PubMed,https://pubmed.ncbi.nlm.nih.gov/42119578/,doi:10.1016/j.lanhl.2026.100843,include_title_abs,Potential eligible RCT at title/abstract stage,D_sarcopenia_context,Sarcopenia RCT; context or sensitivity only
33290142,,10.1089/jmf.2020.4778,"The Efficacy of the Novel Bioavailable Curcumin (Cureit) in the Management of Sarcopenia in Healthy Elderly Subjects: A Randomized, Placebo-Controlled, Double-Blind Clinical Study.",Varma K; Amalraj A; Divya C; Gopi S,2021,Journal of medicinal food,"Sarcopenia represents the progressive loss of skeletal muscles, which occurs as a result of aging. Plant-derived phytochemicals have the potential ability to manage sarcopenial conditions. The randomized, placebo-controlled, double-blind clinical study involving thirty subjects evaluated the efficacy of Cureit™ supplementation in the management of sarcopenial conditions by measuring the variables, such as hand grip strength, weight lift strength, time/distance before feeling tired after cycling, walking and climbing stairs, and Karnofsky performance scale index along with effects on general fitness, such as protein, urea, oxidative stress, and hematology parameters. The results showed that Cureit supplementation resulted in a significant increase of 1.43% (P < .001) in the handgrip strength compared with placebo. The weight-lifting capacity of subjects supplemented with Cureit showed an increase of 6.08%, whereas placebo showed a 4.54% decrease after the end of the study period. The results demonstrated that the Cureit tended to have a positive impact on distance covered before feeling tired as shown by an increase (P = .09) of 5.51%, compared with placebo group, which showed an increase of 2.29%. The time taken to walk the same distance was reduced in the Cureit group (1.15%), whereas in the placebo group, it was increased (2.02%). Cureit plays a significant role in the management of sarcopenia by anti-inflammatory action, increased hand grip strength, antifatigue effects, and muscle protein management. Clinical Trials Registry-India registration no. CTRI/2018/05/014176.",PubMed,https://pubmed.ncbi.nlm.nih.gov/33290142/,doi:10.1089/jmf.2020.4778,include_title_abs,Potential eligible RCT at title/abstract stage,D_sarcopenia_context,Sarcopenia RCT; context or sensitivity only
32744578,PMC12876592,10.1007/s12603-020-1431-3,"The Effects of Concurrent Training Order on Satellite Cell-Related Markers, Body Composition, Muscular and Cardiorespiratory Fitness in Older Men with Sarcopenia.",Moghadam BH; Bagheri R; Ashtary-Larky D; Tinsley GM; Eskandari M; Wong A; Moghadam BH; Kreider RB; Baker JS,2020,"The journal of nutrition, health & aging","Concurrent Training (CT) is described as a combination of resistance training (RT) and endurance training (ET) in a periodized program to maximize all aspects of physical performance. To date, effects of CT order on muscular and cardiorespiratory fitness adaptations are controversial. Owing to the age-related decrement in satellite cells (SC) which are critical for fiber repair, conservation, muscle hypertrophy as well as cardiorespiratory fitness, the present study examined the response of SC related markers to CT order in older sarcopenic men. Thirty older men (age= 64.3 ± 3.5 years) were randomly assigned into one of 3 groups, ET followed by RT (E+R; n=10), RT followed by ET (R+E; n= 10) or a control (C; n=10). The training protocol consisted of 3 exercise sessions per week for 8 weeks. Blood samples were obtained at baseline and 48 hours after the final training session. Weight, skeletal muscle mass, lower and upper body power, maximal oxygen consumption (VO2max), Paired Box 7 (Pax7), and Myogenic factor 5 (Myf5) significantly increased, while were percent body fat significantly decreased following E+R and R+E compared to C. Importantly, the improvement in skeletal muscle mass, lower and upper body power, Myf5 and Pax7 in the E+R was significantly greater than the R+E group. Myogenin (Myog) and Paired Box 3 (Pax3) significantly increased (P < 0.01) in both training groups compared to no changes in C. An 8-week CT intervention improves SC related markers, body composition and enhances power and VO2max in older sarcopenic participants, regardless of the order of RT and ET. However, performing ET before RT may be more effective at enhancing skeletal muscle mass, Myf5 and Pax7, in addition to both lower and upper body power. While both CT programs produced notable physiological and performance benefits, performing ET before RT during CT may provide the greatest therapeutic benefits for aging individuals.",PubMed,https://pubmed.ncbi.nlm.nih.gov/32744578/,doi:10.1007/s12603-020-1431-3,include_title_abs,Potential eligible RCT at title/abstract stage,D_sarcopenia_context,Sarcopenia RCT; context or sensitivity only
39225155,,10.1089/rej.2024.0044,Sarcopenia Is Associated with Neoplasm of Bone and Articular Cartilage: Findings from Mendelian Randomized Study.,Ding Q; Tu Y,2024,Rejuvenation research,"Exploring the causal relationship between sarcopenia and neoplasm of bone and articular cartilage (NBAC) by bidirectional Mendelian randomization (MR). Genome-wide association study (GWAS) data on sarcopenia-associated traits including appendicular lean mass, low handgrip strength (including criteria from the European Working Group on Sarcopenia in Older People and the Foundation for the National Institutes of Health), and usual walking speeds were obtained from the UK Biobank. GWAS data for NBAC (benign and malignant) were provided by the Finnish Genetic Database. Three different methods of MR analysis, including inverse-variance weighted, Mendelian randomized Egger regression, and weighted median methods, were utilized. MR analysis showed that high appendicular lean mass was positively associated with the risk of developing benign NBAC (odds ratio and 95% confidence interval = 1.236 (1.026,1.489), p = 0.025). At the same time, there is no statistically significant association was found between traits related to sarcopenia and malignant neoplasm of bone and articular cartilage. There was also no reverse causal correlation between NBAC and traits related to sarcopenia. In European populations, better appendicular lean body mass is positively associated with the risk of benign neoplasm of bone and articular cartilage, representing the possibility that sarcopenia may be a protective factor against neoplasm of bone and articular cartilage.",PubMed,https://pubmed.ncbi.nlm.nih.gov/39225155/,doi:10.1089/rej.2024.0044,include_title_abs,Potential eligible RCT at title/abstract stage,D_sarcopenia_context,Sarcopenia RCT; context or sensitivity only
41652349,PMC12922256,10.1186/s11556-026-00405-1,High-speed resistance training vs. low-speed resistance training on body composition and physical function in adults with sarcopenic obesity.,Hsu KJ; Huang SY; Liao YH; Chen CN,2026,European review of aging and physical activity : official journal of the European Group for Research into Elderly and Physical Activity,"Sarcopenic obesity (SO) is associated with the highest risk of physical disability. While meta-analyses support resistance training to improve strength and function in this population, the optimal training modality remains unclear. This study compared the effects of high-speed (HSRT) and low-speed resistance training (LSRT) on body composition, hormonal responses, and physical function in adults with SO. Seventy-three adults aged > 50 years with sarcopenia and obesity were randomly assigned to the control (n = 26), LSRT (n = 24), or HSRT (n = 23) group. Both LSRT and HSRT groups performed progressive resistance training twice weekly for 16 weeks at 70% 1-RM, differing only in concentric contraction speed. The control group maintained their usual lifestyle throughout the study period. All participants underwent assessments of body composition (by dual-energy X-ray absorption), salivary hormone levels (testosterone, dehydroepiandrosterone sulfate (DHEA-S), and cortisol), and physical function at baseline and after 16 weeks. Physical function was also assessed at mid-term (week 8). Intervention effects were analyzed using two-way repeated-measures ANOVA, with significance set at p < 0.05. Intervention influenced body composition, anabolic hormones, and physical functions of participants (p < 0.05). The LSRT group showed a significant increase in total body muscle mass (+ 1.14%), whereas no such changes were observed in the HSRT or control groups. Salivary DHEA-S levels were maintained in the LSRT and HSRT groups but significantly declined in the control group. Compared to the control group, both LSRT and HSRT groups exhibited significant improvements in all physical function measures at both 8 and 16 weeks. Both LSRT and HSRT improved physical function and may help maintain certain anabolic markers (such as DHEA-S) in adults with SO. A trivial increase in muscle mass was observed only in the LSRT group. This study was registered with the Thai Clinical Trial Registry (TCTR) under the registration number TCTR20220107001. The registration was first posted on 07 January 2022, and the study commenced on 24 February 2022.",PubMed,https://pubmed.ncbi.nlm.nih.gov/41652349/,doi:10.1186/s11556-026-00405-1,include_title_abs,Potential eligible RCT at title/abstract stage,D_sarcopenia_context,Sarcopenia RCT; context or sensitivity only
38075516,PMC10698309,10.1589/jpts.35.810,Effectiveness of locomotion training in patients with rheumatoid arthritis: a prospective clinical trial.,Mochizuki T; Yano K; Ikari K; Okazaki K,2023,Journal of physical therapy science,"[Purpose] The present study aimed to determine the effectiveness of locomotion training on physical function and quality of life in patients with rheumatoid arthritis (RA) and identify factors associated with its effectiveness. [Participants and Methods] Data were obtained from 103 patients with rheumatoid arthritis who underwent locomotion training for 6 months using the Health Assessment Questionnaire Disability Index, pain visual analog scale, 10-meter walking speed, timed up-and-go test, single-leg standing time, grip strength, 25-question Geriatric Locomotive Function Scale, Short Form-8, fat-free mass index, and fat mass index. [Results] A significant improvement in the Health Assessment Questionnaire Disability Index, pain visual analog scale score, maximum 10-meter walking speed, timed up-and-go test, single-leg standing time, grip strength, and physical component summary in Short Form-8 was observed at six months. [Conclusion] The current study demonstrated that locomotion training for 6 months improved physical function, certain aspects of quality of life, and sarcopenia in patients with RA. We believe that locomotion training should be recommended as a non-pharmacological therapeutic option for improving physical function in patients with RA.",PubMed,https://pubmed.ncbi.nlm.nih.gov/38075516/,doi:10.1589/jpts.35.810,include_title_abs,Potential eligible RCT at title/abstract stage,D_sarcopenia_context,Sarcopenia RCT; context or sensitivity only
28528340,PMC5644943,10.1159/000468153,Evaluation of Hypocaloric Diet With Protein Supplementation in Middle-Aged Sarcopenic Obese Women: A Pilot Study.,Sammarco R; Marra M; Di Guglielmo ML; Naccarato M; Contaldo F; Poggiogalle E; Donini LM; Pasanisi F,2017,Obesity facts,"The aim of this study was to evaluate the efficacy of a nutritional program, which is characterized by a different modulation of proteins, in adult patients with sarcopenic obesity. We studied 18 obese women aged 41-74 years. Obesity was diagnosed as fat mass > 34.8% and sarcopenia was defined when lean body mass was <90% of the subject's ideal fat free mass. All subjects were randomly assigned to different nutritional interventions: Hypocaloric diet plus placebo (A) and hypocaloric high-protein diet (1.2-1.4 g / kg body weight reference / day) (B). Anthropometric measurements, body composition, resting energy expenditure, handgrip test, Short Physical Performance Battery (SPPB), and SF-36 questionnaire were evaluated at baseline and after 4 months. Weight significantly decreased in both groups. Women with high-protein diet preserved lean body mass compared to low-calorie diet and improved significantly muscle strength; SPPB score did not change in both groups. SF-36 test showed a significant change for general health after 4 months in group B. In our study, sarcopenic obese patients with high-protein diet showed an improvement in muscle strength. Furthermore, dietary protein enrichment may represent a protection from the risk of sarcopenia following a hypocaloric diet.",PubMed,https://pubmed.ncbi.nlm.nih.gov/28528340/,doi:10.1159/000468153,include_title_abs,Potential eligible RCT at title/abstract stage,D_sarcopenia_context,Sarcopenia RCT; context or sensitivity only
36445463,PMC9842570,10.1007/s00132-022-04329-3,[Impact of osteoporosis on physical performance parameters of middle-aged and elderly individuals-a cross-sectional study].,Schröder G; Flachsmeyer D; Bende A; Andresen JR; Andresen R; Schober HC,2023,"Orthopadie (Heidelberg, Germany)","Osteoporosis (OP) in the elderly is accompanied by reduced muscle mass and reduced muscle strength, also known as sarcopenia. This results in functional limitations and a high risk of falls and injuries. The determination of physical performance parameters such as grip strength and trunk strength on the one hand, and balance abilities on the other, provide information about the individual's general neuromuscular condition and serve as an indicator of physical performance in the elderly. The extent to which previous osteoporotic vertebral fractures (VFs) restrict an individual's physical performance has not been adequately investigated yet. In total, 118 persons, with a mean age of 71.5 ± 9 years, participated in the clinical trial (ethics committee approval number A2020-0041). Patients were divided into an OP group (58 patients) and a control group (CG; 60 patients). OP patients with (VFs) and without vertebral fractures (0VFs) were viewed separately in the subgroup analysis. Data concerning physical status, including hand grip strength (HGS), the chair-rising test (CRT), tandem stance (TS), tandem gait (TG), and single-leg stance (SLS) were available for all patients. All data were analyzed using SPSS, Version 23.0. No significant difference (p > 0.05) was registered between the OP and CG groups with regard of HGS, CRT, TG, TS, and SLS. In the subgroup analysis, OP patients with VFs had a lower HGS than OP patients without 0 VFx (VFs 24.3 ± 10.2 kg vs. 0 VFs 29.7 ± 9.5 kg, p = 0.026). TS was maintained longer by OP patients 0 VFs (VFs 7.8 ± 3.2 s vs. 0 VFs 9.5 ± 1.8 s, p = 0.008). The latter were also able to maintain their balance in TG over more numerous steps (VFs 4.8 ± 3.0 vs. 0 VFs 6.7 ± 2.4, p = 0.011). In a regression analysis, body size, gender, and age were shown to be independent factors influencing HGS (p < 0.001). Patient age, constitution, and gender have a relevant influence on HGS, with baseline conditions after diagnosed OP at comparable levels in this age group. In a subgroup of OP patients with VFs, there is a close relationship between bone and muscle with an increasing deterioration of the musculoskeletal system. For prophylaxis of osteosarcopenia, early training seems reasonable.",PubMed,https://pubmed.ncbi.nlm.nih.gov/36445463/,doi:10.1007/s00132-022-04329-3,include_title_abs,Potential eligible RCT at title/abstract stage,D_sarcopenia_context,Sarcopenia RCT; context or sensitivity only
40731782,PMC12299443,10.3390/medicina61071152,"Effects of Empagliflozin on Sarcopenia Risk, Body Composition, and Muscle Strength in Type 2 Diabetes: A 24-Week Real-World Observational Study.",Çetin D; Bilgili E; Komaç Ö; Yetişken M; Güney E,2025,"Medicina (Kaunas, Lithuania)","Background and Objectives: Sodium-glucose cotransporter 2 (SGLT2) inhibitors are increasingly used in type 2 diabetes (T2D) due to their cardiorenal benefits and weight-lowering effects. However, concerns have emerged regarding their potential adverse impact on lean mass and muscle strength particularly in patients at risk for sarcopenia. This study aimed to evaluate the effects of empagliflozin on skeletal muscle mass. Secondary objectives were to assess changes in glycemic control, body weight, fat mass and handgrip strength. Materials and Methods: In this 24-week real-world observational study, 31 adult patients with T2D were assigned to either empagliflozin or non-SGLT2i treatment groups. Patients did not receive a high-protein diet, a resistance exercise program or any other weight-reducing medications such as glucagon-like peptide-1 (GLP-1)-based therapies. Anthropometric measurements, body composition via bioelectrical impedance analysis (BIA), and handgrip strength testing were performed at baseline and after 6 months. Sarcopenia was defined according to EWGSOP2 criteria. Results: The empagliflozin group showed significant improvements in HbA1c, fasting plasma glucose, body weight, waist circumference, and fat mass (p < 0.05 for all). No significant changes were observed in the empagliflozin group after 6 months in appendicular skeletal muscle mass index (from 7.81 ± 1.33 kg/m2 to 7.84 ± 1.38 kg/m2, p = 0.154). No statistically significant changes were observed in handgrip strength in either group. Conclusions: Empagliflozin treatment over six months led to favorable changes in metabolic parameters and fat mass without detrimental effects on skeletal muscle mass or muscle strength. In clinical practice, the selection of antidiabetic therapies should consider individual glycemic targets, cardiovascular and renal risks, weight management, comorbidities and sarcopenia risk. Resistance exercises and adequate dietary protein intake should be recommended to preserve muscle mass in at-risk patients. Larger randomized trials are needed to confirm the long-term effects of SGLT2 inhibitors on body composition particularly in older adults.",PubMed,https://pubmed.ncbi.nlm.nih.gov/40731782/,doi:10.3390/medicina61071152,include_title_abs,Potential eligible RCT at title/abstract stage,D_sarcopenia_context,Sarcopenia RCT; context or sensitivity only
34105256,PMC8350212,10.1002/jcsm.12717,Four weeks of electromyostimulation improves muscle function and strength in sarcopenic patients: a three-arm parallel randomized trial.,Teschler M; Heimer M; Schmitz B; Kemmler W; Mooren FC,2021,"Journal of cachexia, sarcopenia and muscle","Sarcopenia, defined as loss of muscle mass, quality, and function, is associated with reduced quality of life and adverse health outcomes including disability and mortality. Electromyostimulation (EMS) has been suggested to attenuate the loss of muscle mass and function in elderly, sedentary individuals. This study aimed to investigate the effects of EMS on muscle strength and function during 4 weeks of inpatient medical rehabilitation. Patients receiving 4 weeks of inpatient medical rehabilitation diagnosed with sarcopenia using bioimpedance analysis were eligible to participate. One hundred and thirty-four patients (55.7 ± 7.9 years, 25.4% female) were randomly assigned to three groups: whole-body (WB) EMS (n = 48): stimulation of major muscle groups (pectoral muscles, latissimus, trapezius, abdominals, upper arm and leg, lower back muscles, gluteal muscles, and thighs); part-body (PB) EMS (n = 42): stimulation of leg muscles including gluteal muscles and thighs; and control group (CG, n = 44). All participants performed six 20 min training sessions including dynamic movements (squats, lunges, biceps curl, chest press, butterfly reverse, reverse lunges, standing diagonal crunches, etc.) with superimposed (WB-, PB-) EMS or without EMS (CG) in addition to the standard rehabilitation programme. Primary outcome variables included muscle function assessed by chair rise test and 6 min walking test as well as muscle strength (isometric grip strength, leg, arm, and back extension). Primary outcome variables chair rise test and leg extension improved significantly (P = 0.001, η2 = 0.06 and P = 0.008, η2 = 0.06; EMS vs. CG) in that chair rise test results increased in WB-EMS from 5 (4; 7) to 7 (5; 9), in PB-EMS from 5 (5; 7) to 7 (6; 8), and in CG from 6 (4; 7) to 7 (5; 8) repetitions. Knee extension increased in WB-EMS from 692.3 ± 248.6 to 831.7 ± 298.7 N, in PB-EMS from 682.8 ± 257.8 to 790.2 ± 270.2 N, and in CG from 638.5 ± 236.9 to 703.2 ± 218.6 N. No adverse events or side effects occurred. We conclude that EMS might be an additional training option to improve muscle function and strength in sarcopenic patients during a 4 week rehabilitation programme. EMS provides greater functional and strength improvements compared with standard treatment with additional potential health benefits for sarcopenic cardiac and orthopaedic patients.",PubMed,https://pubmed.ncbi.nlm.nih.gov/34105256/,doi:10.1002/jcsm.12717,include_title_abs,Potential eligible RCT at title/abstract stage,D_sarcopenia_context,Sarcopenia RCT; context or sensitivity only
36180102,PMC9528715,10.1136/rmdopen-2022-002600,Prevalence of sarcopenia in patients with rheumatoid arthritis using the revised EWGSOP2 and the FNIH definition.,Dietzel R; Wiegmann S; Borucki D; Detzer C; Zeiner KN; Schaumburg D; Buehring B; Buttgereit F; Armbrecht G,2022,RMD open,"In rheumatoid arthritis (RA), chronic inflammation can enhance the development of sarcopenia with a depletion of muscle mass, strength and performance. Currently, a consensus definition for sarcopenia and solid results for the prevalence of sarcopenia in patients with RA are lacking. In this cross-sectional study, 289 patients ≥18 years with RA were recruited. Dual X-ray absorptiometry was performed to measure appendicular lean mass. Assessment of muscle function included grip strength, gait speed and chair rise time. Prevalence of sarcopenia was defined using the updated European Working Group on Sarcopenia in Older People (EWGSOP2) and the Foundation for the National Institutes of Health (FNIH) definition. In addition, the RA study population was compared with existing data of healthy controls (n=280). 4.5% of patients (59.4±11.3 years) and 0.4% of controls (62.9±11.9 years) were affected by sarcopenia according to the EWGSOP2 definition. Body weight (OR 0.92, 95% CI 0.86 to 0.97), body mass index (BMI) (OR 0.70, 95% CI 0.57 to 0.87), C reactive protein (CRP) (OR 1.05, 95% CI 1.01 to 1.10), disease duration (OR 1.08, 95% CI 1.02 to 1.36), current medication with glucocorticoids (OR 5.25, 95% CI 2.14 to 24.18), cumulative dose of prednisone equivalent (OR 1.04, 95% CI 1.02 to 1.05) and Health Assessment Questionnaire (HAQ) (OR 2.50, 95% CI 1.27 to 4.86) were associated with sarcopenia in patients with RA. In contrast, the prevalence was 2.8% in patients compared with 0.7% in controls when applying the FNIH definition, and body height (OR 0.75, 95% CI 0.64 to 0.88), BMI (OR 1.20, 95% CI 1.02 to 1.41), CRP (OR 1.06, 95% CI 1.01 to 1.11) and HAQ (OR 2.77, 95% CI 1.17 to 6.59) were associated with sarcopenia. Sarcopenia is significantly more common in patients with RA compared with controls using the EWGSOP2 criteria. The FNIH definition revealed sarcopenia in individuals with high BMI and fat mass, regardless of the presence of RA. It was registered at the German Clinical Trials Registry (DRKS) as well as WHO Clinical Trials Registry (ICTRP) (DRKS00011873, registered on 16 March 2017).",PubMed,https://pubmed.ncbi.nlm.nih.gov/36180102/,doi:10.1136/rmdopen-2022-002600,include_title_abs,Potential eligible RCT at title/abstract stage,D_sarcopenia_context,Sarcopenia RCT; context or sensitivity only
29996843,PMC6042354,10.1186/s12970-018-0238-7,β-Alanine supplementation increased physical performance and improved executive function following endurance exercise in middle aged individuals.,Furst T; Massaro A; Miller C; Williams BT; LaMacchia ZM; Horvath PJ,2018,Journal of the International Society of Sports Nutrition,"Sarcopenia, a reduction in muscle mass and function seen in aging populations, may be countered by improving systemic carnosine stores via beta-Alanine (β-alanine) supplementation. Increasing systemic carnosine levels may result in enhanced anti-oxidant, neuro-protective and pH buffering capabilities. This enhancement should result in improved exercise capacity and executive function. Twelve healthy adults (average age = 60.5 ± 8.6 yrs, weight = 81.5 ± 12.6 kg) were randomized and given either 2.4 g/d of β-alanine (BA) or Placebo (PL) for 28 days. Exercise capacity was tested via bouts on a cycle ergometer at 70% VO2 peak. Executive function was measured by Stroop Tests 5 min before exercise (T1), immediately before exercise (T2), immediately following fatigue (T3), and 5 min after fatigue (T4). Lactate measures were taken pre/post exercise. Heart rate, Rating of Perceived Exertion (RPE) and VO2 were recorded throughout exercise testing. PRE average time-to-exhaustion (TTE) for the PL and BA group were not significantly different (Mean ± SD; 9.4 ± 1.4mins vs 11.1 ± 2.4mins, respectively, P = 0.7). POST BA supplemented subjects cycled significantly longer than PRE (14.6 ± 3.8mins vs 11.1 ± 2.4mins, respectively, P = 0.04) while those given PL did not (8.7 ± 2.4mins vs 9.4 ± 1.4mins, respectively, P = 0.7). PL subjects were slower in completing the Stroop test POST at T4 compared to T3 (T3 = - 13.3 ± 8.6% vs T4 = 2.1 ± 8.3%, P = 0.04), while the BA group (T3 = - 9.2 ± 6.4% vs T4 = - 2.5 ± 3.5%, P = 0.5) was not. POST lactate production expressed a trend when comparing treatments, as the BA group produced 2.4 ± 2.6 mmol/L more lactate than the PL group (P = 0.06). Within group lactate production for BA (P = 0.4) and PL (P = 0.5), RPE (P = 0.9) and heart rate (P = 0.7) did not differ with supplementation. BA supplementation increased exercise capacity and eliminated endurance exercise induced declines in executive function seen after recovery. Increased POST TTE coupled with similar PRE vs POST lactate production indicates an improvement in the ability of BA to extend exercise durations. Furthermore, by countering endurance exercise's accompanying deficits in executive function, the aging population can maintain benefits from exercise with improved safety.",PubMed,https://pubmed.ncbi.nlm.nih.gov/29996843/,doi:10.1186/s12970-018-0238-7,include_title_abs,Potential eligible RCT at title/abstract stage,D_sarcopenia_context,Sarcopenia RCT; context or sensitivity only
