pmid,pmcid,doi,title,year,journal,url,setting_code,component_code,intervention_node_prelim,fulltext_access_status,verification_status,numeric_extract_required,author_verification_required,parse_status,local_path,detected_outcomes,has_randomization_snippet,has_intervention_snippet,has_comparator_snippet,has_results_snippet,detected_frailty,detected_gait_speed,detected_sppb,detected_grip_strength,detected_adl,detected_falls,detected_quality_of_life,detected_adherence,detected_adverse_events,table_count,randomization_snippet,intervention_snippet,comparator_snippet,methods_snippet,results_snippet,table_text_preview,screening_note,extraction_status,final_include,exclusion_reason_fulltext,risk_of_bias_status,effect_size_status,author_notes
42131895,PMC13173293,10.1002/jcsm.70306,Home-Based Intervention to Prevent Functional Decline in (Pre)frail Older Adults: The PromeTheus Randomized Controlled Trial.,2026,"Journal of cachexia, sarcopenia and muscle",https://pubmed.ncbi.nlm.nih.gov/42131895/,home,balance;nutrition;digital_home,exercise_plus_nutrition,pmc_fulltext_available,pmc_fulltext_mined_not_numeric_extracted,yes,yes,ok,data\raw\pmc_fulltext\PMC13173293.xml,frailty;gait_speed;sppb;grip_strength;adl;falls;adherence;adverse_events,yes,yes,yes,yes,yes,yes,yes,yes,yes,yes,no,yes,yes,4.0,5 10.1002/jcsm.70306 JCSM70306 JCSM-D-24-01436 1 Original Article Original Article Home‐Based Intervention to Prevent Functional Decline in (Pre)frail Older Adults: The PromeTheus Randomized Controlled Trial Rapp Kilian https://orcid.org/0000-0003-1625-2571 1 kilian.rapp@rbk.de Nerz Corinna 1 Fleiner Tim 2 3 4 Denkinger Michael 2 3 Büchele Gisela 5 Rehm Martin 5 Mayer,d Muscle 2190-5991 2190-6009 Wiley PMC13173293 PMC13173293.1 13173293 13173293 42131895 10.1002/jcsm.70306 JCSM70306 JCSM-D-24-01436 1 Original Article Original Article Home‐Based Intervention to Prevent Functional Decline in (Pre)frail Older Adults: The PromeTheus Randomized Controlled Trial Rapp Kilian https://orcid.org/0000-0003-1625-2571 1 kilian.rapp@rbk.de Nerz Co,"ontrolled trial, 385 community‐dwelling (pre)frail older adults (clinical frailty scale 4–6, ≥ 70 years) were randomly allocated (1:1) into the intervention group (IG: n = 196) or control group (CG: n = 189). The IG underwent the PromeTheus programme for 12 months, which included an obligatory unsupervised home‐based physical exercise programme and facultative counsellin","Methods In this multicentre, assessor‐blinded, randomized controlled trial, 385 community‐dwelling (pre)frail older adults (clinical frailty scale 4–6, ≥ 70 years) were randomly allocated (1:1) into the intervention group (IG: n = 196) or control group (CG: n = 189). The IG underwent the PromeTheus programme for 12 months, which included an obligatory unsupervised home‐based physical exercise programme and facultative counselling services (person‐environment fit, nutrition and coping with everyday life), implemented through existing healthcare services and referral to community group activities. The CG received usual care. The first primary outcome was the function component of the Late‐Life Function and Disability Instrument (LLFDI‐FC) after 12 months; Life‐Space Assessment (LSA) served as the second primary outcome. Secondary outcomes included participation (short‐form LLFDI disability component, LLFDI‐DC), frailty status, physical capacity (Short Physical Performance Battery, SPPB) and fall rate. Data analyses followed the intention‐to‐treat principle. An exploratory stratified analysis according to baseline physical capacity (SPPB ≤ 6 points [ n = 210] vs. SPPB > 6 points [ n = 175]) was also conducted.
2 Methods 2.1 Study Design The PromeTheus study was a multicentre, assessor‐blinded RCT conducted in Heidelberg, Stuttgart and Ulm, located in Baden‐Wuerttemberg, Germany. Data were collected at baseline (T0), and 6 (T1) and 12 months (T2) after the baseline assessment (±2 weeks), with all assessments conducted at the participant's home. The study protocol was preregistered at the German Clinical Trials Register ( DRKS00024638 ) on 11 March 2021 and has been published elsewhere [ 16 ]. There were no significant deviations from the protocol. The study was approved by ","Results Participants had a mean age of 81.2 ± 5.9 years, with 73.5% ( n = 283) being female. At the 12‐month follow‐up, a significant between‐group difference in favour of the IG was observed for the change in the LLFDI‐FC (1.38 points, 95% confidence interval [CI] 0.08, 2.68) but not for the change in the LSA (0.49 points, 95% CI –3.65, 4.64). Change in frailty status (odds ratio for being in a ‘better’ change status 1.72, 95% CI 1.11, 2.64) and SPPB (0.58 points, 95% CI 0.10, 1.05) also showed significant between‐group differences in favour of the IG. The intervention did not affect the short form LLFDI‐DC or fall rate ( p = 0.055–0.689). The stratified analysis showed significant improvements in the LLFDI‐FC, short‐form LLFDI‐DC (limitation), frailty status and SPPB ( p = 0.002–0.020) in the IG compared to the CG for participants with SPPB ≤ 6 points but not for those with SPPB > 6 points. There were no study‐related serious adverse events.
3 Results 3.1 Participant Flow and Baseline Characteristics Participants were recruited from May 2021 to November 2022 with the first enrolled on 25 May 2021 and the last completing the study on 27 November 2023. Details on screening and recruitment strategies have been reported elsewhere [ 19 ]. Out of 501 potential participants pre‐screened by GPs, 385 were eligible after telephone and cognitive in‐home screening and were randomized into the IG ( n = 196) and CG ( n = 189). Baseline characteristics were well‐balanced between the two groups (Table 1 ). Twelve (3.1%) participants dropped out directly after randomization and did not receive any further study‐related measures during the intervention period (IG: n = 9, 4.6%, CG: n = 3, 1.6%). Another 54 were lost to the 12‐month follow‐up (IG: n = 31, 15.8%, CG: n = 23, 12.2%). Figur","TABLE 1 Baseline characteristics of the study population. TABLE 1 Baseline characteristics of the study population. Variable IG ( n = 196) CG ( n = 189) Age (years), mean (SD) 81.7 (5.9) 80.7 (5.8) Female, n (%) 146 (74.5) 137 (72.5) BMI (kg/m 2 ), mean (SD) 29.1 (6.1) 29.8 (5.5) Clinical Frailty Scale score, median [Q1, Q3] 4 [4, 5] 4 [4, 5] Frailty status, n (%) Robust 28 (14.3) 23 (12.2) Prefrail 88 (44.9) 93 (49.2) Frail 71 (36.2) 70 (37.0) NA 9 (4.6) 3 (1.6) Gait speed (m/s), mean (SD) 0.68 (0.24) 0.67 (0.23) SOMCT score, median [Q1, Q3] 4 [2, 8] 4 [2, 6] Fall within last 6 months, n (%) 78 (39.8) 64 (33.9) LLFDI function component score, mean (SD) 47.2 (7.6) 47.9 (7.8) SF‐LLFDI disability component score, mean (SD) Frequency 24.9 (4.5) 25.5 (4.3) Limitation 28.6 (7.5) 30.4 (6.2) Life‐Space Assessment score, mean (SD) 48.3 (19.7) 49.8 (17.7) SPPB score, mean (SD) 6.4 (2.8) 6.5 (2.6) SPPB score ≤ 6 pts., n (%) 110 (56.1) 100 (52.9) Abbreviations: BMI, Body Mass Index; LLFDI, Late‐Life Function and Disability Instrument; NA, not available; Q1, first quartile; Q3, third quartile; SD, standard deviation; SF‐LLFDI, Short‐Form Late‐Life Function and Disability Instrument; SOMCT, Short Orientation‐Memory‐Concentration Test; SPPB, Short Physical Performance Battery.
---TABLE---
TABLE 2 Adherence to the obligatory home‐based exercise programme and participation in the facultative components of the PromeTheus programme. TABLE 2 Adherence to the obligatory home‐based exercise programme and participation in the facultative components of the PromeTheus programme. Intervention components n = 196 a Training adherence to home‐based exercise programme (WEBB) EARS (participant rating) ( n = 175) b , c Mean (SD) 19.4 (3.7) ≥ 17 pts., n (%) 133 (76.0) Global adherence level (physiotherapist rating), n (%) 76%–100% 60 (30.6) 51%–75% 47 (24.0) 26%–50% 37 (18.9) 15%–25% 31 (15.8) 0% 21 (10.7) Counselling on person‐environment fit No identified need, n (%) 133 (67.9) Identified need and received recommendations, n (%) 45 (23.0) Identified need but unwilling to receive recommendations, n (%) 1 (0.5) Dropout before screening, n (%) 17 (8.7) Counselling on coping with everyday life No identified need, n (%) 92 (46.9) Identified need and received counselling, n (%) 46 (23.5) Identified need but unwilling to receive counselling, n (%) 36 (18.4) Dropout before screening, n (%) 22 (11.2) Nutritional counselling No identified need, n (%) 117 (59.7) Identified need and received counselling, n (%) 9 (4.6) Identified need but unwilling to receive counselling, n (%) 47 (24.0) Dropout before screening, n (%) 23 (11.7) Group activities No interest, n (%) 94 (48.0) Interest and received information, with referral, n (%) 28 (14.3) Interest and received information, but no referral, n (%) 49 (25.0) Dropout before interview, n (%) 25 (12.8) Abbreviations: EARS, Exercise Adherence Rating Scale; WEBB, Weight‐bearing Exercise for Better Balance. a Unless otherwise indicated. b Unavaila","Machine-assisted full-text mining supports extraction only; final inclusion, risk of bias, and numeric effects require author verification.",,,,,,
42004413,PMC13091225,10.1016/j.jarlif.2026.100069,Effects of multicomponent exercise on frailty in older adults with type 2 diabetes: Differential responses by metabolic frailty phenotype.,2026,JAR life,https://pubmed.ncbi.nlm.nih.gov/42004413/,community,resistance;balance;multicomponent_exercise;nutrition;digital_home,exercise_plus_nutrition,pmc_fulltext_available,pmc_fulltext_mined_not_numeric_extracted,yes,yes,ok,data\raw\pmc_fulltext\PMC13091225.xml,frailty;gait_speed;sppb;grip_strength;falls;adherence;adverse_events,yes,yes,yes,yes,yes,yes,yes,yes,no,yes,no,yes,yes,4.0,"ts modified by metabolic frailty phenotype (anorexic–malnourished [AM] phenotype vs sarcopenic–obese [SO] phenotype)? Methods In this 24-week, phenotype-stratified, parallel-group randomized controlled trial, 146 community-dwelling adults aged ≥65 years with long-standing T2DM and frailty/pre-frailty who met predefined AM or SO criteria were randomized within phenotyp",3 jarlife JAR Life 2534-773X Elsevier PMC13091225 PMC13091225.1 13091225 13091225 42004413 10.1016/j.jarlif.2026.100069 S2534-773X(26)00011-X 100069 1 Original Research Effects of multicomponent exercise on frailty in older adults with type 2 diabetes: Differential responses by metabolic frailty phenotype Zha Xiaojing a Wang Zhengyang b Huang Yiqing c Huang Liping a Huang,"s phenotype-specific functional benefit remains unclear. We asked two linked clinical questions: does a supervised 24-week MCE program improve physical function and frailty versus usual care, and are those effects modified by metabolic frailty phenotype (anorexic–malnourished [AM] phenotype vs sarcopenic–obese [SO] phenotype)? Methods In this 24-week, phenotype-strati","Methods In this 24-week, phenotype-stratified, parallel-group randomized controlled trial, 146 community-dwelling adults aged ≥65 years with long-standing T2DM and frailty/pre-frailty who met predefined AM or SO criteria were randomized within phenotype to supervised MCE or usual care (AM-Control/MCE 31; SO—Control/MCE 42). Co-primary outcomes were Short Physical Performance Battery (SPPB) score and Fried frailty phenotype count. Key secondary outcomes were 4-m gait speed, five-chair-stand time, and grip strength. Covariate-adjusted generalized estimating equation models of change from baseline to 12 and 24 weeks included intervention, phenotype, visit, and all interactions, and adjusted for baseline outcome, age, sex, BMI, baseline HbA1c, metformin, SGLT2 inhibitor, GLP-1RA, insulin, diabetic retinopathy, diabetic peripheral neuropathy, chronic kidney disease stage ≥3, and hypertension. Benjamini-Hochberg false-discovery-rate correction was applied across functional outcome comparisons.
2 Methods 2.1 Study design and participants 2.1.1 Design This was a 24-week, phenotype-stratified, parallel-group randomized controlled trial in community-dwelling older adults with long-standing type 2 diabetes mellitus (T2DM) and frailty or pre-frailty. The prespecified primary scientific question was whether responsiveness to a standardized multicomponent exercise (MCE) program differed between two contrasting metabolic frailty phenotypes: the anorexic–malnourished (AM) phenotype and the sarcopenic–obese (SO) phenotype. 2.1.2 Trial registration This trial was registered prospectively in the Chinese Clinical Trial Registry (ChiCTR), a WHO ICTRP primary registry, on 24 September 2024 (registration no ChiCTR2400090109; http://www.chictr.org.cn/ ), prior to enrollment of the first partic","Results Arm-level baseline balance was good overall, whereas AM and SO were intentionally distinct at baseline in adiposity, nutrition, glycemia, inflammation, and insulin resistance. Compared with usual care, MCE improved all functional outcomes at both follow-up visits. At 24 weeks, adjusted MCE-control differences were +1.14 points for SPPB (95 % CI 0.99 to 1.28), -0.64 for Fried count (95 % CI -0.77 to -0.51), +0.111 m/s for gait speed (95 % CI 0.095 to 0.127), -1.42 s for chair-stand time (95 % CI -1.70 to -1.14), and +0.94 kg for grip strength (95 % CI 0.72 to 1.16); all BH q < 0.001. Treatment-by-phenotype interactions at 24 weeks favored SO for SPPB (+0.50 points, 95 % CI 0.22 to 0.79; q = 0.005), gait speed (+0.048 m/s, 95 % CI 0.016 to 0.080; q = 0.012), and chair-stand time (-0.82 s, 95 % CI -1.37 to -0.27; q = 0.012), whereas the Fried-count interaction was not significant.
3 Results 3.1 Participant flow, intervention delivery, adherence, and safety Between October 1 and 30, 2024, eligible community-dwelling older adults were recruited via three community health service centers in Shaowu City (Shuibei, Tongtai, and Zhaoyang). A total of 244 individuals with T2DM and Fried-defined frailty or pre-frailty were screened; 146 met criteria for either the anorexic–malnourished (AM) phenotype ( n = 62) or the sarcopenic–obese (SO) phenotype ( n = 84) and were randomized within phenotype strata to MCE or usual care (73 per group; Fig. 1 ). Follow-up assessments at 12 and 24 weeks were completed by 97.3 % and 96.6 % of all randomized participants, respectively; within the MCE arm, 69/73 (94.5 %) and 68/73 (93.2 %) completed the 12- and 24-week assessments. Among all randomized MCE participants, median attendance over the 24-week program was 86.1 % of prescribed sessio","Table 1 Baseline characteristics: MCE vs control. Table 1 Baseline characteristics: MCE vs control. Table 1 dummy alt text Variable MCE ( n = 73) Control ( n = 73) P value Absolute standardized difference Age, years 74.18 ± 4.63 74.45 ± 4.87 0.656 0.057 Female, n ( %) 40 (54.8 %) 41 (56.2 %) 1.000 0.016 BMI, kg/m² 25.19 ± 4.04 25.33 ± 3.94 0.786 0.035 Waist circumference, cm 87.93 ± 9.01 88.67 ± 9.95 0.537 0.079 SPPB score 6.96 ± 1.66 6.91 ± 1.66 0.819 0.029 Fried phenotype count 3.14 ± 1.42 3.14 ± 1.26 1.000 0.000 4-m gait speed, m/s 0.83 ± 0.12 0.80 ± 0.11 0.061 0.239 Five-chair-stand time, s 15.32 ± 2.16 15.28 ± 2.18 0.891 0.017 Grip strength, kg 18.91 ± 5.62 18.34 ± 5.34 0.409 0.105 MNA-SF score 11.36 ± 1.54 11.45 ± 1.44 0.637 0.060 HbA1c, % 7.81 ± 0.79 7.68 ± 0.62 0.171 0.174 hsCRP, mg/L 3.22 ± 1.73 3.36 ± 1.74 0.529 0.080 TG/HDL ratio 4.63 ± 2.04 4.36 ± 1.98 0.289 0.135 HOMA-IR 4.75 ± 2.76 4.48 ± 2.22 0.395 0.108 Metformin use, n ( %) 60 (82.3 %) 53 (72.6 %) 0.126 0.214 SGLT2 inhibitor use, n ( %) 24 (32.9 %) 21 (28.8 %) 0.583 0.087 GLP-1RA use, n ( %) 12 (16.4 %) 15 (20.5 %) 0.510 0.105 Insulin use, n ( %) 25 (34.2 %) 27 (37.0 %) 0.691 0.067 Hypertension, n ( %) 50 (68.5 %) 48 (65.8 %) 0.787 0.052 Chronic kidney disease stage ≥3, n ( %) 22 (30.1 %) 15 (20.5 %) 0.107 0.223 Diabetic peripheral neuropathy, n ( %) 24 (32.9 %) 25 (34.2 %) 0.788 0.051 Diabetic retinopathy, n ( %) 19 (26.0 %) 16 (21.9 %) 0.453 0.114 Note: ASD, absolute standardized difference; SPPB, Short Physical Performance Battery; MNA-SF, Mini Nutritional Assessment Short-Form; hsCRP, high-sensitivity C-reactive protein; HOMA-IR, homeostatic model assessment of insulin resistance; GLP-1RA, glucagon-like peptide-1 receptor agonist.
---TABLE---
Table 2 Baseline characteristics by metabolic phenotype and randomized group. Table 2 Baseline characteristics by metabolic phenotype and randomized group. Table 2 dummy alt text Variable AM-Control ( n = 31) AM-MCE ( n = 31) SO—Control ( n = 42) SO-MCE ( n = 42) Age, years 74.23 ± 5.00 73.81 ± 4.67 74.67 ± 4.76 74.55 ± 4.60 Female, n ( %) 18 (58.1 %) 17 (54.8 %) 23 (54.8 %) 23 (54.8 %) BMI, kg/m² 22.24 ± 1.81 21.91 ± 2.17 28.41 ± 2.95 28.47 ± 2.53 SPPB score 6.76 ± 1.58 6.61 ± 1.57 7.06 ± 1.74 7.11 ± 1.72 Fried phenotype count 3.18 ± 1.32 3.16 ± 1.36 3.10 ± 1.21 3.11 ± 1.40 4-m gait speed, m/s 0.78 ± 0.11 0.80 ± 0.12 0.82 ± 0.11 0.85 ± 0.11 Five-chair-stand time, s 15.53 ± 2.15 15.83 ± 1.96 15.03 ± 2.19 14.80 ± 2.25 Grip strength, kg 18.41 ± 5.20 18.64 ± 5.95 18.26 ± 5.51 19.19 ± 5.30 MNA-SF score 10.90 ± 1.45 10.77 ± 1.45 12.00 ± 1.22 11.96 ± 1.39 HbA1c, % 7.53 ± 0.60 7.53 ± 0.71 7.84 ± 0.61 8.09 ± 0.78 hsCRP, mg/L 1.88 ± 0.64 1.77 ± 0.59 4.83 ± 1.13 4.66 ± 1.19 TG/HDL ratio 2.95 ± 1.00 3.37 ± 0.98 5.76 ± 1.71 5.88 ± 2.06 HOMA-IR 3.10 ± 1.22 2.76 ± 1.15 5.86 ± 2.14 6.74 ± 2.45 Chronic kidney disease stage ≥3, n ( %) 7 (22.6 %) 11 (35.5 %) 8 (19.0 %) 11 (26.2 %) Note: This table is descriptive and shows phenotype-stratified baseline val","Machine-assisted full-text mining supports extraction only; final inclusion, risk of bias, and numeric effects require author verification.",,,,,,
41796126,PMC13086931,10.1038/s41598-026-38989-4,The ActivLife exergame rehabilitation program improves functional abilities in pre-frail and frail older adults: a clinical trial.,2026,Scientific reports,https://pubmed.ncbi.nlm.nih.gov/41796126/,primary_care,resistance;balance;aerobic_walking;multicomponent_exercise;nutrition;digital_home,exercise_plus_nutrition,pmc_fulltext_available,pmc_fulltext_mined_not_numeric_extracted,yes,yes,ok,data\raw\pmc_fulltext\PMC13086931.xml,frailty;gait_speed;grip_strength;adl;falls;quality_of_life;adherence;adverse_events,yes,yes,yes,yes,yes,yes,no,yes,yes,yes,yes,yes,yes,3.0,"rather than a strictly defined control group was used. While it offered a benchmark for interpretation, it did not fully account for potential confounders. As a single-center, non-randomized feasibility study in which all eligible participants received the intervention, the ability to attribute observed changes solely to the training is inherently limited, and risks o","ults at increased risk of decline in overall health, functional abilities, and independence. Recent research emphasizes that frailty syndrome therapy should be comprehensive, with multicomponent physical activity as first-line treatment. This study evaluated the effects of exercise-based video games (exergames) rehabilitation program on functional abilities in 111 older a","ed as robust, who also underwent the intervention but - given their higher baseline functional status - served as a reference subgroup in comparative analyses rather than a formal control group. This study was set in a primary healthcare clinic (Model Family Practice under the auspices of Wroclaw Medical University) in Wroclaw, Poland, a facility providing care for appro","Materials and methods Before commencing the research project, the study design received approval from the Bioethics Committee at the Wroclaw Medical University (Approval No. — 172/2019 from March 5th 2019). All study participants gave written consent to participate in the study. All procedures were performed in accordance with the 1964 Helsinki Declaration and its later amendments. This study has been registered retrospectively (June 25th 2025) in the ClinicalTrials.gov database and has been assigned the ID NCT07036224 ( https://clinicaltrials.gov/study/NCT07036224 ). CONSORT and STROBE checklist have been included as Supplementary files as well as trial protocol file. Expected outcomes The primary outcome of the study was the assessment of changes in functional abilities, captured through anthropometric measurements and muscle strength, balance, gait, flexibility, and daily functioning. Secondary outcomes included: Assessment of the change of frailty status according to the Fried phenotype model, assessed in two complementary ways: The frailty score (0–5 points), treated as an ordinal variable, and. The categorical frailty classification (robust, pre-frail, frail). Potential impact of sociodemographic variables on results. Assessment of completion rate. These outcomes provided supporting information regarding functional abilities and feasibility of the intervention. Participants This single-center pre-post study, conducted among volunteers aged 65 to 89 years between March 2022 and November 2024, used a reference group of participants classified as robust, who also underwent the intervention but - given their higher baseline functional status - served as a reference subgroup in comparative analyses rather than a formal control group. This study was set in a primary hea","Results Characteristics of the participants and completion rate A total of 186 willing participants out of 642 patients of the primary care clinic where the study was conducted were initially enrolled in the study (see Fig. 2 ) and classified into subgroups (frailty, pre-frailty, and robust) based on the criteria proposed by Fried and colleagues. Ultimately, 111 individuals completed the full training program. 80 of them were women (72.07%). The mean age of the participants was 75.17 years (SD = 5.89). The majority of the participants had secondary education ( N = 56, 50.9%) or higher education ( N = 47, 43.3%). Fig. 2 Flowchart illustrating the number of patients included and excluded at each stage of the study. F – frailty, P – pre-frailty, R – robust participants. The proportion of participants who chose to complete the intervention varied significantly between subgroups, as shown in Table 1 . Table 1 Number of participants who started and completed the research intervention and completion rate in individual frailty subgroups among study participants. Subgroup Initial number of participants in the subgroup Number of participants who completed the intervention Completion rate SD vs. p Frailty 87 34 39.1% 0.491 frailty : pre-frailty < 0.001 Pre-frailty 52 41 78.8% 0.412 frailty : robust < 0.001 Robust 47 36 76.6% 0.428 pre-frailty : robust 0.790 Note. p - value of pairwise comparisons using Wilcoxon rank sum test with continuity correction. Withdrawal reasons varied across frailty subgroups. In frail participants, the primary causes were exacerbation of chronic diseases ( n = 22) and logistical barriers (e.g., access difficulties, caregiver time constraints). Health issues also dominated withdrawals among pre-frail individuals, although to a lesser extent. In contrast,","Table 1 Number of participants who started and completed the research intervention and completion rate in individual frailty subgroups among study participants. Table 1 Number of participants who started and completed the research intervention and completion rate in individual frailty subgroups among study participants. Subgroup Initial number of participants in the subgroup Number of participants who completed the intervention Completion rate SD vs. p Frailty 87 34 39.1% 0.491 frailty : pre-frailty < 0.001 Pre-frailty 52 41 78.8% 0.412 frailty : robust < 0.001 Robust 47 36 76.6% 0.428 pre-frailty : robust 0.790 Note. p - value of pairwise comparisons using Wilcoxon rank sum test with continuity correction.
---TABLE---
Table 2 Impact of the training on the quantitative values of the frailty variable according to Fried’s classification. Table 2 Impact of the training on the quantitative values of the frailty variable according to Fried’s classification. Training cycle Mean Fried frailty score SD W p (power) before 1.52 1.38 72.5 0.008 (0.79) after 1.39 1.27 Note. (W, p) - statistic and p-value of Wilcoxon signed rank test for paired samples.
---TABLE---
Table 3 Changes in individual examined parameters within subgroups resulting from the completed training cycle. Table 3 Changes in individual examined parameters within subgroups resulting from the completed training cycle. Variable Frailty ( N = 34) Pre-frailty ( N = 41) Robust ( N = 36) Before training After training W p (power) Before training After training W p (power) Before training After training W p (power) mean SD mean SD mean SD mean SD mean SD mean SD Body mass (kg) 69.65 15.58 69.73 15.62 281.5 0.993 74.03 14.04 74.71 12.34 461.5 0.322 75.66 11.75 75.51 11.6 383.5 0.432 Body height (cm) 162.03 7.93 162.03 7.93 0 - 163.29 8.02 163.29 8.02 0 - 165.5 9.86 165.56 9.86 0 - BMI 26.38 5.44 26.52 5.63 227 0.688 28.28 5.17 28.1 5.1 424.5 0.152 27.60 3.0 27.54 2.93 359 0.296 Handgrip force (kg) 19.94 6.14 21.91 6.69 66 < 0.001 (0.99) 24.68 5.46 24.82 5.55 285.5 0.935 27.72 7.71 27.89 7.49 222.5 0.438 Arm diameter (cm) 29.34 3.88 29.76 3.72 22 0.609 30.58 3.55 30.34 3.25 38 0.359 30.89 3.96 31.31 3.94 7 0.037 (0.60) Calf diameter (cm) 34.56 3.1 34.75 3.65 33.5 0.69 36.22 3.59 36.43 3.21 49.5 0.552 35.44 2.19 35.3 2.05 36 0.821 Body fat (%) 34.36 9.41 33.72 9.62 296 0.986 35.97 9.69 36.14 9.08 305 0.488 33.21 6.50 33.54 6.38 186.5 0.059 Muscle weight (kg) 24.15 5.24 24.35 5.33 267 0.963 26.01 5.07 25.73 4.64 501 0.224 28.20 6.27 27.91 6.02 424 0.031 (0.59) Total VES-13 (0–10 pts) 5.44 2.5 5.27 2.38 10.5 0.49 3.15 1.65 2.95 1.72 36 0.095 1.31 1.33 1.35 1.59 1.5 0.586 Total ADL (0–6 pts) 5.79 0.54 5.7 0.81 3 0.371 6 0 5.93 0.47 1 1 6.00 0.00 6.00 0.00 0 - Total IADL (0–30 pts) 24.24 3.1 24.33 3.22 11 0.351 25.83 1.39 25.82 1.48 2 1 26.8 0.40 26.9 0.23 0 1 Total Tinneti score (0–28 pts) 23.32 4.25 23.85 3.6 3.5 0.008 (0.85) 26.22 1.47 26.41 1.41 5.5 0.013 (0.77) 27.5 0.61 27.58 0.60 0 0.149 4.6 m walk","Machine-assisted full-text mining supports extraction only; final inclusion, risk of bias, and numeric effects require author verification.",,,,,,
41677077,PMC12895478,10.1111/acel.70376,A Multidomain Lifestyle Intervention Is Associated With Improved Functional Trajectories and Favorable Changes in Epigenetic Aging Markers in Frail Older Adults: A Randomized Controlled Trial.,2026,Aging cell,https://pubmed.ncbi.nlm.nih.gov/41677077/,community,resistance;nutrition;multidomain,multidomain_exercise_nutrition,pmc_fulltext_available,pmc_fulltext_mined_not_numeric_extracted,yes,yes,ok,data\raw\pmc_fulltext\PMC12895478.xml,frailty;gait_speed;grip_strength;adl;falls;quality_of_life;adherence;adverse_events,yes,yes,yes,yes,yes,yes,no,yes,yes,yes,yes,yes,yes,0.0,esearch Article A Multidomain Lifestyle Intervention Is Associated With Improved Functional Trajectories and Favorable Changes in Epigenetic Aging Markers in Frail Older Adults: A Randomized Controlled Trial Olaso‐Gonzalez Gloria 1 2 3 Millan‐Domingo Fernando 1 2 3 4 Garcia‐Fernandez Luis 5 Garcia‐Tercero Elisa 5 Cebrian Monica 6 Garcia‐Dominguez Cristina 1 7 Carbonel,ell 1474-9718 1474-9726 Wiley PMC12895478 PMC12895478.1 12895478 12895478 41677077 10.1111/acel.70376 ACEL70376 2137438 1 Research Article Research Article A Multidomain Lifestyle Intervention Is Associated With Improved Functional Trajectories and Favorable Changes in Epigenetic Aging Markers in Frail Older Adults: A Randomized Controlled Trial Olaso‐Gonzalez Gloria 1,"and the Rate of Epigenetic Aging (REA). Between October 2019 and July 2022, we recruited 47 frail, community‐dwelling individuals in Spain. Mean age was 80.2 years (SD 3.1) in the control group (CG; n = 19) and 80.5 years (4.3) in the intervention group (IG; n = 28). Compared with the CG, a significant reduction in frailty, assessed by the SHARE‐FI score, was observed in","2 Methods Our study is a prospective, interventional, controlled, randomized clinical study (protocol number MEJ‐NES‐2019). The researchers responsible for the exercise intervention and data gathering were independent to guarantee the study's blindness. Assessors were not informed of participants' assignment. The study was conducted between October 14, 2019, and July 29, 2022. Informed consent was obtained from each participant who signed it after fully understanding the procedures ( n = 47). Eligibility criteria included: (i) age ≥ 70 years; (ii) sedentary lifestyle per WHO (WHO 2020 ); (iii) frail according to the Survey of Health, Aging and Retirement in Europe‐Frailty Instrument (SHARE‐FI) (Romero‐Ortuno et al. 2011 ); (iv) gait speed ≤ 0.8 m/s; and (v) community dwellers. Exclusion criteria were: (i) life expectancy < 12 months; (ii) uncontrolled diabetes (HbA1c > 9%); (iii) cognitive impairment (MMSE < 17); (iv) disability (Barthel Index < 50); (v) recent acute coronary event; (vi) hospital admission in past 3 months; (vii) active cancer treatment; (viii) major surgery in past 6 months; (ix) institutionalization; (x) NYHA class 3–4 dyspnea; (xi) lactose intolerance; (xii) use of multivitamins or protein supplements; (xiii) refusal to consent. Baseline sample characteristics are shown in Figure 1 and Table S1 . FIGURE 1 Study design and anthropometric characteristics of the participants. (a) Overview of selection criteria and study design. The histogram represents the age distribution in the control group ( n = 19) and the intervention group ( n = 28). (b) Flowchart of participant selection and progression. (c) Main anthropometric data of participants before and after the intervention, including BMI, percentage of lean mass, percentage of fat mass, and abdominal gi","3 Results 3.1 Study Participants Figure 1a shows an overview of selection criteria and study design. The histogram represents the distribution of ages among the control group ( n = 19) and intervention group ( n = 28). We screened 287 potential participants telephonically; 147 were assessed for eligibility, 47 were recruited and randomized, 28 to the intervention, and 19 to the control group (Figure 1b ). Baseline characteristics of the participants are available in Table S1 . We found no relevant differences between the groups in the main conditions studied or in the prevalence of geriatric syndromes. The intervention group did not differ from controls in terms of gender ( p = 0.4), weight ( p = 0.9), BMI ( p = 0.3) or chronological age ( p = 0.8) (Figure 1a,c ). No significant differences were found in either the SHARE‐FI index or Linda Fried's frailty criteria (Oviedo‐Briones et al. 2021 ). No adverse events or health complications related to the exercise program or nutritional supplementation were observed during the study period. 3.2 Effect of a Six‐Month Multidomain Intervention on Functional, Cognitive, Emotional, and Social Losses in Frail Individuals Figure 1c and Table S2 show that the anthropometric baseline characteristics of the two groups were very similar at the beginning of the study. Our multidomain intervention significantly improved lean mass, body fat percentage, and reduced abdominal girth. Participants' exercise compliance was 64.3% (95% CI 49.8–68.6). Adherence to the nutritional supplement was 71.2% (95% CI 67.5–74.6). Figure 2a shows that patients who took the supplement and participated in the exercise program exhibited a reduction of −2.5 [−2.9, −2.0] points in frailty according to the SHARE‐FI (Romero‐Ortuno et al. 2011 ) and also exhibited a",,"Machine-assisted full-text mining supports extraction only; final inclusion, risk of bias, and numeric effects require author verification.",,,,,,
41658611,PMC12879047,10.3389/fmed.2026.1755508,"Feasibility and acceptability of a remotely delivered, home-based ""exercise snacking"" to improve physical function in community-dwelling older adults: a 28-day pilot study.",2026,Frontiers in medicine,https://pubmed.ncbi.nlm.nih.gov/41658611/,home,resistance;balance;aerobic_walking;digital_home,exercise_only,pmc_fulltext_available,pmc_fulltext_mined_not_numeric_extracted,yes,yes,ok,data\raw\pmc_fulltext\PMC12879047.xml,frailty;gait_speed;sppb;adl;falls;quality_of_life;adherence;adverse_events,yes,yes,yes,yes,yes,yes,yes,no,yes,yes,yes,yes,yes,3.0,"barriers. “Exercise snacking” defined as brief bouts of resistance exercise accumulated across the day, may offer a more flexible and feasible option. Methods In this 28-day pilot randomized controlled trial, 36 community-dwelling older adults aged 65–80 years were randomly assigned to a home-based “exercise snacking” (ES) group ( n = 18) or a control group ( n = 18).","6-858X Frontiers Media SA PMC12879047 PMC12879047.1 12879047 12879047 41658611 10.3389/fmed.2026.1755508 1 Original Research Feasibility and acceptability of a remotely delivered, home-based “exercise snacking” to improve physical function in community-dwelling older adults: a 28-day pilot study Hu Zhongzhong 1 2 Conceptualization Funding acquisition Methodology Writi","28-day pilot randomized controlled trial, 36 community-dwelling older adults aged 65–80 years were randomly assigned to a home-based “exercise snacking” (ES) group ( n = 18) or a control group ( n = 18). The ES group performed two daily bouts of a five-exercise, chair- and body weight based resistance circuit (~9 min per bout), remotely supervised via smartphone video s","Methods In this 28-day pilot randomized controlled trial, 36 community-dwelling older adults aged 65–80 years were randomly assigned to a home-based “exercise snacking” (ES) group ( n = 18) or a control group ( n = 18). The ES group performed two daily bouts of a five-exercise, chair- and body weight based resistance circuit (~9 min per bout), remotely supervised via smartphone video submission, while controls continued their usual activities. Feasibility was assessed by retention and adherence (completed vs. prescribed sessions), and acceptability by a five-point Likert scale and semi-structured interviews. Physical function outcomes included the Short Physical Performance Battery [SPPB; 4-m walk, five-times sit-to-stand (5-STS), and a balance test], as well as the 60-s sit-to-stand (60 s-STS) and timed up and go (TUG) tests. Two-way repeated-measures analysis of variance and partial η 2 was used to explore preliminary intervention effects.
2 Materials and methods 2.1 Study design This study employed a 4-week, pre-post, pilot randomized controlled trial to evaluate the feasibility and potential effects of a home-based resistance “exercise snacking” intervention on physical function in community-dwelling older adults. The trial was conducted in Beijing, China, between October and November 2025. All participants completed a survey on living conditions and underwent physical function assessments at a community senior activity center. The intervention was performed at home under remote supervision by the research team. Ethical approval for the study was obtained from sports science experiments of Beijing Sport University (2025489H). 2.2 Participant recruitment and screening A total of 36 community-dwelling older adults aged 65–80 years who were not engaged in regular, stru","Results Thirty-three participants (ES = 16, control = 17) completed follow-up (retention 88.9%). Among ES completers, mean adherence was 89.1%, with 49.9 ± 3.7 of 56 prescribed sessions completed. Acceptability was high (mean enjoyment 4.3/5), and 88.9% of participants reported intending to continue similar exercises independently. One minor adverse event (plantar fasciitis) and four mild musculoskeletal incidents were recorded, none leading to withdrawal. Compared with controls, the ES group showed significant improvements in SPPB total score, five-STS time, 4-m walk time, TUG time, and 60 s-STS repetitions, all with large effect sizes, while balance scores remained stable in both groups.
3 Results Figure 1 illustrates participant progression throughout the trial. Among the 60 individuals who responded to the recruitment advertisements, 36 successfully met the screening criteria and completed the follow-up evaluations. Participants were randomly assigned to either the intervention group ( n = 18) or the control group ( n = 18). Baseline demographic and physical function data for participants included in this pilot trial are presented in Table 2 . No statistically significant differences were detected between the two groups in demographic or functional measures, indicating balanced allocation. The sample included both male and female participants and encompassed an age range of 65–80 years. A total of 33 participants completed the intervention phase and contributed outcome data at follow-up. Three participants withdrew from the study: two from the ES group and one from the control group. One participant in the ES group withdrew following a family bereavement and another discontinued due to illness. The participant in the control group was unavailable for follow-up becau","Table 1 Purpose of the assessment. Table 1 Purpose of the assessment. Assessments indicators Purpose of the assessments 4-m walk time To assess walking speed and gait efficiency Five-times sit-to-stand time To assess lower-limb muscle strength and power during repeated sit-to-stand transitions SPPB balance assessments To assess static balance control and postural stability in progressively challenging standing positions 60-s sit-to-stand To assess lower-limb muscular endurance and the ability to sustain repeated functional movements Timed up and go time To assess overall functional mobility, including integrating balance, walking ability and turning performance
---TABLE---
Table 2 Baseline characteristics of participants. Table 2 Baseline characteristics of participants. Participant characteristics Control ( N = 18) ES ( N = 18) Male/female, n 8/9 10/6 Age (years), mean ± SD 72.7 ± 4.6 73.2 ± 5.0 Height (cm), mean ± SD 166.5 ± 8.7 167.2 ± 9.2 Weight (kg), mean ± SD 70.8 ± 12.6 71.7 ± 13.8 BMI (kg/m 2 ), mean ± SD 25.5 ± 3.2 25.6 ± 3.4 Marital status , n (%) Unmarried 0 0 Married 12 11 Divorced 1 2 Widowed 4 3 Separated 1 2 Employment , n (%) Retired 11 11 Re-employ after retirement 1 2 Employed part-time 2 2 Self-employed 4 3 Previous medical history , n (%) Osteoporosis, n 3 2 Osteoarthritis, n 2 1 Hip replacement, n 1 0 Knee replacement, n 0 1 Rotator cuff surgery, n 1 0 Lumbar disc herniation, n 1 2 Adhesive capsulitis, n 0 1 History of fracture 1 1 Physical function SPPB total score 8.3 ± 0.8 8.4 ± 0.8 60-s STS (reps) 17.8 ± 4.9 17.4 ± 4.4 TUG time (s) 12.7 ± 2.2 12.5 ± 1.9
---TABLE---
Table 3 Adherence to the ES intervention presented as the prescribed vs. actual (completed) for: (i) number of days exercised per week, (ii) number of ES per week, and (iii) total number of ES during the 4-week intervention. Table 3 Adherence to the ES intervention presented as the prescribed vs. actual (completed) for: (i) number of days exercised per week, (ii) number of ES per week, and (iii) total number of ES during the 4-week intervention. Days exercised per week Number of exercise sessions per week Total number of exercise sessions during 4-week Prescribed Actual mean (SD) Prescribed Actual mean (SD) Prescribed Actual mean (SD) 7 6.4 (0.4) 14 12.5 (0.9) 56 49.9 (3.7)","Machine-assisted full-text mining supports extraction only; final inclusion, risk of bias, and numeric effects require author verification.",,,,,,
41354090,PMC12682371,10.1093/ageing/afaf345,Why didn't the senior citizen cross the road? Gait speed in community-dwelling older adults with mobility limitations relative to pedestrian crossing times.,2025,Age and ageing,https://pubmed.ncbi.nlm.nih.gov/41354090/,community,aerobic_walking,exercise_only,pmc_fulltext_available,pmc_fulltext_mined_not_numeric_extracted,yes,yes,ok,data\raw\pmc_fulltext\PMC12682371.xml,frailty;gait_speed;sppb;adl;falls;adverse_events,yes,yes,no,yes,yes,yes,yes,no,yes,yes,no,no,yes,1.0,"red walking speed for pedestrian crossings, and the demographic characteristics associated with low gait speed. Methods Four-metre walking speed data from 1110 older adults in two randomised controlled trials were analysed. Gait speed and the proportion meeting the 1.2 m/s ‘green signal’ crossing time was calculated. Generalised linear models explored differences in g","ions relative to pedestrian crossing times https://orcid.org/0000-0003-1107-8498 Western Max J Department for Health, University of Bath , Bath , UK Withall Janet School of Sport, Exercise and Rehabilitation Sciences, University of Birmingham , Birmingham , UK Sheppard Rory College of Biomedical and Life Sciences, Cardiff University , Cardiff , UK Greaves Colin Scho",,"Methods Four-metre walking speed data from 1110 older adults in two randomised controlled trials were analysed. Gait speed and the proportion meeting the 1.2 m/s ‘green signal’ crossing time was calculated. Generalised linear models explored differences in gait speed by sex, age, education, marital status, socioeconomic status and physical function.
Methods This descriptive cross-sectional study includes 1110 older adults who took part in two large randomised controlled trials aimed at supporting people over 65 with mobility limitations and not in full-time employment. To accurately assess normal gait speed, only baseline (pre-intervention) data from these trials are used in the analysis. Participants This data draws from the baseline assessment of physical function in the REtirement in ACTion (REACT) study [ 14 ] that recruited 777 (514 female) older adults, and the Active, Connected, Engaged (ACE) study [ 15 ] that recruited 528 (345 female) older adults. Participants in both trials were recruited from multiple UK sites based on having a Short Physical Performance Battery (SPPB) score between 4 and 9 inclusive [ 16 ]. The samples reflected the wider UK population in terms of age, ethnicity and index of multiple deprivation, but included fewer males and adults aged 65–69 (see Table 3 in [ 17 ]). Both studies received NHS Research Ethics Committee approval (REACT: 15/LO/2082; ACE: 21/LO/0433). Of the 1305 recruited across both trials, data from 1110 was included in this analysis due to the omission of participants whose gait speed times were not recorded ( n = 195). Gait speed analysis The 4-m gait speed component of the SPPB was used to measure participants ‘normal comfortable walking speed’ from a standing start [ 18 ]. Participants performed the walk twice in their a","Results Seventeen (1.5%) of the sample walked fast enough at their usual comfortable pace to cross during a 1.2 m/s green signal. The mean gait speed for the sample was 0.77 (SD 0.19). Older age, lower physical function and non-white ethnicity were characteristics associated with slower gait speed.
Results Table 1 displays the demographic characteristics of the sample along with the mean (SD) gait speeds in each category. Figure 1 presents the distribution of gait speed scores across the sample. The overall mean gait speed for the whole sample was 0.77 (SD: 0.19)m/s. Only 17 (1.5%) of the 1110 sample had a walking speed of at least 1.2 m/s, with 136 (12%) walking faster than 1.0 m/s, and 502 (45%) walking faster than 0.8 m/s at their normal comfortable speed. Figure 1 Distribution of gait speed scores within the sample ( n = 1110). Gait speed was significantly negatively correlated with age (r = −0.150, 95% CI: −0.207 to −0.092, P < .001) and significantly positively correlated with total physical; function score (r = 0.648, 95% CI: 0.587–0.659, P < .001) but not with Index of Multiple Deprivation decile (r = 0.058, 95% CI: −0.001 to 0.116, P = .055). When controlling for covariates, those with lower baseline physical function and non-white ethnicity had significantly lower gait speed than people with higher physical function and white (British or non-British) ethnicity, respectively. Pairwise comparisons also revealed that people aged 65–74 years were significantly quicker by an estimated 0.025 m/s than those aged 75–84 years ( P = .018), and that those educated to secondary school level were estimated to be −0.021 m/s slower than those who attended or completed college ( P = .035). These data can be interpreted in light of a minimally clinically important difference i","Table 1 Unadjusted mean (SD) gait speed scores according to characteristics. Table 1 Unadjusted mean (SD) gait speed scores according to characteristics. Category N (%) a Mean (SD) Gait speed (m/s) Difference b Total sample 1110 0.77 (0.19) Sex P = .117 Male 397 (36%) 0.79 (0.19) Female 713 (64%) 0.76 (0.19) Age P = .057 65–74 403 (37%) 0.81 (0.19) 75–84 518 (46%) 0.76 (0.18) 85+ 185 (17%) 0.73 (0.18) Ethnicity P < .001 White British/-Irish/-other 1053 (95%) 0.78 (0.18) Non-white 56 (5%) 0.66 (0.19) Marital status P = .139 Single, widowed or divorced 540 (55%) 0.75 (0.18) Married or cohabiting 450 (45%) 0.79 (0.19) Highest education attainment P = .103 Secondary education 506 (46%) 0.75 (0.18) College or vocational qual 471 (42%) 0.80 (0.19) First degree or higher 130 (12%) 0.77 (0.20) Index of multiple deprivation P = .195 Decile 1–3 269 (24%) 0.75 (0.18) Decile 4–6 333 (30%) 0.78 (0.18) Decile 7–10 507 (46%) 0.77 (0.20) SPPB total score P < .001 4–7 (frail) 529 (48%) 0.66 (0.15) 8–9 (pre-frail) 581 (52%) 0.87 (0.15) a The sample size for demographic categories does not always add up to 1110 due to missing data of a given variable; percentages represent the proportional representation of available data. b To isolate the effects of dependent variables, all other variables in the table were entered as covariates in each model at either the continuous level (age, IMD and SPPB) or categorical level (sex, education, ethnicity and marital status).","Machine-assisted full-text mining supports extraction only; final inclusion, risk of bias, and numeric effects require author verification.",,,,,,
41120990,PMC12538938,10.1186/s12877-025-06471-x,Impact of a functional gait training program as a complementary strategy to improve physical function in older adults: a randomized clinical trial.,2025,BMC geriatrics,https://pubmed.ncbi.nlm.nih.gov/41120990/,unclear,resistance;mind_body,exercise_only,pmc_fulltext_available,pmc_fulltext_mined_not_numeric_extracted,yes,yes,ok,data\raw\pmc_fulltext\PMC12538938.xml,frailty;gait_speed;sppb;grip_strength;adl;falls;quality_of_life;adherence;adverse_events,yes,yes,yes,yes,yes,yes,yes,yes,yes,yes,yes,yes,yes,3.0,538938 41120990 10.1186/s12877-025-06471-x 6471 1 Research Impact of a functional gait training program as a complementary strategy to improve physical function in older adults: a randomized clinical trial Alegre-Tamariz José 1 6 Sánchez-Medina Jeimmy 2 3 Runzer-Colmenares Fernando M. 4 Ávila-Rodríguez Cesar 5 Bermejo-Franco Alberto alberto.bermejo@universidadeuropea.,"g increasingly highlights the importance of muscle function, strength, and mass due to their pivotal roles in intrinsic capacity, frailty, sarcopenia, and overall health. Physical exercise remains a cornerstone strategy for enhancing these parameters. This study aimed to assess the impact of functional gait training using the sequential square mat (SSM) Fisior ® pro","ed clinical trial was conducted with older adults aged 60 years and older from the Comprehensive Senior Adult Center (CIAM) in Lima, Peru. Participants were randomly assigned to a control group (structured physical activity workshops: gymnastics, dance, swimming, and Tai Chi) or an intervention group (same workshops plus SSM Fisior ® program for 35 min, three times weekl","Methods A randomized clinical trial was conducted with older adults aged 60 years and older from the Comprehensive Senior Adult Center (CIAM) in Lima, Peru. Participants were randomly assigned to a control group (structured physical activity workshops: gymnastics, dance, swimming, and Tai Chi) or an intervention group (same workshops plus SSM Fisior ® program for 35 min, three times weekly). The 12-week intervention’s impact was analyzed using linear regression models to calculate β coefficients, standard errors, 95% confidence intervals, and p-values.
Methods Participants Participants were eligible if they were 60 years or older, were not institutionalized, scored 24 or higher on the Mini-Mental State Examination (MMSE), indicating no cognitive impairment, could communicate effectively, were able to stand up and walk at least 10 m unassisted, and scored 60 or higher on the Barthel Index, indicating sufficient functional independence. Exclusion criteria included: presence of neurological disorders (e.g., stroke, Parkinson’s disease, multiple sclerosis) or musculoskeletal/orthopedic conditions (e.g., recent fractures, severe osteoarthritis) that could interfere with gait training; unstable cardiovascular or metabolic diseases that contraindicated exercise; previous participation in structured gait or functional exercise programs in the past 6 months; and severe cognitive or behavioral impairments that would prevent completion of the training protocol. Sample size The sample size for this study was determined using a standard clinical trial formula, based on an expected effect size, a two-tailed significance level (alpha) of 0.05, and a statistical power (1-β) of 80%. In accordance with established guidelines and prior published studies on physical function outcomes in ol","Results Among 47 participants (95.74% women, mean age 72.66 years), 29 (61.70%) were in the intervention group and 18 (38.30%) in the control group. Significant improvements were observed in the adjusted model (by age and sex) for the Timed Up and Go Test (B = -1.43, p = 0.002), calf circumference (B = -0.10, p = 0.001), grip strength (B = -0.05, p = 0.004), and Barthel index (B = -0.02, p = 0.001). No association was found with other variables: Short Physical Performance Battery, abdominal circumference, and Sarc-F.
Findings • Older adults who participated in the SSM Fisior® program showed significant improvements in functional mobility (Up & Go test), muscle strength (grip strength), muscle mass (calf circumference), and daily functioning (Barthel index) compared to the control group.
Results In this study, most participants were female, representing 95.74% ( n = 45), with an average age of 72.66 years and a standard deviation of 7.27. Furthermore, 61.70% of the participants ( n = 29) belonged to the intervention group, while 38.30% ( n = 18) were part of the control group. Further details can be found in Table 1 , that presents the descriptive results of the study variables. Table 1 Descriptive analysis of study variables ( n = 47) Variables n (%) Mean (Standard Deviation) Sex Female 45 (95.74) Male 2 (4.26) Use of glasses No 18 (38.30) Yes 29 (61.70) Use of hearing aids No 41 (87.23) Yes 6 (12.77) Polypharmacy No 34 (72.34) Yes 13 (27.66) Fallss No 28 (59.57) Yes 19 (40.43) Use of prosthetics No 45 (95.74) Yes 2 (4.26) Comorbidities (number) 2.31 (1.16) Age (years) 72.66 (7.27) Variation in pre-post intervention scores Timed Up and Go Test (m/s) −0.15 (1.48) Short Physical Performance Battery (points) 0.68 (1.40) Balance Test (points) 0.01 (0.72) Walking Test (point","Table 1 Descriptive analysis of study variables ( n = 47) Table 1 Descriptive analysis of study variables ( n = 47) Variables n (%) Mean (Standard Deviation) Sex Female 45 (95.74) Male 2 (4.26) Use of glasses No 18 (38.30) Yes 29 (61.70) Use of hearing aids No 41 (87.23) Yes 6 (12.77) Polypharmacy No 34 (72.34) Yes 13 (27.66) Fallss No 28 (59.57) Yes 19 (40.43) Use of prosthetics No 45 (95.74) Yes 2 (4.26) Comorbidities (number) 2.31 (1.16) Age (years) 72.66 (7.27) Variation in pre-post intervention scores Timed Up and Go Test (m/s) −0.15 (1.48) Short Physical Performance Battery (points) 0.68 (1.40) Balance Test (points) 0.01 (0.72) Walking Test (points) 0.17 (0.48) Chair Test (points) 0.51 (1.18) Calf Circumference (cm) 0.55 (2.09) Abdominal Circumference (cm) 0.73 (9.70) Hand Grip Strength (kg) −1.23 (4.64) Sarc-F (points) −1.21 (1.92) Barthel Index (points) 3.19 (11.20) Group Intervention 29 (61.70) Control 18 (38.30)
---TABLE---
Table 2 Bivariate analysis of pre-post intervention score variation by intervention group ( n = 47) Table 2 Bivariate analysis of pre-post intervention score variation by intervention group ( n = 47) Variables Intervention 95% Confidence Interval Control 95% Confidence Interval P value Timed Up and Go Test (sec) −0.80 (1.07) (−1.20, −0.40) 0.46 (1.58) (−0.13, 1.05) 0 , 006 SPPB (points) 0.97 (1.27) (0.50, 1.44) 0.22 (1.52) (−0.35, 0.79) 0,076 Balance Test (points) 0.07 (0.53) (−0.13, 0.27) −0.11 (0.96) (−0.47, 0.25) 0,412 Walking Test (points) 0.14 (0.44) (−0.02, 0.30) 0.22 (0.55) (0.01, 0.43) 0,565 Chair Test (points) 0.76 (1.15) (0.33, 1.19) 0.11 (1.13) (−0.31, 0.53) 0,066 Calf Circumference (cm) 1.29 (1.84) (0.60, 1.98) −0.63 (1.98) (−1.37, 0.11) 0 , 001 Abdominal Circumference (cm) 0.62 (9.85) (−3.06, 4.30) 0.89 (9.72) (−2.74, 4.52) 0,926 Hand Grip Strength (kg) 0.65 (4.40) (−0.99, 2.29) −4.27 (3.25) (−5.48, −3.06) 0 , 001 Sarc-F (points) −1.66 (1.78) (−2.32, −1.00) −0.50 (1.98) (−1.24, 0.24) 0 , 043 Barthel Index (points) 6.72 (8.89) (3.40, 10.04) −2.50 (12.39) (−7.13, 2.13) 0 , 004
---TABLE---
Table 3 Multivariable linear regression models (unadjusted and adjusted) examining the association between functional, anthropometric, and clinical variables Table 3 Multivariable linear regression models (unadjusted and adjusted) examining the association between functional, anthropometric, and clinical variables Variables Model 1 Model 2 Modelo3 β Coeficient 95% Confidence Interval P value β Coeficient 95% Confidence Interval P value β Coeficient 95% Confidence Interval P value Timed Up and Go Test (sec) 0,21 0.17; 0.38 0 , 001 0.19 0.16; 0.29 0,001 0.19 0.14; 0.30 0 , 002 SPPB (points) −0,09 −0.18; −0.01 0 , 044 −0,07 −0.17; 0.02 0,133 −0,07 −0.17; 0.03 0,159 Balance Test (points) −0,08 −0.30; 0.14 0,447 −0,45 −0.26; 0.17 0,679 −0,05 −0.25; 0.13 0,554 Walking Test (points) 0,08 −0.23; 0.40 0,577 0,16 −0.16; 0.47 0,324 0,12 −0.16; 0.40 0,381 Chair Test (points) −0,11 −0.22; −0.01 0 , 045 −0,11 −0.21; −0.01 0 , 049 −0,08","Machine-assisted full-text mining supports extraction only; final inclusion, risk of bias, and numeric effects require author verification.",,,,,,
41095572,PMC12524544,10.3390/healthcare13192486,Targeted Physical Function Exercises for Frailty and Falls Management in Pre-Frail Community-Dwelling Older Adults: A Randomized Controlled Trial.,2025,"Healthcare (Basel, Switzerland)",https://pubmed.ncbi.nlm.nih.gov/41095572/,home,balance;digital_home,exercise_only,pmc_fulltext_available,pmc_fulltext_mined_not_numeric_extracted,yes,yes,ok,data\raw\pmc_fulltext\PMC12524544.xml,frailty;gait_speed;sppb;grip_strength;adl;falls;quality_of_life;adherence;adverse_events,yes,yes,yes,yes,yes,yes,yes,yes,yes,yes,yes,yes,yes,4.0,5572 10.3390/healthcare13192486 healthcare-13-02486 1 Article Targeted Physical Function Exercises for Frailty and Falls Management in Pre-Frail Community-Dwelling Older Adults: A Randomized Controlled Trial https://orcid.org/0009-0009-8533-6323 Savvakis Ioannis Conceptualization Methodology Investigation Resources Data curation Writing – original draft Visualization,linary Digital Publishing Institute (MDPI) PMC12524544 PMC12524544.1 12524544 12524544 41095572 10.3390/healthcare13192486 healthcare-13-02486 1 Article Targeted Physical Function Exercises for Frailty and Falls Management in Pre-Frail Community-Dwelling Older Adults: A Randomized Controlled Trial https://orcid.org/0009-0009-8533-6323 Savvakis Ioannis Conceptualizat,g older adults. Methods: We conducted an 18-month randomized controlled trial involving 112 pre-frail community-dwelling older adults aged 65 years or older. 55 individuals in the control group (CG) and 57 in the intervention group (IG) were assessed. The IG participated in a home-based physical function exercise program. Primary outcomes included Physical Performance (S,"2. Methods 2.1. Trial Design The present study was an 18-month randomized controlled trial (RCT) involving pre-frail participants, with one intervention group (IG) and one control group (CG). Baseline measurements were followed by assessments at 6 months (T1), 12 months (T2), and 18 months (T3). Participant recruitment began in September 2022, with interventions starting in December 2022 and concluding in June 2024. 2.2. Participants Eligible participants were 65 years and older, classified as pre-frail according to the SHARE-Frailty Instrument [ 14 ], and were physically independent in walking and performing daily activities. Participants classified as frail or non-frail were excluded. The exclusion criteria included severe contraindications for physical exercise, central nervous system impairments, inability to speak and understand Greek, psychiatric disorders, and a cognitive state that prevents understanding the researcher’s instructions. All conditions were determined based on diagnoses documented by the participants’ physicians. A total of 421 participants were screened. Among them, 300 were excluded due to different reasons. Six met the exclusion criteria (1 had exercise contraindications from the cardiologist due to recent surgery, 1 had Parkinson’s disease, 1 had multiple sclerosis, 2 had a recent severe stroke without being able to move, and 1 did not speak the Greek language), and 13 declined to participate. An additional 281 participants were excluded, with 227 classified as non-frail and 54 as frail. 121 Pre-frail participants were randomly assigned to an IG ( n = 61) and a CG ( n = 60), using a computerized randomization sequence. As shown in Figure 1 , at the end of the intervention period at 18 months of follow-up, 55 individuals in the CG and 57 in the ","3. Results The baseline characteristics of the 112 participants are presented in Table 2 . Of these, 57 were randomly allocated to the intervention group and 55 to the control group. The mean age of the total sample was 79.3 years (SD = 5.5), and the majority were female (72.3%). Approximately 29.5% of participants reported living alone. The intervention and control groups were generally comparable in terms of key sociodemographic and clinical characteristics. The IG had a slightly lower mean age (78.7 ± 5.8 years) compared to the CG (79.9 ± 5.2 years), and a somewhat higher proportion of female participants (75.4% vs. 69.1%). Small differences were also noted in marital status and homebound classification, with a greater proportion of married and non-confined individuals in the IG. A higher percentage of participants in the CG reported a history of smoking. Baseline and post-intervention (6, 12, and 18 months) primary outcome data are presented in Figure 2 and Table 3 . As shown in Figure 2 , the distribution of frailty status began to diverge between the groups at 12 months (T2) and became more pronounced at 18 months (T3). At T2, 3 participants in the IG transitioned to a non-frail status, whereas in the CG, 6 participants progressed to frailty, and 1 improved to non-frail. By T3, 7 participants in the IG were classified as non-frail. In contrast, 8 participants in the CG transitioned to frailty, while just 1 maintained the non-frail status. The probability of being classified as non-frail versus pre-frail at T3 was 12.3% in the IG, compared to 2.0% in the CG. Conversely, the probability of being classified as frail versus pre-frail at T3 was 0% in the IG and 14.5% in the CG, suggesting a favorable shift in frailty status among participants who received the targeted ","Table 1 Physical function exercises protocol. healthcare-13-02486-t001_Table 1 Table 1 Physical function exercises protocol. Exercises Beginner Intermediate Advanced Hip abduction & extension Standing with or without a light resistance band Standing with a medium resistance band Standing with a heavy resistance band Knee extension Seated with or without a light resistance band Seated with a medium resistance band Seated with a heavy resistance band Shoulder abduction & external rotation Standing with or without a light resistance band Standing with a medium resistance band Standing with a heavy resistance band Standing calf raises Holding onto a stable surface Hands-free, slow, and controlled movements Single-leg calf raises Squats Chair-assisted squats Bodyweight squats Weighted squats (holding an object) Bridges Assisted with arms pushing off the floor Standard glute bridge Single-leg bridge Push-ups Wall push-ups Table push-ups Standard or knee push-ups Heel-to-toe standing/walking Holding onto a stable surface Hands-free standing Walking heel-to-toe with a controlled pace Single-leg standing Holding onto support Hands-free, eyes open Hands-free, eyes closed Stepping over obstacles Small height obstacles Moderate-height obstacles Higher obstacles Bending down—Lifting an object Using a chair for support—Lightweight object Hands-free, slow movement—Medium-weight object Hands-free with feet together—Heavier object
---TABLE---
Table 2 Baseline characteristics of study participants. healthcare-13-02486-t002_Table 2 Table 2 Baseline characteristics of study participants. Characteristics Total ( n = 112) Control Group ( n = 55) Intervention Group ( n = 57) Age (years), mean (SD) 79.3 (5.5) 79.9 (5.2) 78.7 (5.8) Sex, n (%) Male 31 (27.7) 17 (30.9) 14 (24.6) Female 81 (72.3) 38 (69.1) 43 (75.4) Marital status, n (%) Married 77 (68.8) 36 (65.5) 41 (71.9) Widowed/divorced 35 (31.3) 19 (34.5) 16 (28.1) Ever smoked, n (%) Yes 81 (72.3) 44 (80.0) 37 (64.9) No 31 (27.7) 11 (20.0) 20 (35.1) Profession, n (%) Intellectual work 10 (8.9) 6 (10.9) 4 (7.0) Manual work 96 (85.7) 46 (83.6) 50 (87.7) Combination of manual and practical work 6 (5.4) 3 (5.5) 3 (5.3) Number of children, mean (SD) 1.9 (0.9) 1.9 (0.9) 1.9 (0.8) Live alone, n (%) Yes 33 (29.5) 19 (34.5) 14 (24.6) No 79 (70.5) 36 (65.5) 43 (75.4) BMI (kg/cm 2 ), mean (SD) 25.7 (1.8) 26.0 (2.1) 25.5 (1.3) Homebound, n (%) Semi-confined 53 (47.3) 30 (54.5) 23 (40.3) Non-confined 59 (52.7) 25 (45.5) 34 (59.6)
---TABLE---
Table 3 Mean Baseline Scores and Mean Change (Δ = Follow-up − Baseline) in Physical Performance, Balance, Functional Mobility, and CaF at 6, 12, and 18 Months by Group. healthcare-13-02486-t003_Table 3 Table 3 Mean Baseline Scores and Mean Change (Δ = Follow-up − Baseline) in Physical Performance, Balance, Functional Mobility, and CaF at 6, 12, and 18 Months by Group. Baseline Δ-T1 (6 Months) Δ-T2 (12 Months) Δ-T3 (18 Months) p -Value Within Group SPPB <0.001 $ Intervention Group 8.0 ± 0.8 0.0","Machine-assisted full-text mining supports extraction only; final inclusion, risk of bias, and numeric effects require author verification.",,,,,,
41035820,PMC12479488,10.3389/fnagi.2025.1639245,Effects of exercise-cognitive dual-task training on cognitive frailty in older adults: a randomized controlled trial.,2025,Frontiers in aging neuroscience,https://pubmed.ncbi.nlm.nih.gov/41035820/,community,balance;aerobic_walking;digital_home,exercise_only,pmc_fulltext_available,pmc_fulltext_mined_not_numeric_extracted,yes,yes,ok,data\raw\pmc_fulltext\PMC12479488.xml,frailty;gait_speed;adl;falls;quality_of_life;adherence;adverse_events,yes,yes,no,yes,yes,yes,no,no,yes,yes,yes,yes,yes,3.0,12479488 12479488 41035820 10.3389/fnagi.2025.1639245 1 Aging Neuroscience Clinical Trial Effects of exercise-cognitive dual-task training on cognitive frailty in older adults: a randomized controlled trial Lai Xiaoxing 1 * Zhu Hongwei 2 Cai Yonghua 2 Chen Baoyu 3 Li Yang 1 Du Hongdi 4 Zhang Liping 1 Wang Wenwen 1 Li Shuxian 4 Huo Xiaopeng 2 * 1 Department of Neurolo,s in Aging Neuroscience 1663-4365 Frontiers Media SA PMC12479488 PMC12479488.1 12479488 12479488 41035820 10.3389/fnagi.2025.1639245 1 Aging Neuroscience Clinical Trial Effects of exercise-cognitive dual-task training on cognitive frailty in older adults: a randomized controlled trial Lai Xiaoxing 1 * Zhu Hongwei 2 Cai Yonghua 2 Chen Baoyu 3 Li Yang 1 Du Hongdi 4 Zh,,"Methods This randomized controlled trial enrolled older adults with CF at community health service center in Chaoyang District, Beijing, between February and March 2024. Participants were randomly assigned to either the dual-task training group or the health education group in a 1:1 ratio. The dual-task training group received an exercise-cognitive dual-task training program, while the health education group received information on CF, including its symptoms, risk factors, and non-pharmacological prevention and treatment strategies. The primary outcomes were frailty status, while the secondary outcomes included cognitive function, balance and gait function, walking ability, and dual-task cognitive load.
Methods Study design Single-blind randomized controlled trail (Trial registration: ChiCTR, ChiCTR2400080105). This study was enrolled at a community health service center Chaoyang District, Beijing, China, between 1 February and 31 March 2024, followed by a 16-week intervention. The baseline assessments were completed before the start of the 16-week intervention on April 2024. Participants The study was conducted and reported according to the CONSORT (Consolidated Standards of Reporting Trials) guidelines. The participants were recruited through health education and propaganda posters on the bulletin board of the pension agency. Each eligible participant was fully informed of the study’s aims, processes and potential risks. This study was approved by the Ethics Committee of the Peking Union Medical College Hospital (No. ZS-2943), and all participants signed the informed consent form. Inclusion Criteria: (1) age ≥ 60 years; (2) meet the criteria for CF: subjective cognitive decline (SCD) without a formal diagnosis of dementia, with a Clinical Dementia Rating (CDR) score o","Results A total of 72 participants (35 males) were enrolled, including 36 individuals (mean age: 74.81 ± 8.23 years, 17 males, mean BMI: 21.38 ± 2.83 kg/m 2 ) in the dual-task training group, and 36 individuals (mean age: 76.50 ± 7.75 years, 18 males, mean BMI: 22.18 ± 2.12 kg/m 2 ) in the health education group. Participants (n = 72) were 75.66 ± 7.9 years old; 48.6% (35/72) were male and 51.4% (37/72) were female. Following the intervention, the dual-task training group exhibited significant improvements compared to the health education group in the Tilburg Frailty Index (5.14 ± 0.99 vs. 7.36 ± 1.07, p < 0.001) and Montreal Cognitive Assessment scores (27.25 ± 2.41 vs. 23.47 ± 1.87, p < 0.001). Additionally, the dual-task training group demonstrated superior outcomes in the Performance-Oriented Mobility Assessment (POMA) scores (24.64 ± 5.50 vs. 17.39 ± 4.38, p < 0.001), Time Up and Go Test (TUGT) indicators (10.66 ± 1.76 vs. 12.01 ± 2.21, p < 0.05), and cognitive load measures (all p < 0.05).
Results Baseline characteristics A total of 72 participants (35 males) were included in the study ( Figure 1 ), with 36 participants in each group (dual-task training group and health education group). No participants withdrew from the study. The mean age of participants in dual-task training group was 74.81 ± 8.23 years, while mean age of health education group was 76.50 ± 7.75 years. In the Dual-task training Group ( n = 36), there were 17 males (47.22%) and 19 females (52.78%), the mean score of Activities of Daily Living (ADL) was 72.36 ± 12.32, and the mean Body Mass Index (BMI) was 21.38 ± 2.83 kg/m 2 . In the health education group ( n = 36), there were 18 males (50.00%) and 18 females (50.00%), the mean score of ADL was 71.92 ± 10.91, and the mean BMI was 22.18 ± 2.12 kg","Table 1 Comparison of general information between the two groups. Table 1 Comparison of general information between the two groups. Variables Dual-task training group ( n = 36) Health education group ( n = 36) P Gender, n (%) 0.814 Male 17(47.22) 18(50.00) Female 19(52.78) 18(50.00) Age (years) 74.81 ± 8.23 76.50 ± 7.75 0.371 Educational, n (%) 0.779 Primary school or below 14(38.89) 16(44.44) Middle school and high school 20(55.56) 19(52.78) College and above 2(5.55) 1(2.78) Activities of daily living 72.36 ± 12.32 71.92 ± 10.91 0.872 Body mass index (kg/m 2 ) 21.38 ± 2.83 22.18 ± 2.12 0.182 Number of chronic diseases 4.17 ± 1.03 4.39 ± 1.13 0.385
---TABLE---
Table 2 Comparison of frailty and cognitive function indicators between the two groups before and after intervention. Table 2 Comparison of frailty and cognitive function indicators between the two groups before and after intervention. Stage Variables Dual-task training group ( n = 36) Health education group ( n = 36) P Cohen’s d Prior to the intervention TFI scores 7.06 ± 1.09 ** 7.22 ± 0.9 0.482 −0.16 MoCA scores 23.22 ± 1.62 ** 23.58 ± 1.83 0.378 −0.06 Post-Intervention TFI scores 5.14 ± 0.99 7.36 ± 1.07 <0.001 −2.11 MoCA scores 27.25 ± 2.41 23.47 ± 1.87 <0.001 1.29 ** P < 0.001.
---TABLE---
Table 3 Comparison of physical function and dual-task indicators between the two groups before and after intervention. Table 3 Comparison of physical function and dual-task indicators between the two groups before and after intervention. Stage Variables Dual-task training group ( n = 36) Health education group ( n = 36) P Prior to the intervention POMA scores 17.94 ± 4.60 ** 17.47 ± 4.48 0.660 TUGT(s) 12.49 ± 1.66 ** 11.78 ± 2.08 0.114 Single task writing time (s) 42.69 ± 5.32 ** 40.58 ± 6.91 0.151 Dual task writing time(s) 50.94 ± 8.78 ** 49.44 ± 8.17 0.456 Single listening accuracy 14.83 ± 2.21 ** 15.19 ± 2.48 0.517 Writing and listening accuracy 12.56 ± 2.22 ** 12.64 ± 2.17 0.872 Writing time DTC 0.44 ± 0.12 ** 0.45 ± 0.1 n 0.613 Writing and listening DTC 0.06 ± 0.02 ** 0.07 ± 0.02 0.080 Post-intervention POMA scores 24.64 ± 5.50 17.39 ± 4.38 <0.001 TUGT(s) 10.66 ± 1.76 12.01 ± 2.21 0.005 Single task writing time (s) 39.03 ± 5.47 41.89 ± 7.13 0.044 Dual task writing time (s) 42.53 ± 9.03 48.97 ± 8.28 0.001 Single listening accuracy 16.83 ± 2.13 14.31 ± 2.58 0.003 Writing and listening accuracy 15.17 ± 2.09 12.89 ± 2.17 <0.001 Writing time DTC 0.32 ± 0.12 0.44 ± 0.14 <0.001 Writing and listening DTC 0.02 ± 0.01 0.05 ± 0.01 <0.001 ** P < 0.001, n, represents the number of participants included in the specific analysis for each variable.","Machine-assisted full-text mining supports extraction only; final inclusion, risk of bias, and numeric effects require author verification.",,,,,,
40969786,PMC12441017,10.3389/fmed.2025.1573384,Effect of a multicomponent intervention on institutionalization-free survival in older adults with sarcopenia: a,2025,Frontiers in medicine,https://pubmed.ncbi.nlm.nih.gov/40969786/,community,multicomponent_exercise;nutrition,exercise_plus_nutrition,pmc_fulltext_available,pmc_fulltext_mined_not_numeric_extracted,yes,yes,ok,data\raw\pmc_fulltext\PMC12441017.xml,frailty;gait_speed;sppb;grip_strength;falls;quality_of_life;adherence,yes,yes,yes,yes,yes,yes,yes,yes,no,yes,yes,yes,no,2.0,"omponent intervention on institutionalization-free survival, physical performance, and frailty among older adults with sarcopenia. Design A post-hoc analysis of a prospective, non-randomized intervention study with 1:1 propensity score matching. Setting Community-dwelling, socioeconomically vulnerable older adults. Participants A total of 283 older adults with sarcope",nt. Med. Frontiers in Medicine 2296-858X Frontiers Media SA PMC12441017 PMC12441017.1 12441017 12441017 40969786 10.3389/fmed.2025.1573384 1 Medicine Original Research Effect of a multicomponent intervention on institutionalization-free survival in older adults with sarcopenia: a post-hoc analysis Ji Sunghwan 1 2 Lee Eunju 2 Baek Ji Yeon 2 Jang Geon Young 2 Jung Hee-Won 2,"nity-dwelling, socioeconomically vulnerable older adults. Participants A total of 283 older adults with sarcopenia were included, with 145 in the intervention group and 138 in the control group. After propensity score matching, 102 pairs were analyzed. The mean age was 77.57 years (intervention) and 77.64 years (control), with 82.4 and 81.4% females in each group, respec","Participants A total of 283 older adults with sarcopenia were included, with 145 in the intervention group and 138 in the control group. After propensity score matching, 102 pairs were analyzed. The mean age was 77.57 years (intervention) and 77.64 years (control), with 82.4 and 81.4% females in each group, respectively.
Intervention The multicomponent intervention consisted of exercise, nutritional support, depression management, deprescribing, and home hazard reduction, implemented over 24 weeks.
2 Methods 2.1 Study design This study was a post hoc analysis of the ASPRA-IS, a prospective, single-arm intervention study that conducted a 24-week multicomponent intervention in Pyeongchang County, Gangwon Province, South Korea. Details of the ASPRA-IS study are described in previous studies ( 24 , 25 ). In summary, ASPRA-IS enrolled participants who lived alone or received medical aid from the ASPRA cohort, an ongoing prospective cohort study of community-dwelling older adults ( 27 ). Exclusion criteria included inability to walk 100 m, recent admission to long-term care facilities, diagnoses of end-stage heart failure, end-stage renal disease, metastatic cancer, cognitive impairment (Mini-Mental State Examination score ≤ 18 points), and plans to relocate outside the study area within the next 6 months ( 27 ). From the ASPRA cohort, 383 eligible individuals were identified, with 187 opting for the multicomponent intervention and 196 choosing not to participate. Since those who declined intervention underwent the same comprehensive geriatric assessment as part of the observational cohort (ASPRA cohort), information was collected for both the intervention and control groups. The study protocol received approval from the Institutional Review Boards of Asan Medical Center and ","Results Following propensity score matching, mortality and institutionalization occurred in 13 (12.7%) and 35 (34.3%) participants in the intervention and control groups, respectively. A significant difference in 30-months institutionalization-free survival was observed between the intervention and control groups (63.4% vs. 87.2%). The intervention group had significantly higher SPPB scores and improved gait speed at 6 months, 18 months, and 30 months. The intervention group showed a significantly lower frailty index only at 6 months but similar scores at 18 and 30 months.
3 Results 3.1 Baseline characteristics In comparing the intervention ( N = 145) and control ( N = 138) groups, the intervention group had a higher mean age (77.8 years) than the control group (76.9 years). The percentage of females was higher in the intervention group (77.2%) than in the control group (75.4%). Grip strength was lower in the intervention group (15.2 kg) than in the control group (16.7 kg). Additionally, the intervention group had a lower risk of depression (mean CES-D score 10.3 versus 11.5). The prevalence of falls in the last year was higher in the intervention group (22.1%) compared to the control group (15.2%). Furthermore, the intervention group showed a higher number of chronic conditions (1.7 versus 1.5), slower gait speed (0.62 versus 0.66 m/s), worse SPPB score (6.97 versus 7.56), and greater frailty, as indicated by higher scores on both the frailty phenotype scale (2.6 versus 2.2) and frailty index (0.28 versus 0.26) than the control group. Propensity score matching yielded 102 pairs, achieving effective balance in baseline characteristics between the two groups, as evidenced by absolute values consistently <0.1. Key variables, such as age (77.57 versus 77.64), percentage of","Table 1 Overview of the multicomponent intervention program. Table 1 Overview of the multicomponent intervention program. Focus Description of intervention Exercise • Intervention: 60-min group exercise session led by licensed trainers focusing on the following types. The intensity started with low-intensity exercises and increased intensity every month 1. Resistance (20 min): squat, plank, side plank, straight leg raises 2. Balance (20 min): one-leg standing, shifting from side to side, heel-to-toe walk 3. Aerobic/endurance (20 min): step up and down, quick pace, dancing 4. The exercise trainer was given instructions not to exceed 60–70% of the maximal exercise capacity based on the perceived exertion scale • Target: all participants • Frequency: twice a week Nutrition • Intervention: administration of 125 mL commercial liquid formula containing 200 kcal of energy, 24.5 g carbohydrate, 13 g protein, 5.63 g essential amino acid, and 7 g fat • Target: all participants • Frequency: twice a day Depression • Intervention: evaluation by a geriatrician or a psychiatrist and administration of supportive psychotherapy or antidepressant medication as clinically indicated • Target: participants with a CES-D score > 20 points at baseline • Frequency: monthly Polypharmacy • Intervention: medication review by a geriatrician, and dose reduction or discontinuation of potentially inappropriate medications according to the 2012 Beer’s criteria • Target: participants taking five prescription medications at baseline • Frequency: monthly Home hazards • Intervention: evaluation of home environment by a visiting nurse and a social worker using the Home Fall Prevention Checklist by the Centers for Disease Control and Prevention and modification of the environment to eliminate any identified hazard • Target: all participants with any identified home hazard at baseline • Frequency: trimonthly CES-D, center for epidemiologic studies depression. Source: Oh G, Lee H, Park CM, Jung H-W, Lee E, Jang I-Y, et al. Long-term effect of a 24-week multicomponent intervention on physical performance and frailty in community-dwelling older adults. Age and Ageing. 2021; 50: 2157–66.
---TABLE---
Table 2 Comparison of baseline characteristics before and after propensity score matching. Table 2 Comparison of baseline characteristics before and after propensity score matching. Baseline characteristics Before matching After matching Intervention ( N = 145) Control ( N = 138) SMD Intervention ( N = 102) Control ( N = 102) SMD Age, mean (SD) 77.78 (4.76) 76.91 (6.60) 0.151 77.57 (4.76) 77.64 (6.77) 0.012 Female, n (%) 112 (77.2) 104 (75.4) 0.044 84 (82.4) 83 (81.4) 0.025 Enrolled year, n (%) 0.197 0.027 2014 39 (28.3) 29 (20.0) 19 (18.6) 20 (19.6) 2015 50 (36.2) 61 (42.1) 42 (41.2) 42 (41.2) 2016 49 (35.5) 55 (37.9) 41 (40.2) 40 (39.2) Sarcopenia phenotype, n (%) 0.199 0.064 Severe sarcopenia 76 (52.4) 62 (44.9) 56 (54.9) 54 (52.9) Sarcopenia (not severe) 17 (11.7) 25 (18.1) 13 (12.7) 12 (11.","Machine-assisted full-text mining supports extraction only; final inclusion, risk of bias, and numeric effects require author verification.",,,,,,
40938877,PMC12431197,10.1371/journal.pone.0323923,The impact of outdoor walking interventions on frailty among older adults with mobility limitations: Findings from the Getting Older Adults Outdoors (GO-OUT) study.,2025,PloS one,https://pubmed.ncbi.nlm.nih.gov/40938877/,community,aerobic_walking,exercise_only,pmc_fulltext_available,pmc_fulltext_mined_not_numeric_extracted,yes,yes,ok,data\raw\pmc_fulltext\PMC12431197.xml,frailty;gait_speed;grip_strength;adl;falls;quality_of_life;adherence;adverse_events,yes,yes,yes,yes,yes,yes,no,yes,yes,yes,yes,yes,yes,4.0,"ohorts of the Getting Older Adults Outdoors (GO-OUT) study were analyzed. After baseline evaluations, 190 participants were invited to a one-day educational workshop and were then randomized to either a 10-week supervised outdoor walk group (n = 98) or a 10-week telephone weekly reminders group (n = 92). Frailty was assessed using Fried’s frailty index at 0, 3, and 5.",Locomotion Walking People and Places Population Groupings Age Groups Adults Elderly Medicine and Health Sciences Public and Occupational Health Physical Activity Physical Fitness Exercise Medicine and Health Sciences Sports and Exercise Medicine Exercise Biology and Life Sciences Sports Science Sports and Exercise Medicine Exercise Medicine and Health Sciences Publ,"and lower extremity strength [ 27 ]. Our findings align with a recent systematic review and meta-analysis showing no significant advantage of physical activity interventions over usual care in improving frailty [ 52 ]. Several factors may shed light on this phenomenon. First and foremost, mean attendance rates differed markedly in the present study, with 63.1% for th","Methods Data from two participant cohorts of the Getting Older Adults Outdoors (GO-OUT) study were analyzed. After baseline evaluations, 190 participants were invited to a one-day educational workshop and were then randomized to either a 10-week supervised outdoor walk group (n = 98) or a 10-week telephone weekly reminders group (n = 92). Frailty was assessed using Fried’s frailty index at 0, 3, and 5.5 months. Mixed-effects linear and ordinal regression models were used to evaluate change in frailty score and phenotype over time after accounting for age, sex, study site, participation on own or with a partner, and cohort.
Methods Study design and procedures The GO-OUT study was a four-site, two-parallel-group randomized trial conducted in Edmonton, Winnipeg, Toronto, and Montreal, Canada. The GO-OUT study was registered on ClinicalTrials.gov (registration number: NCT03292510 ). Between February 20, 2018 and May 15, 2019, two cohorts of older adults who met the eligibility criteria detailed below were enrolled and invited to participate in a 1-day educational workshop. Immediately following the workshop, research personnel stratified the 190 participants by study site and type (enrolled as an individual or with a partner) and randomized them into either a 10-week OWG (n = 98) or a 10-week WR group (n = 92). The random allocation sequence was computer-generated by a biostatistician external to the research team and implemented in REDCap [ 28 ]. The study protocol received approval from the research ethics broads at each study site [ 26 ]. The current study was conducted with approval from the University of Toronto’s research ethics board (Protocol #35251). Participants To be eligible for the GO-OUT study, participants needed to be aged 65 years or older, reporting diffic","Results At baseline, participant mean age was 74.5 ± 7.1 years; 73% were female, 7% were frail, and 59% were pre-frail. Total frailty scores decreased, on average, by 0.13 points ( b = –0.13, 95% CI: –0.26 to –0.01; p = .036) across all participants from 0 to 3 months (immediately post-intervention). Participants were 55% less likely to progress to more severe frailty phenotypes at 3 months compared to baseline (OR=0.45; 95% CI: 0.25 to 0.81; p = .008). No significant between-group differences or long-term effects were observed.
Results Table 1 summarizes baseline characteristics of all GO-OUT participants and by intervention group. The mean age was 74.5 years (SD ± 7.1) among the pooled sample, and the majority of participants were female (73%). Forty-four percent of the participants had obtained a bachelor’s degree or higher. Individual characteristics were similar between the two intervention groups at baseline (all p -values > .05). Regarding intervention adherence, participants in the OWG attended a median of 13 sessions (interquartile range [IQR]: 7–17) out of 20. Participants in the WR group received a median of 9 reminders (IQR: 9–10) out of 10 over the 10-week intervention period. As previously reported in the main GO-OUT study results [ 27 ], the median time spent walking outdoors at baseline, 3 months, and 5.5 months was 22.56 minutes, 13.04 minutes, and 0 minutes in the OWG, respectively, and 24.00 minutes, 26.07 minutes, and 0 minutes, in the WR group, respectively. 10.1371/journal.pone.0323923.t001 Table 1 Participant characteristics at baseline by GO-OUT intervention group. Characteristic Pooled (n = 190) Outdoor walk group (n = 98) Weekly reminders (n = 92) p -value Mean ± SD/Number (%) Study site .99 Site 1 51 (27) 26 (27) 25 (27) Site 2 53 (28) 28 (29)","Table 1 Participant characteristics at baseline by GO-OUT intervention group. 10.1371/journal.pone.0323923.t001 Table 1 Participant characteristics at baseline by GO-OUT intervention group. Characteristic Pooled (n = 190) Outdoor walk group (n = 98) Weekly reminders (n = 92) p -value Mean ± SD/Number (%) Study site .99 Site 1 51 (27) 26 (27) 25 (27) Site 2 53 (28) 28 (29) 25 (27) Site 3 50 (26) 26 (27) 24 (26) Site 4 36 (19) 18 (18) 18 (20) Participant type .73 Individual 154 (81) 78 (80) 76 (83) Dyad 36 (19) 20 (20) 16 (17) Cohort .99 2018–19 65 (34) 33 (34) 32 (35) 2019–20 125 (66) 65 (66) 60 (65) Age (years) 74.5 ± 7.1 75.3 ± 6.9 74.2 ± 7.4 .58 65–74 years 106 (56) 54 (55) 52 (57) .86 75–84 years 59 (31) 32 (33) 27 (29) 85 + years 25 (13) 12 (12) 13 (14) Sex .55 Female 139 (73) 74 (76) 65 (71) Male 51 (27) 24 (24) 27 (29) Body mass index (kg/m 2 ) 29.5 ± 6.3 29.6 ± 6.4 29.3 ± 6.2 .77 Educational attainment .93 Secondary or lower 39 (21) 21 (21) 18 (20) Some or completed college 68 (36) 34 (35) 34 (37) Bachelor’s degree or higher 83 (44) 43 (44) 40 (43) Uses a walking aid 48 (25) 28 (29) 20 (22) .36 Charlson comorbidity index (0–39) 1.99 ± 1.91 2.05 ± 2.01 1.93 ± 1.80 .68 6-minute walk test (m) 358.5 ± 91.2 359.0 ± 88.5 357.9 ± 94.3 .94 10-meter walk test comfortable (m/s) 1.07 ± 0.23 1.08 ± 0.24 1.06 ± 0.22 .69 10-meter walk test fast (m/s) 1.41 ± 0.32 1.41 ± 0.31 1.41 ± 0.32 .91 Mini-BESTest (0–28) 20.4 ± 5.2 20.2 ± 5.0 20.6 ± 5.5 .60 30-second sit-to-stand (count) 8.3 ± 4.1 8.1 ± 3.7 8.6 ± 4.4 .32 ASCQ (0–10) † 7.9 ± 1.6 7.8 ± 1.7 8.0 ± 1.5 .28 RAND-36 well-being (0–100) 75.9 ± 15.5 75.4 ± 16.9 76.3 ± 14.0 .70 Note : † ASCQ = ambulatory self-confidence questionnaire. SD = Standard deviation. p-values indicate the statistical significance of differences in baseline participant characteristics between the outdoor walk group (OWG) and the weekly reminders (WR) group.
---TABLE---
Table 2 Comparison of frailty status between intervention groups at each evaluation time point. 10.1371/journal.pone.0323923.t002 Table 2 Comparison of frailty status between intervention groups at each evaluation time point. Frailty measure Pooled Outdoor walk group Weekly reminders p -value Mean ± SD/Number (%) Frailty score (0–5) Baseline 0.98 ± 0.91 1.02 ± 0.94 0.93 ± 0.87 .51 3 months 0.82 ± 0.91 0.88 ± 0.96 0.75 ± 0.86 .38 5.5 months 0.95 ± 0.99 1.02 ± 0.99 0.89 ± 0.99 .47 Frailty phenotype Baseline .36 Non-frail (0) 63 (34) 30 (31) 33 (37) Pre-frail (1–2) 110 (59) 57 (59) 53 (59) Frail (≥3) 13 (7) 9 (9) 4 (4) 3 months .77 Non-frail (0) 66 (45) 32 (43) 34 (48) Pre-frail (1–2) 72 (49) 38 (51) 34 (48) Frail (≥3) 8 (5) 5 (7) 3 (4) 5.5 months .38 Non-frail (0) 51 (40) 23 (35) 28 (44) Pre-frail (1–2) 65 (51) 34 (52) 31 (49) Frail (≥3) 12 (9) 8 (12) 4 (6) Note : p-values indicate the statistical significance of differences in frailty status between the outdoor walk group (OWG) and the weekly reminders (WR) group at each evaluation time point.
---TABLE---
Table 3 Numbers","Machine-assisted full-text mining supports extraction only; final inclusion, risk of bias, and numeric effects require author verification.",,,,,,
40749218,PMC12316439,10.2196/76357,Mixed Reality-Based Physical Therapy in Older Adults With Sarcopenia: Preliminary Randomized Controlled Trial.,2025,JMIR serious games,https://pubmed.ncbi.nlm.nih.gov/40749218/,unclear,resistance;balance;digital_home,exercise_only,pmc_fulltext_available,pmc_fulltext_mined_not_numeric_extracted,yes,yes,ok,data\raw\pmc_fulltext\PMC12316439.xml,frailty;gait_speed;grip_strength;adl;falls;quality_of_life;adherence;adverse_events,yes,yes,yes,yes,yes,yes,no,yes,yes,yes,yes,yes,yes,3.0,"lder People Evaluation of XR and Spatial Computing Falls Prevention in the Elderly Original Paper Mixed Reality–Based Physical Therapy in Older Adults With Sarcopenia: Preliminary Randomized Controlled Trial https://orcid.org/0009-0001-4938-9825 An Yeongsang PT, MS 1 https://orcid.org/0009-0004-1870-9832 Min Seunghwa MS 1 https://orcid.org/0000-0003-2262-8555 Park Cha","copenia in older adults is associated with reduced muscle mass and function, leading to frailty, increased fall risk, and decreased quality of life (QOL). Mixed reality (MR)–based interventions have emerged as promising tools to enhance physical therapy engagement and effectiveness through immersive, interactive environments. Objective This study aimed to investigate th","etween the groups. This finding is consistent with those of the previous studies. As previously reported, increased muscle strength (10.2%) was observed using VR compared with the control group in 30 participants with sarcopenia [ 31 ]. As previously reported, increased muscle parameters (8.8%) were observed using an augmented reality-based exercise program compared with","Methods A preliminary randomized controlled trial was conducted involving 30 older women (mean age 75.3, SD 9.9 y) diagnosed with sarcopenia based on the Asian Working Group for Sarcopenia criteria. Participants were randomly assigned to either the Mr.PT group or a conventional physical activity (CPA) group. Both groups participated in 30-minute exercise sessions, 3 times per week, over 4 weeks. The Mr.PT program used head-mounted MR devices with gamified, interactive training, while the CPA group received standard therapist-led exercises using resistance bands. Outcome measures included ultrasound imaging of quadricep muscle thickness, the Korean version of the Activities of Daily Living scale (Katz Index of Independence in Activities of Daily Living), the Activities-Specific Balance Confidence (ABC) scale, and the 12-Item Short-Form Health Survey. Statistical analysis was performed using repeated-measures ANOVA and Tukey post hoc tests.
Methods Participants A convenience sample of 30 older adults with sarcopenia (mean age 75.3, SD 9.9 y; all female) was recruited from a geriatric welfare center. Inclusion criteria were as follows: (1) 65 years and older, and (2) diagnosis of sarcopenia by a medical doctor based on established clinical criteria. Sarcopenia was diagnosed according to the 2019 criteria of the Asian Working Group for Sarcopenia, including low skeletal muscle mass (Skeletal Muscle Index<5.7 kg/m² by BIA), low muscle strength (grip strength <18 kg), and poor physical performance [ 15 ]. Basic demographic information (age, sex, height, weight, and BMI) was collected during baseline assessment using a standardized intake form completed by participants. Ethical Considerations This study was approved by the Institutional Review Board of Jeonju University (Insti","Results The Mr.PT group showed significantly greater improvement in quadricep muscle thickness than the CPA group ( P =.001). Within-group improvements in balance confidence (ABC scale) and daily functioning (Katz Index of Independence in Activities of Daily Living) were observed in both groups ( P <.05), though between-group differences were not statistically significant. However, the Mr.PT group demonstrated significantly greater gains in QOL as measured by 12-Item Short-Form Health Survey ( P =.02). All participants completed the intervention without dropouts or adverse events.
Results Figure 4 shows the study flow chart. Figure 4. CONSORT (Consolidated Standards of Reporting Trials) flow chart. AI: artificial intelligence; CPA: conventional physical activity; Mr.PT: Mixed Reality–Based Physical Therapy. Demographic Data Table 1 shows the demographic characteristics of the participants. Each participant completed all experimental tasks and exercises. The CPA and Mr.PT groups did not differ significantly in terms of sex, age, height, weight, or BMI ( P >.05). Table 1. Participants’ demographic characteristics (N=30). Characteristics Mr.PT a (n=15) CPA b (n=15) P value Age (years), mean (SD) 76.24 (8.7) 74.88 (9.1) .68 Sex, n (%) >.99 Male 0 (0) 0 (0) Female 15 (100) 15 (100) Height (cm), mean (SD) 153.12 (10.11) 155.88 (8.21) .31 Weight (kg), mean (SD) 54.13 (6.13) 56.27 (4.88) .45 BMI (kg/m 2 ), mean (SD) 20.11 (1.81) 20.83 (0.91) .23 a Mr.PT: Mixed Reality–Based Physical Therapy. b CPA: conventional physical activity. Quadricep Muscle Thickness and KIADL Measurements Repeated-measures ANOVA revealed a significant time effect ( P =.001) for quadricep muscle thickness and KIADL, indicating improved muscle thickness and ADL for participants. No significant difference i","Table 1. Participants’ demographic characteristics (N=30). Table 1. Participants’ demographic characteristics (N=30). Characteristics Mr.PT a (n=15) CPA b (n=15) P value Age (years), mean (SD) 76.24 (8.7) 74.88 (9.1) .68 Sex, n (%) >.99 Male 0 (0) 0 (0) Female 15 (100) 15 (100) Height (cm), mean (SD) 153.12 (10.11) 155.88 (8.21) .31 Weight (kg), mean (SD) 54.13 (6.13) 56.27 (4.88) .45 BMI (kg/m 2 ), mean (SD) 20.11 (1.81) 20.83 (0.91) .23 a Mr.PT: Mixed Reality–Based Physical Therapy. b CPA: conventional physical activity.
---TABLE---
Table 2. Quadricep muscle thickness and Katz Index of Independence in Activities of Daily Living (KIADL) measurement. Table 2. Quadricep muscle thickness and Katz Index of Independence in Activities of Daily Living (KIADL) measurement. Mr.PT a , mean (SD) CPA b , mean (SD) P value Pretest Posttest Pretest Posttest Time effect Between groups Time × group Quadricep muscle thickness (mm) 15.83 (1.83) 17.13 (1.77) 15.71 (2.01) 16.22 (1.38) .001 c .02 c .001 c KIADL 3.90 (0.32) 4.20 (0.43) 3.80 (0.37) 4.10 (0.41) .001 c .09 .08 a Mr.PT: Mixed Reality–Based Physical Therapy. b CPA: conventional physical activity. c P <.05.
---TABLE---
Table 3. Activities-Specific Balance Confidence (ABC) scale and 12-Item Short-Form Health Survey (SF-12). Table 3. Activities-Specific Balance Confidence (ABC) scale and 12-Item Short-Form Health Survey (SF-12). Mr.PT a , mean (SD) CPA b , mean (SD) P value Pretest Posttest Pretest Posttest Time effect Between groups Time × group ABC scale 1223.48 (253.12) 1372.18 (178.55) 1218.68 (188.12) 1349.88 (163.88) .001 c .23 .41 SF-12 60.84 (4.88) 74.20 (7.88) 63.18 (3.78) 74.10 (8.31) .001 c .02 c .04 c a Mr.PT: Mixed Reality–Based Physical Therapy. b CPA: conventional physical activity. c P <.05.","Machine-assisted full-text mining supports extraction only; final inclusion, risk of bias, and numeric effects require author verification.",,,,,,
40695991,PMC12284115,10.1038/s41746-025-01873-y,A randomized controlled trial of mobile intervention using health support bubbles to prevent social frailty.,2025,NPJ digital medicine,https://pubmed.ncbi.nlm.nih.gov/40695991/,unclear,balance;nutrition;digital_home,exercise_plus_nutrition,pmc_fulltext_available,pmc_fulltext_mined_not_numeric_extracted,yes,yes,ok,data\raw\pmc_fulltext\PMC12284115.xml,frailty;adl;adherence;adverse_events,yes,yes,yes,yes,yes,no,no,no,yes,no,no,yes,yes,4.0,Digit Med 3605 npjdigitmed NPJ Digital Medicine 2398-6352 Nature Publishing Group PMC12284115 PMC12284115.1 12284115 12284115 40695991 10.1038/s41746-025-01873-y 1873 1 Article A randomized controlled trial of mobile intervention using health support bubbles to prevent social frailty Hayashi Chisato chisato_hayashi@cnas.u-hyogo.ac.jp 1 Tanemura Nanae 2 Taniguchi Maki,l Medicine 2398-6352 Nature Publishing Group PMC12284115 PMC12284115.1 12284115 12284115 40695991 10.1038/s41746-025-01873-y 1873 1 Article A randomized controlled trial of mobile intervention using health support bubbles to prevent social frailty Hayashi Chisato chisato_hayashi@cnas.u-hyogo.ac.jp 1 Tanemura Nanae 2 Taniguchi Maki 3 Okano Tadashi 4 Toyoda Hiromitsu 5 6,nutrition management software application and a web portal. We assessed social frailty using Bunt’s framework. We enrolled 101 participants who used the application either alone (control group) or with family members (intervention group). The intervention arm showed greater improvement in social behavior and leisure activities ( p = 0.004) and the total frailty score (,"Study participants The median and mean ages of the 101 participants were 51.0 (range, 40–69) years and 51.68 ± 7.68 years, respectively. Of them, 59 (58.4%) were women, 83 (82.2%) were married, 7 (6.9%) were divorced, 10 (9.9%) were unmarried, and 1 (1%) had missing data. The baseline characteristics were well balanced across the arms (Table 1 ). Table 1 Baseline characteristics of the intervention groups and the control group Social frailty model framework Intervention ( n = 52) Control ( n = 49) P value General resources Mean (SD) Mean (SD) Age (years old) 52.5 (8.1) 50.9 (7.2) 0.297 Sex N (%) N (%) 0.842 Male 21 (40.4%) 21 (42.9%) Female 31 (59.6%) 28 (57.1%) Economic condition 0.646 Sufficiently or somewhat satisfied 22 (42.3%) 24 (49%) Neutral 14 (26.9%) 14 (28.6%) Somewhat not or not sufficiently satisfied 16 (30.8%) 11 (22.4%) Educational level 0.255 High schools 13 (25%) 7 (14.3%) Vocational schools and junior colleges 16 (30.8%) 12 (24.5%) Universities 16 (30.8%) 17 (34.7%) Graduate school master’s programs 7 (13.5%) 13 (26.5%) Lifestyle Mean (SD) Mean (SD) Sleeping hours (hours) 6.2 (0.9) 6.6 (1.2) 0.078 Tobacco N (%) N (%) 0.086 Smoking 2 (3.8%) 7 (14.3%) Not smoking 50 (96.2%) 42 (85.7%) Drinking alcohol 0.474 5 days or more a week 13 (25%) 18 (36.7%) 2–4 days a week 8 (15.4%) 7 (14.3%) Less than 1 day a week 31 (59.6%) 24 (49%) Eating snack 0.841 5 days or more a week 24 (46.2%) 23 (46.9%) 2–4 days a week 16 (30.8%) 17 (34.7%) Less than 1 day a week 12 (23.1%) 9 (18.4%) Eating breakfast 0.100 5 days or more a week 40 (76.9%) 44 (89.8%) 2–4 days a week 7 (13.5%) 1 (2%) Less than 1 day a week 5 (9.6%) 4 (8.2%) Exercise 0.548 Regularly and often 18 (34.6%) 16 (32.7%) Sometimes 14 (26.9%) 17 (34.7%) Rarely 14 (26.9%) 14 (28.6%) Never 6 (11.5%) 2 (4.1%) Subjecti","Results Study participants The median and mean ages of the 101 participants were 51.0 (range, 40–69) years and 51.68 ± 7.68 years, respectively. Of them, 59 (58.4%) were women, 83 (82.2%) were married, 7 (6.9%) were divorced, 10 (9.9%) were unmarried, and 1 (1%) had missing data. The baseline characteristics were well balanced across the arms (Table 1 ). Table 1 Baseline characteristics of the intervention groups and the control group Social frailty model framework Intervention ( n = 52) Control ( n = 49) P value General resources Mean (SD) Mean (SD) Age (years old) 52.5 (8.1) 50.9 (7.2) 0.297 Sex N (%) N (%) 0.842 Male 21 (40.4%) 21 (42.9%) Female 31 (59.6%) 28 (57.1%) Economic condition 0.646 Sufficiently or somewhat satisfied 22 (42.3%) 24 (49%) Neutral 14 (26.9%) 14 (28.6%) Somewhat not or not sufficiently satisfied 16 (30.8%) 11 (22.4%) Educational level 0.255 High schools 13 (25%) 7 (14.3%) Vocational schools and junior colleges 16 (30.8%) 12 (24.5%) Universities 16 (30.8%) 17 (34.7%) Graduate school master’s programs 7 (13.5%) 13 (26.5%) Lifestyle Mean (SD) Mean (SD) Sleeping hours (hours) 6.2 (0.9) 6.6 (1.2) 0.078 Tobacco N (%) N (%) 0.086 Smoking 2 (3.8%) 7 (14.3%) Not smoking 50 (96.2%) 42 (85.7%) Drinking alcohol 0.474 5 days or more a week 13 (25%) 18 (36.7%) 2–4 days a week 8 (15.4%) 7 (14.3%) Less than 1 day a week 31 (59.6%) 24 (49%) Eating snack 0.841 5 days or more a week 24 (46.2%) 23 (46.9%) 2–4 days a week 16 (30.8%) 17 (34.7%) Less than 1 day a week 12 (23.1%) 9 (18.4%) Eating breakfast 0.100 5 days or more a week 40 (76.9%) 44 (89.8%) 2–4 days a week 7 (13.5%) 1 (2%) Less than 1 day a week 5 (9.6%) 4 (8.2%) Exercise 0.548 Regularly and often 18 (34.6%) 16 (32.7%) Sometimes 14 (26.9%) 17 (34.7%) Rarely 14 (26.9%) 14 (28.6%) Never 6 (11.5%) 2 (4.1%) ","Table 1 Baseline characteristics of the intervention groups and the control group Table 1 Baseline characteristics of the intervention groups and the control group Social frailty model framework Intervention ( n = 52) Control ( n = 49) P value General resources Mean (SD) Mean (SD) Age (years old) 52.5 (8.1) 50.9 (7.2) 0.297 Sex N (%) N (%) 0.842 Male 21 (40.4%) 21 (42.9%) Female 31 (59.6%) 28 (57.1%) Economic condition 0.646 Sufficiently or somewhat satisfied 22 (42.3%) 24 (49%) Neutral 14 (26.9%) 14 (28.6%) Somewhat not or not sufficiently satisfied 16 (30.8%) 11 (22.4%) Educational level 0.255 High schools 13 (25%) 7 (14.3%) Vocational schools and junior colleges 16 (30.8%) 12 (24.5%) Universities 16 (30.8%) 17 (34.7%) Graduate school master’s programs 7 (13.5%) 13 (26.5%) Lifestyle Mean (SD) Mean (SD) Sleeping hours (hours) 6.2 (0.9) 6.6 (1.2) 0.078 Tobacco N (%) N (%) 0.086 Smoking 2 (3.8%) 7 (14.3%) Not smoking 50 (96.2%) 42 (85.7%) Drinking alcohol 0.474 5 days or more a week 13 (25%) 18 (36.7%) 2–4 days a week 8 (15.4%) 7 (14.3%) Less than 1 day a week 31 (59.6%) 24 (49%) Eating snack 0.841 5 days or more a week 24 (46.2%) 23 (46.9%) 2–4 days a week 16 (30.8%) 17 (34.7%) Less than 1 day a week 12 (23.1%) 9 (18.4%) Eating breakfast 0.100 5 days or more a week 40 (76.9%) 44 (89.8%) 2–4 days a week 7 (13.5%) 1 (2%) Less than 1 day a week 5 (9.6%) 4 (8.2%) Exercise 0.548 Regularly and often 18 (34.6%) 16 (32.7%) Sometimes 14 (26.9%) 17 (34.7%) Rarely 14 (26.9%) 14 (28.6%) Never 6 (11.5%) 2 (4.1%) Subjective Health 0.583 Very good 4 (7.7%) 1 (2%) Good 9 (17.3%) 13 (26.5%) Neutral 32 (61.5%) 27 (55.1%) Bad 6 (11.5%) 7 (14.3%) Very bad 1 (1.9%) 1 (2%) Constipation 0.09 Yes 7 (13.5%) 14 (28.6%) Sometimes 8 (15.4%) 10 (20.4%) No 37 (71.2%) 25 (51.0%) GDS (0–15) 0.329 None 35 (67.3%) 26 (53.1%) Tendency to depression 12 (23.1%) 15 (30.6%) Depression 5 (9.6%) 8 (16.3%) Social resources Household number (people) 2.0 (1.4) 2.1 (1.4) 0.713 Social behavior or activities Time spent doing household (hours) 1.9 (1.4) 1.8 (1.6) 0.957 Leisure activity N (%) N (%) Almost everyday 5 (9.6%) 6 (12.2%) 0.318 Once every 2–3 days 9 (17.3%) 4 (8.2%) Once a week 19 (36.5%) 14 (28.6%) Rarely 19 (36.5%) 25 (51%) Social needs fulfillment Mean (SD) Mean (SD) KYCL (0–15) 2.3 (1.9) 2.7 (1.8) 0.297 LSNS-6 (0–30) 13.2 (6.9) 11.8 (6.5) 0.296 LSNS-6 (cut_off) N (%) N (%) 0.428 <12 22 (42.3%) 25 (51.0%) ≥12 30 (57.7%) 24 (49.0%)
---TABLE---
Table 2 Results of intervention and control groups on the primary outcomes Table 2 Results of intervention and control groups on the primary outcomes Social frailty model framework Intervention ( n = 52) Control ( n = 49) P value Social behavior or activities Mean (SD) Mean (SD) Time spent doing household (hours) 1.9 (1.4) 1.8 (1.7) 0.623 Leisure activity (0 = almost everyday, 1 = once every 2–3 days, 2 = once a week, 3 = rarely) 1.8 (0.9) 2.4 (0.9) 0.004 N (%) N (%) Almost everyday 5 (9.6%) 4 (8.2%) 0.002 Once every 2–3 days 13 (25%) 2 (4.1%","Machine-assisted full-text mining supports extraction only; final inclusion, risk of bias, and numeric effects require author verification.",,,,,,
40514302,PMC12413722,10.1016/j.tjpad.2025.100231,Tailoring multidomain intervention programs to reduce cognitive and physical decline in older adults: Examining rural-urban differences in a nationwide cluster-randomized controlled trial.,2025,The journal of prevention of Alzheimer's disease,https://pubmed.ncbi.nlm.nih.gov/40514302/,community,resistance;aerobic_walking;nutrition;multidomain,multidomain_exercise_nutrition,pmc_fulltext_available,pmc_fulltext_mined_not_numeric_extracted,yes,yes,ok,data\raw\pmc_fulltext\PMC12413722.xml,frailty;gait_speed;grip_strength;adl;quality_of_life;adherence,yes,yes,yes,yes,yes,yes,no,yes,yes,no,yes,yes,no,1.0,1 Original Article Tailoring multidomain intervention programs to reduce cognitive and physical decline in older adults: Examining rural-urban differences in a nationwide cluster-randomized controlled trial Ho Min-Yin a b Lee Wei-Ju leewju@gmail.com a c ⁎ Yen Ko-Han a d Liang Chih-Kuang ck.vghks@gmail.com a e ⁎⁎ Peng Li-Ning a d Lin Ming-Hsien a e Loh Ching-Hui a f H,2274-5807 2426-0266 Elsevier PMC12413722 PMC12413722.1 12413722 12413722 40514302 10.1016/j.tjpad.2025.100231 S2274-5807(25)00174-8 100231 1 Original Article Tailoring multidomain intervention programs to reduce cognitive and physical decline in older adults: Examining rural-urban differences in a nationwide cluster-randomized controlled trial Ho Min-Yin a b Lee Wei-Ju,"Setting Community clusters in five cities/counties across Taiwan. Participants A total of 1082 adults aged ≥65 years from 40 community clusters were randomized to intervention or control groups. Intervention The intervention group received a 12-month program including physical exercise (45 min/session), cognitive training (1 hour/session), and nutritional guidance (15 m","Participants A total of 1082 adults aged ≥65 years from 40 community clusters were randomized to intervention or control groups.
Intervention The intervention group received a 12-month program including physical exercise (45 min/session), cognitive training (1 hour/session), and nutritional guidance (15 min/session). The control group received telephone-based health education. This trial was registered at ClinicalTrials.gov ( NCT03056768 )
2 Materials and methods 2.1 Participants and study design This was an exploratory analysis focusing on rural-urban differences in the clinical efficacy of a 12-month community-group multidomain intervention. The analysis utilized data from the Taiwan Health Promotion Intervention Study for Community Elders (THISCE), a clustered randomized controlled trial aimed at mitigating physical and cognitive decline in community-dwelling older adults with impaired instrumental activities of daily living, slow gait speed or subjective memory declines. Details of the original study protocol and design have been described previously [ 11 ]. Between February 12, 2014, and May 5, 2016, THISCE recruited participants aged 65 years and older from 40 community-center/neighborhood clusters across five cities/counties in Taiwan, encompassing both urban and rural regions. Participants were eligible for inclusion if they were aged ≥65 years, enrolled in Taiwan’s National Health Insurance program, and exhibited subjective memory impairment, a loss of ≥1 instrumental activity of daily living (IADL), or a timed 6-meter walk speed ≤1 m/s. Exclusion criteria included a diagnosis of dementia; severe hearing or visual impairments; documented depression or anxiety; any serious illness with a life expectancy of less than 6 months; significant illness that could compr","Results Urban participants showed significantly greater gains in visuospatial/executive function at the 12 month (rural-urban difference 0.63, 95 % CI: 0.26 -1.03), and walking speed at the 12 month (rural-urban difference 0.12 m/s, 95 % CI: 0.05 – 0.19). Rural participants demonstrated better improvements in grip strength at the 12 month (rural-urban difference -2.59 kg, 95 % CI: -3.91 - -1.27) and language function (rural-urban difference -0.38, 95 % CI: -0.68 - -0.09). Frailty reduction was more pronounced in urban areas at the 12 month (−0.21, 95 % CI: -0.38 - -0.03, p = 0.025), but showed minimal change in the rural participants.
3 Results 3.1 Demographic characteristics The study included 1082 participants, with 553 (51.1 %) from rural and 529 (48.9 %) from urban areas. The mean age was 75.1 years, with no significant difference between groups. Rural participants had lower education levels (4.9 ± 4.0 vs. 8.4 ± 4.2 years, p < 0.001) and higher rates of smoking (7.8 % vs. 2.9 %, p < 0.001). Urban participants also had better baseline physical and cognitive performance, including higher walking speeds (1.1 ± 0.3 m/s vs. 0.8 ± 0.3 m/s, p < 0.001) and MoCA scores (21.6 ± 5.5 vs. 18.8 ± 5.6, p < 0.001). ( Table 1 ) These disparities highlight key differences between rural and urban populations at baseline. Table 1 Baseline characteristics of the participant stratified by rural-urban group. Table 1 Rural ( n = 553) Urban ( n = 529) . Characteristics: data show mean ± SD [number] or number/total ( %) Total ( N = 1082) Rural ( n = 553) MDI ( n = 267) HE ( n = 286) Urban ( n = 529) MDI ( n = 282) HE ( n = 247) p-value for rural-urban difference Age (years) 75.1 ± 6.4 75.0 ± 6.1 75.0 ± 6.0 75.0 ± 6.2 75.2 ± 6.7 75.5 ± 6.7 74.9 ± 6.6 0.541 Male 339 (31.3) 202 (36.5) 73 (27.3)",Table 1 Baseline characteristics of the participant stratified by rural-urban group. Table 1 Baseline characteristics of the participant stratified by rural-urban group. Table 1 Rural ( n = 553) Urban ( n = 529) . Characteristics: data show mean ± SD [number] or number/total ( %) Total ( N = 1082) Rural ( n = 553) MDI ( n = 267) HE ( n = 286) Urban ( n = 529) MDI ( n = 282) HE ( n = 247) p-value for rural-urban difference Age (years) 75.1 ± 6.4 75.0 ± 6.1 75.0 ± 6.0 75.0 ± 6.2 75.2 ± 6.7 75.5 ± 6.7 74.9 ± 6.6 0.541 Male 339 (31.3) 202 (36.5) 73 (27.3) 129 (45.1) a 137 (25.9) 66 (23.4) 71 (28.7) <0.001 Education (years) 6.6 ± 4.5 4.9 ± 4.0 5.0 ± 4.1 4.8 ± 3.9 8.4 ± 4.2 8.5 ± 4.2 8.3 ± 4.3 <0.001 Education (≤6 years) 693 (64.3) 446 (80.8) 208 (78.2) 238 (83.2) 247 (47.0) 130 (46.4) 117 (47.8) <0.001 Current drinker 155 (14.4) 70 (12.7) 26 (9.7) 44 (15.4) a 85 (16.1) 46 (16.4) 39 (15.9) 0.147 Current smokers 58 (5.4) 43 (7.8) 13 (4.9) 30 (10.5) a 15 (2.9) 4 (1.4) 11 (4.5) a <0.001 Chronic conditions Hypertension 556 (51.4) 294 (53.2) 140 (52.4) 154 (53.8) 262 (49.6) 150 (53.2) 112 (45.5) 0.330 Diabetes 256 (23.7) 114 (20.6) 52 (19.5) 62 (21.7) 142 (26.9) 69 (24.5) 73 (29.7) 0.048 Stroke 41 (3.8) 22 (4.0) 14 (5.2) 8 (2.8) 19 (3.6) 12 (4.3) 7 (2.8) 0.147 Heart disease 232 (21.5) 115 (20.8) 48 (18.0) 67 (23.4) 117 (22.2) 61 (21.7) 56 (22.8) 0.330 Physical performance Frail status <0.001 Robust 374 (35.3) 143 (26.0) 77 (29.1) 66 (23.2) 231 (45.4) 120 (44.9) 111 (45.9) Prefrail 605 (57.2) 357 (65.0) 167 (63.0) 190 (66.9) 248 (48.7) 131 (49.1) 117 (48.3) Frail 79 (7.5) 49 (8.9) 21 (7.9) 28 (9.8) 30 (5.9) 16 (6.0) 14 (5.8) CHS score 1.0 ± 1.0 1.2 ± 0.9 1.1 ± 0.9 1.3 ± 0.9 0.9 ± 1.0 0.9 ± 1.0 0.8 ± 0.9 <0.001 Grip strength (kg) 22.7 ± 8.3 22.7 ± 8.8 21.8 ± 7.6 23.6 ± 9.8 a 22.7 ± 7.7 22.8 ± 7.6 22.6 ± 7.8 0.997 Walking speed (m/s) 1.0 ± 0.3 0.8 ± 0.3 0.9 ± 0.3 0.8 ± 0.3 a 1.1 ± 0.3 1.1 ± 0.3 1.1 ± 0.3 <0.001 Physical activity(MET) 14.3 ± 16.9 12.6 ± 13.5 12.2 ± 11.3 13.0 ± 15.3 16.1 ± 19.7 15.2 ± 17.9 17.2 ± 21.5 0.001 Cognitive Function MoCA 20.2 ± 5.7 18.8 ± 5.6 19.2 ± 6.0 18.4 ± 5.2 21.6 ± 5.5 21.7 ± 5.6 21.5 ± 5.4 <0.001 Visuospatial/Executive 2.6 ± 1.7 1.9 ± 1.7 2.1 ± 1.8 1.8 ± 1.6 a 3.3 ± 1.5 3.3 ± 1.5 3.3 ± 1.5 <0.001 Naming 2.4 ± 0.9 2.3 ± 1.0 2.4 ± 0.9 2.3 ± 1.0 2.4 ± 0.9 2.4 ± 0.9 2.4 ± 0.9 0.147 Concentration 4.4 ± 1.6 4.0 ± 1.6 4.0 ± 1.7 4.0 ± 1.5 4.8 ± 1.5 4.7 ± 1.5 4.9 ± 1.4 <0.001 Language 1.7 ± 1.0 1.7 ± 0.9 1.8 ± 0.9 1.7 ± 0.9 1.6 ± 1.1 1.8 ± 1.0 1.4,"Machine-assisted full-text mining supports extraction only; final inclusion, risk of bias, and numeric effects require author verification.",,,,,,
40471669,PMC12179572,10.2196/69259,"Outdoor Exercise Facility-Based Integrative Mobile Health Intervention to Support Physical Activity, Mental Well-Being, and Exercise Self-Efficacy Among Older Adults With Prefrailty and Frailty in Hong Kong: Pilot Feasibility Randomized Controlled Trial Study.",2025,JMIR mHealth and uHealth,https://pubmed.ncbi.nlm.nih.gov/40471669/,community,digital_home,digital_home_unclear_intervention,pmc_fulltext_available,pmc_fulltext_mined_not_numeric_extracted,yes,yes,ok,data\raw\pmc_fulltext\PMC12179572.xml,frailty;adl;falls;quality_of_life;adherence;adverse_events,yes,yes,yes,yes,yes,no,no,no,yes,yes,yes,yes,yes,5.0,"bile Health Intervention to Support Physical Activity, Mental Well-Being, and Exercise Self-Efficacy Among Older Adults With Prefrailty and Frailty in Hong Kong: Pilot Feasibility Randomized Controlled Trial Study Badicu Georgian Samuel Adebero Liang IanJu Lee Janet Lok Chun PhD https://orcid.org/0000-0001-8447-6855 1 2 3 Department of Rehabilitation Sciences The Hong","MU JMIR mHealth and uHealth 2291-5222 JMIR Publications Inc. PMC12179572 PMC12179572.1 12179572 12179572 40471669 10.2196/69259 v13i1e69259 1 Original Paper Original Paper Outdoor Exercise Facility–Based Integrative Mobile Health Intervention to Support Physical Activity, Mental Well-Being, and Exercise Self-Efficacy Among Older Adults With Prefrailty and Frailty in","tion group (n=19), which received 4 weekly educational workshops at a university and a mobile app to support their use of outdoor exercise facilities in their neighborhood, or the control group (n=19), which received 4 weekly health education workshops with exercise experiential sessions tailored for older adults with frailty. To assess the acceptability of the intervent","Methods A 2-armed pilot feasibility randomized controlled trial was conducted. A total of 38 inactive, community-dwelling older adults (aged>55 years) with prefrailty and frailty were randomized to either the intervention group (n=19), which received 4 weekly educational workshops at a university and a mobile app to support their use of outdoor exercise facilities in their neighborhood, or the control group (n=19), which received 4 weekly health education workshops with exercise experiential sessions tailored for older adults with frailty. To assess the acceptability of the intervention, individual semistructured interviews were conducted with, and a self-developed questionnaire was administered to, 14 participants from the intervention group.
Methods Trial Design This study was reported in accordance with the CONSORT (Consolidated Standards of Reporting Trials) statement extension for pilot trials [ 23 ]. Please refer to Multimedia Appendix 1 for the CONSORT checklist. This study was a prospective, 2-armed, single-blinded (participant-blinded), parallel-group pilot RCT with an allocation ratio of 1:1. A qualitative interview was conducted with participants in the intervention group following the pilot RCT. The trial was conducted between May and September 2024 at a university in Hong Kong and was registered on ClinicalTrials.gov (March 22, 2024). Participants Participants were recruited in April 2024 using convenience sampling. Recruitment was conducted through public talks delivered online, at community health centers, and at health promotional booths. Enrollment screening was carried out by the research assistant according to the inclusion and exclusion criteria ( Textbox 1 ). Inclusion and exclusion criteria for participants. 1. Inclusion criteria Community-dwelling","Results The mean age of the participants was 71.8 (SD 9.34) years, and 24 out of 34 (71%) were female. As many as 34 participants out of 38 (89%) completed the study (18/19 in the control group and 16/19 in the intervention group). Workshop attendance rates were very high in both groups (intervention group, 63/68, 93%, and control group, 72/76, 95%). Self-reported adherence to the unsupervised outdoor practical sessions and engagement with the app was over 65% (36/51, 71%, and 35/51, 69%, in the intervention group. Two adverse events were reported in the intervention group, and none in the control group. As hypothesized, secondary outcome analyses showed that both groups increased their PA levels immediately after the intervention; however, only the intervention group maintained this increase at the 3-month follow-up. Additionally, favorable changes in mental well-being and exercise self-efficacy were observed in the intervention group. Feasibility and acceptability data also highlighted areas for improvement that should be addressed before a larger trial.
Results Demographic and Other Characteristics of the Participants The demographic and health characteristics of the participants are presented in Table 1 . No significant differences ( P <.05 in all cases; see Table 1 for the complete P values) were observed between groups at baseline, except for the incidence of falls in the past 6 months ( P =.04). Additionally, due to attrition occurring immediately after group allocation, there was an imbalance in gender distribution between the groups. To enhance the robustness of the results, both gender and incidence of falls were included as covariates in the statistical analyses. Table 1 Demographic characteristics of the participants. Characteristics Total, n (%) Interventio","Table 1 Demographic characteristics of the participants. Table 1 Demographic characteristics of the participants. Characteristics Total, n (%) Intervention (n=16), n (%) Control (n=18), n (%) P value Age .09 Mean (SD) 71.8 (9.34) 69.0 (8.18) 74.28 (9.82) Median 70 66.5 72.5 Gender .20 Male 10 (29) 3 (19) 7 (39) Female 24 (71) 13 (81) 11 (61) Education .38 No formal education 2 (6) 0 (0) 2 (11) Primary level 5 (15) 1 (6) 4 (22) Secondary level 15 (44) 10 (63) 5 (28) Tertiary level 8 (24) 2 (13) 6 (33) Postgraduate level 4 (12) 3 (19) 1 (6) Living arrangement .93 Living alone 11 (32) 5 (31) 6 (33) Living with family 23 (68) 11 (69) 12 (67) Weight (kg) .75 Mean (SD) 58.4 (9.36) 59.0 (8.19) 57.9 (10.5) Median 59.5 59.5 59.5 Height (cm) .35 Mean (SD) 155.4 (7.14) 157.6 (7.56) 155.2 (6.77) Median 155.5 155.0 155.5 BMI (kg/m 2 ) .82 Mean (SD) 23.8 (2.48) 23.7 (2.04) 23.9 (2.87) Median 23.1 23.0 23.6 Frailty level (FRAIL a scale) .75 Score=1 25 (74) 12 (75) 13 (72) Score=2 4 (12) 3 (19) 1 (6) Score=3 4 (12) 1 (6) 3 (17) Score=4 1 (3) 0 (0) 1 (6) Chronic disease .82 Yes 24 (71) 11 (69) 13 (72) No 10 (29) 5 (31) 5 (28) Use walking aids outdoors .48 Wheelchair 2 (6) 1 (6) 1 (6) Walking stick 5 (15) 1 (6) 4 (22) None 28 (82) 14 (88) 13 (72) Hospitalized in the past 12 months 1.00 Yes 0 (0.0) 0 (0.0) 0 (0) No 34 (100) 16 (100) 18 (100) Fallen in the past 6 months .04 Yes 4 (12) 0 (0) 4 (22) No 30 (88) 16 (100) 14 (78) a FRAIL: Fatigue, Resistance, Ambulation, Illness, and Loss of Weight.
---TABLE---
Table 2 Perceived usefulness of the app (N=13). Table 2 Perceived usefulness of the app (N=13). Usefulness Strongly disagree, n (%) Disagree, n (%) Neutral, n (%) Agree, n (%) Strongly agree, n (%) Part 1: User’s exercise performance Enhanced my knowledge of outdoor exercise facilities. 0 (0) 0 (0) 0 (0) 6 (46) 7 (54) Allowed me to execute exercise movements accurately when using outdoor exercise facilities. 0 (0) 0 (0) 0 (0) 4 (31) 9 (69) Allowed me to execute exercise movements safely when using outdoor exercise facilities. 0 (0) 0 (0) 0 (0) 7 (54) 6 (46) Enhanced my exercise efficiency, enabling me to effectively achieve health benefits, such as improved balance, muscle strength, and overall subjective well-being. 0 (0) 0 (0) 0 (0) 7 (54) 6 (46) Assisted me in reaching my physical activity goals. 0 (0) 0 (0) 0 (0) 8 (62) 5 (38) Part 2: User’s intention to use the app to support outdoor workouts When I use the outdoor exercise facilities, I intend to incorporate the Outdoor Rehab-Fit App into my physical activity routine. 0 (0) 0 (0) 0 (0) 6 (46) 6 (46) I like to use the Outdoor Rehab-Fit App. 0 (0) 0 (0) 0 (0) 8 (62) 5 (38) I will use the Outdoor Rehab-Fit App both during my outdoor workouts and whenever I want to learn more about the outdoor exercise facilities. 0 (0) 1 (8) 1 (8) 7 (54) 4 (31)
---TABLE---
Table 3 Perceived usefulness of the app content (N=13). Table 3 Perceived usefulness of the app content (N=13). Perceived usefulness Extremely useless, n (%)","Machine-assisted full-text mining supports extraction only; final inclusion, risk of bias, and numeric effects require author verification.",,,,,,
40367490,PMC12094531,10.2196/65636,"Frailty, Fitness, and Quality of Life Outcomes of a Healthy and Productive Aging Program (GrandMove) for Older Adults With Frailty or Prefrailty: Cluster Randomized Controlled Trial.",2025,JMIR aging,https://pubmed.ncbi.nlm.nih.gov/40367490/,community,resistance;aerobic_walking;multidomain,multidomain,pmc_fulltext_available,pmc_fulltext_mined_not_numeric_extracted,yes,yes,ok,data\raw\pmc_fulltext\PMC12094531.xml,frailty;sppb;grip_strength;adl;quality_of_life;adherence;adverse_events,yes,yes,yes,yes,yes,no,yes,yes,yes,no,yes,yes,yes,2.0,"g in Place Original Paper Frailty, Fitness, and Quality of Life Outcomes of a Healthy and Productive Aging Program (GrandMove) for Older Adults With Frailty or Prefrailty: Cluster Randomized Controlled Trial https://orcid.org/0000-0002-4160-1713 Tang Jennifer Yee Man PhD 1 https://orcid.org/0000-0003-4261-3414 Luo Hao PhD 2 3 https://orcid.org/0000-0001-6712-6466 Tse","oo , Waterloo , ON , Canada 3 Department of Social Work and Social Administration , The University of Hong Kong, Hong Kong , Pok Fu Lam , China (Hong Kong) 4 Centre for Sports and Exercise, The University of Hong Kong, Hong Kong , Pok Fu Lam , China (Hong Kong) 5 Department of Brain Sciences , Imperial College London , London , United Kingdom 6 School of Nursing , T","n, which enabled us to examine how these physical activity interventions and their sequence might influence frailty outcomes. Although lifestyle education was initially added as a comparator intervention, our findings have demonstrated that the 18-month intervention combining lifestyle education and physical interventions is a viable strategy to address frailty and is","Methods This cluster randomized controlled trial recruited older adults with frailty and prefrailty (N=390) living in the community. The 18-month exercise program consisted of three 6-month phases of lifestyle education (E), resistance exercise (R), and aerobic exercise (A). Each group of participants was randomized into 3 intervention sequence arms: the E-R-A group, the A-R-E group, and the R-A-E group.
Methods Study Design and Participants This is an 18-month, multicenter, cluster randomized controlled trial with 3 intervention arms. A cluster design was used because of the logistical issues associated with the implementation of the interventions. The study sites included 14 community service centers for older adults and 15 public rental estates in Hong Kong. The staff from the participating sites referred potential participants based on their age and frailty status at screening. Ethical Considerations Designated research assistants, who were not involved in the intervention, obtained written informed consent and conducted screening interviews with the participants. The study protocol was approved by the institutional ethics committee (reference number EA1511048). The study was registered with the HKU Clinical Trials Registry (reference number HKUCTR-1964). All data used in this study were deidentified before analysis. Participants did not receive any compensation for their involvement. Participants Target study participants were older adults living in the community who did not have any contradictions to participation in a moderate level of physical activity. Between February 2016 and May 2017, older adults were invited to take part in this study if they were aged 65 years or older and were screened as either prefrail (scores of 1‐2 on the FRAIL [Fatigue, Resistance, ","Results At 6, 12, and 18 months, 346, 305, and 264 participants completed the frailty assessment, respectively. At 6 months, 100 of 346 participants (28.9%) were robust. A-R-E and R-A-E were no better than E-R-A as the active control in addressing frailty over the first 6 months (A-R-E: interaction coefficient 0.07, 95% CI −0.35 to 0.49, P =.68; R-A-E: interaction coefficient −0.02, 95% CI −0.42 to 0.38, P =.90). Compared to lifestyle education, resistance training and aerobic training over the first 6 months were associated with greater improvement in fitness measures of grip strength for the left hand (A-R-E: interaction coefficient 2.99, 95% CI 0.76 to 5.23, P =.009; R-A-E: interaction coefficient 2.21, 95% CI 0.63 to 4.36, P =.04) and right hand (A-R-E: interaction coefficient 3.75, 95% CI 1.54 to 5.97, P =.001; R-A-E: interaction coefficient 2.29, 95% CI 0.16 to 4.42, P =.04) and arm curl test (A-R-E: interaction coefficient 1.42, 95% CI 0.39 to 2.46, P =.007; R-A-E: interaction coefficient 1.11, 95% CI 0.12 to 2.11, P =.03). The sequence of exercise interventions (R-A-E vs A-R-E) did not make a difference in primary outcomes at 12 months, but the R-A-E group showed better quality of life (interaction coefficient 4.50, 95% CI 0.12 to 8.88, P =.008). Improved frailty outcomes were maintained by the end of the study, but the change in overall physical activity level was limited.
Results Sample Characteristics In total, 723 potential participants were assessed for eligibility, of whom 390 (53.9%) were randomized ( Figure 1 ). Of the 390 participants included in the study, 132 (33.8%) were assigned to the E-R-A group, 124 (31.8%) to A-R-E, and 134 (34.4%) to R-A-E. Figure 1. Study flow chart. All participants were analyzed in repeated measures mixed-effect regression m","Table 1. Baseline characteristics of the study population (n=390). Table 1. Baseline characteristics of the study population (n=390). E a -R b -A c group (n=132) A-R-E group (n=124) R-A-E group (n=134) F /χ 2 (df) P value Age (years), mean (SD) 80.5 (7.5) 80.9 (7.1) 81.2 (7.4) F =0.25 (2, 387) .78 Gender, female, n (%) 106 (80.3) 97 (78.2) 105 (78.4) χ 2 =0.21 (2) .90 Education, n (%) χ 2 =6.15 (6) .41 No formal education 79 (59.9) 66 (53.2) 73 (54.5) Primary school 27 (20.5) 29 (23.4) 30 (22.4) Junior middle school 11 (8.3) 10 (8.1) 19 (14.2) High school or above 15 (11.4) 19 (15.3) 12 (9) Marital status, n (%) χ 2 =2.04 (4) .73 Married 47 (35.6) 49 (40.2) 45 (33.8) Widowed 75 (56.8) 62 (50.8) 79 (59.4) Others 10 (7.6) 11 (9) 9 (6.8) Living alone 38 (28.8) 46 (37.4) 47 (35.3) χ 2 =2.34 (2) .31 Frailty status, n (%) χ 2 =0.70 (2) .70 Prefrail 80 (60.6) 80 (64.5) 80 (59.7) Frail 52 (39.4) 44 (35.5) 54 (40.3) 5-item FRAIL d scale, mean (SD) 2.2 (0.9) 2.1 (0.9) 2.1 (1) F =0.27 (2, 387) .76 SPPB e , mean (SD) 8 (2.7) 7.5 (2.9) 7.8 (2.9) F =1.14 (2, 387) .32 WHOQoL-OLD f , mean (SD) 93.5 (12.3) 91.9 (12.4) 89.4 (14.1) F =3.26 (2, 385) .04 Grip strength (left hand), mean (SD) 34.5 (11.5) 33.6 (12.7) 33 (14.6) F =0.46 (2, 381) .63 Grip strength (right hand), mean (SD) 36.2 (12.6) 33.7 (13) 35.7 (14.9) F =0.06 (2, 382) .94 30-s arm curl test, mean (SD) 12.1 (4.3) 10.6 (4.3) 10.5 (4.1) F =5.47 (2, 382) .005 2-min step test, mean (SD) 69.2 (28.2) 65.3 (28.2) 66.6 (30.8) F =0.60 (2, 382) .55 IADL g , mean (SD) 14.8 (2.7) 15.2 (3.1) 15.2 (2.7) F =0.99 (2, 385) .37 PASE h , mean (SD) 70.6 (41.9) 73.1 (41.7) 72.3 (47.7) F =0.11 (2, 382) .90 LSNS i , mean (SD) 21.1 (9.6) 21.8 (9.5) 21.4 (9.7) F =0.14 (2, 385) .87 PSQI j , mean (SD) 8.3 (4.3) 8.1 (3.9) 8.3 (3.7) F =0.10 (2, 356) .91 PHQ-9 k , mean (SD) 4 (4.9) 3.8 (4.7) 3.3 (4.5) F =0.86 (2, 384) .42 a E: lifestyle education. b R: resistance training. c A: aerobic training. d FRAIL: Fatigue, Resistance, Ambulation, Illness, and Loss of weight. e SPPB: Short Physical Performance Battery. f WHOQoL-OLD: Cantonese version of the World Health Organization Quality of Life – Older adults module. g IADL: Lawton’s Instrumental Activities of Daily Living scale. h PASE: Physical Activity Scale for the Elderly. i LSNS: Lubben Social Network Scale. j PSQI: Pittsburgh Sleep Quality Index. k PHQ-9: Patient Health Questionnaire-9.
---TABLE---
Table 2. Summary of time and group × time interaction effects on primary and secondary outcomes (whole sample). Table 2. Summary of time and group × time interaction effects on primary and secondary outcomes (whole sample). Baseline to 6 months Baseline to 12 months Baseline to 18 months Coefficient (95% or 99% CI) P value Coefficient (95% or 99% CI) P value Coefficient (95% or 99% CI) P value 5-item FRAIL a scale Time effect −0.81 (−1.09 to −0.52) <.001 −1.10 (−1.40 to −0.80) <.001 −1.06 (−1.36 to −0.75) <.001 A-R-E b group × time 0.07 (−0.35 to 0.49) .68 0.16 (−0.27 to 0.60) .33 0.16 (−0","Machine-assisted full-text mining supports extraction only; final inclusion, risk of bias, and numeric effects require author verification.",,,,,,
40121486,PMC11929174,10.1186/s13102-025-01105-6,Psychophysiological effects of a supervised home-based resistance band exercise program in pre-frail older patients with type 2 diabetes mellitus: a randomized controlled trial.,2025,"BMC sports science, medicine & rehabilitation",https://pubmed.ncbi.nlm.nih.gov/40121486/,home,resistance;aerobic_walking;digital_home,exercise_only,pmc_fulltext_available,pmc_fulltext_mined_not_numeric_extracted,yes,yes,ok,data\raw\pmc_fulltext\PMC11929174.xml,frailty;gait_speed;grip_strength;falls;quality_of_life;adherence;adverse_events,yes,yes,yes,yes,yes,yes,no,yes,no,yes,yes,yes,yes,4.0,02-025-01105-6 1105 1 Research Psychophysiological effects of a supervised home-based resistance band exercise program in pre-frail older patients with type 2 diabetes mellitus: a randomized controlled trial Hu Lin 1 Feng Haixia 2 Han Jing 1 Han Qing 1 Zhang Yumin zhangym11889@njmu.edu.cn 3 1 https://ror.org/01k3hq685 grid.452290.8 0000 0004 1760 6316 Department of En,dicine and Rehabilitation 2052-1847 BMC PMC11929174 PMC11929174.1 11929174 11929174 40121486 10.1186/s13102-025-01105-6 1105 1 Research Psychophysiological effects of a supervised home-based resistance band exercise program in pre-frail older patients with type 2 diabetes mellitus: a randomized controlled trial Hu Lin 1 Feng Haixia 2 Han Jing 1 Han Qing 1 Zhang Yumin,"elastic band exercise in pre-frail older T2DM patients in China. Methods A total of 100 participants were included and randomly divided into intervention group (IG) ( n = 50) and control group (CG) ( n = 50). The CG received a routine care, while the IG received an extra home-based elastic band training under online and offline supervisions sustaining 12-weeks. The glyc","Methods A total of 100 participants were included and randomly divided into intervention group (IG) ( n = 50) and control group (CG) ( n = 50). The CG received a routine care, while the IG received an extra home-based elastic band training under online and offline supervisions sustaining 12-weeks. The glycosylated hemoglobin (HbA1c), blood lipids, body composition, physical function, scales of Diabetes specificity quality of life scale (DSQL), Pittsburgh sleep quality index (PSQI) and short form geriatric depression scale (GDS-15) of the participants were evaluated before and after intervention.
Methods Participants This study recruited pre-frail older participants with T2DM, through giving out leaflets, posting leaflets on the bulletin board in the inpatients from the Department of Endocrinology in ZhongDa Hospital about to be discharged and it was a continuous recruitment between 2022 April and August. All participants were informed that they would receive a new intervention before the study began, but the specific group assignments were kept confidential from them. Patients were assigned to either the intervention or control group based on random numbers generated using the random number function within the Excel spreadsheet. The odd numbers indicated the intervention group (IG) and even numbers indicated the control group (CG). If both the IG and CG were from the same ward, such patients were excluded from the study. This study was a single-blind trail which referred to a situation where the participants did not know whether they were in the IG or the CG, while the researchers were aware. Informed consent was obtained from the patient for publication. The sample size was calculated using the formula for comparing the means of two independent samples. The significanc","Results The average age of the participants were 66.01 ± 4.76 with 55% male and average BMI 24.75 ± 3.51 kg/m 2 . The clinical characteristics of the two groups were comparable. After 12 weeks’ training, muscle mass of the limbs ( P < 0.05), physical function indicators including grip strength, chair stands (both P < 0.05), walking time ( P < 0.01), HbA1c ( P < 0.05), frailty score ( P < 0.05), subjective sleep quality ( P < 0.05), total DSQL scores ( P < 0.01) and the depressive status ( P < 0.01) improved significantly in IG when compared with CG.
Results Clinical characteristics of the participants As shown in Table 1 , there were no significant differences in average age, sex, WHR, duration of DM, BMI, comorbidity, drinking and smoking history between IG and CG. Basal SBP and DBP levels were also similar. The indicators of liver and kidney function and metabolic indicators including FPG, PPG, FCP, PCP, TC, TG, HDL-C, LDL-C and HbA1c were comparable between two groups. Table 1 Baseline characteristics Characteristic IG ( n = 50) CG ( n = 50) P value Normal range Age (years) 65.50 ± 4.5 66.52 ± 5.0 0.287 - Sex (male, %) 28 (56%) 27 (54%) 0.841 - WHR (U) 0.95 ± 0.08 0.94 ± 0.07 0.794 - BMI (kg/m 2 ) 25.17 ± 3.30 24.3 ± 3.68 0.227 - DM duration (years) 9.04 ± 8.21 9.36 ± 7.62 0.840 - Comorbidity 0.216 - n = 1 (%) 31 (62%) 23 (46%) - n = 2 (%) 13 (26%) 21 (42%) - n ≥ 3 (%) 6 (12%) 6 (12%) - Smokers (%) 33(66%) 36(72%) 0.385 - Drinkers (%) 33(66%) 37(74%) 0.519 - SBP (mmHg) 130.9 ± 20.75 131.2 ± 19.27 0.940 - DBP (mmHg) 72.8 ± 10.77 72.7 ± 13.53 0.974 - ALT (U/L) 22.4 ± 15.04 19.7 ± 14.58 0.357 9–50 AST (U/L) 19.12 ± 6.40 18.32 ± 7.12 0.556 15–40 BUN (pmol/L) 6.78 ± 1.89 6.54 ± 1.95 0.549 3.6–9.5 Cr (umol/L) 68.88 ± 19.34 72.32 ± 24.07 0.433 57–111 FPG (mmol/L) 10.98 ± 5.","Table 1 Baseline characteristics Table 1 Baseline characteristics Characteristic IG ( n = 50) CG ( n = 50) P value Normal range Age (years) 65.50 ± 4.5 66.52 ± 5.0 0.287 - Sex (male, %) 28 (56%) 27 (54%) 0.841 - WHR (U) 0.95 ± 0.08 0.94 ± 0.07 0.794 - BMI (kg/m 2 ) 25.17 ± 3.30 24.3 ± 3.68 0.227 - DM duration (years) 9.04 ± 8.21 9.36 ± 7.62 0.840 - Comorbidity 0.216 - n = 1 (%) 31 (62%) 23 (46%) - n = 2 (%) 13 (26%) 21 (42%) - n ≥ 3 (%) 6 (12%) 6 (12%) - Smokers (%) 33(66%) 36(72%) 0.385 - Drinkers (%) 33(66%) 37(74%) 0.519 - SBP (mmHg) 130.9 ± 20.75 131.2 ± 19.27 0.940 - DBP (mmHg) 72.8 ± 10.77 72.7 ± 13.53 0.974 - ALT (U/L) 22.4 ± 15.04 19.7 ± 14.58 0.357 9–50 AST (U/L) 19.12 ± 6.40 18.32 ± 7.12 0.556 15–40 BUN (pmol/L) 6.78 ± 1.89 6.54 ± 1.95 0.549 3.6–9.5 Cr (umol/L) 68.88 ± 19.34 72.32 ± 24.07 0.433 57–111 FPG (mmol/L) 10.98 ± 5.69 9.93 ± 4.54 0.314 3.90–6.10 PPG (mmol/L) 17.73 ± 5.27 16.38 ± 5.43 0.211 < 7.80 FCP (nmol/L) 0.61 ± 0.27 0.52 ± 0.27 0.301 0.37–1.47 PCP (nmol/L) 1.97 ± 1.35 1.94 ± 1.06 0.904 - TC (mmol/L) 4.72 ± 1.38 4.81 ± 1.05 0.714 0.00–6.20 TG (mmol/L) 2.03 ± 1.69 2.05 ± 1.91 0.958 0.00–2.26 HDL-C(mmol/L) 1.08 ± 0.24 1.12 ± 0.34 0.545 > 1.00 LDL-C (mmol/L) 2.64 ± 0.95 2.71 ± 0.93 0.691 0.00–3.40 HbA1c (%) 9.13 ± 2.18 8.71 ± 2.16 0.338 4.00–6.00 Normally distributed variables in the table are presented as mean ± SD WHR Waist-to-hip ratio, BMI Body mass index, SBP Systolic blood pressure, DBP Diastolic blood pressure, ALT Alanine transaminase, AST Aspartate transaminase, BUN Blood urea nitrogen, Cr Creatinine, FPG Fasting plasma glucose, PPG Postprandial plasma glucose, FCP Fasting c-peptide, PCP Postprandial c-peptide, TC Total cholesterol, TG Triglyceride, HDL-C High density lipoprotein cholesterol, LDL-C Low density lipoprotein cholesterol, HbA1c Glycosylated hemoglobin
---TABLE---
Table 2 Changes in body composition, body strength, biochemical parameters and frailty score Table 2 Changes in body composition, body strength, biochemical parameters and frailty score IG ( n = 50) CG ( n = 50) 95%CI Effect sizes a P value Baseline 12 weeks P value Baseline 12 weeks P value Body composition WHR (U) 0.94 ± 0.03 0.94 ± 0.03 0.073 0.94 ± 0.02 0.93 ± 0.03 0.052 0.007 [-0.006,0.022] 0.011 0.230 BFM (kg) 20.51 ± 5.72 19.29 ± 5.41 < 0.001 19.03 ± 5.92 18.58 ± 6.06 0.159 0.711 [-1.569,2.993] 0.004 0.336 VFA (cm 2 ) 130.54 ± 20.99 127.47 ± 19.60 0.005 123.94 ± 22.22 121.59 ± 21.61 0.028 5.882[-2.308,14.072] 0.020 0.137 PBF (%) 29.26 ± 6.07 27.70 ± 6.10 0.001 33.97 ± 4.17 33.07 ± 4.19 0.060 -5.366[-17.269,6.537] 0.008 0.401 SMM (kg) 25.49 ± 5.25 26.58 ± 5.17 0.001 25.39 ± 5.05 25.36 ± 5.07 0.923 1.227[-0.807,3.261] 0.014 0.510 RULMM (kg) 2.53 ± 0.68 2.98 ± 0.97 < 0.001 2.47 ± 0.63 2.48 ± 0.63 0.961 0.500[0.173,0.827] 0.086 0.04 LULMM (kg) 2.53 ± 0.69 2.98 ± 0.95 < 0.001 2.48 ± 0.62 2.47 ± 0.63 0.965 0.506[0.183,0.828] 0.090 0.047 TMM (kg) 21.10 ± 4.09 22.03 ± 4.08 0.001 20.78 ± 4.01 20.97 ± 3.90 0.481 1.227[-0.807,3.261] 0.018 0.377 RLLMM","Machine-assisted full-text mining supports extraction only; final inclusion, risk of bias, and numeric effects require author verification.",,,,,,
40005003,PMC11858716,10.3390/nu17040675,"Personalized Diet With or Without Physical Exercise Improves Nutritional Status, Muscle Strength, Physical Performance, and Quality of Life in Malnourished Older Adults: A Prospective Randomized Controlled Study.",2025,Nutrients,https://pubmed.ncbi.nlm.nih.gov/40005003/,unclear,resistance;balance;nutrition,exercise_plus_nutrition,pmc_fulltext_available,pmc_fulltext_mined_not_numeric_extracted,yes,yes,ok,data\raw\pmc_fulltext\PMC11858716.xml,frailty;gait_speed;grip_strength;falls;quality_of_life;adherence;adverse_events,yes,yes,yes,yes,yes,yes,no,yes,no,yes,yes,yes,yes,3.0,"onalized Diet With or Without Physical Exercise Improves Nutritional Status, Muscle Strength, Physical Performance, and Quality of Life in Malnourished Older Adults: A Prospective Randomized Controlled Study https://orcid.org/0000-0003-4128-8533 Arıcı Huzeyfe Conceptualization Investigation Resources Data curation Writing – original draft 1 * Tor Yavuz Burak Writing –","Digital Publishing Institute (MDPI) PMC11858716 PMC11858716.1 11858716 11858716 40005003 10.3390/nu17040675 nutrients-17-00675 1 Article Personalized Diet With or Without Physical Exercise Improves Nutritional Status, Muscle Strength, Physical Performance, and Quality of Life in Malnourished Older Adults: A Prospective Randomized Controlled Study https://orcid.org/0","owing disorders, receiving enteral or parenteral nutritional support, and having acute medical problems. Patients eligible for the study ( n = 20) were randomized to the study and control groups according to their dates of admission. While not the most robust form of randomization, using admission dates helped to avoid selection bias by ensuring that all eligible patient","2. Materials and Methods 2.1. Study Population The study participants were selected from patients admitted to Istanbul University, Istanbul Faculty of Medicine Hospital, Clinical Nutrition and General Internal Medicine Outpatient Clinics. Malnourished old–aged patients (≥65 years old) who were oriented, cooperated, and were independent in daily living activities were included in the study. The exclusion criteria were <65 years of age, cognitive impairment, immobilization, eating/swallowing disorders, receiving enteral or parenteral nutritional support, and having acute medical problems. Patients eligible for the study ( n = 20) were randomized to the study and control groups according to their dates of admission. While not the most robust form of randomization, using admission dates helped to avoid selection bias by ensuring that all eligible patients were considered for inclusion as they presented, rather than being selectively chosen. Study was retrospectively registered, with clinical trial number NCT06823739 on 12 February 2025. When evaluating the statistical power of the study, an a priori power analysis was conducted using G*Power (version 3.1). The analysis was based on a repeated-measures ANOVA with a within–between interaction design to determine the required sample size for adequate power. For our observed variable, the power for the within-subject factor (time) was 0.81, with a partial eta squared (η 2 ) of 0.07, indicating a medium effect size. For the interaction effect (time × group), the partial eta squared (η 2 ) was 0.072, also reflecting a medium effect size. The input parameters included an effect size f = 0.278, alpha error probability (α) = 0.05, desired power (1 − β) = 0.8, two groups (intervention and control), four repeated measurements, and a c","3. Results A total of 20 malnourished patients aged 65 and above were included in the study (mean age: 71.8 ± 5.4 years; 11 males). The characteristics of the patients are provided in Table 1 . The PD and PDE groups did not show any significant differences in terms of gender, age, chronic diseases, or nutritional status ( Table 1 ). The initial MNA-SF scores showed 60% MN and 40% MN risks in both groups ( Table 1 ). After 12 weeks of intervention, the mean BMI of the patients increased from 25.9 kg/m 2 to 27.6 kg/m 2 in the PD group, and 29.2 kg/m 2 to 30.1 kg/m 2 in the PDE group ( Table 2 ). According to the MNA-SF test results, 70% of the patients in both groups showed improvements in their nutritional statuses in the 4th week, which were 100% in the 12th week, and all of the patients from both groups showed MNA-SF scores ≥ 12 at the end of the study. The median MNA–SF scores of the patients in the PD and PDE groups were increased from 7.1 to 13, and 7.7 to 13.5, respectively ( Table 2 ). The HGS measurements of the patients were low in 90% of the patients in both groups. They were significantly increased at the end of the study (mean values: 20.9 kg to 27.5 kg in the PD group, and 20.3 kg to 27.3 kg in the PDE group). The mean ASMI was increased from 7.7 kg/m 2 to 8.4 kg/m 2 in the PD group, and 8.5 kg/m 2 to 8.6 kg/m 2 in the PDE group, but these differences did not reach statistical significance. According to the EWGSOP2 cut-offs, only two patients in the PD group had confirmed sarcopenia during admission, while their 12 th -week measurements showed improvement with a personalized diet ( Table 2 ). The mean TUG test results of the patients in the PD and PDE groups were 13.6 ± 2.9 and 15.0 ± 4.9 s, respectively. After 12 weeks of intervention, they were significant","Table 1 Characteristics of the patients. nutrients-17-00675-t001_Table 1 Table 1 Characteristics of the patients. PD Group ( n = 10) PDE Group ( n = 10) Total ( n = 20) p –Value Gender ( n ) Male 6 5 11 0.65 Female 4 5 9 Age (years) Male 72.7 ± 8.0 72.6 ± 4.7 72.6 ± 6.4 0.97 Female 71.0 ± 4.5 72.4 ± 3.8 70.7 ± 3.9 Chronic diseases Hypertension 3 2 5 0.26 Diabetes 6 7 13 Heart failure 1 2 3 CKD 1 0 1 Coronary artery disease 1 1 1 # of CD (median, min-max) Median Median Nutrition status MN risk * 4 (%40) 4 (%40) MN ** 6 (%60) 6 (%60) Initial mean BMI (kg/m 2 ) 25.9 29.2 0.247 Initial mean ASMI (kg/m 2 ) 7.7 8.5 0.280 CKD: chronic kidney disease; PD: personalized diet; PDE: personalized diet with planned exercise; * MNA-SF score 8–11; ** MNA-SF score ≤ 7; BMI: body mass index; ASMI: appendicular skeletal muscle mass; #: number.
---TABLE---
Table 2 BMI, MNA, handgrip strength, ASMI, TUG test, EQ-5D, and EQ–5D VAS measurements of the patients during the study. nutrients-17-00675-t002_Table 2 Table 2 BMI, MNA, handgrip strength, ASMI, TUG test, EQ-5D, and EQ–5D VAS measurements of the patients during the study. PD Group PDE Group BMI (kg/m 2 ) M SD Mdn IQR Z p ±% M SD Mdn IQR Z p ±% Initial 25.9 5.0 26.7 7.3 −2.80 0.005 0 29.2 4.7 28.7 8.0 −2.45 0.01 0 4. wk 26.9 4.7 27.5 7.3 3.9 29.4 4.4 29.2 6.8 0.7 8. wk 27.0 4.5 27.7 7.0 4.2 29.4 4.1 29.3 6.7 0.7 12. wk 27.6 4.6 28.9 7.4 6.6 30.1 4.9 29.4 7.0 3.1 MNA-SF Test (score) M SD Mdn IQR Z p ±% M SD Mdn IQR Z p ±% Initial 7.1 1.7 7.0 3 −2.84 0.005 0 7.7 1.1 7.0 1 −2.83 0.005 0 4. wk 10.1 1.7 10.5 3 42.3 10.4 1.1 11.0 2 35.1 8. wk 11.7 0.5 12.0 1 64.8 11.7 0.8 12.0 1 51.9 12. wk 13.0 0.7 13.0 1 83.1 13.5 0.9 13.5 1 75.3 EQ-5D index (score) M SD Mdn IQR Z p ±% M SD Mdn IQR Z p ±% Initial 0.75 6.3 0.76 9 −2.57 0.01 0 0.70 15.5 0.75 14 −0.14 0.89 0 4. wk 0.73 4.0 0.73 3 2.4 0.71 11.6 0.73 7 1.7 8. wk 0.80 8.1 0.80 9 6.7 0.72 11.9 0.73 8 2.6 12. wk 0.82 8.0 0.80 8 9.4 0.74 13.1 0.75 14 5.3 EQ-5D VAS (score) M SD Mdn IQR Z p ±% M SD Mdn IQR Z p ±% Initial 67.0 14.2 70.0 30 −2.36 0.02 0 65 13.5 65 23 −2.39 0.02 0 4. wk 73.5 6.7 72.5 10 9.7 71 11.0 70 20 9.2 8. wk 73.0 6.7 70.0 10 9 73 9.5 70 13 12.3 12. wk 79.0 5.7 80.0 3 17.9 78 6.3 80 10 20.0 ASMI (kg/m 2 ) M SD Mdn IQR Z p ±% M SD Mdn IQR Z p ±% 0 7.7 1.5 7.6 2.5 −1.68 0.09 0 8.5 1.0 8.4 1.4 −0.36 0.72 0 4. wk 8.5 0.8 8.4 1.1 10.4 8.7 1.3 8.6 1.5 2.4 8. wk 8.3 0.8 8.4 1.5 7.8 8.6 1.1 8.5 1.1 1.2 12. wk 8.4 0.9 8.5 1.4 9.1 8.6 1.2 8.3 1.2 0 HS (kg) M SD Mdn IQR Z p ±% M SD Mdn IQR Z p ±% 0 20.9 5.3 19.0 11 −2.81 0.005 0 20.3 8.5 19.0 14.0 −2.81 0.005 0 4. wk 23.5 6.4 22.0 11 12.4 23.4 8.9 23.0 13.0 15.3 8. wk 25.4 5.1 26.5 9 21.5 26.2 7.7 25.0 10.0 29.1 12. wk 27.5 6.1 29.0 11 31.6 27.3 8.3 25.5 13.0 34.5 TUG Test (s) M SD Mdn IQR Z p ±% M SD Mdn IQR Z p ±% 0 13.6 2.9 12.9 3.2 −2.81 0.01 0 15.0 4.9 14.3 4.3 −2.81 0.01 0 4. wk 11.9 2.1 11.9 3.3 −12.5 13.4 4.0 12.2 3.4 10.7 8. wk 11.3 1.8 10.6 2.7 −16.9 12.5 3.0 11.5 3.1 16.7 12. wk 10.8 1.7 10.0 2.6 −20.6 11.9 2.","Machine-assisted full-text mining supports extraction only; final inclusion, risk of bias, and numeric effects require author verification.",,,,,,
39997521,PMC11855813,10.3390/geriatrics10010022,Effects of Twelve Weeks of Square Stepping Exercises on Physical and Cognitive Function and Plasma Content of SMP30: A Randomised Control Trial.,2025,"Geriatrics (Basel, Switzerland)",https://pubmed.ncbi.nlm.nih.gov/39997521/,unclear,balance;aerobic_walking;multidomain,multidomain,pmc_fulltext_available,pmc_fulltext_mined_not_numeric_extracted,yes,yes,ok,data\raw\pmc_fulltext\PMC11855813.xml,frailty;gait_speed;adl;falls;quality_of_life;adherence;adverse_events,yes,yes,yes,yes,yes,yes,no,no,yes,yes,yes,yes,yes,3.0,521 10.3390/geriatrics10010022 geriatrics-10-00022 1 Article Effects of Twelve Weeks of Square Stepping Exercises on Physical and Cognitive Function and Plasma Content of SMP30: A Randomised Control Trial https://orcid.org/0000-0001-7977-6837 Franco-García Juan Manuel 1 https://orcid.org/0000-0002-4054-9132 Pérez-Gómez Jorge 1 https://orcid.org/0000-0002-7239-960X Cas,ublishing Institute (MDPI) PMC11855813 PMC11855813.1 11855813 11855813 39997521 10.3390/geriatrics10010022 geriatrics-10-00022 1 Article Effects of Twelve Weeks of Square Stepping Exercises on Physical and Cognitive Function and Plasma Content of SMP30: A Randomised Control Trial https://orcid.org/0000-0001-7977-6837 Franco-García Juan Manuel 1 https://orcid.org/000,"30 levels for the prevention of falls in older adults. Methods: A randomised controlled trial was designed with 44 participants assigned to an experimental group (SSE group) and a control group. The SSE group performed SSE sessions twice a week for three months, with a follow-up in the fourth month. The assessments of physical function included tests such as the Four-Squ","2. Materials and Methods 2.1. Study Design A randomised controlled trial with one-to-one allocation of experimental and control groups was conducted. The Consolidated Standards of Reporting Trials Statement (CONSORT) methodology was used [ 64 ]. 2.2. Sample Size Calculations For the present study, the required sample size was calculated using G*Power (version 3.1.9.4) [ 65 ]. An a priori power analysis was performed for a repeated-measures ANOVA, within–between interaction, including two groups and three measurement points. The parameters used were as follows: medium effect size (f = 0.25), significance level (α = 0.05), statistical power (1 − β = 0.95), correlation among repeated measures (0.7) based on the FSST outcomes [ 66 ] and nonsphericity correction (ε = 1). The analysis determined that a total sample size of 28 participants was needed, with 14 participants per group. 2.3. Randomization and Blinding The participants were randomly assigned to either the experimental (SSE training) or control groups. To enrol individuals (1:1), the Research Randomizer software (version 4.0, Geoffrey C. Urbaniak and Scott Plous, Middletown, CT, USA) generated a randomization sequence [ 67 ]. The method was carried out by a member of the research team who was not actively involved in the trial’s clinical aspects. The group assignment was hidden in a password-protected computer file. Participants were aware of their group assignment, but outcome assessors and data analysts would be unaware of it. 2.4. Participants A total of 44 healthy women (n = 24 experimental group with SSE; n = 20 control group) from a convenience sample participated in this study. Participants were recruited via the Exercise Looks After You programme [ 68 ] through face-to-face and phone interviews. All recruite","3. Results In the present study, all participants assigned to the SSE group attended at least 85% of the scheduled sessions of the training protocol. This level of compliance ensures adequate exposure to the intervention programme, which is fundamental to the validity of the results obtained for the variables analysed. The results showed no significant differences between the two groups in any of the characteristics assessed at baseline (see Table 3 ), as well as in the EEG and SMP30 variables. The repeated-measures ANOVA outcomes showed group x time interactions in the FSST ( p = 0.001; F = 7.47), BW test ( p < 0.001; F = 13.61), BWD test ( p = 0.002; F = 6.98), 6 min walk test ( p = 0.003; F = 6.26), FES-I ( p = 0.004; F = 5.97), and FRI-21 ( p = 0.002; F = 6.71). However, no interactions were observed for the TUG, dual-task TUG, imagined TUG, 30S, 30SI, 30SD, EEG and SMP30 variables ( p > 0.05). 3.1. Dynamic Balance and Agility Figure 1 shows the pairwise within- and between-group comparisons between the different moments for the balance tests. Significant differences were observed between pre-test and post-test values for the FSST ( p < 0.001) in the SSE group, whereas no differences were found in the control group ( p > 0.05). Similar results were reported when comparing post-test with follow-up, where the SSE group showed significant differences in their FSST times ( p = 0.035), in contrast to the control group, which reported no significant changes ( p > 0.05). However, no differences were found between pre-test and follow-up in any group ( p > 0.05). Furthermore, no differences were observed in any group for the TUG, TUGD and TUGI tests ( p > 0.05). Between the groups, the SSE group showed significantly better performance in the FSST at the post-test measurement","Table 1 Square Stepping Exercise (SSE) progression for intervention. geriatrics-10-00022-t001_Table 1 Table 1 Square Stepping Exercise (SSE) progression for intervention. Month Weeks Frequency (Days a Week) Session Time (min) Difficulty (Level) 1 1–2 3–4 2 60 Beginner 1 Beginner 2 Intermediate 1 2 5–6 7–8 2 60 Intermediate 2 Intermediate 3 Intermediate 4 3 9–10 11–12 2 60 Advanced 1 Advanced 2
---TABLE---
Table 2 Usual composition of an SSE session. geriatrics-10-00022-t002_Table 2 Table 2 Usual composition of an SSE session. Warm-Up (10 min) Joint movement Main Part (40 min) Patch of patterns realised in prior session Understanding and execution of SSE pattern 1 Understanding and execution of SSE pattern 2 Understanding and execution of SSE pattern 3 Understanding and execution of SSE pattern 4 Cool-Down (10 min) Stretch Rest Final thought
---TABLE---
Table 3 Descriptive characteristics of participants assigned to control or SSE groups. geriatrics-10-00022-t003_Table 3 Table 3 Descriptive characteristics of participants assigned to control or SSE groups. Variables Control Group (n = 24) Mean ± SD SSE Group (n = 20) Mean ± SD p -Value Age (years) 68.8 ± 3.45 68.9 ± 4.17 0.722 BMI (kg) 26.0 ± 4.10 28.8 ± 5.24 0.134 Height (cm) 160.2 ± 7.82 156.2 ± 6.93 0.054 MoCA (points) 25.9 ± 3.46 27.4 ± 2.4 0.195 IPAQ (METs) 3816.0 ± 1654.29 3295.7 ± 796.15 0.406 FSST (s) 7.72 ± 0.877 7.39 ± 1.16 1.00 TUG (s) 7.63 ± 0.882 6.74 ± 1.03 0.054 TUGD (s) 8.23 ± 0.879 7.34 ± 1.44 0.238 TUGI (s) 5.00 ± 2.15 4.05 ± 1.21 1.00 BW (s) 16.8 ± 1.58 16.8 ± 2.25 1.00 BW Dual (s) 18.1 ± 1.29 17.8 ± 2.85 1.00 6 min walk test (m) 579 ± 69.6 522 ± 59.3 0.107 30S (rep) 14.0 ± 2.52 14.9 ± 2.58 1.00 30SI (rep) 17.1 ± 4.79 18.2 ± 3.85 1.00 30SD (rep) 14.6 ± 2.25 14.4 ± 2.35 1.00 FRI-21 (points) 10.2 ± 2.25 10.8 ± 3.14 1.00 FES-I (points) 22.4 ± 4.17 21.6 ± 4.24 1.00 30S: 30 s Sit-to-Stand; 30SD: 30 s Sit-to-Stand Dual; 30SI: 30 s Sit-to-Stand Imagined; BMI: Body Mass Index; cm: centimetres; BW: Brisk Walking; FES-I: Falls Efficacy Scale-International; FRI-21: 21-item Fall Risk Index; FSST: Four-Square Step Test; IPAQ: International Physical Activity Questionnaire; kg: kilograms; m: metres; METs: Metabolic Equivalents of Task; MoCA: Montreal Cognitive Assessment; rep: repetitions; s: seconds; SD: standard deviation; SSE: Square Step Exercise; TUG: Time Up and Go; TUGD: Time Up and Go Dual; TUGI: Imagined Time Up and Go.","Machine-assisted full-text mining supports extraction only; final inclusion, risk of bias, and numeric effects require author verification.",,,,,,
39954533,PMC12179999,10.1016/j.jnha.2025.100512,Long-term frailty and physical performance transitions in older people with type-2 diabetes. The MIDFRAIL randomized clinical study.,2025,"The journal of nutrition, health & aging",https://pubmed.ncbi.nlm.nih.gov/39954533/,community,resistance;nutrition,exercise_plus_nutrition,pmc_fulltext_available,pmc_fulltext_mined_not_numeric_extracted,yes,yes,ok,data\raw\pmc_fulltext\PMC12179999.xml,frailty;gait_speed;sppb;grip_strength;adl;falls;quality_of_life;adverse_events,yes,yes,yes,yes,yes,yes,yes,yes,yes,yes,yes,no,yes,4.0,0.1016/j.jnha.2025.100512 S1279-7707(25)00035-1 100512 1 Original Article Long-term frailty and physical performance transitions in older people with type-2 diabetes. The MIDFRAIL randomized clinical study Laosa Olga a b Topinkova Eva c Bourdel-Marchasson Isabelle d Vellas Bruno e Izquierdo Mikel f Paolisso Giusseppe g Hardman Timothy h Zeyfang Andrej i Pedraza Laura,"pmc J Nutr Health Aging J Nutr Health Aging 4760 jnha The Journal of Nutrition, Health & Aging 1279-7707 1760-4788 Elsevier PMC12179999 PMC12179999.1 12179999 12179999 39954533 10.1016/j.jnha.2025.100512 S1279-7707(25)00035-1 100512 1 Original Article Long-t","nths were randomly allocated by trial site (cluster) to intervention IG (16-weeks resistance exercise program, nutritional-educational sessions, optimization of diabetes care), or usual care group (UCG). Frailty status was assessed by the Fried Frailty Phenotype criteria at baseline and final visit. Functional status was assessed by the SPPB in every visit. We used mu","Methods 298 community-dwelling older adults (>70 years) participating in MIDFRAIL followed-up for 18–24 months were randomly allocated by trial site (cluster) to intervention IG (16-weeks resistance exercise program, nutritional-educational sessions, optimization of diabetes care), or usual care group (UCG). Frailty status was assessed by the Fried Frailty Phenotype criteria at baseline and final visit. Functional status was assessed by the SPPB in every visit. We used multivariate linear and logistic regression for continuous and dichotomous outcomes. This study was registered at Clinicaltrials.gov ( NCT01654341 ).
2 Subjects, material and methods 2.1 Study design The MIDFRAIL study was a randomized clinical trial (RCT) funded by 7th framework program (ClinicalTrials.gov Identifier: NCT01654341 ), carried out in 7 European countries (Belgium, Czech Republic, United Kingdom, France, Germany, Italy and Spain) between March 2013 and April 2017, comparing the effectiveness of a multi-modal intervention with usual care in frail and pre-frail subjects ≥70 years with T2D in physical function after 12 months [ 1 , 7 ]. The randomization was centralized. Once the site reached the figure of 7 participants recruited, the electronic system automatically generated a message communicating the arm of the study (IG or UCG) the site had been allocated. 2.2 Participants Nine hundred and sixty-four participants were included in the RCT. The study complied with the CONSORT checklist extension for cluster randomised trials. Ethics approval was obtained in each country. Selection criteria were aged 70 or older, diagnosis of T2D for at least 2 years, met Fried’s criteria [ 8 ] for pre-frailty or frailty, and gave informed consent. Exclusion criteria included poor cognitive function (Mini‐Men","Results Mean age was 77.7 (SD 5.54), 47% were male, 32.9% frail and 67.1% prefrail. The probability of improving the frailty status and decreasing the number of Fried’s frailty criteria was higher in the IG than in the UCG (OR 2.6, 95%CI 1.3–5.4; p = 0.009 and OR 1.9; 95%CI 1.1−3.1; p = 0.02, respectively). IG participants more frequently improved ≥1 point in SPPB score (OR 1.85; 95%CI 1.09–3.12; p = 0.022). These benefits were mainly accounted for the prefrail participants.
3 Results MIDFRAIL recruitment lasted from December 2014 to February 2016. A cohort of 298 subjects from 35 clusters and 5 countries (90 from Spain, 70 from Czech rep, 19 from Italy, 91 from France, and 28 from Germany) were included in this analysis. The average cluster size was 9.51 participants (range 7–18; SD 4.15). From them, 187 subjects had been randomized to UCG and 111 to IG (Fig. 1S supplementary). Two hundred and eighty-nine (289) subjects provided frailty data after ≥18 months of follow-up and 298 were evaluated for the SPPB test. Participant baseline characteristics in 298 subjects included are shown in Table 1 . Mean age was 77.70 ± 5.54 and 140 (46.98%) were men. Subjects were highly comorbid; hypertension was the most prevalent comorbidity (around 86%). Ninety-eight subjects (33%) were frail. Both groups were well-balanced, except for the prevalence of frailty and SPPB. Frailty was more prevalent in IG than in UCG (43.2 vs 26.7%) and SPPB was slightly lower in IG than in UCG (8.59 vs 9.20). Table 1 Baseline characteristics in subjects with more than 18 months of follow-up. Table 1 Intervention (IG) N = 111 Usual Care (UCG) N = 187 Total N = 298 Male n (%) 42 (37.8) 98 (52.4) 140 (47) Age – Mean (SD) 78.1 (6.2) 77.4 (5.1) 77.7 (5.5) Number of years in education Mean (SD) 10.2 (4.6) 9.","Table 1 Baseline characteristics in subjects with more than 18 months of follow-up. Table 1 Baseline characteristics in subjects with more than 18 months of follow-up. Table 1 Intervention (IG) N = 111 Usual Care (UCG) N = 187 Total N = 298 Male n (%) 42 (37.8) 98 (52.4) 140 (47) Age – Mean (SD) 78.1 (6.2) 77.4 (5.1) 77.7 (5.5) Number of years in education Mean (SD) 10.2 (4.6) 9.7 (5) 9.9 (4.8) Weight – Mean (SD) 75. 6 (15.3) 79.3 (16.3) 77.9 (16) Height – Mean (SD) 1.6 (0.1) 1.6 (0.1) 1.6 (0.1) BMI*– Mean (SD) 28.9 (4.7) 29.6 (5.1) 29.4(5) Frail N (%) 48 (43.2) 50 (26.7) 98 (32.9) Heart rate – Mean (SD) 73.2 (11.5) 73.8 (10.6) 73.6 (10.9) Systolic blood pressure – Mean (SD) 143.9 (17.2) 141 (19.2) 142.1 (18.5) Diastolic blood pressure – Mean (SD) 77 (10.6) 77.6 (11.7) 77.4 (11.3) Glycosylated hemoglobin - Mean (SD) 7 (1.2) 7.2 (1) 7.1 (1.1) Comorbidities- N (%) Hypertension 91(82) 164 (87.7) 255 (85.6) Stroke/TIA 12 (10.8) 28 (15.0) 40 (13.4) Cancer 13 (11.7) 33 (17.6) 46 (15.4) Hip fracture 5 (4.5) 6 (3.2) 11 (3.7) Osteoporosis 18 (16.2) 23 (12.3) 41 (13.8) Parkinson’s Disease 8 (7.2) 6 (3.2) 14 (4.7) Asthma/COPD 10 (9.0) 31 (16.6) 41 (13.8) CHF 7 (6.3) 12 (6.4) 19 (6.4) OA/RA 30 (27) 37 (19.8) 67 (22.5) Lawton I. – Mean (SD) 7 (1.7) 6.7 (1.9) 6.8 (1.9) Barthel I. – Mean (SD) 93.4 (12.8) 92 (20) 92.5 (17.6) MMSE – Mean (SD) 27.3 (2.7) 27.1 (2.7) 27.2 (2.7) SSPB – Mean (SD) 8.6 (2.8) 9.2 (2.6) 9 (2.7) BMI: Body Mass Index, TIA: Transient Ischemic Attack, COPD: Chronic Obstructive Pulmonary Diseases, CHF: Chronic Heart Failure, OA/RA: Osteoarthritis/Rheumatoid Arthritis, MMSE: Mini-Mental State Examination, OR: Odds Ratio, SPPB: Short Physical Performance Battery.
---TABLE---
Table 2 Frailty status transitions (N and percentage and OR (95%CI, p value) of effect of the intervention on improving the frailty status using logistic regression after adjustment by age and gender in prefrail subjects). Table 2 Frailty status transitions (N and percentage and OR (95%CI, p value) of effect of the intervention on improving the frailty status using logistic regression after adjustment by age and gender in prefrail subjects). Table 2 PREFRAIL (N = 200) UCG IG OR N = 131 N(%) N = 62 N(%) (95% CI) p FRAILTY STATUS AT FINAL VISIT N (%) FRAIL 34 (25.9) 10 (16.1) 0.5 (0.2–1.18) 0.12 PREFRAIL 82 (62.6) 34 (54.8) ROBUST 15 (11.5) 18 (29) 3.1 (1.4–6.9) 0.006 UCG: Usual care group; IG: Intervention group; OR: Odds ratio.
---TABLE---
Table 3 Effect of the intervention on improving or worsening the number of frailty criteria using logistic regression after adjustment by age and gender in whole analytical sample and stratified by basal frailty status. Table 3 Effect of the intervention on improving or worsening the number of frailty criteria using logistic regression after adjustment by age and gender in whole analytical sample and stratified by basal frailty status. Table 3 FRAILTY STATUS IN BASELINE NUMBER OF CRITERIA IN FINAL VISIT OR 95% CI p PREFRAIL Improving (lowe","Machine-assisted full-text mining supports extraction only; final inclusion, risk of bias, and numeric effects require author verification.",,,,,,
39871464,PMC11786508,10.12659/MSM.947105,Effects of Remote Exercise on Physical Function in Pre-Frail Older Adults: A Randomized Controlled Trial.,2025,Medical science monitor : international medical journal of experimental and clinical research,https://pubmed.ncbi.nlm.nih.gov/39871464/,unclear,resistance;balance;digital_home,exercise_only,pmc_fulltext_available,pmc_fulltext_mined_not_numeric_extracted,yes,yes,ok,data\raw\pmc_fulltext\PMC11786508.xml,frailty;gait_speed;grip_strength;adl;falls;quality_of_life;adherence;adverse_events,yes,yes,yes,yes,yes,yes,no,yes,yes,yes,yes,yes,yes,2.0,"c. PMC11786508 PMC11786508.1 11786508 11786508 39871464 10.12659/MSM.947105 947105 1 Clinical Research Effects of Remote Exercise on Physical Function in Pre-Frail Older Adults: A Randomized Controlled Trial Lee Kyeongjin A B C D E F G Department of Physical Therapy, Kyungdong University, Gangwon, South Korea Corresponding Author: Kyeongjin Lee, e-mail: kjlee@kduniv.a","234-1010 1643-3750 International Scientific Information, Inc. PMC11786508 PMC11786508.1 11786508 11786508 39871464 10.12659/MSM.947105 947105 1 Clinical Research Effects of Remote Exercise on Physical Function in Pre-Frail Older Adults: A Randomized Controlled Trial Lee Kyeongjin A B C D E F G Department of Physical Therapy, Kyungdong University, Gangwon, South Kore","l older adults aged 65 years and above were recruited, and randomly assigned to 3 groups: the remote exercise group (REG, n=30), the in-person exercise group (IPEG, n=30), and the control group (CG, n=30). The REG and IPEG groups underwent identical exercise, including balance, strength, and gait training, conducted twice weekly for 8 weeks. The REG received live, real-t","Material/Methods Ninety pre-frail older adults aged 65 years and above were recruited, and randomly assigned to 3 groups: the remote exercise group (REG, n=30), the in-person exercise group (IPEG, n=30), and the control group (CG, n=30). The REG and IPEG groups underwent identical exercise, including balance, strength, and gait training, conducted twice weekly for 8 weeks. The REG received live, real-time instructions via video conferencing, while the IPEG participated in identical sessions conducted at a local facility. Outcome measures included assessments of balance, lower-limb strength, gait ability, and fall efficacy.
Material and Methods This study was designed, conducted, and reported in accordance with the Consolidated Standards of Reporting Trials (CONSORT) 2010 statement (Registration number: NCT06672640 ) [ 21 ]. Study Participants This study targeted pre-frail older adults aged 65 years and above residing in the Seoul and Gyeonggi regions of South Korea. Participants were recruited from a senior welfare center in Seoul through an open enrollment process. Recruitment was facilitated by posting recruitment materials on the welfare center’s bulletin board and conducting informational sessions to elucidate the study’s objectives and procedures. Eligible participants included those who had fallen within the last 6 months or exhibited impaired gait and balance, with timed up and go test (TUG) scores ≥13.5 seconds and Berg balance scale (BBS) scores ≤45, indicating an elevated fall risk. Inclusion criteria further stipulated that participants possess a cognitive function score of 24 or higher on the mini-mental state examination, demonstrate the physical capacity to engage in a remote exercise (eg, ability to perform basic mobility tasks such as standing from a sea","Results Both the REG and IPEG groups demonstrated significant improvements in balance, gait ability, lower-limb strength, and fall efficacy compared to the CG ( P <0.05). No significant differences were found between the REG and IPEG groups across all outcome measures, indicating that remote exercise were as effective as in-person sessions.
Results Table 1 summarizes the baseline characteristics of the study participants. The groups were homogeneous with no significant differences in demographic and baseline characteristics across the 3 groups. Table 2 presents the changes in balance ability, lower-limb strength, gait ability, and fall efficacy before and after the intervention. For balance ability, significant improvements were observed across all 3 groups for the TUG following the intervention ( P <0.05). However, no significant differences in pre-post changes were detected between the REG and IPEG groups. Both groups demonstrated significant improvements compared to the CG ( P <0.05). Significant improvements were noted in both REG and IPEG ( P <0.05) for the BBS and ABC tests, while the CG exhibited no significant changes. Analysis of pre-post changes indicated no significant differences between REG and IPEG, yet significant differences were observed when compared to the CG ( p <0.05). For lower-limb strength, significant improvements were observed in both the FTSTS and 30SCS tests for REG and IPEG following the intervention ( P <0.05). In contrast, no significant changes were noted in the CG. Regarding pre-post changes, FTSTS revealed significant differences across all 3 groups ( P <0.05), indicating improvements in lower-limb strength for each group, with varying degrees of change. In contrast, for 30SCS, there were no significant differences between REG and IPEG,","Table 1 General characteristics of subjects. Table 1 General characteristics of subjects. Variable REG (n=30) IPEG (n=30) CG (n=30) χ 2 / F P Sex (Male/Female) 17/13 15/15 16/14 0.268 0.875 Age (years) 84.90 (2.85) 85.18 (3.14) 84.81 (2.71) 0.133 0.876 Height (cm) 161.06 (4.68) 160.79 (5.30) 159.40 (5.12) 0.931 0.398 Weight (kg) 64.38 (12.12) 66.24 (8.56) 66.96 (7.85) 0.566 0.570 MMSE (point) 27.00 (1.46) 27.00 (2.29) 26.80 (2.19) 0.100 0.906 REG – remote exercise group; IPEG – in-person exercise group; CG – control group; MMSE – mini-mental state examination. Values are expressed as mean (standard deviation).
---TABLE---
Table 2 Changes of outcome measures. Table 2 Changes of outcome measures. REG (n=30) IPEG (n=30) CG (n=30) F P Post hoc Pre Post Pre Post Pre Post Balance ability TUG (second) 14.90 (1.43) 12.00 (1.52) * 15.29 (2.31) 12.35 (1.73) * 15.45 (1.94) 14.46 (1.40) * 6.822 0.002 # A, B | C BBS (point) 40.99 (2.90) 47.34 (2.17) * 42.00 (2.94) 46.83 (2.13) * 42.35 (2.76) 42.79 (2.16) 22.818 0.000 # A, B | C ABC (%) 54.17 (9.60) 74.92 (6.35) * 53.56 (10.58) 76.63 (8.12) * 57.79 (9.31) 58.39 (7.70) 39.632 0.000 # A, B | C Lower limb strength FTSTS (second) 15.00 (1.66) 10.59 (1.53) * 14.20 (2.05) 11.65 (1.26) * 14.47 (1.80) 13.69 (1.44) 16.758 0.000 # A | B | C 30SCS (repetition) 9.93 (2.13) 13.12 (2.01) * 10.36 (2.16) 12.79 (1.23) * 10.43 (1.74) 10.80 (1.72) 9.994 0.000 # A, B | C Gait ability DGI (point) 17.50 (2.75) 21.68 (2.20) * 18.40 (3.20) 22.28 (2.09) * 17.85 (2.25) 19.37 (1.92) * 5.301 0.007 # A, B | C 10MWT (second) 0.93 (0.18) 1.10 (0.21) * 0.95 (0.19) 1.09 (0.21) * 0.96 (0.22) 0.90 (0.22) 7.062 0.001 # A, B | C Fall efficacy MFES (point) 35.73 (5.29) 25.75 (4.40) * 36.45 (4.42) 25.85 (4.23) * 35.33 (4.71) 33.56 (5.67) 14.847 0.000 # A, B | C REG – remote exercise group; IPEG – in-person exercise group; CG – control group; TUG – timed up and go test; BBS – Berg balance scale; ABC – activities-specific balance confidence scale; FTSTS – five times sit-to-stand test; 30SCS – 30-second chair stand test; DGI – dynamic gait index; 10MWT – 10-meter walk test; MFES – the modified falls efficacy scale. Values are expressed as mean (standard deviation). * P <.05 pretest and posttest in within group; # P <.05 difference between groups.","Machine-assisted full-text mining supports extraction only; final inclusion, risk of bias, and numeric effects require author verification.",,,,,,
39652737,PMC11614458,10.1519/JSC.0000000000004941,A 24-Week Combined Resistance and Balance Training Program Improves Physical Function in Older Adults: A Randomized Controlled Trial.,2025,Journal of strength and conditioning research,https://pubmed.ncbi.nlm.nih.gov/39652737/,community,resistance;balance;aerobic_walking,exercise_only,pmc_fulltext_available,pmc_fulltext_mined_not_numeric_extracted,yes,yes,ok,data\raw\pmc_fulltext\PMC11614458.xml,frailty;gait_speed;grip_strength;adl;falls;adherence;adverse_events,yes,yes,yes,yes,yes,yes,no,yes,yes,yes,no,yes,yes,4.0,39652737 10.1519/JSC.0000000000004941 JSCR-08-20684 1 3 Original Research A 24-Week Combined Resistance and Balance Training Program Improves Physical Function in Older Adults: A Randomized Controlled Trial https://orcid.org/0000-0001-8595-6164 Jiang Guiping 1 2 jiangguiping2022@163.com Tan Xiaohuan 2 2641091434@qq.com Zou Jiling 3 zoujiling1@163.com Wu Xueping 2 1 S,mc-collection-title Lippincott Open Access PMC11614458 PMC11614458.1 11614458 11614458 39652737 10.1519/JSC.0000000000004941 JSCR-08-20684 1 3 Original Research A 24-Week Combined Resistance and Balance Training Program Improves Physical Function in Older Adults: A Randomized Controlled Trial https://orcid.org/0000-0001-8595-6164 Jiang Guiping 1 2 jiangguiping2022@163,"andomly assigned to an RT ( n = 22), RBT ( n = 22), or control ( n = 21) group. The exercise intervention consisted of RT or RBT for 45 minutes, 3 times per week for 24 weeks. The control group engaged in no exercise training. The compliance rates were 93% in the RT group and 92% in the RBT group. No training-related adverse effect was observed. In the RT and RBT groups,","Methods Experimental Approach to the Problem A sample size of 18 subjects per group was calculated using G*power statistical software at α = 0.05, β = 0.9, and 2-sided test conditions ( 28 ). To account for dropouts, the target sample size for each group in this study was 22. The study used a three-arm study design in which subjects were randomized equally to RT, RBT, or control groups. The subjects were coded using Excel software, and then the formula “=RAND ()” was used to generate the corresponding randomized sequence. The subjects were sorted and grouped according to the randomized sequence. Randomization was performed by professional information technology staff to ensure that the investigators were not aware of subject recruitment and grouping. Subjects The study was conducted from February 2023 to September 2023 in Shanghai, China. Subjects were recruited through self-promotion, posters, and community outreach. Inclusion criteria were adults aged 60–74 years who were cognitively normal and able to live independently in the community, had no regular exercise habits, and volunteered to participate in this study by completing an informed consent form. Exclusion criteria were diseases or conditions that would interfere with physical function testing and training and uncontrolled hypertension (systolic blood pressure >160 mm Hg and diastolic blood pressure >100 mm Hg) ( 27 ). Subject characteristics are shown in Table 1 . At baseline, there were no statistically significant differences in the assessed characteristics between the groups. As indicated in the guidelines outlined in the Declaration of Helsinki, all risks associated with the experimental procedure were explained before subjects provided written informed consent. The study was approved by the Ethics Committ","Results Dropouts and Attendance Figure 1 shows subject recruitment and group assignments for the entire trial. In total, 78 older adults who met the inclusion criteria were recruited. Four of them did not sign the informed consent form, and 8 of them did not have the time required to complete the training. Thus, 66 people participated in this study. They were randomly assigned to the RT, RBT, and control groups, with 22 individuals in each group. Figure 1. Flow diagram of study subjects in the resistance training (RT) only, combined resistance and balance training (RBT), and control groups. A total of 65 subjects completed the study. One older adult in the control group was excluded at week 7 of the study because of also participating in regular exercise. Subjects in the RT and RBT groups completed 67 and 66 of the 72 training sessions, respectively, within 24 weeks, with compliance rates of 93 and 92%, respectively. No adverse events were observed in either intervention group during the experimental period. Between-Group Tests At baseline, there were no differences in physical function tests between the groups ( p > 0.05). After the interventions, the between-group tests for the changes in the TUG test and CST results were significant ( p < 0.05). The post hoc tests showed that the values for the RT group ( p < 0.05) and the RBT ( p < 0.05) were higher than those for the control group and that values for the RBT group were higher than those for the RT group ( p < 0.05; Figure 2 ). The between-group tests for the changes in spirometry, MWS, and ACT were also statistically significant ( p < 0.05). The post hoc tests showed that the values for the RT group and for the RBT group were higher than those for the control group (both p < 0.05). The between-group test for change","Table 1 Subject characteristics. * Table 1 Subject characteristics. * Variable Control group ( n = 21) RT group ( n = 22) RBT group ( n = 22) F p Age (y) 69.43 ± 8.07 69.23 ± 5.51 67.27 ± 6.78 0.659 0.521 Height (m) 1.64 ± 0.07 1.61 ± 0.08 1.60 ± 0.07 1.613 0.208 Body mass (kg) 61.12 ± 8.74 61.67 ± 9.08 61.00 ± 9.03 0.035 0.965 BMI (kg·m −2 ) 22.86 ± 2.50 23.91 ± 3.99 23.89 ± 2.74 0.780 0.463 * RT = resistance only training; RBT = combined resistance and balance training; BMI = body mass index.
---TABLE---
Table 2 Progression in the resistance training intervention program. Table 2 Progression in the resistance training intervention program. Training movement Weeks of exercise intervention 1–2 3–7 8–12 13–17 18–22 23–24 Warm-up 10 min 10 min 10 min 10 min 10 min 10 min Standing heel raises 2 × 8-12 2 × 10-15 2 × 10-15 3 × 10-15 3 × 10-20 3 × 15-20 Chair sitting and standing 2 × 8–12 (47 cm) 2 × 10–15 (47 cm) 2 × 10–15 (43 cm) 3 × 10–15 (43 cm) 3 × 10–20 (40 cm) 3 × 15–20 (40 cm) Half squat 2 × 30 s 2 × 30–60 s 2 × 30–60 s 3 × 30–60 s 3 × 30–90 s 3 × 60–120 s High step in place 2 × 30 s 2 × 30–60 s 2 × 30–60 s 3 × 30–60 s 3 × 30–90 s 3 × 60–120 s Squat with bicep dumbbell curl (women/men 2.5/4.0 kg) 2 × 8-12 2 × 10-15 2 × 10-15 2 × 10-15 2 × 10-20 2 × 15-20 Half squat lateral walk 2 × 8-12 2 × 10-15 2 × 10-15 3 × 10-15 3 × 10-20 3 × 15-20 In-place lunge 2 × 8-12 2 × 10-15 2 × 10-15 3 × 10-15 3 × 10-20 3 × 15-20 Relaxed stretching 5 min 5 min 5 min 5 min 5 min 5 min
---TABLE---
Table 3 Speed of action, perturbation gear, and rest times at different phases of the RBT intervention program. * Table 3 Speed of action, perturbation gear, and rest times at different phases of the RBT intervention program. * Period Speed of movement (duration of centripetal and centrifugal contraction) Scrambling gears Rest time between sets 1–2 weeks 3 s; 3 s 1–2 2–2.5 min 3–7 weeks 3 s; 3 s 3–4 1.5–2.0 min 8–12 weeks 2 s; 4 s 5–6 1.0–1.5 min 13–17 weeks 3 s; 3 s A1 0.5–1.0 min 18–22 weeks As fast as possible; 3 s A2 1.0–1.5 min 23–24 weeks As fast as possible; 3 s A3 1.5–2.0 min * RBT = combined resistance and balance training.
---TABLE---
Table 4 Effects of the 2 exercise interventions on physical functions in older adults. * Table 4 Effects of the 2 exercise interventions on physical functions in older adults. * CON ( n = 21), mean ± SD (95% CI) p ES RT group, mean ± SD (95% CI) p ES RBT group, mean ± SD (95% CI) p ES TUG (s) Pre 8.67 ± 1.03 (8.20 ± 9.14) 0.14 0.04 9.01 ± 1.20 (8.48 ± 9.54) <0.001 0.42 8.92 ± 1.68 (8.17 ± 9.66) <0.001 0.76 Post 8.90 ± 1.14 (8.39 ± 9.42) 8.00 ± 0.83 (7.63 ± 8.36) 6.78 ± 1.12 (6.28 ± 7.28) UWS (s) Pre 5.27 ± 1.27 (4.69 ± 5.85) 0.94 <0.001 4.87 ± 1.02 (4.42 ± 5.32) 0.02 0.09 4.87 ± 0.64 (4.59 ± 5.15) <0.001 0.39 Post 5.26 ± 1.27 (4.68 ± 5.83) 4.53 ± 1.16 (4.01 ± 5.05) 4.01 ± 0.97 (3.58 ± 4.44) MWS (s) Pre 3.87 ± 0.63 (3.58 ± 4.16) 0.30 0.01 3.65 ± 0.57 (3.40 ± 3.90) 0.04 0.07 3.67 ± 0.51 (3.45 ± 3.90) <0.001 0.35 Post 3.97 ± 0.61 (3.69 ±","Machine-assisted full-text mining supports extraction only; final inclusion, risk of bias, and numeric effects require author verification.",,,,,,
39580545,PMC11981931,10.1038/s41430-024-01547-0,Effect of individually tailored nutritional counseling on frailty status in older adults with protein-energy malnutrition or risk of it: an intervention study among home care clients.,2025,European journal of clinical nutrition,https://pubmed.ncbi.nlm.nih.gov/39580545/,unclear,nutrition;multidomain,multidomain,pmc_fulltext_available,pmc_fulltext_mined_not_numeric_extracted,yes,yes,ok,data\raw\pmc_fulltext\PMC11981931.xml,frailty;gait_speed;adl;falls;quality_of_life,yes,yes,yes,yes,yes,yes,no,no,yes,yes,yes,no,no,2.0,"etary counseling on frailty status among home care clients with PEM or its risk aged 75 or older with a follow-up of six months. Methods This intervention study is part of the non-randomized population-based Nutrition, Oral Health and Medication (NutOrMed) study in Finland. The frailty was assessed using the abbreviated Comprehensive Geriatric Assessment (aCGA) and in",pmc Eur J Clin Nutr Eur J Clin Nutr 981 npgopen European Journal of Clinical Nutrition 0954-3007 1476-5640 pmc-is-collection-domain yes pmc-collection-title Nature Portfolio PMC11981931 PMC11981931.1 11981931 11981931 39580545 10.1038/s41430-024-01547-0 1547 1 Artic,"domains: cognitive status (MMSE), functional status (ADL, IADL) and depression (GDS-15). The study population consisted of persons with PEM or its risk (intervention group n = 90, control group n = 55). PEM or its risk was defined by MNA score <24 and/or plasma albumin <35 g/l. Registered nutritionist gave individually tailored nutritional counseling for participants at","Methods This intervention study is part of the non-randomized population-based Nutrition, Oral Health and Medication (NutOrMed) study in Finland. The frailty was assessed using the abbreviated Comprehensive Geriatric Assessment (aCGA) and included 15 questions from three different domains: cognitive status (MMSE), functional status (ADL, IADL) and depression (GDS-15). The study population consisted of persons with PEM or its risk (intervention group n = 90, control group n = 55). PEM or its risk was defined by MNA score <24 and/or plasma albumin <35 g/l. Registered nutritionist gave individually tailored nutritional counseling for participants at the baseline and nutritional treatment included conventional food items.
Methods Design and participants This intervention study is a part of the population-based multidisciplinary Nutrition, Oral Health and Medication study (NutOrMed study), which aimed to evaluate and improve the nutritional status, oral health, and functional ability of older home care clients in three cities in Eastern and Central Finland [ 17 ]. A detailed description of the NutOrMed study and its design is described in the previous article [ 17 ]. In Finland, municipalities and private organizations offer home care services, including home help, nursing, management of medications, and medical care. This study included a subpopulation of home care clients with PEM or its risk. The intervention group included 90 participants, and the control group 55 participants. To prevent any potential influence, the intervention group was located approximately 100 km away from the towns of the control groups. There were no exclusion criteria based on morbidity or cognitive status. All the participants were able to eat normal food items. If a participant was unable to re","Results The mean age was 83.9 in the intervention and 84.3 in the control group. At the baseline frailty prevalence was 74.4% ( n = 67) and after six-month 61.1% ( n = 55) in the intervention group and, respectively 74.5% ( n = 41) and 80.0% ( n = 44) in the control group. The intervention decreased significantly ( p < 0.001) the prevalence of frailty in the intervention group, while it increased in the control group.
Results The study involved participants with a mean age of 83.9 years, with 72.2% of them being female in the intervention group, and 84.3 years and 63.6% in the control group respectively (Table 1 ). The intervention group had more years of education and a greater intake of energy (kJ/kg/d) and protein (g/kg/day), as well as more frequent excessive polypharmacy and strokes, and lower FCI and cognition compared to the control group. After the intervention, the intervention group had a higher MNA score and less PEM or its risk, as well as a greater intake of energy (kJ/kg/d) and protein (g/kg/day), and more participants were able to walk 400 meters compared to the control group. Table 1 Characteristics of participants with protein-energy malnutrition (PEM) at baseline and the change in nutritional status and functional ability after 6 months of follow-up in the intervention and control group. Intervention group n = 90 Control group n = 55 P -value Intervention group n = 90 6 mo Control group n = 55 6 mo P -value Demographic Female, n (%) 65 (72.2) 35 (63.6) 0.278 Age, mean (SD) 83.9 (5.1) 84.3 (5.4) 0.669 Living alone, n (%) 55 (61.1) 36 (65.5) 0.658 Education, year (SD) 9.3 (4.1) 6.9 (1.8) <0.001 Nutritional status MNA, mean (SD) 21.5 (2.1) 21.6 (2.5) 0.804 25.8 (2.6) 23.8 (3.0) <0.001 ≤23.5, n (%) 88 (97.8) 53 (96.4) 0.614 15 (16.7) 20 (36.3) 0.011 Protei","Table 1 Characteristics of participants with protein-energy malnutrition (PEM) at baseline and the change in nutritional status and functional ability after 6 months of follow-up in the intervention and control group. Table 1 Characteristics of participants with protein-energy malnutrition (PEM) at baseline and the change in nutritional status and functional ability after 6 months of follow-up in the intervention and control group. Intervention group n = 90 Control group n = 55 P -value Intervention group n = 90 6 mo Control group n = 55 6 mo P -value Demographic Female, n (%) 65 (72.2) 35 (63.6) 0.278 Age, mean (SD) 83.9 (5.1) 84.3 (5.4) 0.669 Living alone, n (%) 55 (61.1) 36 (65.5) 0.658 Education, year (SD) 9.3 (4.1) 6.9 (1.8) <0.001 Nutritional status MNA, mean (SD) 21.5 (2.1) 21.6 (2.5) 0.804 25.8 (2.6) 23.8 (3.0) <0.001 ≤23.5, n (%) 88 (97.8) 53 (96.4) 0.614 15 (16.7) 20 (36.3) 0.011 Protein g/kg/day 0.90 0.74 <0.001 1.0 0.8 <0.001 Energy kJ/kg/day 95.04 74.9 <0.001 95.73 82.5 0.007 Functional ability ADL < 80, n (%) 23 (25.6) 8 (14.5) 0.117 23 (25.6) 11 (20) 0.444 IADL ≤ 4, n (%) 32 (35.6) 24 (43.6) 0.250 45 (50) 36 (65.6) 0.069 Able to walk 400 m, n (%) 56 (62.2) 35 (63.6) 0.931 59 (65.6) 27 (49.1) 0.041 Poor self-rated health, n (%) 23 (25.6) 20 (36.4) 0.180 24 (26.7) 19 (34.5) 0.325 MMSE ≤ 24, n (%) 26 (28.9) 30 (54.5) 0.002 Excessive polypharmacy (%) 48 (53.3) 39 (70.9) 0.036 Oral Health Dry mouth, n (%) 52 (57.8) 30 (54.5) 0.648 Chewing problems, n (%) 17 (18.9) 8 (14.5) 0.358 Comorbidities Cardiovascular disease, n (%) 53 (58.9) 32 (58.2) 0.680 Diabetes, n (%) 28 (31.1) 12 (21.8) 0.316 Asthma/COPD, n (%) 21 (23.3) 8 (14.5) 0.266 Stroke, n (%) 25 (27.8) 7 (12.7) 0.050 Visual or hearing impairment, n (%) 29 (32.2) 15 (27.3) 0.701 Depressive symptoms, n (%) 27 (30.0) 19 (34.5) 0.568 FCI, mean (SD) 2.2 (1.6) 4.1 (1.9) <0.001 mo month, SD Standard deviation, MNA Mini Nutritional Assessment, ADL Activities of Daily Living (Barthel Index), IADL Instrumental Activities of Daily Living, MMSE Mini Mental State Examination, Excessive polypharmacy 10≥ drugs in use, COPD Chronic obstructive pulmonary disease, FCI Functional Comorbidity Index.
---TABLE---
Table 2 Prevalence of function ability, cognitive and depressive symptoms in abbreviated comprehensive geriatric assessment (aCGA) at baseline and after 6 months of follow-up and indication for frailty according to aCGA among participants with protein-energy malnutrition (PEM) or its risk. Table 2 Prevalence of function ability, cognitive and depressive symptoms in abbreviated comprehensive geriatric assessment (aCGA) at baseline and after 6 months of follow-up and indication for frailty according to aCGA among participants with protein-energy malnutrition (PEM) or its risk. DOMAINS of frailty according aCGA Cut-off value Intervention group ( n = 90) P -value Control group ( n = 55) P -value Baseline prevalence n (%) 6 mo prevalence n (%) Baseline prevalence n (%) 6 mo prevalence n (%) Functional","Machine-assisted full-text mining supports extraction only; final inclusion, risk of bias, and numeric effects require author verification.",,,,,,
39478450,PMC11523852,10.1186/s12877-024-05464-6,Combining motivational and exercise intervention components to reverse pre-frailty and promote self-efficacy among community-dwelling pre-frail older adults: a randomized controlled trial.,2024,BMC geriatrics,https://pubmed.ncbi.nlm.nih.gov/39478450/,community,balance;multicomponent_exercise,multicomponent_exercise,pmc_fulltext_available,pmc_fulltext_mined_not_numeric_extracted,yes,yes,ok,data\raw\pmc_fulltext\PMC11523852.xml,frailty;gait_speed;grip_strength;falls;quality_of_life;adherence;adverse_events,yes,yes,yes,yes,yes,yes,no,yes,no,yes,yes,yes,yes,3.0,4-6 5464 1 Research Combining motivational and exercise intervention components to reverse pre-frailty and promote self-efficacy among community-dwelling pre-frail older adults: a randomized controlled trial Fang Juan 1 2 Ren Jianping jpren2016@163.com 1 4 Wang Jinjing 1 Qiu Xiantao 1 Zhang Shiyan 1 Yuan Shuang 1 Wu Liangfeng 1 Xie Lin 3 1 https://ror.org/014v1mr15 gr,iatr BMC Geriatr 33 bmcgeri BMC Geriatrics 1471-2318 BMC PMC11523852 PMC11523852.1 11523852 11523852 39478450 10.1186/s12877-024-05464-6 5464 1 Research Combining motivational and exercise intervention components to reverse pre-frailty and promote self-efficacy among community-dwelling pre-frail older adults: a randomized controlled trial Fang Juan 1 2 Ren Jianping,"ntion group performed exercise three times a week for 24 weeks, once at a community health service station instructed by two researchers and two times at home. Participants in the control group were given one-time advice on physical activity. The assessor was the only one blinded. The primary outcome was the reversal rate of pre-frailty. The secondary outcomes included s","Methods This was a randomized controlled trial of pre-frail older adults aged from 60 years to 85 years. Participants in the intervention group performed exercise three times a week for 24 weeks, once at a community health service station instructed by two researchers and two times at home. Participants in the control group were given one-time advice on physical activity. The assessor was the only one blinded. The primary outcome was the reversal rate of pre-frailty. The secondary outcomes included self-efficacy and quality of life.
Reporting method The Consolidated Standards of Reporting Trials (CONSORT) checklist was used in this study for properly reporting how the randomized trial was conducted.
Methods Study design and participants A two-arm, parallel-design, randomized controlled trial was conducted to test our hypotheses. The RCT was performed in four community health service sites of Ziyang and Mishixiang community health service centers in Hangzhou, Zhejiang Province, China, from 1 July 2022 to 31 December 2022. It was a single-blinded study, and the staff responsible for the evaluation was the only one blinded. As the prevalence of frailty increases with age, older people aged 85 and over are more likely to be frail than those under 85 [ 12 ], and the participants were aimed at pre-frail older adults in this study. Besides, considering the safety of doing exercise, we referred to a previous study to determine the age range of participants [ 13 ]. The inclusion criteria were (1) pre-frail [ 12 ] older adults aged 60 to 85 years, (2) no moderate or severe cognitive impairments (Montreal Cognitive Assessment (MoCA) score ≥ 26 points), (3) no auditory or visual impairment, and (4) informed consent. The exclusion criteria were as follows:1) suffering from chronic d","Results One hundred and forty-four participants were randomized into two groups ( n = 72 in the intervention group and n = 72 in the control group) and analyzed. After 24 weeks, the proportion of pre-frailty was significantly lower in the intervention group than in control (31.8% versus 74.6%, P < 0.001). The absolute risk reduction was 42.8% [95% CI, 25.1–57.1]. In the 8th week and the 24th week, the frailty score of the intervention group was significantly lower than that of the control group. There were significant improvements in self-efficacy at week 2, week 8, and week 24. In weeks 8 and 24, participants in the intervention group reported a higher quality of life than the control group. There were no exercise-related injuries or falls among the participants.
Results Participants’ demographic and clinical characteristics A total of 220 community-dwelling older adults were screened. Among them, 144 were enrolled in the trial and randomly allocated to the control group ( n = 72) or intervention group ( n = 72). Five participants in the control and six in the intervention group were lost to the follow-up. Figure 2 shows the study flow diagram. There were no exercise-related injuries or falls among the participants. There were 72 sessions for each participant in the intervention group; the attendance ranged from 43 to 72 times, averaging 62. The attendance rate was tracked using on-site check-in (researcher-reported) and exercise logs(self-reported). Participants were between 60 and 85 years old, 94 (65.3%) were female, and all were assessed with pre-frailty with a mean Fried score of 1.58 ± 0.50. In the intervention group, the mean age of participants was 73.96 (7.20) years; 45 (62.5%) were female. Baseline sample characteristics for intervention and control groups ar","Table 1 Baseline demographic and clinical characteristics of participants Table 1 Baseline demographic and clinical characteristics of participants Characteristic Intervention group ( n = 72) Control group ( n = 72) p -value Age, years 73.96 ± 7.20 72.92 ± 6.36 0.359 Sex, n (%) Male 27(37.5) 23(31.9) 0.484 Female 45(62.5) 49(68.1) Educational level, n (%) 0.553 Primary school or lower 19(26.4) 17(23.6) Junior high school 36(50.0) 33(45.8) Senior high school 7(9.7) 13(18.1) Junior college or higher 10(13.9) 9(12.5) Marital status, n (%) 0.851 In marriage 52(72.2) 53(73.6) Others (Unmarried, divorced, widowed) 20(27.8) 19(26.4) Monthly income, n (%) 0.865 ≤ 3999¥ 15(20.8) 15(20.8) 4000–6999¥ 50(69.4) 48(66.7) ≥ 7000¥ 7(9.7) 9(12.5) Occupation before retirement, n (%) 0.677 In charge of enterprises and institutions/administrative personnel 12(16.7) 10(13.9) Professionals 9(12.5) 14(19.4) Workers 39(54.2) 35(48.6) Others 12(16.7) 13(18.1) Living status, n (%) 0.820 Solitary 11(15.3) 12(16.7) Non-solitary 61(84.7) 60(83.3) Smoking, n (%) Yes 12(16.7) 8(11.1) 0.335 No 60(83.3) 64 (88.9) Drinking, n (%) Yes 15(20.8) 10(13.9) 0.271 No 57(79.2) 62(86.1) Frailty 1.64 ± 0.48 1.51 ± 0.50 0.131 Self-efficacy for exercise 2.15 ± 0.86 2.25 ± 0.92 0.513 PCS 36.18 ± 8.18 37.11 ± 8.15 0.492 MCS 40.26 ± 8.00 39.05 ± 7.43 0.347 Note PCS, physical component summary; MCS, mental component summary
---TABLE---
Table 2 Comparisons of frailty status for the intervention and control groups Table 2 Comparisons of frailty status for the intervention and control groups Time Frailty status Intervention group Control group χ 2 p -value n (%) n (%) Week 8 Non-frailty 11(16.4) 3(4.3) 5.556 0.062 Pre-frailty 54(80.6) 64(91.4) frailty 2(3.0) 3(4.3) Week 24 Non-frailty 42(63.6) 9(13.4) 35.465 < 0.001 Pre-frailty 21(31.8) 50(74.6) frailty 3(4.5) 8(11.9)
---TABLE---
Table 3 Linear mixed-effects model of self-efficacy scores Table 3 Linear mixed-effects model of self-efficacy scores Outcome Time Intervention group ( n = 66) Control group ( n = 67) Linear mixed-effects model ( p -value) Group Time Group*time Baseline 2.15 ± 0.86 2.25 ± 0.92 < 0.001 < 0.001 < 0.001 Self-efficacy Week 2 3.02 ± 0.68 2.62 ± 0.35 Week 8 3.42 ± 1.12 2.48 ± 0.29 Week 24 6.67 ± 1.16 2.58 ± 0.99","Machine-assisted full-text mining supports extraction only; final inclusion, risk of bias, and numeric effects require author verification.",,,,,,
39390362,PMC11465814,10.1186/s11556-024-00363-6,Effectiveness of community-based Baduanjin exercise intervention for older adults with varying frailty status: a randomized controlled trial.,2024,European review of aging and physical activity : official journal of the European Group for Research into Elderly and Physical Activity,https://pubmed.ncbi.nlm.nih.gov/39390362/,community,resistance;balance;mind_body,exercise_only,pmc_fulltext_available,pmc_fulltext_mined_not_numeric_extracted,yes,yes,ok,data\raw\pmc_fulltext\PMC11465814.xml,frailty;gait_speed;grip_strength;adl;falls;quality_of_life;adherence;adverse_events,yes,yes,yes,yes,yes,yes,no,yes,yes,yes,yes,yes,yes,3.0,1465814 39390362 10.1186/s11556-024-00363-6 363 1 Research Article Effectiveness of community-based Baduanjin exercise intervention for older adults with varying frailty status: a randomized controlled trial Tou Nien Xiang tou.nien.xiang@geri.com.sg 1 Goh Siew Fong 1 Harding Susana 2 Tsao Mary Ann 2 Ng Tze Pin 1 http://orcid.org/0000-0002-7853-4112 Wee Shiou-Liang wee,Activity 1813-7253 1861-6909 BMC PMC11465814 PMC11465814.1 11465814 11465814 39390362 10.1186/s11556-024-00363-6 363 1 Research Article Effectiveness of community-based Baduanjin exercise intervention for older adults with varying frailty status: a randomized controlled trial Tou Nien Xiang tou.nien.xiang@geri.com.sg 1 Goh Siew Fong 1 Harding Susana 2 Tsao Mary Ann,"ling and vital exhaustion showing the most significant changes. Therefore, BDJ has the potential to improve specific phenotypic components of frailty [ 1 ]. However, the lack of a control group limits the ability to determine the effects of BDJ among frail older adults. To date, there is a lack of randomized controlled trials to evaluate BDJ training in this specific old","Methods A two-arm, multicenter assessor-blind parallel group randomized controlled trial was conducted at three local senior activity centers. Fifty-six community-dwelling older adults with low handgrip strength were randomly allocated to either the intervention (IG) or wait-list control (CG) group. The IG underwent a supervised 16-week Baduanjin exercise program at a frequency of 2–3 × 60 min sessions/week. The CG was instructed to maintain their usual activity and received a monthly health education talk. The primary outcome measures were knee extension strength, vital exhaustion, and fear of falling. Secondary outcome measures include physiological falls risk, handgrip strength, gait speed, timed up and go test, 30-second sit-to-stand, quality of life, depression, and frailty. All outcome measures were assessed at baseline and 4-month follow-up.
Methods Study design This study employed a two-arm, multicenter assessor-blinded parallel-group randomized controlled trial study design. The trial was conducted at three senior activity centers between February 2021 and May 2023 (ClinicalTrials.gov Identifier: NCT04549103 ). Participants enrolled at each center were randomly allocated to either the intervention group (IG) or control group (CG) with a 1:1 allocation ratio. Randomization sequence was generated based on a computerized block randomization with block sizes of 4 and was concealed from personnel involved in recruitment of participants. Ethical approval was obtained from the National Healthcare Group Domain Specific Review Board (2020/00100) and all participants provided written informed consent prior to study participation. This trial was reported in accordance with the Consolidated Standards of Reporting Trials guidelines [ 30 ]. Participants Study participants we","Results Overall, there were no statistically significant differences in all outcome measures between CG and IG at 4-month follow-up. However, in exploratory compliance analysis, a statistically significant group x time interaction was found for vital exhaustion (B = -3.65, 95% CI [-7.13, -0.16], p = .047) among participants with at least 75% attendance. In post-hoc within-group comparisons, IG showed improved vital exhaustion by 4.31 points (95% CI [1.41, 7.20], d = 0.60). The average participant attendance rate was 81.3%. No major adverse events occurred, and all participants reported positive experiences with the exercise intervention.
Results Participant characteristics Four batches of older adults were recruited through Tsao Foundation with community partners from three senior activity centers. Amongst the 69 older adults referred to the study, seven did not meet the inclusion criteria, one was deemed unsuitable by a medical doctor, and four declined to participate. 57 participants enrolled in the study and were randomized into either the CG ( n = 28) or IG ( n = 29). Seven participants dropped out from the study due to lack of interest ( n = 2), conflict in schedule with other personal commitments ( n = 3), and unrelated medical conditions ( n = 2). A total of 56 participants with available baseline data were included in the final analysis sample. Figure 1 showed the participant flow. Fig. 1 Study flow diagram Table 1 showed the baseline demographic characteristics of both CG and IG. The participants were mostly women aged 72.8 (6.9) years. There were no statistically significant differences in demographic characteristics or outcome measures between IG and CG. Table 1 Baseline characteristics of participants in both CG and IG Control Group ( n = 27) Intervention Gr","Table 1 Baseline characteristics of participants in both CG and IG Table 1 Baseline characteristics of participants in both CG and IG Control Group ( n = 27) Intervention Group ( n = 29) p Age (years) 72.6 (5.7) 72.9 (8.0) 0.856 Gender ( n (%)) 0.479 Female 25 (92.6%) 24 (82.8%) Housing ( n (%)) 1.00 < 3 rooms apartment 4 (14.8%) 4 (13.8%) Living status ( n (%)) 0.280 Alone 9 (33.3%) 5 (17.2%) Education ( n (%)) 1.00 < Primary education 12 (44.4%) 13 (44.8%) Smoking history ( n (%)) 0.073 Current smoker 0 (0.0%) 0 (0.0%) Ex-smoker 0 (0.0%) 5 (17.2%) Non-smoker 27 (100.0%) 24 (82.8%) Falls history 1.00 Yes 14 (51.9%) 14 (48.3%) Body mass index (kg/m 2 ) 25.1 (4.0) 23.6 (3.4) 0.127 Comorbidities ( n (%)) Arthritis 10 (37.0%) 6 (20.7%) 0.291 Cardiovascular disease 1 (3.7%) 3 (10.3%) 0.656 Diabetes 4 (14.8%) 8 (27.6%) 0.402 Hyperlipidaemia 14 (51.9%) 18 (62.1%) 0.616 Hypertension 14 (51.9%) 17 (58.6%) 0.810 Osteoporosis 5 (18.5%) 6 (20.7%) 1.00 Frailty status ( n (%)) 0.689 Robust 6 (22.2%) 4 (13.8%) Pre-frail 19 (70.4%) 22 (75.9%) Frail 2 (7.4%) 3 (10.3%) Data presented in n (%) or mean (SD)
---TABLE---
Table 2 Outcome measures at baseline and 4-month across CG and IG Table 2 Outcome measures at baseline and 4-month across CG and IG Control ( n = 27) Intervention ( n = 29) Group x Time interaction Baseline 4-month p -value Baseline 4-month p -value B (95% CI) S.E. p - value Primary Outcomes KES (kg) 14.00 (4.36) 13.52 (4.29) 0.439 15.13 (5.98) 16.58 (6.25) 0.189 1.63 (-0.73, 3.96) 1.20 0.180 MQ 13.07 (8.15) 10.28 (7.36) 0.128 17.45 (7.89) 13.46 (10.05) 0.005* -2.20 (-5.64, 1.37) 1.79 0.224 Falls efficacy 25.52 (10.39) 28.16 (7.69) 0.125 25.38 (10.80) 30.12 (11.74) 0.004* 2.85 (-2.22, 7.99) 2.60 0.279 Secondary Outcomes PPA 1.48 (1.46) 1.35 (1.40) 0.720 1.59 (1.96) 1.16 (1.81) 0.096 -0.34 (-0.99, 0.32) 0.33 0.316 HGS (kg) 18.29 (4.37) 17.59 (4.83) 0.496 18.65 (7.46) 20.32 (8.58) 0.127 1.38 (-0.25, 3.03) 0.84 0.105 6-m fast GS (m/s) 1.34 (0.38) 1.36 (0.30) 0.680 1.40 (0.39) 1.43 (0.34) 0.879 0.01 (-0.09, 0.11) 0.05 0.875 TUG (s) 11.71 (5.88) 10.58 (2.59) 0.588 12.37 (6.72) 10.94 (3.28) 0.217 -0.88 (-2.71, 1.01) 0.94 0.357 30-s sit-to-stand 14.41 (4.32) 15.60 (5.80) 0.389 13.75 (3.73) 14.75 (4.47) 0.496 -0.18 (-2.14, 1.76) 0.99 0.859 EQ-5D index score 0.83 (0.09) 0.85 (0.05) 0.265 0.81 (0.12) 0.80 (0.11) 0.955 -0.03 (-0.08, 0.03) 0.03 0.348 GDS 3.33 (2.54) 2.96 (2.35) 0.829 4.07 (3.53) 4.00 (3.39) 1.00 0.22 (-1.30, 1.77) 0.78 0.781 Frailty 1.19 (0.88) 1.00 (1.00) 0.723 1.52 (0.87) 1.24 (1.05) 0.228 -0.12 (-0.69, 0.46) 0.29 0.684 Model adjusted for age, gender, education, living status and comorbidities Data presented in n (%) or mean (SD) B unstandardized beta coefficient, HGS handgrip strength, GDS Geriatric depression scale, GS Gait speed, KES Knee extension strength, MQ Maastricht questionnaire, PPA Physiological profile assessment, S.E. Standard error, TUG Timed up and go test, 95% CI 95% confidence interval, * p < .05
---TABLE---
Table 3 Responses","Machine-assisted full-text mining supports extraction only; final inclusion, risk of bias, and numeric effects require author verification.",,,,,,
39354527,PMC11443903,10.1186/s13063-024-08490-2,"A single-center, double-blind, randomized, placebo-controlled, two-arm study to evaluate the safety and efficacy of once-weekly sirolimus (rapamycin) on muscle strength and endurance in older adults following a 13-week exercise program.",2024,Trials,https://pubmed.ncbi.nlm.nih.gov/39354527/,unclear,resistance;aerobic_walking;digital_home,exercise_only,pmc_fulltext_available,pmc_fulltext_mined_not_numeric_extracted,yes,yes,ok,data\raw\pmc_fulltext\PMC11443903.xml,frailty;gait_speed;grip_strength;quality_of_life;adherence;adverse_events,yes,yes,yes,no,yes,yes,no,yes,no,no,yes,yes,yes,6.0,"Trials Trials 388 trials Trials 1745-6215 BMC PMC11443903 PMC11443903.1 11443903 11443903 39354527 10.1186/s13063-024-08490-2 8490 1 Study Protocol A single-center, double-blind, randomized, placebo-controlled, two-arm study to evaluate the safety and efficacy of once-weekly sirolimus (rapamycin) on muscle strength and endurance in older adults following a 13-week ex","ed, placebo-controlled, two-arm study to evaluate the safety and efficacy of once-weekly sirolimus (rapamycin) on muscle strength and endurance in older adults following a 13-week exercise program http://orcid.org/0000-0003-1004-2039 Stanfield Brad brad@drstanfield.com 1 2 Kaeberlein Matt 3 4 Leroux Brian 4 5 Jones Julie 6 Lucas Ruth 6 Arroll Bruce 7 1 https://ror.o","ls 388 trials Trials 1745-6215 BMC PMC11443903 PMC11443903.1 11443903 11443903 39354527 10.1186/s13063-024-08490-2 8490 1 Study Protocol A single-center, double-blind, randomized, placebo-controlled, two-arm study to evaluate the safety and efficacy of once-weekly sirolimus (rapamycin) on muscle strength and endurance in older adults following a 13-week exercise pr","Methods This randomized, double-blind, placebo-controlled trial will enroll 40 participants aged 65–85. Participants will be randomly assigned to receive either sirolimus (rapamycin) 6 mg/week or placebo for 13 weeks, in conjunction with an at-home exercise program. The primary outcome measure is the change in muscle strength and endurance, assessed by the 30-Second Chair-Stand Test. Secondary outcome measures include adverse events, changes in muscle strength and endurance as measured by the 6-min walk test, handgrip strength, and participant-reported outcomes using the SF-36 survey. Assessments will be conducted at baseline, mid-intervention (week 6), and post-intervention (week 13). Blood samples will be collected for hematology and biochemistry analyses, including full blood count, urea and electrolytes, liver function tests, HbA1c, lipids, serum IGF-1, and hs-CRP. DNA methylation will be analyzed using TruDiagnostic™ to explore changes in biological age.
Methods: participants, interventions and outcomes Study setting {9} The trial will be conducted at the New Zealand Aotearoa Clinical Trials Trust, a single-center in New Zealand. The site is equipped with the necessary facilities for conducting clinical trials and will ensure participant safety and data integrity. Eligibility criteria {10} Inclusion criteria Male or female aged ≥65 years and ≤85 years at the time of signing informed consent. BMI between ≤ 18 and ≥ 40 and a maximum weight of 120 kg at screening. Currently sedentary lifestyle or performing moderate exercises for less than 15 min and three times a week. Capable of providing written informed consent. Willing to swallow a #000 sized capsule. Willing and able to adhere to and comply with all study requirements and attend all study visits. Able to complet",,"  Title {1} A single-center, double-blind, randomized, placebo-controlled, 2-arm study to evaluate the safety and efficacy of once-weekly Sirolimus (Rapamycin) on muscle strength and endurance in older adults following a 13-week exercise program. Trial acronym: RAPA-EX-01 Trial registration {2a and 2b}. Australia New Zealand Clinical Trial Registry: ACTRN12624000790549 Protocol version {3} Protocol version: Original (V1.0) Protocol date: 17 th June 2024 Funding {4} Dr. Brad Stanfield Ltd, owned by the lead author Brad Stanfield, has funded this study along with Vitasang Ltd. Brad Stanfield has no affiliation with Pfizer (the manufacturer of Sirolimus) and no financial incentive in the outcome of this study. He is a General Practitioner in Auckland, New Zealand, with an active interest in preventative care. To ensure separation between the sponsor and the conduct of the trial, Aotearoa Clinical Trials Trust will be conducting the study, and Dr. Brad Stanfield Ltd will have no influence on data collection. Vitasang Ltd had no role in the design of this study and will not have any role during its execution, analyses, interpretation of the data, or decision to submit results. Sirolimus (Rapamycin) will be purchased from Pfizer, who have no input into the trial design. CompoundLabs will prepare the placebo and Sirolimus (Rapamycin) blister packs and label them with study identifiers. Rutherford Fitness is providing the exercycle bikes. Additionally, Aotearoa Clinical Trials Trust will be conducting the trial to ensure separation between the sponsor and the conduct of the trial. There are no conflicts of interest to declare. Author details {5a} Dr. Brad Stanfield conceived of the study and initiated the design. He is a Fellow of the Royal New Zealand College of General Practitioners, and affiliated with the University of Auckland. Matt Kaeberlein helped to refine the study design. He is the Chief Executive Officer of Optispan, Inc and an Affiliate Professor of Oral Health Sciences at the University of Washington. Brian Leroux is a Biostatistician and Professor at the University of Washington. He contributed to the study design and will conduct the statistical analyses. Julie Jones contributed to study quality by design, and study oversight and management. She is the CEO of BioValeo, the CRO assigned study delivery responsibility by the Sponsor. Ruth Lucas contributed to study quality by design, and study monitoring and management. She is the COO of BioValeo, the
---TABLE---
  Weekly schedule Exercise schedule Day 1 Training program Day 2 Rest day Day 3 Training program Day 4 Rest Day 5 Training program Day 6 Rest day Day 7 Rest day
---TABLE---
  Week Warm-up Training Cooldown 1 2 min @ 50RPM 10 min @70–80RPM, resistance level 1 2 min @ 45RPM 2 2 min @ 50RPM 15 min @70–80RPM, resistance level 1 2 min @ 45RPM 3 2 min @ 50RPM 20 min @70–80RPM, resistance level 2 2 min @ 45RPM 4 2 min @ 50RPM 25 min @70–80RPM, resistance level 2 2 min @ 45RPM 5 2 min @ 50R","Machine-assisted full-text mining supports extraction only; final inclusion, risk of bias, and numeric effects require author verification.",,,,,,
39211745,PMC11358125,10.3389/fragi.2024.1376825,"Underweight, overweight, and weight change in older family caregivers and their care recipients: longitudinal evidence from a randomized controlled trial.",2024,Frontiers in aging,https://pubmed.ncbi.nlm.nih.gov/39211745/,unclear,nutrition,nutrition_only,pmc_fulltext_available,pmc_fulltext_mined_not_numeric_extracted,yes,yes,ok,data\raw\pmc_fulltext\PMC11358125.xml,frailty;sppb;grip_strength;adl;falls;quality_of_life;adherence;adverse_events,yes,yes,yes,yes,yes,no,yes,yes,yes,yes,yes,yes,yes,4.0,"389/fragi.2024.1376825 1376825 1 Aging Clinical Trial Underweight, overweight, and weight change in older family caregivers and their care recipients: longitudinal evidence from a randomized controlled trial Koponen et al. 10.3389/fragi.2024.1376825 Koponen Sohvi 1 * Nykänen Irma 1 Savela Roosa-Maria 2 Välimäki Tarja 2 Suominen Anna Liisa 3 4 Schwab Ursula 1 5 1 Insti",".3389/fragi.2024.1376825 Koponen Sohvi 1 * Nykänen Irma 1 Savela Roosa-Maria 2 Välimäki Tarja 2 Suominen Anna Liisa 3 4 Schwab Ursula 1 5 1 Institute of Public Health and Clinical Nutrition , School of Medicine , University of Eastern Finland , Kuopio , Finland 2 INVEST Research Flagship Centre , University of Turku , Turku , Finland 3 Department of Nursing Science ,","s, Mini Nutritional Assessment scores, physical function, and number of teeth. During the 6-month intervention, there were no differences in weight change between intervention and control groups for both caregivers and care recipients. Factors significantly associated ( p < 0.05) with weight loss included female sex for both caregivers and care recipients, and frailty fo","2 Materials and methods 2.1 Study design and participants The present study is a secondary analysis from the Lifestyle, Nutrition, and Oral Health in Caregivers (LENTO) study, a randomized, controlled, population-based trial involving older family caregivers (≥60 years of age) and care recipients (≥65 years of age) in Eastern Finland ( Nykänen et al., 2021 ). The study adhered to the Declaration of Helsinki guidelines and received approval from the Hospital District of Northern Savo ethics committee (No. 171/2019). All participants provided written information consent, and the study was registered at ClinicalTrial.gov ( NCT04003493 ). Older family caregivers, along with their care recipients, residing in the town of Kuopio or the municipality of Vesanto were included in the study ( Figure 1 ). Recruitments occurred between June 2019 and October 2019 in collaboration with the service managers for older people in municipalities, as previously reported ( Koponen et al., 2021 ). The inclusion criteria for family caregivers included a valid care allowance from the municipality and a home-living care recipient aged 65 years or above. A care allowance provides benefits to the family caregiver such as a taxable fee and a 3-day leave per month. Family caregivers with care recipients receiving end-of-life care at the baseline were excluded. No other inclusion or exclusion criteria were stated. The study period extended from June 2019 to December 2020. FIGURE 1 Study flow chart, modified from the study by Koponen et al., 2022 . The sample size calculation was based on the effectiveness of the intervention on plasma albumin (P-Alb) concentration, aiming for a 20% difference between the intervention and the control group with a power of 0.80 and a p -value of 0.05. We have previousl","3 Results A total of 113 family caregivers and 107 care recipients were included in the analysis. The dropout rates during the intervention were 9.6% for family caregivers and 10.8% for care recipients ( Figure 1 ). Due to the COVID-19 pandemic, the study nurse conducted the 6-month visit for 42 family caregivers and 37 care recipients ( Koponen et al., 2022 ). Additionally, the clinical nutritionist conducted a 24-h dietary recall for 15 (13.3%) family caregivers at the baseline and 12 (10.6%) family caregivers at the 6-month time point. 3.1 Baseline characteristics No differences in baseline characteristics were observed between the groups ( Table 1 ; Supplementary Table 1 ; Koponen et al., 2022 ). Among the entire study population of family caregivers (n = 113), 73.5% were females, with a mean age of 74.3 (SD 7.1). Family caregivers’ households’ mean net income was 3,136 (SD 932) €/month, and their mean years of education was 11.0 (SD 3.3). The primary chronic diseases observed in family caregivers were rheumatoid arthritis or another connective tissue disease (37.5%) and diabetes, primarily type 2 (19.5%) ( Supplementary Table 1 ; Koponen et al., 2022 ). Additionally, 36.3% of family caregivers were classified as overweight (BMI >29 kg/m 2 ), while 18.6% were underweight ( Table 1 ). According to MNA, 79.6% of family caregivers were well-nourished (≥24 scores), and 20.4% were at risk of malnutrition (17–23.5 scores) ( Supplementary Table 1 ; Koponen et al., 2022 ). Moreover, 71.7% of family caregivers were identified as frail ( Table 1 ). Notably, frailty was also prevalent among overweight family caregivers, with 68.3% exhibiting frailty status (not in Table). The mean number of teeth among family caregivers was 17.0 (SD 9.7), 44.2% used removable dentures ( Table ","TABLE 1 Baseline characteristics of the family caregivers and care recipients. TABLE 1 Baseline characteristics of the family caregivers and care recipients. Characteristics Family caregivers Care recipients Intervention group (n = 63) Control group (n = 50) p -value a Intervention group (n = 59) Control group (n = 48) p -value a Mean ± SD Mean ± SD Mean ± SD Mean ± SD Categorized BMI Underweight, <24 kg/m 2 , n (%) 10 (15.9) 11 (22.0) 0.255 c 13 (24.5) h 8 (18.2) i 0.467 c Normal weight, 24–29 kg/m 2 , n (%) 26 (41.3) 25 (50.0) 20 (37.8) 22 (50.0) Obese, >29 kg/m 2 , n (%) 27 (42.9) 14 (28.0) 20 (37.8) 14 (31.8) Mid-arm circumference (cm) 33.3 (4.6) 31.7 (4.1) 0.056 b 32.2 (5.4) j 31.7 (3.8) 0.877 Calf circumference (cm) 39.2 (4.1) 37.6 (3.5) 0.081 37.6 (5.0) j 36.1 (3.3) 0.063 b P-hs-CRP (g/L) 2.8 (5.0) 1.9 (2.3) 0.230 3.2 (6.1) 3.8 (2.0) 0.748 Frail by aCGA, n (%) 49 (77.8) 32 (64.0) 0.106 c aCGA domains Cognitive status, n (%) d 27 (42.9) 18 (36.0) 0.460 c Functional status, n (%) e 16 (25.4) 14 (28.0) 0.756 c Depression, n (%) f 28 (44.4) 18 (36.0) 0.364 c Hand grip strength (kg) 25.2 (8.7) 23.7 (7.1) 0.569 20.7 (7.5) k 21.9 (8.5) l 0.494 b Chair stand test (s) 13.4 (4.7) g 13.0 (4.0) 0.691 19.6 (5.1) l 20.0 (5.1) m 0.768 b SOC-13 62.2 (6.5) 61.1 (7.0) 0.285 Number of teeth, n (%) 17.0 (9.8) 17.1 (9.7) 0.830 13.6 (9.9) 12.8 (9.4) 0.646 Dentures, yes, n (%) 30 (47.6) 20 (40.0) 0.426 c 29 (53.7) 24 (53.3) 0.971 c Sel-reported problems in mouth 0.9 (1.0) 0.8 (0.8) 0.983 1.6 (0.9) 1.3 (1.1) 0.161 SD, standard deviation; BMI, body mass index, P-hs-CRP, plasma high-sensitivity C-reactive protein, aCGA, abbreviated comprehensive geriatric assessment; SOC-13, sense of coherence. a Difference between groups with Mann-Whitney’s U test (non-normally distributed outcomes). b Difference between groups with independent samples T-test (normally distributed outcomes). c Difference between groups with Pearson Chi-square. d aCGA, domain cognitive status: attention and calculation (Mini Mental State Examination), reading (Mini Mental State Examination), writing (Mini Mental State Examination), copying (Mini Mental State Examination); with a cut-off maximum ≤6. e aCGA, domain functional status: bathing (Barthel Index), transfer (Barthel Index), continence (Barthel Index), shopping (Lawton and Brody scale), preparing meals (Lawton and Brody scale), housework (Lawton and Brody scale), laundry (Lawton and Brody scale); with a cut-off maximum ≥1. f aCGA, domain depression: e
---TABLE---
TABLE 2 Baseline characteristics of older family caregivers (n = 113) and care recipients (n = 97) according to body mass index (BMI) categories. TABLE 2 Baseline characteristics of older family caregivers (n = 113) and care recipients (n = 97) according to body mass index (BMI) categories. Characteristics Family caregivers Underweight BMI <24 kg/m 2 (n = 21) Normal weight BMI 24–29 kg/m 2 (n = 51) Overweight BMI >29 kg/m 2 (n = 41) p -value a p -value c Underweight – Normal weight ","Machine-assisted full-text mining supports extraction only; final inclusion, risk of bias, and numeric effects require author verification.",,,,,,
38111605,PMC10725933,10.3389/fnut.2023.1284497,Medium-chain triglycerides (8:0 and 10:0) increase muscle mass and function in frail older adults: a combined data analysis of clinical trials.,2023,Frontiers in nutrition,https://pubmed.ncbi.nlm.nih.gov/38111605/,unclear,resistance;aerobic_walking;nutrition,exercise_plus_nutrition,pmc_fulltext_available,pmc_fulltext_mined_not_numeric_extracted,yes,yes,ok,data\raw\pmc_fulltext\PMC10725933.xml,frailty;gait_speed;grip_strength;adl;falls,yes,yes,yes,yes,yes,yes,no,yes,yes,yes,no,no,no,4.0,"ng home and required special care from a helper. They were selected by the application of the exclusion criteria before enrollment as described previously ( 3–5 ). All trials were randomized, controlled (negative or positive control), single-blinded (or double-blinded for some measurements), and parallel-group trials. Each trial had a different purpose, group, and int",pmc Front Nutr Front Nutr 2731 fnut Front. Nutr. Frontiers in Nutrition 2296-861X Frontiers Media SA PMC10725933 PMC10725933.1 10725933 10725933 38111605 10.3389/fnut.2023.1284497 1 Nutrition Original Research Medium-chain triglycerides (8:0 and 10:0),"onths. Irrespective of ingestion at breakfast or dinnertime, supplementation with 6 g MCTs/day for 1.5 months increased muscle mass and function from baseline. However, a negative control group (i.e., the LCT group) was not set because the number of participants was insufficient. 2.2 Ethical approval These clinical trials were approved by the Human Ethics Committee of Sh","Methods In a combined data analysis, changes from baseline in measurements at the 3 months intervention in the MCTs- and LCTs-containing groups were assessed by analysis of covariance adjusted for baseline values of each measurement, age, sex, BMI, allocation to trial, habitual intakes in energy, protein, leucine, octanoic acid, decanoic acid, and vitamin D during the baseline period. The Mann–Whitney U test was used to analyze data on right and left knee extension times.
2 Materials and methods 2.1 Outline of clinical trials Three clinical trials were conducted in a nursing home (Day Care SKY facility in Yokohama, Japan), and their protocols and methods were described in detail ( 3–7 ). We targeted all participants (mean age around 85 years) who resided in this nursing home and required special care from a helper. They were selected by the application of the exclusion criteria before enrollment as described previously ( 3–5 ). All trials were randomized, controlled (negative or positive control), single-blinded (or double-blinded for some measurements), and parallel-group trials. Each trial had a different purpose, group, and intervention period ( Table 1 ). Six grams of MCTs (75% C8:0, 25% C10:0) per day were mixed with foods at mealtime in all trials. This article focuses on muscle mass and function in response to MCT supplementation. Therefore, we did not describe the cognition of the subjects in detail here. Table 1 Outline of the clinical trials. Trial Group n a n b Times of measurement Analysis of the change 1 38 36 Baseline, 3.0-mo intervention ANCOVA, per protocol analysis LD + MCT 13 13 LD + LCT 13 12 No supplements 12 11 2 64 49 Baseline, 1.5-mo intervention, 3.0-mo intervention, washout (follow-up) Mixed-effects model, intention-to-treat analysis LD + MCT 21","Results MCT supplementation for 3 months increased muscle function relative to LCT supplementation with and without an L-leucine (1.2 g) and vitamin D (cholecalciferol, 20 μg)-enriched supplement. In a combined data analysis ( n = 29 in MCTs, n = 27 in LCTs), relative to supplementation with 6 g LCTs/day, supplementation with 6 g MCTs/day at dinner for 3 months significantly increased body weight (adjusted mean change from baseline: MCTs 1.2 vs. LCTs 0.2 kg, p = 0.023), right arm muscle area (MCTs 1.4 vs. LCTs-0.7 cm 2 , p = 0.002), left calf circumference ( p = 0.015), right-hand grip strength (MCTs 1.6 vs. LCTs 0.3 kg, p = 0.017), right knee extension time ( p = 0.021), left knee extension time ( p = 0.034), walking speed ( p = 0.002), and number of iterations in leg open and close test ( p < 0.001) and decreased right triceps skinfold thickness ( p = 0.016).
3 Results 3.1 Comparison of MCT supplementation with (Trial 1) and without (Trial 2) the LD supplement To examine the impact of MCTs relative to LCTs, the LD + MCT group was compared with the LD + LCT group (Trial 1), and the MCT group was compared with the LCT group (Trial 2). The data from Trial 3 were neither compared nor combined with others because there was no negative control group (LCT) and the intervention period was 1.5 months (the others were 3 months) ( Table 1 ). Representative results are presented here. 3.1.1 MCT supplementation did not alter right AC, decreased right TSF, and increased right AMA compared with LCT supplementation The mean adjusted changes in the right AC, TSF, and calculated AMA are shown in Figure 1 . The differences in changes in the groups in right AC were nonsignificant in Trial 1 (ANCOVA, p = 0.34) and in Trial 2 (fixed effect of the group, p = 0.16) ( Figure 1A ). The differe","Table 1 Outline of the clinical trials. Table 1 Outline of the clinical trials. Trial Group n a n b Times of measurement Analysis of the change 1 38 36 Baseline, 3.0-mo intervention ANCOVA, per protocol analysis LD + MCT 13 13 LD + LCT 13 12 No supplements 12 11 2 64 49 Baseline, 1.5-mo intervention, 3.0-mo intervention, washout (follow-up) Mixed-effects model, intention-to-treat analysis LD + MCT 21 18 MCT 21 16 LCT 22 15 3 40 0 Baseline, 1.5-mo intervention ANCOVA, per protocol analysis MCT at breakfast 20 0 MCT at dinner 20 0 a The number of participants at the enrollment and assignment to groups. b The number of participants at the 3.0-mo intervention. ANCOVA, analysis of covariance; LCT, long-chain triglyceride; LD, L-leucine + vitamin D; MCT, medium-chain triglyceride; mo, month.
---TABLE---
Table 2 Combined data analysis in Trials 1 and 2; habitual energy and nutrient intakes at baseline and after the 3-mo intervention and their changes from baseline in the MCTs-containing (MCT or LD + MCT) and LCTs-containing (LCT or LD + LCT) groups (excluding supplements and added oils) ( n = 56). a Table 2 Combined data analysis in Trials 1 and 2; habitual energy and nutrient intakes at baseline and after the 3-mo intervention and their changes from baseline in the MCTs-containing (MCT or LD + MCT) and LCTs-containing (LCT or LD + LCT) groups (excluding supplements and added oils) ( n = 56). a Measure Group n Baseline 3-mo intervention Non-adjusted change Adjusted change c (model 1) Adjusted change d for trial Energy, kcal/d MCT, LD + MCT 29 1,379 ± 242 1,358 ± 230 −21 ± 113 −23 (−63, 17) −22 (−63, 20) LCT, LD + LCT 27 1,406 ± 297 1,410 ± 294 4 ± 109 6 (−35, 47) 4 (−38, 47) p value b 0.39 0.32 0.39 Energy, kJ/d MCT, LD + MCT 29 5,873 ± 1,014 5,692 ± 966 −91 ± 476 −96 (−266, 72) −91 (−263, 82) LCT, LD + LCT 27 5,894 ± 1,243 5,912 ± 1,232 18 ± 457 25 (−151, 200) 18 (−161, 197) p value 0.39 0.32 0.38 Protein, en% MCT, LD + MCT 29 16.4 ± 1.9 16.5 ± 2.2 0.1 ± 1.3 0.1 (−0.3, 0.5) 0.1 (−0.4, 0.5) LCT, LD + LCT 27 16.2 ± 2.2 15.8 ± 1.8 −0.4 ± 1.0 −0.4 (−0.9, −0.0) −0.4 (−0.8, −0.0) p value 0.14 0.08 0.13 Protein, g/d MCT, LD + MCT 29 55.9 ± 7.4 55.2 ± 7.1 −0.7 ± 5.3 −0.7 (−2.4, 1.1) −0.7 (−2.3, 1.0) LCT, LD + LCT 27 55.7 ± 9.4 55.0 ± 10.6 −0.6 ± 4.0 −0.7 (−2.5, 1.2) −0.7 (−2.4, 1.0) p value 0.97 0.98 0.98 Protein, g/(kg BW·d) MCT, LD + MCT 29 1.35 ± 0.33 1.28 ± 0.25 −0.07 ± 0.15 −0.06 (−0.11, −0.02) −0.07 (−0.12, −0.02) LCT, LD + LCT 27 1.30 ± 0.28 1.27 ± 0.29 −0.03 ± 0.10 −0.03 (−0.08, 0.01) −0.03 (−0.08, 0.02) p value 0.23 0.31 0.21 Leucine, g/d MCT, LD + MCT 29 4.23 ± 0.59 4.12 ± 0.61 −0.11 ± 0.42 −0.11 (−0.26, 0.03) −0.11 (−0.22, 0.01) LCT, LD + LCT 27 4.39 ± 0.66 4.20 ± 0.76 −0.19 ± 0.35 −0.18 (−0.33, −0.03) −0.19 (−0.31, −0.07) p value 0.43 0.53 0.32 EAAs, g/d MCT, LD + MCT 29 21.7 ± 3.1 21.0 ± 3.1 −0.6 ± 2.1 −0.7 (−1.6, 0.3) −0.6 (−1.5, 0.2) LCT, LD + LCT 27 22.0 ± 3.5 21.5 ± 4.3 −0.5 ± 2.9 −0.5 (−1.4, 0.5) −0.5 (−1.4, 0.4) p value 0.80 0.75 0.81 Carboh","Machine-assisted full-text mining supports extraction only; final inclusion, risk of bias, and numeric effects require author verification.",,,,,,
37960913,PMC12880481,10.1007/s12603-023-1991-0,Hybrid Exercise Program Enhances Physical Fitness and Reverses Frailty in Older Adults: Insights and Predictions from Machine Learning.,2023,"The journal of nutrition, health & aging",https://pubmed.ncbi.nlm.nih.gov/37960913/,community,resistance;aerobic_walking;nutrition,exercise_plus_nutrition,pmc_fulltext_available,pmc_fulltext_mined_not_numeric_extracted,yes,yes,ok,data\raw\pmc_fulltext\PMC12880481.xml,frailty;gait_speed;grip_strength;quality_of_life;adherence;adverse_events,yes,yes,yes,yes,yes,yes,no,yes,no,no,yes,yes,yes,3.0,"lty can be reversed in older adults after the intervention. Methods A total of 181 community-dwelling frail older adults aged 65 years or older participated in this single-center, randomized controlled study, with 54.7% (n=99) being female. The study assessed the effectiveness of several exercise modalities in reversing frailty. The Fried‘s frailty criterion was used","pmc J Nutr Health Aging J Nutr Health Aging 4760 jnha The Journal of Nutrition, Health & Aging 1279-7707 1760-4788 Elsevier PMC12880481 PMC12880481.1 12880481 12880481 37960913 10.1007/s12603-023-1991-0 S1279-7707(23)02592-7 1 Original Research Hybrid Exerci","construct a complete functional system for more accurate medical support based on the frail older adults' beginning state, and the interventional strategy. Finally, the lack of a control group limited the ability to effectively compare the interventions for which we made direct comparisons. Conclusion The results of our study suggest that the enhancement of athletic abi","Methods A total of 181 community-dwelling frail older adults aged 65 years or older participated in this single-center, randomized controlled study, with 54.7% (n=99) being female. The study assessed the effectiveness of several exercise modalities in reversing frailty. The Fried‘s frailty criterion was used to assess the degree of frailty of the subjects. Participants were assigned a three-digit code 001–163 and randomly assigned (1:1:1) by computer to three different groups based on the study participant number: the Wu Qin Xi group (WQX), the strength exercise mixed with endurance exercise training group (SE), and the WQXSE hybrid exercise group incorporated the above two. Body composition and frailty-related physical fitness factors were measured before and after a 24-week intervention. The measurements included Body height, Body mass, Timed Up and Go Test (TUGT), grip strength assessment (GS), 6min walk test (6 min WT), and 10 m maximum walk speed (10 m MWS). Data were analyzed using repeated measures ANOVA to determine group and time interaction effects and machine learning models were used to predict program effectiveness.
Methods Subjects From March to June 2018, we recruited volunteers from community older adults service centers in Changchun, China. The study received ethical approval from the Ethics Committee of Northeast Normal University (NC2018041103). The following criteria were used to screen the volunteers. The included criteria were as follows: 1) individuals who scored between 3 to 5 points using the Fried frailty phenotype scale; 2) individuals who were able to ambulate independently for a duration of at least six minutes; 3) individuals who did not engage in any other form of physical training during the past year; 4) individuals whose age was greater","Results A total of 163 participants completed the study, with 53.9% (n=88) of them being female. The two items, 10 m maximum walking speed (10 m MWS) and grip strength, were significantly affected by the interaction of group and time. Compared to the other two groups, the WQXSE group showed the most improvement in the item 10 m MWS. In addition, following 24 weeks of training, 68 (41.7%) of the initially frail older adults had reversed their frailty status. Among them, 19 (36.5%) were in the WQX group, 24 (44.4%) were in the WQXSE group, and 25 (43.9%) were in the SE group. The stacking model exhibited superior performance when compared to other algorithms.
Results After 574 applications were put through a series of rigorous screenings, 181 individuals (99 females and 82 men) were selected because they matched the selection criteria. The research was finished with a total of 163 subjects (88 females and 75 males). The subjects who did not finish the programme did so for a variety of reasons, including dropping out (n = 10) and being sick (n = 8). Table 1 shows the initial demographic information and frailty degree. The results shows no significant differences among these subgroups in terms of relevant demographic factors, frail score and frail phenotype. In addition, the subjects' frailty condition was reassessed after the intervention. Following 24 weeks of training, 68 (41.7%) of the initially frail older adults had reversed their frailty status. Among them, 19 (36.5%) were in the WQX group, 24 (44.4%) were in the WQXSE group, and 25 (43.9%) were in the SE group. Table 1 Fundamental demographic features of the subjects at baseline Items WQX 1 (n = 52) WQXSE 2 (n = 54) SE 3 (n = 57) P-value Total (n=163) Sex (male/Female) 22/30 28/26 25/32 0.781 75/88 Age (years) 73.30","Table 1 Fundamental demographic features of the subjects at baseline Table 1 Fundamental demographic features of the subjects at baseline Items WQX 1 (n = 52) WQXSE 2 (n = 54) SE 3 (n = 57) P-value Total (n=163) Sex (male/Female) 22/30 28/26 25/32 0.781 75/88 Age (years) 73.30±3.89 72.13±4.17 70.74±3.52 0.139 72.06±3.86 Body height (cm) 164.72±7.48 167.68±7.82 165.54±8.22 0.100 165.98±7.84 Body mass (kg) 65.24±5.14 62.55±6.99 63.05±6.88 0.055 63.62±6.34 Frail Score 3.73±0.79 3.56±0.66 3.67±0.72 0.453 3.65±0.72 Unintentional weight loss (Yes/No) 38/14 35/19 43/14 0.436 116/47 Gait velocity (Yes/No) 41/11 40/14 42/15 0.789 123/40 Grip strength (Yes/No) 47/5 46/8 48/9 0.604 141/22 Self-reported fatigue (Yes/No) 36/16 42/12 40/17 0.553 118/45 Low level of physical activity phenotype (Yes/No) 32/20 35/19 36/21 0.941 103/60 1. Wu Qin Xi exercise group; 2. hybrid training combining Wu Qin Xi exercise with strength and endurance training group; 3. strength and endurance training group.
---TABLE---
Table 2 . The outcomes of the repeated measures ANOVA for the assessment variables were obtained for each group at pre-intervention and at post-intervention Table 2 . The outcomes of the repeated measures ANOVA for the assessment variables were obtained for each group at pre-intervention and at post-intervention Parameters WQX 1 (n=52) WQXSE 2 (n=54) SE 3 (n=57) Group X Time# Baseline 24-Weeks Baseline 24-Weeks Baseline 24-Weeks partial i2 10 m MWS (m/s) 0.71 ± 0.13 0.81 ± 0.14†,*** 0.74 ± 0.14 1.08 ± 0.14 †,*** 0.73 ± 0.13 0.93 ± 0.14 †,*** 0.218*** TUGT (s) 12.00 ± 1.32 11.63 ± 1.21† 11.91 ± 0.98 10.98 ± 1.24 †,*** 11.90 ± 1.65 11.19 ± 1.29 ** 0.016 Grip Strength (kg) 18.32 ± 3.08 19.30 ± 3.46† 18.23 ± 3.35 21.31 ± 3.44 †,*** 17.93 ± 3.14 21.63 ± 3.26 †,*** 0.065** 6 min WT (m) 350.29 ± 40.27 369.32 ± 36.33†,* 361.69 ± 39.40 388.71 ± 45.68 ** 365.07 ± 42.11 392.45 ± 47.49 †,*** 0.004 # repeated-measures ANOVA analysis; *p < 0.05, ** p < 0.01, *** p < 0.001 denotes significant difference within the group before and after intervention, † denotes the significant difference between groups. 1. Wu Qin Xi group; 2. hybrid training combining Wu Qin Xi exercise with strength and endurance training group; 3. strength and endurance training group.
---TABLE---
Table 3 . A comparative result on the performance of machine learning Classification Models Table 3 . A comparative result on the performance of machine learning Classification Models Models Accuracy(%) Precision (%) Recall (%) F1 (%) XGBoos 71.6 ± 10.7 73.9 ± 11.6 76.3 ± 14.2 73.9 ± 9.7 LightGBM 71.8 ± 10.4 74.5 ± 11.3 75.7 ± 13.7 74.3 ± 10.1 Gradient Boosting 72.3 ± 10.6 74.4 ± 10.7 76.8 ± 14.4 74.8 ± 10.1 Logistic Regression 73.7 ± 10.7 78.4 ± 10.7 73.1 ± 15.2 74.8 ± 10.7 Random Forest 74.5 ± 10.9 77.5 ± 11.1 77.3 ± 14.5 76.8 ± 9.9 Extra Tree classifier 75.8 ± 10.2 78.9 ± 11.2 77.3 ± 13.5 77.5 ± 9.6 LDA 1 75.9 ± 10.2 77.4 ± 10.8 79.7 ± 13.6 78.1 ± 10.2 Stacking 76.4 ± 10.1 77.5 ± 10.4 81.7 ± 12.9 78.8 ± 9.3 1. L","Machine-assisted full-text mining supports extraction only; final inclusion, risk of bias, and numeric effects require author verification.",,,,,,
37875291,PMC10751415,10.1002/jcsm.13359,Dose-response effects of resistance training on physical function in frail older Chinese adults: A randomized controlled trial.,2023,"Journal of cachexia, sarcopenia and muscle",https://pubmed.ncbi.nlm.nih.gov/37875291/,unclear,resistance;aerobic_walking,exercise_only,pmc_fulltext_available,pmc_fulltext_mined_not_numeric_extracted,yes,yes,ok,data\raw\pmc_fulltext\PMC10751415.xml,frailty;falls;quality_of_life;adherence;adverse_events,yes,yes,no,yes,yes,no,no,no,no,yes,yes,yes,yes,6.0,0.1002/jcsm.13359 JCSM13359 JCSM-D-22-00540 1 Original Article Original Articles Dose–response effects of resistance training on physical function in frail older Chinese adults: A randomized controlled trial Resistance training in frail older adults X. Lai et al . Lai Xiaoxing https://orcid.org/0000-0002-1479-6957 1 laixx86@163.com Zhu Hongwei 1 Wu Zhao 1 Chen Baoyu 2,991 2190-6009 Wiley PMC10751415 PMC10751415.1 10751415 10751415 37875291 10.1002/jcsm.13359 JCSM13359 JCSM-D-22-00540 1 Original Article Original Articles Dose–response effects of resistance training on physical function in frail older Chinese adults: A randomized controlled trial Resistance training in frail older adults X. Lai et al . Lai Xiaoxing https://orcid.org/,,"Methods In this randomized controlled trial, participants were randomized into seven groups: moderate‐volume low‐intensity, moderate‐volume moderate‐intensity, moderate‐volume high‐intensity, high‐volume low‐intensity, high‐volume moderate‐intensity, high‐volume high‐intensity and routine care, receiving 12 weeks of resistance training of different intensities and volumes of exercise. The outcomes were muscle strength (assessed by ergonomics force gauges) and physical fitness function (assessed by the 6‐min walking test [6MWT], the 30‐s sit‐to‐stand test [30sSTST] and the 8‐foot up‐and‐go test [8‐FUGT]) before and at 6 and 12 weeks of intervention.
Methods Study design and participants This single‐centre randomized controlled study included frail older adults enrolled at a pension agency in Chaoyang District, Beijing, between June and December 2021. The study was conducted and reported according to the CONSORT (Consolidated Standards of Reporting Trials) guidelines. The participants were recruited through health education and propaganda posters on the bulletin board of the pension agency. Each eligible participant was fully informed of the study's aims, processes and potential risks. This study was approved by the Ethics Committee of the Peking Union Medical College Hospital (No. JS‐2264), and all participants signed the informed consent form. The clinical registration number is ChiCTR2000031099. The inclusion criteria were the following: (1) ≥60 years; (2) volunteered to participate in this study and signed the informed consent form; and (3) met the Fried phenotype criteria for frailty (meet three or more of the five parameters of the Fried frailty phenotype). 16 The exclusion criteria were the following: (1) cognitive impairment (Mini‐Mental State Examination [MMSE] s","Results A total of 161 participants completed the exercise intervention. There were no significant differences in age, sex, height, body weight and body mass index among the seven groups. The exercise volume of resistance training showed linear relationships with muscle strength of the lower limbs, 30sSTST and 6MWT results and a non‐linear relationship with 8‐FUGT. Resistance training intensity was found to have a linear relationship with muscle strength of the lower limbs and 6MWT and non‐linear relationships with 30sSTST and 8‐FUGT. The mixed linear model analysis revealed that the lower limb muscle strength differed significantly before and during the intervention (W = 8571.5, P adj < 0.001), before and after the intervention (W = 6968, P adj = 0.001) and during and after the intervention (W = 2834.5, P adj < 0.001); that the 6MWT performance differed during and after the intervention (W = 3184, P adj < 0.001); and that the 30sSTST was different between before and during the intervention (W = 2350.5, P adj = 0.012) and between during and after the intervention (W = 2290.5, P adj = 0.045).
Results A total of 161 older adults who met the inclusion criteria were enrolled in this study. The participants were randomized into six intervention groups and the routine care group, with 23 subjects per group ( Figure 1 ). None of the participants dropped out during the intervention. There were no significant differences in age, sex, height, body weight, BMI, 30sSTST, 6MWT and 8‐FUGT performances among the seven groups ( P > 0.05; Table 2 ). Figure 1 Flow chart of study participant. Table 2 Comparison of the basic characteristics Groups ( n = 23 per group) Age (years) Height (cm) Weight (kg) 6MWT 30sSTST 8‐FUGT Body mass index (kg/m 2 ) Sex (m) (number of sit to stand) (s) M, n ","Table 1 Exercise volume and intensity in the different groups Table 1 Exercise volume and intensity in the different groups Groups ( n = 23 per group) Exercise dose (times of repeats) Exercise intensity Routine care / / Moderate‐volume low‐intensity Three sets, with eight repetitions in each set Yellow resistance band Moderate‐volume moderate‐intensity Three sets, with eight repetitions in each set Green resistance band Moderate‐volume high‐intensity Three sets, with eight repetitions in each set Blue resistance band High‐volume low‐intensity Five sets, with eight repetitions in each set Yellow resistance band High‐volume moderate‐intensity Five sets, with eight repetitions in each set Green resistance band High‐volume high‐intensity Five sets, with eight repetitions in each set Blue resistance band
---TABLE---
Table 2 Comparison of the basic characteristics Table 2 Comparison of the basic characteristics Groups ( n = 23 per group) Age (years) Height (cm) Weight (kg) 6MWT 30sSTST 8‐FUGT Body mass index (kg/m 2 ) Sex (m) (number of sit to stand) (s) M, n (%) F, n (%) Moderate‐volume low‐intensity 84.4 ± 5.0 163.6 ± 8.1 65.1 ± 8.7 194.1 ± 78.3 9.9 ± 3.9 12.0 (7.0, 18.9) 23.9 ± 3.0 9 (39.1) 14 (60.9) Moderate‐volume moderate‐intensity 87.5 ± 4.3 162.7 ± 8.1 62.7 ± 9.8 200.9 ± 78.3 10.1 ± 3.4 14.0 (11.0, 28.5) 24.4 ± 4.1 6 (26.1) 17 (73.9) Moderate‐volume high‐intensity 85.8 ± 8.7 162.2 ± 10.2 65.9 ± 11.7 224.2 ± 52.1 11.9 ± 5.5 12.7 (10.5, 14.3) 23.8 ± 2.8 9 (39.1) 14 (60.9) High‐volume low‐intensity 85.0 ± 5.8 162.4 ± 8.3 63.6 ± 6.4 191.0 ± 88.6 10.8 ± 3.8 8.8 (6.0, 11.1) 26.2 ± 9.2 8 (34.8) 15 (65.2) High‐volume moderate‐intensity 81.2 ± 7.7 162.7 ± 10.1 65.2 ± 11.1 224.2 ± 72.1 11.6 ± 5.4 17.5 (13.9, 29.7) 24.0 ± 3.5 8 (34.8) 15 (65.2) High‐volume high‐intensity 85.4 ± 6.1 157.7 ± 13.6 64.7 ± 6.4 194.6 ± 86.8 8.6 ± 4.9 13.9 (8.0, 22.5) 26.9 ± 12.8 8 (34.8) 15 (65.2) Routine care 81.7 ± 11.2 162.2 ± 8.8 61.5 ± 9.8 180.3 ± 68.6 9.9 ± 4.7 15.0 (11.2, 20.3) 23.3 ± 4.3 8 (34.8) 15 (65.2) P 0.875 0.513 0.689 0.784 0.237 0.365 0.450 0.987 Abbreviations: 6MWT, 6‐min walking test; 8‐FUGT, 8‐foot up‐and‐go test; 30sSTST, 30‐s sit‐to‐stand test.
---TABLE---
Table 3 Changes in muscle strength (kilograms) of older adults in different groups before, during and after intervention Table 3 Changes in muscle strength (kilograms) of older adults in different groups before, during and after intervention Groups ( n = 23 per group) Before intervention During intervention After intervention H P Routine care 10.8 (8.5, 12.1) 10.0 (8.0, 11.6) * , & 9.6 (8.0, 11.6) * , & , α 1.515 >0.999 Moderate‐volume low‐intensity 11.9 (10.6, 13.5) 10.9 (10.0, 12.1) * 12.0 (10.3, 14.0) 2.435 >0.999 Moderate‐volume moderate‐intensity 11.1 (9.7, 12.5) 9.6 (8.9, 10.7) 12.9 (8.5, 15.0) a 5.371 0.477 Moderate‐volume high‐intensity 9.5 (8.7, 10.4) 11.1 (8.3, 9.6) 12.8 (9.0, 13.7) b 10.580 0.037 High‐volume low‐intensity 11.4 (10.4, 12.5) 9.8 (8.0, 11.8) a 10.3 (8.8, 12.5) b 5.623 0.421 High‐","Machine-assisted full-text mining supports extraction only; final inclusion, risk of bias, and numeric effects require author verification.",,,,,,
37357328,PMC10230140,10.1007/s12603-023-1928-7,"Impact of Exercise and Cognitive Stimulation Therapy on Physical Function, Cognition and Muscle Mass in Pre-Frail Older Adults in the Primary Care Setting: A Cluster Randomized Controlled Trial.",2023,"The journal of nutrition, health & aging",https://pubmed.ncbi.nlm.nih.gov/37357328/,primary_care,resistance;multicomponent_exercise;nutrition,exercise_plus_nutrition,pmc_fulltext_available,pmc_fulltext_mined_not_numeric_extracted,yes,yes,ok,data\raw\pmc_fulltext\PMC10230140.xml,frailty;gait_speed;sppb;grip_strength;adl;falls;quality_of_life;adherence;adverse_events,yes,yes,yes,yes,yes,yes,yes,yes,yes,yes,yes,yes,yes,3.0,"inal Research Impact of Exercise and Cognitive Stimulation Therapy on Physical Function, Cognition and Muscle Mass in Pre-Frail Older Adults in the Primary Care Setting: A Cluster Randomized Controlled Trial Tan L. F. 1 Chan Y. H. 2 Seetharaman S. 1 Denishkrshna A. 2 Au L. 3 Kwek S. C. 4 Chen M. Z. 5 Ng S. E. 5 Hui R. J. Y. 4 Merchant Reshma A. reshmaa@nuhs.edu.sg 2 5","pmc J Nutr Health Aging J Nutr Health Aging 3814 phenaturepg The Journal of Nutrition, Health & Aging 1279-7707 1760-4788 pmc-is-collection-domain yes pmc-collection-title Springer Nature - PMC COVID-19 Collection PMC10230140 PMC10230140.1 10230140 10230140 3735732","nths exercise (Ex) versus complementary effect of 3 months of cognitive stimulation therapy (CST) to 6 months of Ex (Ex+CST) on physical function, muscle mass and cognition versus control group at 3, 6 and 12 months ii) inflammatory biomarkers such as Interleukin-6 (IL-6) and Tumor Necrosis Factor Alpha (TNF-α). Design Cluster randomised control trial. Setting & Interven","Setting & Intervention Pre-frail older adults ≥ 65 years attending primary care clinic. Two intervention groups i) Ex 6 months ii) CST 3 months with Ex 6 months.
Electronic Supplementary Material Supplementary material is available for this article at 10.1007/s12603-023-1928-7 and is accessible for authorized users.
Methods Participants and Study Design This was a cluster randomized control trial ( NCT 03797352 ) conducted between 2019 to 2022 involving participants from two primary care clinics 5km apart in the Western region of Singapore. Participants attending Choa Chu Kang Polyclinic were allocated to control group and participants from Bukit Batok Polyclinic were allocated to exercise only (Ex) or exercise and CST (Ex + CST) groups (Figure 1 ). There was no blinding and allocation to Ex or Ex+CST group was not randomised within the same site. The allocation to Ex or Ex+CST was based on which research staff recruited them. Participants ≥ 65 years old, who were ambulatory and screened to be pre-frail based on FRAIL scale by coordinators in the primary care clinic and able to consent were invited to participate. Participation was voluntary. The inclusion criteria included age ≥ 65 years old, having the ability to follow instructions and participate in the intervention as deemed suitable by a primary care physician or trained members of the study team. Participants with a pacemaker or a defibrillator, liver or gastro-intestinal disease, end stage lung disease, cardiac disease, cancer undergoing active treatment, gout, underlying psychiatric conditions and nursing home residents were excluded. Figure 1 Participant screening, group allocation, and follow-up Interventions The control group received general health education advice. The intervention groups received 60 minut","Results Data from 190 participants was analysed at 3 months (111 control, 37 Ex and 41 Ex+CST). At 3 months, significant improvement in cognition was seen only in the Ex+CST group whereas improvements in depression, gait speed, SPPB and 5x-STS were seen in both the Ex and Ex+CST groups. At 6 months, the Ex+CST group improved in cognition and depression whereas improvement in frailty and muscle mass indices were seen in both the interventions groups. At 12 months, both the interventions groups had better perceived health, gait speed and less decline in muscle mass compared with control groups. Both the Ex and Ex+CST had significant association with TNF-α at 3 months (β −2.71 (95% CI −4.80–−0.62); p = 0.012 and β −1.74 (95% CI −3.43–−0.06); p = 0.043 respectively).
Results A total of 324 participants were initially enrolled in the study just before the Covid-19 pandemic with 187 allocated to the control group and 137 to the intervention groups (Ex = 80; Ex + CST = 57). Full data for analysis was available for 190 participants at 3 months (112 control, 37 Ex and 41 Ex + CST), 140 at 6 months (95 control, 26 Ex and 19 Ex + CST) and 173 at 12 months (122 control, 26 Ex and 25 Ex + CST) (Figure 1 ). The intervention study was conducted during the peak of COVID-19 pandemic with multiple lockdowns resulting in significant numbers withdrawing consent after enrolment or lost to follow-up. Some participants missed 3- and 6-month assessments due to COVID-19 measures. The median adherence was 75% for Ex+CST and 67% for Ex group. There was no significant difference between the participants who dropped out before the 3 months evaluation and those who continued except for falls risk which was adjusted for in the final analysis (supplementary Table 1). There were significant differences","Table 1 Baseline Characteristics Table 1 Baseline Characteristics Control n = 187 (57.7%) Exercise n = 80 (24.7%) Exercise + CST n = 57 (17.6%) P-value Demographics Gender 0.003 Male 96 (51.3) 33 (41.3) 15 (26.3) Female 91 (48.7) 47 (58.8) 42 (73.7) Age (years) 71.69 ± 4.99 a,b 73.39 ± 5.20 a 72.56 ± 5.06 b 0.037 Ethnicity 0.253 Chinese 150 (80.2) 74 (92.5) 46 (80.7) Malay 18 (9.6) 3 (3.8) 4 (7.0) Indian 19 (10.2) 3 (3.8) 7 (7.0) Others 1 (0.5) 0 (0.0) 0 (0.0) Hypertension 141 (75.4) 55 (68.8) 40 (70.2) 0.661 Hyperlipidaemia 159 (85.0) 56 (70.0) 46 (80.7) 0.043 Diabetes 104 (55.6) 33 (41.3) 33 (57.9) 0.099 Polypharmacy 61 (32.6) 24 (30.0) 17 (29.8) 0.899 Living Alone 14 (7.5) 4 (5.0) 6 (10.5) 0.476 Loneliness (UCLA-3) 33 (17.6) 9 (11.3) 14 (24.6) 0.125 BMI (kg/m 2 ) 26.32 ± 4.68 25.34 ± 4.72 26.11 ± 4.58 0.291 Education (years) 7.29 ± 4.00 8.25 ± 4.22 8.39 ± 3.73 0.060 Perceived Health (EQ-VAS) 69.12 ± 15.31 70.31 ± 12.69 67.81 ± 13.79 0.604 FRAIL Total 1.24 ± 0.44 1.39 ± 0.59 1.30 ± 0.50 0.052 Physical Activity (RAPA) 3.51 ± 1.52 a 2.69 ± 1.41 a,b 3.39 ± 1.51 b <0.001 At least 1 IADL Impairment 37 (19.8) 31 (38.8) 14 (24.6) 0.004 At least 1 ADL Impairment 32 (17.0) 25 (31.3) 15 (26.3) 0.032 Sarcopenia 1 18 (9.6) 16 (20.0) 8 (14.0) 0.057 Falls in Last One Year ≥ 1 38 (20.2) 22 (27.5) 16 (28.1) 0.322 MoCA 25.05 ± 3.42 a,b 26.55 ± 3.21 a 27.24 ± 2.38 b <0.001 Depression 56 (29.8) 19 (23.8) 12 (21.1) 0.293 Nutritional Status (MNA-SF) 0.894 Malnourished 3 (1.6) 1 (1.3) 1 (1.8) At risk of malnourishment 32 (17.1) 15 (18.8) 7 (12.3) Normal nutritional status 152 (81.3) 64 (80.0) 49 (86.0) Physical Performance Handgrip Strength (kg) 22.91 ± 7.08 21.99 ± 6.45 21.49 ± 6.78 0.363 Gait Speed (m/s) 0.94 ± 0.27 0.94 ± 0.33 0.97 ± 0.27 0.656 5x Chair Stand Time (s) 12.89 ± 4.79 13.98 ± 5.41 13.30 ± 4.46 0.251 Total SPPB Score 9.78 ± 2.07 9.55 ± 2.13 9.75 ± 2.06 0.704 Body Composition ASMI (kg/m 2 ) 6.86 ± 1.02 6.82 ± 1.50 6.71 ± 1.27 0.388 Body Cell Mass (kg) 25.82 ± 7.86 28.36 ± 7.74 26.86 ± 6.66 0.149 50khz-Trunk Phase Angle (θ) 5.67 ± 2.42 6.04 ± 3.95 5.39 ± 2.06 0.445 Values presented as n (%) or mean ± SD; Bold indicates significance (p < 0.05); a.b. Values with common superscript are significantly different. Abbreviations: BMI, Body Mass Index; ADL; Activities of Daily Living; MoCA; Montreal Cognitive Assessment; SPPB, Short Physical Performance Battery; ASMI, Appendicular Skeletal Muscle Index. 1. Based on Asian Working Group for Sarcopenia (AWGS) 2019’s definiti
---TABLE---
Table 2 Mean changes in outcome variables from baseline to 3 months, 6 months, and 12 months respectively Table 2 Mean changes in outcome variables from baseline to 3 months, 6 months, and 12 months respectively 0 Month – 3 Months 0 Month – 6 Months 0 Month – 12 Months Control n = 111 (54.6%) Exercise n = 37 (17.9%) Exercise + CST n = 41 (27.5%) p-value Control n = 95 (67.4%) Exercise n = 26 (18.4%) Exercise + CST n = 19 (13.6%) p-value Control n = 122 (70.5%) Exercise n = 26 (15.0%","Machine-assisted full-text mining supports extraction only; final inclusion, risk of bias, and numeric effects require author verification.",,,,,,
37328797,PMC10273765,10.1186/s12877-023-04080-0,Effects of an individualised exercise programme plus Behavioural Change Enhancement (BCE) strategies for managing fatigue in frail older adults: a cluster randomised controlled trial.,2023,BMC geriatrics,https://pubmed.ncbi.nlm.nih.gov/37328797/,community,unclear,unclear,pmc_fulltext_available,pmc_fulltext_mined_not_numeric_extracted,yes,yes,ok,data\raw\pmc_fulltext\PMC10273765.xml,frailty;gait_speed;grip_strength;falls;quality_of_life;adherence,yes,yes,yes,yes,yes,yes,no,yes,no,yes,yes,yes,no,3.0,-04080-0 4080 1 Research Effects of an individualised exercise programme plus Behavioural Change Enhancement (BCE) strategies for managing fatigue in frail older adults: a cluster randomised controlled trial Liu Justina Y. W. justina.liu@polyu.edu.hk 1 2 Yin Yue-Heng 1 Kor Patrick P. K. 1 Kwan Rick Y. C. 1 Lee Paul H. 3 Chien Wai Tong 4 Siu Parco M. 5 Hill Keith D. 6,tr BMC Geriatr 33 bmcgeri BMC Geriatrics 1471-2318 BMC PMC10273765 PMC10273765.1 10273765 10273765 37328797 10.1186/s12877-023-04080-0 4080 1 Research Effects of an individualised exercise programme plus Behavioural Change Enhancement (BCE) strategies for managing fatigue in frail older adults: a cluster randomised controlled trial Liu Justina Y. W. justina.liu@poly,"to either: the COMB group ( n = 64), receiving 16 weeks of exercise training plus the BCE programme; the EXER group ( n = 65), receiving exercise training and health talks; or the control group ( n = 55), receiving only health talks. Fatigue was assessed using the Multi-dimensional Fatigue Inventory (range: 20 to 100, with higher scores indicating higher fatigue levels)","Methods A three-armed cluster-randomised controlled trial (RCT) was conducted with 184 participants (mean age: 79.1 ± 6.4; mean frailty score: 2.8 + 0.8) from 21 community centres (ClinicalTrials.gov: NCT03394495 ). They were randomised into either: the COMB group ( n = 64), receiving 16 weeks of exercise training plus the BCE programme; the EXER group ( n = 65), receiving exercise training and health talks; or the control group ( n = 55), receiving only health talks. Fatigue was assessed using the Multi-dimensional Fatigue Inventory (range: 20 to 100, with higher scores indicating higher fatigue levels) at baseline, and immediately, 6 months, and 12 months post-intervention.
Methods Trial design A cluster randomised controlled trial (RCT) with three parallel groups was adopted in this study to test the hypothesis. The methods employed in the trial followed the CONSORT Cluster Trials Checklist [ 23 ] and are reported in this paper. Settings The clusters were district community or neighbourhood centres for older people in Hong Kong funded by and under the supervision of the Hong Kong Government. The major purpose of these centres is to provide community support services, such as health education, counselling services, meal services, and social and recreational activities to individuals aged 65 or older and their care givers [ 24 ]. An invitation letter was sent to all government-funded community centres for older people ( n = 211) in Hong Kong. Eventually, 21 centres accepted the invitation to join the study. Eligibility criteria for participants The target population of this study was community-dwelling older people who were frail and had a nonspecific cause of fatigue. This type of fatigue does not have an identifiable medical or psychological cause. It is a common com","Results The GEE analyses showed significant interaction (time x group) between the COMB and control groups immediately ( p < 0.001), 6 months ( p < 0.001), and 12 months ( p < 0.001) post-intervention. Comparing the COMB and EXER groups, there was a significant interaction immediately ( p = 0.013) and at 12 months post-intervention ( p = 0.007). However, no significant difference was seen between the EXER group and control group at any time point.
Results Characteristics of the participants The recruitment period started during the period of social unrest that began in June 2019. The turmoil continued with the outbreak of the COVID-19 pandemic in the beginning of 2020. The resulting social distancing/ quarantine policy and lockdowns acted as a severe drag on the project, and individuals expressed concerns about participating in the study. A total of 184 participants from 21 community centres were recruited between January 2018 and April 2020 and allocated into either the COMB, EXER, or control groups (COMB: n = 64, EXER: n = 65, control: n = 55) based on cluster randomisation at a ratio of 1:1:1. Both situations had made recruitment and retention of participants far more difficult than would otherwise have been the case. Therefore, the sample size was only about 64.6% of the sample size calculated in the proposal. The attrition rates were 14.1%, 18.5%, and 14.5% at T1 (immediately post-intervention), increasing to 28.1%, 32.3%, and 41.8% at T3 (at the 12-month follow-up) in the COMB, EXER, and control groups (see Fig. 2 ). The attrition rates of the participants at T3 were higher than the estimated attrition rate of 20% in the calculation of sample size. Fig. 2 CONSORT flow diagram of the subject recruitment and study procedure The demographic and clinical characteristi","Table 1 Characteristics of the study participants Table 1 Characteristics of the study participants All COMB EXER CONTROL Statistics a P ( n = 184) ( n = 64) ( n = 65) ( n = 55) Age (years)-Mean (SD) 79.1 (6.4) 78.7 (6.5) 77.9 (5.8) 81.1 (6.7) F = 3.925 0.021 Gender N (%) Male 19 (10.3) 10 (15.6) 3 (4.6) 6 (10.9) X 2 = 4.250 0.119 Female 165 (89.7) 54 (84.4) 62 (95.4) 49 (89.1) Walking aids N (%) X 2 = 7.145 0.848 None 105 (57.4) 40 (62.5) 36 (55.4) 29 (53.7) Walking stick 45 (24.6) 15 (23.4) 16 (24.6) 14 (25.9) Crutches 22 (12.0) 6 (9.3) 9 (13.8) 7 (12.9) Walking frames 2 (1.1) 0 (0) 0 (0) 2 (3.7) Rollators 2 (1.1) 1 (1.6) 1 (1.5) 0 (0) Shopping trolley 3 (1.6) 1 (1.6) 1 (1.5) 1 (1.9) Others 4 (2.2) 1 (1.6) 2 (3.2) 1 (1.9) a Either Chi-square test or one-way ANOVA was used depending on the types of dependent variables
---TABLE---
Table 2 Outcome variables at baseline a Table 2 Outcome variables at baseline a TOTAL COMB EXER CONTROL Statistics * p -value ( n = 184) ( n = 64) ( n = 65) ( n = 55) Mean (SD) Mean (SD) Mean (SD) Mean (SD) Primary outcome Multi-dimensional fatigue inventory (CMFI-20), 20–100, higher = more fatigue 66.4 (13.2) 69.3 (13.9) 64.3 (13.3) 65.4 (11.9) F = 2.549 p = 0.081 Secondary outcomes Physical endurance Hand Grip Strength 11.4 (5.6) 11.8 (6.4) 11.5 (4.8) 10.8 (5.6) F = 0.541 P = 0.583 30-s Chair Stand Test 8.2 (3.7) 8.1 (3.5) 8.7 (3.4) 7.6 (4.1) F = 1.434 p = 0.241 Timed-Up-and-Go test (TUG) 15.6 (7.9) 15.4 (6.6) 14.4 (5.4) 17.2 (11.1) F = 1.951 p = 0.145 2-min Walk Test 73.6 (27.0) 73.9 (30.2) 74.0 (25.2) 72.5 (25.6) F = 0.057 p = 0.944 Exercise and activity level related Exercise Self-efficacy Scale (CSEE), 0 -90, higher = higher self-efficacy 39.7 (17.9) 39.1 (16.1) 40.6 (18.8) 39.1 (18.9) F = 0.151 p = 0.860 # PASE-C, 0–400, higher = more physically active 48.6 (25.4) 49.4 (24.9) 51.4 (23.8) 44.5 (27.7) F = 1.151 p = 0.319 Frailty related Fried frailty index (FFI), 0–5, higher = frailer 2.8 (0.8) 2.8 (0.8) 2.6 (0.8) 2.9 (0.7) F = 2.024 p = 0.135 Psychological wellbeing related Geriatric depression scale (C-GDS), 0–15, > 8 = depression 4.9 (3.7) 5.5 (3.7) 4.5 (3.5) 4.8 (3.9) F = 1.213 p = 0.300 # PASE−C: The Chinese Version of the Physical Activity Scale for the Elderly * One−way ANOVA was used to assess group differences in outcome variables at baseline a adjusted for age
---TABLE---
Table 3 Results of the GEE Analyses on all outcome measures a Table 3 Results of the GEE Analyses on all outcome measures a COMB Mean (SD) EXE Mean (SD) CTRL Mean (SD) Time effect Group effect Time x Group effect COMB vs CTRL EXE vs CTRL COMB vs EXE COMB vs CTRL EXE vs CTRL COMB vs EXE Beta (SE) p Beta (SE) p Beta (SE) p Beta (SE) p Beta (SE) p Beta (SE) p Beta (SE) p Primary Outcome CMFI-20 , 20–100, higher = more fatigue - - 3.84 (2.35) 0.10 -1.16 (2.28) 0.61 5.00 * (2.37) 0.04 - - - - - - T0 69.3 (13.90) 64.3 (13.30) 65.4 (11.90) - - - - - - - - - - - - T1 62.3 (14.17) 62.4 (14.21) 66.4 (12.60) 0.48 (1.27) 0.70 - - - - - - -7.59 *** (","Machine-assisted full-text mining supports extraction only; final inclusion, risk of bias, and numeric effects require author verification.",,,,,,
37049448,PMC10097015,10.3390/nu15071607,The Impact of Nutrition and Oral Function Exercise on among Community-Dwelling Older People.,2023,Nutrients,https://pubmed.ncbi.nlm.nih.gov/37049448/,community,nutrition,nutrition_only,pmc_fulltext_available,pmc_fulltext_mined_not_numeric_extracted,yes,yes,ok,data\raw\pmc_fulltext\PMC10097015.xml,frailty;grip_strength;quality_of_life;adverse_events,yes,yes,no,yes,yes,no,no,yes,no,no,yes,no,yes,5.0,"and nutritional status at the baseline. The participants involved in the study were 26 community-dwelling older people with low TP, <30 kPa, aged ≥65 years, who were enrolled in a randomized controlled trial for a month in Itoshima City, Fukuoka, Japan. Oral and physical functions and body composition were measured at the baseline and at follow-up. Two-way analysis of",2072-6643 Multidisciplinary Digital Publishing Institute (MDPI) PMC10097015 PMC10097015.1 10097015 10097015 37049448 10.3390/nu15071607 nutrients-15-01607 1 Article The Impact of Nutrition and Oral Function Exercise on among Community-Dwelling Older People Tani Asuka 1 https://orcid.org/0000-0003-1512-1270 Mizutani Shinsuke 1 2 * https://orcid.org/0000-0001-8944-153,,"2. Materials and Methods 2.1. Study Design and Participants This randomized controlled trial was conducted among residents of Itoshima City, Fukuoka Prefecture, a suburb of the metropolitan area of Kyushu Island in Japan. We invited 76 community-dwelling older people whose tongue pressure was <30 kPa based on the results of oral function tests obtained from the Itoshima Frail Study conducted in 2020. The exclusion criteria were as follows: individuals who had nursing care certification, were paralyzed, or were receiving prosthetic treatment in the dental clinic. Finally, 28 individuals were enrolled (mean age, 74.0 ± 3.7 years), and they consented to participate in the study. This study was approved by the Institutional Review Board of Kyushu University (Application no. 202103). This study has been registered with the UMIN Clinical Trials Registry (UMIN 000050292). 2.2. Physical Examination 2.2.1. Height, Body Composition, and Body Mass Index (BMI) The height and body fat ratio of the body trunk and skeletal muscle mass of the trunk in addition to the weight were measured using a commercial multifrequency body composition instrument (InBody 270 analyzer, InBody Co., Ltd., Seoul, Republic of Korea) [ 14 ]. 2.2.2. Grip Strength Grip strength, which was an indicator of muscle weakness, was measured using an electronic grip strength meter (Grip D TKK-5401, Takei Scientific Instruments Co., Ltd., Niigata, Japan). The second joint of the index finger was at a right angle to the grip meter, and the display was on the outside. The participants were instructed to keep their legs apart, lower their arms naturally, and grip the meter completely. The measurements were repeated two times alternating between hands. The highest value of both hands was adopted as the indicator of weakn","3. Results 3.1. Participant’s Characteristics Figure 1 shows the flowchart of this study. Initially, 78 individuals with low tongue pressure (<30 kPa) were invited to participate in the study, of which 28 consented to participate in the study. However, two participants dropped out before the baseline evaluation because of personal reasons. The participant age ranged from 75 to 81 years, with a mean of 74.0 ± 3.7 years. As shown in Table 2 , the 26 participants were distributed into 13 in the tablet-based group (five men and eight women; mean ± SD age, 74.1 ± 3.8 years) and 13 in the paper-based group (eight men and five women; 73.9 ± 3.6 years) at the baseline. The baseline examination results of the two groups were compared. No significant difference was found between the tablet- and paper-based groups in all physical and oral categories at the baseline. 3.2. Intervention Effect Table 3 shows the results of the two-way analysis of variance comparing the tablet- and paper-based groups at the baseline and after intervention. The items showing interaction (intervention × between groups) included muscle mass ( p = 0.024), skeletal muscle mass ( p = 0.029), and SMI ( p = 0.032). No difference was detected in the pattern of change of interaction for any other item, which indicated that the trend of change was similar between the groups. Moreover, no significant difference was observed between the two groups, that is, the tablet group and the paper-based group, either at the baseline or at follow-up. The items in which the main effects of the intervention were observed included weight ( p = 0.003), BMI ( p = 0.004), maximum masticatory performance ( p = 0.010), maximum tongue pressure ( p = 0.035), and ODK /pa/ and /ka/ ( p = 0.009 and 0.017, respectively). 3.3. Nutrient Inta","Table 1 Procedures and effects of oral function exercises. nutrients-15-01607-t001_Table 1 Table 1 Procedures and effects of oral function exercises. Oral Function Exercises Procedures of Oral Function Exercises preparational exercise This included the six exercises below. (For 3 min, the participants exercise to music.) take a deep breath raise and lower the shoulder turn your face to the right and left lean your head to the right and left widely open and tightly close your mouth fully lift the angulus oris and relax four times puff your cheek and relax fully stick your tongue out and move it up, down, left, and right take a deep breath comprehensive exercise exercise for the orbicularis oris and buccal muscle “Pushing the cheek with hands” (2 min) fully puff the cheek press the cheek with both hands 10 times while keeping the lips tightly shut to prevent cheeks from squeezing relax the cheek after pressing 10 times exercises are repeated two times “Moving air into the mouth” (2 min) puff cheek to the maximum and move the air up in the mouth, then down, left, and right for five times per set repeat the exercises two times exercise for tongue muscle “Moving tongue exercise” (4 min) fully protrude and retract the tongue two times and put the tongue apex to the cervical line of the maxillary central incisor when retracting the tongue move the tongue up, down, left, and right two times rotate the tongue widely and reverse the direction per set repeat these exercises two times “Making pressure using the tongue to the upper jaw” (2 min) press the tongue into the upper jaw for 2 s and release it quickly with a pop 10 times per set. Repeat these exercises three times exercise for the swallowing muscles “Head flexion exercise” (2 min) sit on the chair place the hand on the forehead and chin tuck rhythmically against the hand per second repeat this exercise four times in succession, keep tucking the chin with the hand resisting on the forehead for 4 s and repeat this exercise for five sets “Pushing down chin exercise” (2 min) set the thumbs of both hands to the edge of the mandible press the mandible down rhythmically once per second. In succession, keep pressing the chin while resisting the hand for 4 s. Repeat this exercise five times
---TABLE---
Table 2 Comparison of variables in the two groups stratified by the oral exercise method at the baseline. nutrients-15-01607-t002_Table 2 Table 2 Comparison of variables in the two groups stratified by the oral exercise method at the baseline. Variable Total ( n = 26) Tablet Group ( n = 13) Paper Group ( n = 13) p -Value age (years) 74.0 ± 3.7 74.0 ± 3.8 73.9 ± 3.6 0.762 * sex (male) 13 (50) 5 (39) 8 (62) 0.239 † maximum hand grips (kg) 26.4 ± 6.6 24.9 ± 5.6 27.9 ± 7.3 0.204 * weight (kg) 54.6 ± 7.3 53.2 ± 5.8 56.0 ± 8.6 0.390 * BMI 21.3 ± 2.5 21.8 ± 2.9 20.9 ± 2.0 0.614 * body fat mass (kg) 14.2 ± 5.2 14.9 ± 6.0 13.4 ± 4.4 0.336 * muscle mass (kg) 38.1 ± 6.4 36.0 ± 5.9 40.2 ± 6.5 0.153 * skeletal muscle mass (","Machine-assisted full-text mining supports extraction only; final inclusion, risk of bias, and numeric effects require author verification.",,,,,,
36673644,PMC9859571,10.3390/healthcare11020276,Effect of the Active Aging-in-Place-Rehabilitation Nursing Program: A Randomized Controlled Trial.,2023,"Healthcare (Basel, Switzerland)",https://pubmed.ncbi.nlm.nih.gov/36673644/,unclear,resistance;balance;multidomain,multidomain,pmc_fulltext_available,pmc_fulltext_mined_not_numeric_extracted,yes,yes,ok,data\raw\pmc_fulltext\PMC9859571.xml,frailty;gait_speed;grip_strength;adl;falls;quality_of_life;adherence;adverse_events,yes,yes,yes,yes,yes,yes,no,yes,yes,yes,yes,yes,yes,5.0,PI) PMC9859571 PMC9859571.1 9859571 9859571 36673644 10.3390/healthcare11020276 healthcare-11-00276 1 Article Effect of the Active Aging-in-Place–Rehabilitation Nursing Program: A Randomized Controlled Trial https://orcid.org/0000-0002-5838-0080 Faria Ana da Conceição Alves 1 2 * Martins Maria Manuela F. P. S. 3 4 https://orcid.org/0000-0001-9982-9537 Ribeiro Olga Mar,"ilitation nurses have a relevant role, and the AAP-RNP seems to be effective in improving functional capacity and lifestyles in frail older adults. aged frailty lifestyle physical exercise rehabilitation nursing This research received no external funding. pmc-status-qastatus 0 pmc-status-live yes pmc-status-embargo no pmc-status-released yes pmc-prop-open-access yes","1. Study Design, Setting and Sample This study was an interventional, single-blind, randomized controlled trial (RCT) with two parallel groups, the experimental group (EG) and the control group (CG), and followed the Consolidated Standards of Reporting Trials statement (CONSORT) [ 31 ]. The participants included 30 frail older adults enrolled at a health care unit in nor","2. Materials and Methods 2.1. Study Design, Setting and Sample This study was an interventional, single-blind, randomized controlled trial (RCT) with two parallel groups, the experimental group (EG) and the control group (CG), and followed the Consolidated Standards of Reporting Trials statement (CONSORT) [ 31 ]. The participants included 30 frail older adults enrolled at a health care unit in northern Portugal and recruited by convenience sampling. All had already participated in a previous study with 300 older adults where the frailty profile of the older people was identified, [ 32 ] and, after the researcher contacted the older adults by telephone and explained the scope of the program, which took place during October 2021 and January 2022, they agreed to participate in the program. They all met the established inclusion criteria, namely, aged 65 years or older; presenting frailty (assessed using the Tilburg Frailty Indicator (TFI) [ 33 ]; lacking any cognitive deficits that would compromise their understanding of the program; having the ability to walk with or without a walking aid; exhibiting mild to moderate dependence assessed using the Barthel Index [ 34 ]; having no contraindications to physical exercise; not being institutionalized; being enrolled at a health care unit in northern Portugal; and agreeing to be part of the established rehabilitation program. To ascertain cognitive ability, we evaluated the older adults at the beginning of the interview according to the following items: orientation; memory; volition; and availability. To avoid bias and contamination, the participants were randomly assigned, 15 to the experimental group (EG) and 15 to the control group (CG), via a coin toss (1:1) by an independent researcher who was not involved in the conception","3. Results As displayed in Table 2 , the 30 older adults who participated in this study had a mean age of 81 ± 4.89, ranging from 71 to 86 years. The majority of the older adults were female (70%), widowed (63.33%), and had not completed elementary school (2.48 ± 1.58). Households were composed of a mean of 3 ± 1.12 people. Regarding health status/illness, we found that, on mean, the older adults had 4.41 ± 1.74 diseases and consumed 6.29 ± 1.94 medications. Most were hypertensive (76.67%) and had problems in their daily lives associated with decreased vision (93.3%) and hearing (70%). Before the program began, the EG and CG were equivalent with respect to gender, age, associated diseases, and frailty status. All EG participants had an adherence rate for the 24 sessions of the program greater than 95% (not 100% due to acute illness), with a significant benefit in relation to usual care being observed between the two evaluation moments (baseline and post-program), and there were no differences according to adherence. Improvements in statistical significance ( p < 0.05) in the multidimensional and physical frailty variables assessed using TFI and Fried’s phenotype are shown in Table 3 . Improvements were also observed in the EG in functional fitness, handgrip strength, independence in BADL, balance, and subjective perception of effort. There was an improvement in independence in IADL, however it was not statistically significant, according to Table 4 . After analyzing the results of all domains of the ILP scale, we found that the variables where the most positive change occurred were in relational behavior, physical activity habits, and stress management. There was an improvement in the adherence to adequate nutritional habits, but it was not statistically significant; re","Table 1 Description of the Active Aging in Place–Rehabilitation Nursing Program (AAP-RNP). healthcare-11-00276-t001_Table 1 Table 1 Description of the Active Aging in Place–Rehabilitation Nursing Program (AAP-RNP). Variables Main Exercises Duration Intensity Frequency Progression 1st Month 2nd Month 3rd Month Warm-up exercises - Breathing and energy conservation education and training - Postural training and body awareness - Execution of joint mobility exercises (shoulder and hip circumduction) 10 min Mild Twice a week - Greater respiratory control and energy conservation - Better postural balance - Higher number of series in joint mobility Aerobic Endurance Training - Walking - Climbing up and down stairs 5 min Mild (up to 4) to moderate (5–6) on a Borg rating scale of perceived exertion (0–10) Twice a week Longer distance and more unstable/irregular walking surface, with change of pace and direction Climb up and down stairs, progressing according to the person’s tolerance Strength Training - Lying-down performance of upper limb self-mobilization, rolling, bridging, and lifting with elbow load - Sitting execution of active and resisted exercises of the upper limbs (shoulder flexion/extension and abduction/adduction, self-mobilization) and lower limbs (hip flexion/extension and abduction/adduction, hip flexion with knee flexion) - Standing (squatting) 10 min Mild-to-moderate Twice a week 2 sets of each exercise with 10 repetitions without load 3 sets of each exercise with 12 repetitions with load adapted to each patient (40 to 50% of 1 RM) 3 sets of each exercise with 15 repetitions with load adapted to each patient (60 to 70% of 1 RM) Flexibility Training/ Workout - Performing exercises such “chair sit-and-reach” and “back scratch” 5 min Mild Twice a week Increase the range of motion Balance and coordination training - Performing static, dynamic, and dual-task balance exercises based on the Otago program [ 41 ] - Gait training on smooth, uneven, with obstacles, uphill, or downhill - Climbing up and down stairs training 10 min Moderate Twice a week - Sitting balance training - Unipedal balance with support on a stable surface–2 to 3 times (series of 5 to 10 on each leg) - Static balance in plantar-flexion, in dorsiflexion, in tandem - Unipedal balance training without support on a stable surface - −2 to 3 times (series of 5 to 10 on each leg) - Dynamic balance gait training - Tandem gait - Plantar-flexion gait (on tiptoe) - Dorsiflexion gait (on heels) - L
---TABLE---
Table 2 Sociodemographic and clinical characterization of the experimental and control groups. healthcare-11-00276-t002_Table 2 Table 2 Sociodemographic and clinical characterization of the experimental and control groups. Variables EG CG Gender n; % Female Male 11 (73.33%) 4 (26.67%) 10 (66.67%) 5 (33.33%) Age (Mean ± Std. Deviation) 80.07 ± 4.91 81.8 ± 5 Education (years) (Mean ± Std. Deviation) 3.13 ± 0.92 2.067 ± 1.87 Marital status n; % Married Widow(er) Single 4 (26.70%) 11 (7","Machine-assisted full-text mining supports extraction only; final inclusion, risk of bias, and numeric effects require author verification.",,,,,,
36636457,PMC9830714,10.2147/CIA.S391700,Protein-Added Healthy Lunch-Boxes Combined with Exercise for Improving Physical Fitness and Vascular Function in Pre-Frail Older Women: A Community-Based Randomized Controlled Trial.,2023,Clinical interventions in aging,https://pubmed.ncbi.nlm.nih.gov/36636457/,community,resistance;aerobic_walking;multicomponent_exercise;nutrition;digital_home,exercise_plus_nutrition,pmc_fulltext_available,pmc_fulltext_mined_not_numeric_extracted,yes,yes,ok,data\raw\pmc_fulltext\PMC9830714.xml,frailty;gait_speed;sppb;grip_strength;adherence;adverse_events,yes,yes,yes,yes,yes,yes,yes,yes,no,no,no,yes,yes,6.0,91700 1 Original Research Protein-Added Healthy Lunch-Boxes Combined with Exercise for Improving Physical Fitness and Vascular Function in Pre-Frail Older Women: A Community-Based Randomized Controlled Trial Park et al Park et al Park Wonil 1 2 Lee Jaesung 1 Hong Kwangseok 3 http://orcid.org/0000-0002-9901-7624 Park Hun-Young 4 5 Park Saejong 6 Kim Nahyun 1 Park Jongh,pmc Clin Interv Aging Clin Interv Aging 502 clinintag cia Clinical Interventions in Aging 1176-9092 1178-1998 Dove Press PMC9830714 PMC9830714.1 9830714 9830714 36636457 10.2147/CIA.S391700 391700 1 Original Research Protein-Added Healthy Lunch-Boxes Combined,"tive in physical fitness levels and vascular functions in pre-frail older women. Patients and Methods Sixty participants aged ≥ 65 years (81.5 ± 4.3 yrs) were divided equally into control group, diet group, aerobic exercise and diet group, and aerobic exercise with electromyostimulation and diet group. For 8 weeks, the participants received a set of protein-added meals t","Patients and Methods Sixty participants aged ≥ 65 years (81.5 ± 4.3 yrs) were divided equally into control group, diet group, aerobic exercise and diet group, and aerobic exercise with electromyostimulation and diet group. For 8 weeks, the participants received a set of protein-added meals twice daily on weekdays. The aerobic exercise groups performed 45 mins of stepping exercise at 50–70% of the maximal heart rate for 3 days/week, and the aerobic exercise with electromyostimulation was applied on each limb in 8 weeks. Blood pressure, physical fitness, cardiovascular biomarkers, pulse wave velocity, and flow-mediated dilation were measured before and after the 8-week.
Materials and Methods Participants A four-arm, single-blind, randomized controlled trial of this investigation was carried out in senior community centers in S City, South Korea, from June 2019 to March 2020. Individuals aged ≥ 65 years were recruited for this study. During the screening period, we contacted 1063 senior citizens by phone or face-to-face, from which we identified 60 eligible participants. They described any measures to disguise the random allocation sequence until interventions were assigned, but they were unaware of it. Before the 8-week intervention, they were randomly and equally assigned by the blinded researcher into one of the following four groups: control, diet (DG), aerobic exercise and diet (ADG), aerobic exercise with EMS, and diet (AEDG) ( Figure 1 ). Participants who were frail or robust, unable to walk independently, and had cognitive impairment and severe diseases, including CVD and cancer, were excluded from this study. Pre-frail older adults were identified based on five modified Fried criteria: 1) unintentional weight loss, 2) weakness, 3) exhaustion, 4) slow walking speed","Results There were no group differences in age, height, weight, body mass index, free fat mass, and %body fat at baseline. The right grip strength significantly increased in the diet group, aerobic exercise and diet group, and aerobic exercise with electromyostimulation and diet group (p < 0.05). Short physical performance battery, 6-min walking distance, and flow-mediated dilation significantly increased in the aerobic exercise and diet group and aerobic exercise with electromyostimulation and diet group (p < 0.05). Blood pressure and pulse wave velocity did not differ between interventions. High-density lipoprotein-cholesterol levels significantly increased after 8 weeks in all intervention groups (p < 0.05). There were no significant differences in glucose, HbA1c, total cholesterol, low-density lipoprotein-cholesterol, triglyceride, insulin, Homeostatic Model Assessment for Insulin Resistance, nitric oxide, and C-reactive protein levels.
Results A total of 60 participants aged ≥ 65 (mean age, 81.5 ± 4.3 yrs) were registered in this study ( Table 1 ). The participant’s compliance with the study protocol was 97% and 92% in the exercise and dietary interventions, respectively, based on the exercise log and dietary survey. Four participants dropped out either because of relocation (n = 1) because they were unsatisfied with the randomized result (n = 2) or for other personal reasons (n = 1). Therefore, 56 participants (93.3%) completed the 8-week intervention program ( Figure 1 ). The 8-week adherence rate was 95%, 97%, and 91% for the DG, ADG, and AEDG, respectively. There were no safety issues related to exercise and diet during the 8-week intervention period. Selected participant characteristics are listed in Table 1 . The groups did not differ in age, height, weight, ","Table 1 Selected Participant Characteristics Table 1 Selected Participant Characteristics Variables CG DG ADG AEDG p Age (years) 81.5 ± 4.6 82 ± 4.6 82.9 ± 2.7 79.7 ± 4.6 0.305 Height (cm) 148.5 ± 2.1 146.9 ± 6 148.6 ± 3.9 151.9 ± 5.4 0.071 Bodyweight (kg) 56 ± 6.8 53.3 ± 7.4 57.4 ± 9.5 57.4 ± 6.1 0.525 BMI (kg/m 2 ) 25.4 ± 2.9 24.7 ± 2.8 25.9 ± 4 24.9 ± 2.7 0.765 Free fat mass (kg) 18.3 ± 1.7 17.6 ± 2.9 18.4 ± 12.7 19.1 ± 1.5 0.438 Body fat (%) 37.8 ± 5.8 37.1 ± 4.8 38.9 ± 4.2 37.1 ± 5.1 0.768 Note : Data are expressed as means ± SD. Abbreviations : SD, standard deviation; CG, control group; DG, diet group; ADG, aerobic exercise and diet group; AEDG, aerobic exercise with electromyostimulation and diet group; BMI, body mass index.
---TABLE---
Table 2 Changes in Frailty Status Before and After the 8-Week Intervention Period Table 2 Changes in Frailty Status Before and After the 8-Week Intervention Period Variables Groups Before After Cohen’s d (95%) η 2 (p) Value Frailty status CG 1.7 ± 0.5 1.6 ± 0.7 −0.13 (−0.97, 0.75) Group Time Interaction 0.074 (0.33) 0.240 (0.001) † 0.497 (0.007) † DG 1.8 ± 0.5 1.3 ± 0.8* −0.65 (−1.51, 0.25) ADG 1.8 ± 0.5 1.1 ± 0.5* −1.4 (−2.34, −0.42) AEDG 1.7 ± 0.5 0.8 ± 0.7* −1.42 (−2.36, −0.44) Notes : Data are expressed as means ± SD. † Significant interaction or main effect, * p < 0.05 vs before intervention. Abbreviations : SD, standard deviation; CG, control group; DG, diet group; ADG, aerobic exercise and diet group; AEDG, aerobic exercise with electromyostimulation and diet group.
---TABLE---
Table 3 Changes in Macro-Nutrition Components Before and After the 8-Week Intervention Period Table 3 Changes in Macro-Nutrition Components Before and After the 8-Week Intervention Period Variables Groups Before After Cohen’s d (95%) η 2 (p) Value Total energy (kcal/day) CG 1006.3 ± 244.9 971.1 ± 265.2 −0.14 (−0.98, 0.74) Group Time Interaction 0.35 (0.001) † 0.263 (0.001) † 0.15 (0.066) DG 1155.4 ± 145.7 1482.5 ± 362.6*** 1.15 (0.25, 2.1) ADG 1207.7 ± 341.8 1549.9 ± 218.1*** 1.17 (0.26, 2.11) AEDG 1305.1 ± 446.3 1531.9 ± 322.6*** 0.58 (−0.28, 1.48) Total carbohydrate (g/day) CG 166.1 ± 37.6 154.7 ± 47.7 0.33 (−0.52, 1.21) Group Time Interaction 0.265 (0.003) † 0.156 (0.007) † 0.14 (0.082) DG 178.4 ± 22.8 211.7 ± 43.4*** 0.95 (0.07, 1.88) ADG 199.4 ± 49.2 227.8 ± 30.2*** 0.65 (−0.21, 1.55) AEDG 200.8 ± 61.6 226 ± 49*** 0.45 (−0.4, 1.34) Total protein (g/day) CG 36.1 ± 9.9 36 ± 13.2 −0.01 (−0.85, 0.87) Group Time Interaction 0.372 (0.001) † 0.252 (0.001) † 0.124 (0.117) DG 46.8± 7.8 60.3 ± 18.5*** 0.94 (0.06, 1.87) ADG 42.5 ± 15.5 61.1 ± 10.6*** 1.39 (0.45, 2.36) AEDG 51.2 ± 17.7 61.4 ± 17*** 0.59 (−0.27, 1.48) Total fat (g/day) CG 20 ± 9.3 22.1 ± 6.6 0.26 (−0.58, 1.14) Group Time Interaction 0.396 (0.001) † 0.316 (0.001) † 0.108 (0.164) DG ADG 27.2 ± 6.5 41.5 ± 14.3*** 1.24 (0.32, 2.19) 26.1 ± 11.2 41.4 ± 9.2*** 1.49 (0.54, 2.48) AEDG 31.7 ± 16.2 41 ± 11.3*** 0.67 (−0.19, 1.57) Notes : Data are expressed as means ± SD. † Signi","Machine-assisted full-text mining supports extraction only; final inclusion, risk of bias, and numeric effects require author verification.",,,,,,
36528997,PMC9757806,10.1016/j.gerinurse.2022.11.019,Efficacy of a multicomponent exercise training program intervention in community-dwelling older adults during the COVID-19 pandemic: A cluster randomized controlled trial.,2023,"Geriatric nursing (New York, N.Y.)",https://pubmed.ncbi.nlm.nih.gov/36528997/,community,multicomponent_exercise;multidomain,multidomain,pmc_fulltext_available,pmc_fulltext_mined_not_numeric_extracted,yes,yes,ok,data\raw\pmc_fulltext\PMC9757806.xml,frailty;gait_speed;sppb;grip_strength;falls;quality_of_life;adherence,yes,yes,yes,yes,yes,yes,yes,yes,no,yes,yes,yes,no,4.0,"7-4572(22)00277-4 1 Featured Article Efficacy of a multicomponent exercise training program intervention in community-dwelling older adults during the COVID-19 pandemic: A cluster randomized controlled trial Chang Shu-Hung PhD a b d ⁎ Chiang Ching-Cheng PhD c Chien Nai-Hui PhD d a Graduate Institute of Gerontology and Health Care Management, Geriatric and Long-Term Ca",on-title Elsevier - PMC COVID-19 Collection PMC9757806 PMC9757806.1 9757806 9757806 36528997 10.1016/j.gerinurse.2022.11.019 S0197-4572(22)00277-4 1 Featured Article Efficacy of a multicomponent exercise training program intervention in community-dwelling older adults during the COVID-19 pandemic: A cluster randomized controlled trial Chang Shu-Hung PhD a b d ⁎ Chiang Chi,"ificant effect on the sit-to-stand (five repetitions), grip strength, 10 m walk, gait speed, step length, stride length, timed up and go, and static balance tests. Compared to the control group, the experimental group showed significant changes in all the dependent variables except dynamic balance ( p < 0.05). 40 Another study found that a community-delivered group-based","Methods Study design This study was a 16-week two-arm parallel cluster randomized controlled trial with a 1:1 allocation ratio. The recruitment period was January–May 2020. Two assessments were performed, one at baseline and one at 16 weeks ( Fig. 1 ). Fig. 1 Intervention procedures and strategies for the control and intervention arms. Fig. 1 Participants and setting Potential participants were recruited from eight communities in northern Taiwan in which the elderly population ratio exceeded 14%. Inclusion criteria were (1) aged ≥ 60 years, (2) was living in the community, (3) owned a smartphone, and (4) did not have any hearing or visual acuity difficulties. People with cognitive impairment or dementia were excluded. Statistical power was analyzed using G*Power 3.1.7, 24 which indicated that a two-arm two-level repeated measures analysis of variance (ANOVA) required a sample size of 54 (27 participants per group) to achieve 95% statistical power with a 5% significance level and a medium-level effect size (0.25). Recruitment and randomization We screened 180 older adults, of whom six withdrew, resulting in 174 participants. The eight communities were randomly assigned to either the intervention or the control arm by drawing lots sealed in opaque envelopes. Each arm included four communities. Seven participants were lost to follow-up, five from the intervention arm and two from the control arm, because of loss of contact. In total, therefore, 167 participants—82 in the intervention arm and 85 in the control arm—completed the study ( Fig. 2 ). The retention rate was 94.3% for the intervention arm and 97.7% for the control arm. We received no complaints of related discomfort or injuries from the participants. Fig. 2 Study design flowchart. Fig. 2 Intervention In pre-commun","Results Baseline measurements The participants were 60–85 years old with a mean age of 67.55 years (SD = 7.86 years), 70.1% were female, 77.2% were married, 5.4% were current smokers, 9.0% were current drinkers, and 37.7% had hypertension. There were no statistically significant differences between the two arms in terms of their demographic characteristics at baseline ( Table 1 ). The control arm performed significantly better than the intervention arm for the tandem stand ( Table 2 ). Table 1 Baseline comparison of demographic characteristics between the intervention and control arms. Table 1 Variables ALL( n = 167) Intervention ( n = 82) Control ( n = 85) p Age a , mean (SD) 67.55 (7.86) 61.3 (9.8) 59.8 (7.5) 0.47 Gender 0.60 Male 50 (29.9) 23 (28.0) 27 (31.8) Female 117 (70.1) 59 (72.0) 58 (68.2) Employed 0.76 Yes 29 (17.4) 15 (18.3) 14 (16.5) No 138 (82.6) 67 (81.7) 71 (83.5) Marriage status 0.09 Yes 129 (77.2) 68 (82.9) 61 (71.8) No 38 (22.8) 14 (17.1) 24 (28.2) Education 0.18 Elementary school 77 (46.1) 32 (39.0) 45 (52.9) Junior high school 45 (26.9) 26 (21.7) 19 (22.4) > Senior high school 45 (26.9) 24 (29.3) 21 (24.7) Diabetes 0.77 Yes 30 (18.0) 14 (17.1) 16 (18.8) No 137 (82.0) 68 (82.9) 69 (81.2) Hypertension 0.12 Yes 63 (37.7) 26 (31.7) 37 (43.5) No 104 (62.3) 56 (68.3) 48 (56.5) Current smoker b 0.10 Yes 9 (5.4) 2 (2.4) 7 (8.2) No 158 (94.6) 80 (97.6) 78 (91.8) Current drinker 0.84 Yes 15 (9.0) 7 (8.5) 8 (9.4) No 152 (91.0) 75 (91.5) 77 (90.6) a Independent t -test. b Fisher's exact test Others: chi-squared test. Table 2 Baseline comparison of PA, prefrailty, and physical performance between the intervention and control arms. Table 2 All n (%) Intervention n (%) Control n (%) χ 2 p PA a Regular LTPA 69 (41.3) 36 (43.9) 33 (38.8) 0.44 0.505 VPA 32 (19.2) 16 ","Table 1 Baseline comparison of demographic characteristics between the intervention and control arms. Table 1 Baseline comparison of demographic characteristics between the intervention and control arms. Table 1 Variables ALL( n = 167) Intervention ( n = 82) Control ( n = 85) p Age a , mean (SD) 67.55 (7.86) 61.3 (9.8) 59.8 (7.5) 0.47 Gender 0.60 Male 50 (29.9) 23 (28.0) 27 (31.8) Female 117 (70.1) 59 (72.0) 58 (68.2) Employed 0.76 Yes 29 (17.4) 15 (18.3) 14 (16.5) No 138 (82.6) 67 (81.7) 71 (83.5) Marriage status 0.09 Yes 129 (77.2) 68 (82.9) 61 (71.8) No 38 (22.8) 14 (17.1) 24 (28.2) Education 0.18 Elementary school 77 (46.1) 32 (39.0) 45 (52.9) Junior high school 45 (26.9) 26 (21.7) 19 (22.4) > Senior high school 45 (26.9) 24 (29.3) 21 (24.7) Diabetes 0.77 Yes 30 (18.0) 14 (17.1) 16 (18.8) No 137 (82.0) 68 (82.9) 69 (81.2) Hypertension 0.12 Yes 63 (37.7) 26 (31.7) 37 (43.5) No 104 (62.3) 56 (68.3) 48 (56.5) Current smoker b 0.10 Yes 9 (5.4) 2 (2.4) 7 (8.2) No 158 (94.6) 80 (97.6) 78 (91.8) Current drinker 0.84 Yes 15 (9.0) 7 (8.5) 8 (9.4) No 152 (91.0) 75 (91.5) 77 (90.6) a Independent t -test. b Fisher's exact test Others: chi-squared test.
---TABLE---
Table 2 Baseline comparison of PA, prefrailty, and physical performance between the intervention and control arms. Table 2 Baseline comparison of PA, prefrailty, and physical performance between the intervention and control arms. Table 2 All n (%) Intervention n (%) Control n (%) χ 2 p PA a Regular LTPA 69 (41.3) 36 (43.9) 33 (38.8) 0.44 0.505 VPA 32 (19.2) 16 (19.5) 16 (18.8) 0.01 0.910 MVPA 111 (66.5) 55 (67.1) 56 (65.9) 0.03 0.871 Prefrailty a 45 (26.9) 22 (26.8) 23 (27.1) 0.00 0.973 mean (SD) mean (SD) mean (SD) t p Physical performance b Grip strength 24.56 (7.95) 24.81 (7.12) 24.13 (8.71) 0.55 0.582 Side-by-side stand 9.99 (0.80) 10.00 (0.00) 9.88 (1.09) 0.98 0.327 Semi tandem stand 9.99 (0.80) 10.00 (0.00) 9.88 (1.08) 0.98 0.327 Tandem stand 9.29 (3.09) 9.27 (2.62) 9.32 (3.50) −2.15 0.033* Four-meter gait speed 1.24 (0.25) 1.21 (0.24) 1.27 (0.25) −1.56 0.120 Five times sit-to-stand 7.16 (2.50) 6.93 (2.38) 7.38 (2.60) −1.16 0.245 SPPB 11.41 (1.34) 11.52 (1.21) 11.31 (1.45) 1.06 0.292 Single-leg standing 21.94 (11.25) 22.23 (10.60) 21.66 (11.89) 1.60 0.743 Timed up and go 6.26 (2.06) 6.25 (1.68) 6.27 (2.37) −0.08 0.938 Functional reach test 34.06 (5.90) 34.65 (4.92) 33.50 (6.68) 1.60 0.111 a chi-square test. b independent t -test. PA, physical activity; LTPA, leisure-time physical activity; VPA, vigorous physical activity; MVPA, moderate–vigorous physical activity; SPPB, short physical performance battery. * p < 0.05.
---TABLE---
Table 3 Comparison of pre- and post-test results in the intervention and control arms. Table 3 Comparison of pre- and post-test results in the intervention and control arms. Table 3 Pre-test n (%) Post-test n (%) χ 2 p PA a Regular LTPA Intervention (yes) 36 (43.9) 49 (59.8) — < 0.000 ⁎⁎⁎ Control (yes) 33 (38.8) 23 (27.1) — < 0.000 ⁎⁎⁎ VPA Intervention (yes) 16 (1","Machine-assisted full-text mining supports extraction only; final inclusion, risk of bias, and numeric effects require author verification.",,,,,,
36426763,PMC10100027,10.1111/ggi.14511,"Adherence, safety and potential effectiveness of a home-based Radio-Taiso exercise program in older adults with frailty: A pilot randomized controlled trial.",2023,Geriatrics & gerontology international,https://pubmed.ncbi.nlm.nih.gov/36426763/,home,digital_home,digital_home_unclear_intervention,pmc_fulltext_available,pmc_fulltext_mined_not_numeric_extracted,yes,yes,ok,data\raw\pmc_fulltext\PMC10100027.xml,frailty;sppb;adl;falls;quality_of_life;adherence;adverse_events,yes,yes,yes,yes,yes,no,yes,no,yes,yes,yes,yes,yes,4.0,"ticles: Epidemiology, Clinical Practice and Health Adherence, safety and potential effectiveness of a home‐based Radio‐Taiso exercise program in older adults with frailty: A pilot randomized controlled trial Feasibility study of Radio‐Taiso Y Osuka et al. Osuka Yosuke https://orcid.org/0000-0002-5744-1961 1 osuka@tmig.or.jp Sasai Hiroyuki 1 Kojima Narumi https://orcid",".1111/ggi.14511 GGI14511 1 Original Article Original Articles: Epidemiology, Clinical Practice and Health Adherence, safety and potential effectiveness of a home‐based Radio‐Taiso exercise program in older adults with frailty: A pilot randomized controlled trial Feasibility study of Radio‐Taiso Y Osuka et al. Osuka Yosuke https://orcid.org/0000-0002-5744-1961 1 osuk",zed controlled trial included community‐dwelling Jolder Japanese adults with frailty and pre‐frailty. Fifty‐eight eligible participants were randomly allocated to intervention and control groups. Intervention participants performed 3–5‐min sessions of Radio‐Taiso one to four times per day for 12 weeks. Feasibility criteria were set at practice and retention rates of ≥75%,"Methods This assessor‐blind parallel randomized controlled trial included community‐dwelling Jolder Japanese adults with frailty and pre‐frailty. Fifty‐eight eligible participants were randomly allocated to intervention and control groups. Intervention participants performed 3–5‐min sessions of Radio‐Taiso one to four times per day for 12 weeks. Feasibility criteria were set at practice and retention rates of ≥75%. Safety was monitored by assessing all adverse events reported by participants during the intervention period, irrespective of causality. Potential effectiveness was exploratorily assessed using items that allow clinical interpretation of changes: mobility and health‐related quality of life (HR‐QoL), assessed using the modified short physical performance battery (SPPB) and the SF‐36, respectively.
Methods Design and setting This study was a randomized, assessor‐blind, parallel‐design, two‐arm, phase II trial, conducted at the Tokyo Metropolitan Institute of Gerontology (TMIG) and in participants' homes nearby. The institutional review board of TMIG reviewed/approved the study protocol. Written informed consent was obtained before the baseline assessment, and patient anonymity was preserved. The protocol was registered in the University Hospital Medical Information Network Clinical Trial Registry on October 12, 2020 (no. UMIN000042083). This study is compliant with the relevant CONSORT 2010 guidelines. 10 Recruitment and eligibility criteria Participants were recruited from the participant pool of a comprehensive geriatric survey conducted by our team once per year. The survey was conducted in October 2020 at the TMIG. Survey respondents who met frailty or pre‐frailty criteria were sent an invitation letter to check their eligibility and invite them to particip","Results Both practice (83%) and retention rates (100%) met the predetermined feasibility criteria. Eleven adverse events were reported but were supposedly unrelated to the intervention. In the intention‐to‐treat analysis, there was no clinically significant difference in the change in SPPB score between groups (−0.4 points, 95% confidence interval [CI], −1.2, 0.3); however, the intervention group scored higher in the mental component of HR‐QoL than did the control group (3.4 points, 95% CI: −1.1, 7.8).
Results Enrollment Figure 1 shows the study flow. During October 2020, 902 older adults participated in the comprehensive geriatric survey. Of these, 514 participants who met the pre‐frailty or frailty criteria received the invitation letter. In total, 186 individuals who met all the eligibility criteria volunteered to participate, among which 60 were randomly selected and sent a baseline assessment invitation. Fifty‐eight older adults participated in the baseline assessment and were randomly assigned to two groups. No participants withdrew from the intervention or were lost to follow‐up. Figure 1 Flow diagram of the study. Baseline characteristics Table 2 shows the baseline characteristics of participants. The median age was 77 years (interquartile range, 73–80). Overall, 84.5% were women; 10.3% were older adults with frailty; and the median SPPB score at baseline assessment for all participants was 6 points (interquartile range, 5–8). Table 2 Characteristics of the study participants Characteristics Intervention group Control group N = 29 N = 29 Age, years 77 [72, 82] 77 [74, 79] Sex, women 25 (86.2) 24 (82.8) Hypertension, yes 16 (55.2) 7 (24.1) Heart disease, yes 9 (31.0) 2 (6.9) Diabetes, yes 8 (27.6) 4 (13.8) Hyperlipidemia, yes 13 (44.8) 8 (27.6) Osteoporosis, yes ","Table 1 Characteristics of the Radio‐Taiso program Table 1 Characteristics of the Radio‐Taiso program Name Time No. of movements Contents URL of videos Radio‐Taiso no. 1 3 min 10 s 13 Developed to be familiar to all generations from children to older adults at home https://www.youtube.com/watch?v=SGPBSqxKGAc&t=15s Radio‐Taiso No. 2 3 min 5 s 13 Exercise intensity is higher than no. 1. Developed to be performed by adults in the workplace https://www.youtube.com/watch?v=aHlNoTpXf_8 Minna no Taiso 4 min 30 s 8 Exercise intensity is the lowest. Developed to be familiar to all populations, including older adults and people with disabilities https://www.youtube.com/watch?v=AlNMP0T0B3o&t=8 s
---TABLE---
Table 2 Characteristics of the study participants Table 2 Characteristics of the study participants Characteristics Intervention group Control group N = 29 N = 29 Age, years 77 [72, 82] 77 [74, 79] Sex, women 25 (86.2) 24 (82.8) Hypertension, yes 16 (55.2) 7 (24.1) Heart disease, yes 9 (31.0) 2 (6.9) Diabetes, yes 8 (27.6) 4 (13.8) Hyperlipidemia, yes 13 (44.8) 8 (27.6) Osteoporosis, yes 9 (31.0) 9 (31.0) Respiratory disease, yes 2 (6.9) 4 (13.8) Low‐back pain, yes 10 (34.5) 8 (27.6) Knee pain, yes 9 (31.0) 10 (34.5) Data are shown as median [interquartile range] or n (%).
---TABLE---
Table 3 Adverse events during the intervention period Table 3 Adverse events during the intervention period Outcomes Intervention group Control group n = 29 n = 29 Adverse events reported by participants All 11 3 Pain 5 2 Fall 3 0 Side effects potentially related to COVID‐19 vaccines 2 1 Shingles 1 0 Adverse event assessed by abnormal values in the blood test † All 29 26 WBC, ref. (M: 3.9–9.8 10 3 /μL, F: 3.5–9.1 10 3 /μL) 3 2 RBC, ref. (M: 427–570 10 4 /μL, F: 376–500 10 4 /μL) 2 0 AST, ref. (0–40 U/L) 2 1 ALT, ref. (0–45 U/L) 4 1 γ‐GTP, ref. (M: 0–75 U/L, F: 0–45 U/L) 5 2 Platelet, ref. (13–36.9 10 4 /μL) 1 1 Blood urea nitrogen, ref. (8–22 mg/dL) 6 9 Creatine, ref. (M: 0.61–1.07 mg/dL, F: 0.47–0.79 mg/dL) 6 10 Data shown as n . † Newly identified signs (out of the reference range) at week 12. ALT, alanine transaminase; AST, aspartate aminotransferase; γ‐GTP, γ‐glutamyl trans peptidase; RBC, red blood cell; WBC, white blood cell.
---TABLE---
Table 4 Mean differences in the outcomes between the intervention and control groups Table 4 Mean differences in the outcomes between the intervention and control groups Outcomes Intervention group, N = 29 Control group, N = 29 Baseline Follow‐up Change Baseline Follow‐up Change Group difference Cohen's d SPPB, point 6.2 ± 1.9 6.0 ± 2.0 −0.2 ± 1.6 6.7 ± 2.1 7.0 ± 1.8 0.3 ± 1.0 −0.4 (−1.2, 0.3) 0.337 PCS, point 43.9 ± 9.8 42.1 ± 9.8 −1.8 ± 6.7 44.8 ± 7.0 47.8 ± 8.9 2.9 ± 5.9 −4.8 (−8.1, −1.4) 0.755 MCS, point 53.8 ± 8.4 55.7 ± 7.2 1.9 ± 7.7 57.0 ± 9.1 55.5 ± 8.1 −1.5 ± 9.2 3.4 (−1.1, 7.8) 0.395 Baseline, follow‐up and change values are shown as mean ± SD. Group difference is shown as mean (95% confidence interval). MCS, mental componen","Machine-assisted full-text mining supports extraction only; final inclusion, risk of bias, and numeric effects require author verification.",,,,,,
36341237,PMC9634412,10.3389/fmed.2022.971497,Intrinsic capacity rather than intervention exposure influences reversal to robustness among prefrail community-dwelling older adults: A non-randomized controlled study of a multidomain exercise and nutrition intervention.,2022,Frontiers in medicine,https://pubmed.ncbi.nlm.nih.gov/36341237/,community,resistance;multicomponent_exercise;nutrition;digital_home;multidomain,multidomain_exercise_nutrition,pmc_fulltext_available,pmc_fulltext_mined_not_numeric_extracted,yes,yes,ok,data\raw\pmc_fulltext\PMC9634412.xml,frailty;gait_speed;sppb;grip_strength;adl;falls;quality_of_life;adherence,yes,yes,yes,yes,yes,yes,yes,yes,yes,yes,yes,yes,no,4.0,"22.971497 1 Medicine Original Research Intrinsic capacity rather than intervention exposure influences reversal to robustness among prefrail community-dwelling older adults: A non-randomized controlled study of a multidomain exercise and nutrition intervention Tay Laura 1 2 * Tay Ee-Ling 3 Mah Shi Min 3 Latib Aisyah 4 Ng Yee-Sien 2 5 1 Geriatric Medicine, Department o",iers in Medicine 2296-858X Frontiers Media SA PMC9634412 PMC9634412.1 9634412 9634412 36341237 10.3389/fmed.2022.971497 1 Medicine Original Research Intrinsic capacity rather than intervention exposure influences reversal to robustness among prefrail community-dwelling older adults: A non-randomized controlled study of a multidomain exercise and nutrition intervention T,"the Asian Working Group for Sarcopenia cut-offs. Participants who fulfilled operational criteria for prefrailty but declined enrolment in the intervention programme served as the control group. All participants completed baseline IC assessment: locomotion (Short Physical Performance Battery, 6-minute walk test), vitality (nutritional status, muscle mass), sensory (self-","Methods Prefrail participants in this non-randomized study were invited to attend a 4-month exercise and nutritional intervention following a frailty screen in the community. Prefrailty was operationalized as (i) FRAIL score 1–2 or (ii) 0 positive response on FRAIL but with weak grip strength or slow gait speed based on the Asian Working Group for Sarcopenia cut-offs. Participants who fulfilled operational criteria for prefrailty but declined enrolment in the intervention programme served as the control group. All participants completed baseline IC assessment: locomotion (Short Physical Performance Battery, 6-minute walk test), vitality (nutritional status, muscle mass), sensory (self-reported hearing and vision), cognition (self-reported memory, age- and education adjusted cognitive performance), psychological (Geriatric Depression Scale-15, self-reported anxiety/ depression). Reversal of prefrailty was defined as achieving a FRAIL score of 0, with unimpaired grip strength and gait speed at 1-year follow-up.
Methods Study design and participants For this non-randomized controlled trial of a multi-domain physical exercise and nutritional intervention, potential prefrail participants were identified through our ongoing community frailty screening “Individual Physical Proficiency Test for Seniors (IPPT-S),” which had been previously described ( 18 ). In brief, the mobile screening platform is based at the void decks of public housing blocks, senior activity centers, and community clubs in the Northeastern region of Singapore served by a regional healthcare facility, and participants in the programme return for yearly follow-ups. Any individual who is aged ≥55 years, community-dwelling and able to ambulate independently (with or without walking aid) is eligible. Residents ","Results Of 81 participants (70.0 ± 6.6 years, 79.0% female), 52 participants (64.2%) were enrolled in the multi-domain intervention, and 29 participants (35.8%) who declined intervention constituted the control group. There was no difference in age, gender and baseline composite IC between groups. Reversal to robustness at 1-year was similar between intervention and control groups (30.8% vs. 44.8% respectively, p = 0.206). Reduced prevalence of depression was observed among participants in the intervention group at 1-year relative to baseline (7.8% vs. 23.1%, p = 0.022). In multiple logistic regression, intervention had no effect on prefrailty reversal, while higher composite IC exhibited reduced likelihood of remaining prefrail at 1-year (OR = 0.67, 95% CI 0.45–1.00, p = 0.049).
Results Among 209 participants with complete IC data and meeting operational criteria for prefrailty, only 81 were available for 1-year follow-up owing to restrictions imposed by the COVID-19 pandemic. Fifty two participants (64.2%) were enrolled in the multi-domain exercise and nutritional intervention programme, and 29 participants (35.8%) who declined intervention constituted the control group. There was no difference in age and composite IC score between participants who attended 1-year review compared with those who were excluded, although male participants were more likely to have been excluded albeit not statistically significant (21.0% vs. 32.8%, p = 0.064). Median attendance at group-based exercise and nutritional sessions was 72.7% (interquartile range: 18.2–81.8). Weekly exercise target was achieved only for 5 (interquartile range: 1–9) weeks over the intervention period. Baseline characteristics Intervention and control group participants were similar in age, gender, education level","Table 1 Baseline characteristics. Table 1 Baseline characteristics. Intervention ( N = 52) No intervention ( N = 29) p -value Demographics Age 69.8 (6.2) 69.8 (7.0) 0.954 Gender (Female) 40 (76.9%) 24 (82.8%) 0.536 Education (≤6 years) 25 (49.0%) 17 (58.6%) 0.408 Social Lives alone 9 (17.3%) 5 (17.2%) 0.994 Lack confidant 8 (15.4%) 9 (31.0%) 0.097 No social contact 1 (7.7%) 0 0.291 No community activities 3 (10.3%) 5 (9.8%) 1.00 Inadequate expenses 20 (38.5%) 5 (17.2%) 0.047 Help others 13 (25.0%) 7 (24.1%) 0.931 Active employment 6 (11.5%) 10 (34.5%) 0.013 Number of comorbidities 2 (1–2.5) 1 (0–2) 0.101 Smoking (ex/current) 4 (7.7%) 5 (17.2%) 0.403 Alcohol 8 (15.4%) 3 (10.3%) 0.738 Clinical characteristics CMMSE impaired 9 (17.3%) 0 0.017 Depression 12 (23.1%) 5 (17.2%) 0.536 At-risk/malnourished 13 (25.0%) 5 (17.2%) 0.421 BMI (kg/m 2 ) 24.7 (4.5) 23.2 (3.3) 0.117 Any fall past 1-year 15 (28.5%) 6 (20.7%) 0.422 Functional performance Barthel index 20 (20–20) 20 (20–20) 0.598 Lawton's IADL 23 (22–23) 23 (20–23) 0.863 Life space assessment 77.6 (25.0) 85.5 (17.7) 0.143 Physical activity (hours/week) 19.3 (17.6) 20.9 (18.0) 0.738 Locomotion domain score 0.758 0 13 (25.0%) 8 (27.6%) 1 8 (15.4%) 6 (20.7%) 2 31 (59.6%) 15 (51.7%) Cognition domain score 0.038 0 9 (17.3%) 0 1 16 (30.8%) 14 (48.3%) 2 27 (51.9%) 15 (51.7%) Psychological domain score 0.329 0 12 (23.1%) 5 (17.2%) 1 4 (7.7%) 0 2 36 (69.2%) 24 (82.8%) Sensory domain score 0.032 0 5 (9.6%) 0 1 11 (21.2%) 13 (44.8%) 2 36 (69.2%) 16 (55.2%) Vitality domain score 0.780 0 9 (17.3%) 4 (13.8%) 1 11 (21.2%) 8 (27.6%) 2 32 (61.5%) 17 (58.6%) Composite IC 7 (6–9) 8 (6–9) 0.719 Number domains impaired 2 (1–3) 2 (1–3) 0.600 Enrolment criteria 0.24 FRAIL –, weak and/or slow 23 (44.2%) 18 (62.1%) FRAIL +, unimpaired grip/ gait 12 (23.1%) 6 (20.7%) FRAIL +, weak and/or slow 17 (32.7%) 5 (17.2%) Slow gait speed 9 (17.3%) 3 (10.3%) 0.398 Weak grip strength 37 (71.2%) 23 (79.3%) 0.422 CMMSE, modified Chinese Mini Mental State Examination; IADL, instrumental activities of daily living.
---TABLE---
Table 2 Frailty and clinical outcomes at 1-year. Table 2 Frailty and clinical outcomes at 1-year. Intervention ( N = 52) No intervention ( N = 29) p -value Reversal to robustness 16 (30.8%) 13 (44.8%) 0.206 Prefrailty characteristics 0.603 FRAIL –, weak and/or slow 18 (34.6%) 7 (24.1%) FRAIL +, unimpaired grip/ gait 5 (9.6%) 2 (6.9%) FRAIL +, weak and/or slow 13 (25.0%) 7 (24.1%) Slow gait speed 7 (13.5%) 0 0.039 Weak grip strength 27 (51.9%)* 14 (48.3%)* 0.753 FRAIL item responses Fatigue baseline 5 (9.6%) 3 (10.3%) 0.916 Fatigue 12 − mth 3 (5.8%) 1 (3.5%) 0.644 Resistance baseline 20 (38.5%) 6 (20.7%) 0.100 Resistance 12 − mth 18 (34.6%) 7 (24.1%) 0.328 Ambulation baseline 7 (13.5%) 3 (10.3%) 0.683 Ambulation 12 − mth 10 (19.2%) 2 (6.9%) 0.134 Loss of weight baseline 4 (8.0%) 4 (13.8%) 0.411 Loss of weight 12 − mth 1 (1.9%) 1 (3.5%) 0.693 Illnesses baseline 0 1 (3.5%) 0.178 Illnesses 12 − mth 0 0 – Clinical characte","Machine-assisted full-text mining supports extraction only; final inclusion, risk of bias, and numeric effects require author verification.",,,,,,
35887850,PMC9320394,10.3390/jcm11144077,Frailty Status Improvement after 5-Month Multicomponent Program PROMUFRA in Community-Dwelling Older People: A Randomized Controlled Trial.,2022,Journal of clinical medicine,https://pubmed.ncbi.nlm.nih.gov/35887850/,community,resistance;multicomponent_exercise;digital_home,multicomponent_exercise,pmc_fulltext_available,pmc_fulltext_mined_not_numeric_extracted,yes,yes,ok,data\raw\pmc_fulltext\PMC9320394.xml,frailty;gait_speed;grip_strength;falls;adherence;adverse_events,yes,yes,yes,yes,yes,yes,no,yes,no,yes,no,yes,yes,4.0,9320394 9320394 35887850 10.3390/jcm11144077 jcm-11-04077 1 Article Frailty Status Improvement after 5-Month Multicomponent Program PROMUFRA in Community-Dwelling Older People: A Randomized Controlled Trial https://orcid.org/0000-0003-4345-5251 Barrachina-Igual Joaquín 1 2 https://orcid.org/0000-0002-1915-9906 Pablos Ana 2 * https://orcid.org/0000-0002-2118-9792 Pére,sciplinary Digital Publishing Institute (MDPI) PMC9320394 PMC9320394.1 9320394 9320394 35887850 10.3390/jcm11144077 jcm-11-04077 1 Article Frailty Status Improvement after 5-Month Multicomponent Program PROMUFRA in Community-Dwelling Older People: A Randomized Controlled Trial https://orcid.org/0000-0003-4345-5251 Barrachina-Igual Joaquín 1 2 https://orcid.org/0000-0002-1,"etry, pain and muscle function parameters in frail and pre-frail community-dwelling older people. Eighty-one participants were randomly allocated to the intervention group (IG) or control group (CG). The IG performed PROMUFRA for 20 weeks, using six strength exercises with three series of 8–12 repetitions until muscular failure, and seven myofascial exercises, with one s","2. Materials and Methods 2.1. Experimental Approach to the Problem The study design corresponded to a longitudinal, prospective, randomized, controlled parallel-group trial. The PROMUFRA program lasted 20 weeks and two measurements were performed. The first measurement took place before applying the exercise program (week 0 or pre-intervention), and the second one after its completion (week 21 or post-intervention). The measurements were obtained by a specialized physiotherapist and member of the research team, who did not take part in the intervention. The eligible participants were randomly divided into an intervention group (IG; performed PROMUFRA) and a control group (CG; continued with their usual daily activities). The study assessed the effect of the PROMUFRA program upon kinanthropometric measures (body weight, muscle mass, fat mass and skeletal muscle mass index and range of motion (ROM)) and muscle function parameters (isometric and isotonic knee extension, leg press and hand grip strength). An analysis was also made of how attendance on the PROMUFRA program influenced the results obtained. 2.2. Study Subjects A total of 44 people were needed for the sample size, based on a difference between groups of 0.5 points in the number of frailty criteria (SD = 0.47) and alpha and beta errors of 5% [ 20 ]. In anticipation of possible losses due to mortality or abandonment, the necessary sample size was increased by 15%, that is, 25 per group. A group of 96 frail or pre-frail older adults (79 females and 17 males aged 77 ± 8 years; range = 70–96) voluntarily participated in this study. The PROMUFRA program was offered to participants in Health Centers in the area belonging to the Health Area of the Hospital Clínico Universitario (Valencia, Spain) and in Social Centers f","3. Results 3.1. Baseline Characteristics of Participants A group of 96 frail or pre-frail older adults voluntarily participated in this study. A total of 84.4% ( n = 81) completed the post-intervention test. Figure 1 shows the flow chart of the study participants. Table 1 describes the general characteristics of the participants in the two groups. Significant differences were found between the IG and CG in fat mass ( p = 0.025) and in knee extension ROM ( p = 0.012). 3.2. Kinanthropometry, Physical Frailty, and Muscle Function Parameters An interaction effect was observed in muscle mass, fat mass, skeletal muscle mass index, hip flexion with knee bending ROM and knee extension ROM, with a moderate effect size post-intervention ( Table 2 ). These interaction effects and simple effects can be seen in Figure 2 . Significant differences were found in the CG ( p < 0.05) for muscle mass, in the IG for skeletal muscle mass index (SMMI) ( p < 0.05), knee extension ROM ( p < 0.001) and hip flexion with knee straight ROM ( p < 0.01). Moreover, there were significant differences in fat mass ( p < 0.05) and knee extension ROM ( p < 0.05) at pre-intervention, and in fat mass ( p < 0.01) and hip flexion with bended knee ( p < 0.01) at post-intervention. After the intervention, a decrease in the mean number of frailty criteria was observed in favor of the intervention group. The frailty criteria number (FCN) were 2.34 (1.25) in the IG and 2.44 (1.02) in the CG ( p = 0.717) at baseline, versus 1.45 (1.28) in the IG and 2.09 (1.11) in the CG ( p = 0.026) after intervention. Simple effects showed that there were intra-group differences in the IG (0.89; 95% CI 0.56–1.22; p < 0.001). The FCN in the IG presented values lower than in the CG (0.64; 95% CI 0.07–1.21; p = 0.028) at the end of t","Table 1 Baseline characteristics of the study sample. jcm-11-04077-t001_Table 1 Table 1 Baseline characteristics of the study sample. TotalMean (SD) IGMean (SD) CGMean (SD) p -Value Age, years 77.56 (7.51) 78.15 (7.092) 77.00 (7.92) 0.484 Female gender, % 84 79.5 88.1 0.292 CCI, score (0–37) 5.11 (1.71) 5.51 (1.95) 4.73 (1.36) 0.206 Height, cm 1.55 (0.08) 1.55 (0.08) 1.55 (0.07) 0.772 BW, kg 67.96 (12.03) 65.71 (11.07) 70.47 (12.72) 0.094 MM, kg 40.85 (6.93) 40.36 (7.64) 41.40 (6.11) 0.527 FM, kg 25.20 (7.73) 23.28 (6.80) 27.35 (8.23) 0.025 * SMMI, kg 6.56 (1.31) 6.53 (1.48) 6.59 (1.10) 0.844 Frailty status, % 100 46.9 53.1 0.818 Pre-frail, % 52.1 53.3 51.0 Frail, % 47.9 46.7 49.0 KE, kg 4.98 (4.18) 5.22 (4.38) 4.69 (3.96) 0.601 LP, kg 68.24 (22.22) 66.65 (23.71) 70.06 (20.57) 0.523 IKE, kg 19.98 (6.78) 20.75 (7.12) 19.06 (6.34) 0.317 HG, kg 22.11 (6.85) 21.72 (6.77) 22.54 (7.02) 0.616 Hip joint HFBK, ° 98.01 (20.48) 97.64 (17.07) 98.48 (24.47) 0.871 HFSK, ° 68.74 (17.28) 68.20 (15.85) 69.42 (19.20) 0.782 HE, ° 16.51 (12.60) 15.13 (12.01) 18.27 (13.33) 0.319 Knee joint Knee Flex, ° 113.81 (17.92) 114.18 (16.22) 113.34 (20.18) 0.851 Knee Ext, ° 173.00 (6.33) 171.25 (6.42) 175.17 (5.60) 0.012 * SMNA, score (0–14) 12.64 (1.83) 12.43 (2.08) 12.83 (1.56) 0.333 PA level, METs 1011.59 (887.09) 1122.35 (1037.04) 908.73 (718.47) 0.335 Notes: The descriptive analysis values are shown as the mean (standard deviation). IG: Intervention Group; CG: Control Group; CCI: Charlson Comorbidity Index; BW: Body Weight; MM: Muscle Mass; Fat Mass: FM; SMMI: Skeletal Muscle Mass Index; IKE: Maximum Isometric Knee Extension; KE: Maximum Isotonic Strength Knee Extension; LP: Maximum Isotonic Strength Leg Press; HG: Maximum Hand Grip Strength; °: Degree; ROM: Range of Motion; HFBK: Hip Flexion with Bended Knee ROM; HFSK: Hip Flexion with Straight Knee ROM; HE: Hip Extension ROM; Flex: Flexion; Ext: Extension. Frailty status: fulfills 0 frailty criteria = Robustness; fulfills 1 or 2 frailty criteria = Pre-frailty; fulfills + 2 frailty criteria = frailty. SMNA: Short Mini Nutritional Assessment; PA: Physical Activity. Statistical significance: * p < 0.05.
---TABLE---
Table 2 Pre and post intervention values and time × group comparative analysis of the kinanthropometric variables. jcm-11-04077-t002_Table 2 Table 2 Pre and post intervention values and time × group comparative analysis of the kinanthropometric variables. Post-Intervention Pre-Post Pre-Post Inter-Group Difference Outcome Group Mean (SD) Mean Difference 95% CI F p -Value η 2 p BW, kg CG 70.45 (13.11) 0.02 −0.59/0.64 0.003 0.956 <0.001 IG 65.66 (11.30) 0.47 −0.54/0.63 MM, kg CG 40.59 (6.49) 0.81 0.83/1.54 6.304 0.014 * 0.083 IG 40.81 (7.04) −0.45 −1.14/0.23 FM, kg CG 28.21 (8.95) −0.85 −1.75/0.05 5.266 0.025 * 0.070 IG 22.70 (6.84) 0.57 −0.27/1.43 SMMI, kg/m 2 CG 6.47 (1.10) 0.12 −0.45/0.29 7.624 0.007 ** 0.098 IG 6.72 (1.32) −0.19 −0.35/−0.38 HFBK, ° CG 92.00 (13.76) 6.48 −0.83/13.79 5.486 0.022 * 0.079 IG 102.62","Machine-assisted full-text mining supports extraction only; final inclusion, risk of bias, and numeric effects require author verification.",,,,,,
35766913,PMC9388057,10.24095/hpcdp.42.6.02,"Encouraging older adults with pre-frailty and frailty to ""MoveStrong"": an analysis of secondary outcomes for a pilot randomized controlled trial.",2022,"Health promotion and chronic disease prevention in Canada : research, policy and practice",https://pubmed.ncbi.nlm.nih.gov/35766913/,unclear,resistance;balance;aerobic_walking;nutrition,exercise_plus_nutrition,pmc_fulltext_available,pmc_fulltext_mined_not_numeric_extracted,yes,yes,ok,data\raw\pmc_fulltext\PMC9388057.xml,frailty;gait_speed;grip_strength;falls;quality_of_life,yes,yes,no,yes,yes,yes,no,yes,no,yes,yes,no,no,0.0,"highlights_clean_SD 1 Article Original quantitative research - Encouraging older adults with pre-frailty and frailty to “MoveStrong”: an analysis of secondary outcomes for a pilot randomized controlled trial Rodrigues Isabel B. PhD 1 Wagler Justin B. BSc 1 Keller Heather PhD 1,2 Thabane Lehana PhD 3 Weston Zachary J. MSc 4,5 Straus Sharon E. MSc, MD 6,7 Papaioannou Al","d-wedge randomized controlled trial evaluated the MoveStrong program for teaching adults who have frailty/pre-frailty about balance and functional strength training and sufficient protein intake to prevent falls and improve mobility. Methods: We recruited individuals aged 60 years and over, with a FRAIL scale score of 1 or higher and at least one chronic condition,",,"Methods: We recruited individuals aged 60 years and over, with a FRAIL scale score of 1 or higher and at least one chronic condition, who were not currently strength training. The program included 16 exercise physiologist-led hour-long group sessions and two dietitian-led hour-long nutrition sessions. We analyzed secondary outcomes—weight, gait speed, grip strength, physical capacity (fatigue levels), sit-to-stand functioning, dynamic balance, health-related quality of life (HRQoL), physical activity levels and protein intake—using a paired t test and a generalized estimating equation (GEE).","Results: Of 44 participants (mean [SD] age 79 [9.82] years), 35 were pre-frail and 9 were frail. At follow-up, participants had significantly improved grip strength (1.63 kg, 95% CI: 0.62 to 2.63); sit-to-stand functioning (2 sit-to-stands, 95% CI: 1 to 3); and dynamic balance (1.68 s, 95% CI: 0.47 to 2.89). There were no significant improvements in gait speed, HRQoL index scores, self-rated health, physical activity levels (aerobic activity and strength training) or protein intake. GEE analysis revealed an interaction between exposure to MoveStrong and gait speed, sit-to-stand functioning, dynamic balance and HRQoL index scores. The total cost to administer the program and purchase equipment was CAD 14700, equivalent to CAD 377 per participant.",,"Machine-assisted full-text mining supports extraction only; final inclusion, risk of bias, and numeric effects require author verification.",,,,,,
35399053,PMC8994906,10.1186/s12877-022-02888-w,The effects of vitamin D supplementation on frailty in older adults at risk for falls.,2022,BMC geriatrics,https://pubmed.ncbi.nlm.nih.gov/35399053/,community,balance;nutrition,exercise_plus_nutrition,pmc_fulltext_available,pmc_fulltext_mined_not_numeric_extracted,yes,yes,ok,data\raw\pmc_fulltext\PMC8994906.xml,frailty;gait_speed;grip_strength;falls;adherence;adverse_events,yes,yes,yes,yes,yes,yes,no,yes,no,yes,no,yes,yes,1.0,"supplementation on frailty using data from the Study To Understand Fall Reduction and Vitamin D in You (STURDY). Methods The STURDY trial, a two-stage Bayesian, response-adaptive, randomized controlled trial, enrolled 688 community-dwelling adults aged ≥ 70 years with a low serum 25(OH)D level (10–29 ng/mL) and elevated fall risk. Participants were initially randomize",gistration ClinicalTrials.gov: NCT02166333 . Supplementary Information The online version contains supplementary material available at 10.1186/s12877-022-02888-w. Keywords Frailty Nutrition supplementation Vitamin D3 Randomized controlled trial pmc-status-qastatus 0 pmc-status-live yes pmc-status-embargo no pmc-status-released yes pmc-prop-open-access yes pmc-prop-ol,"D3. Once the 1000 IU/d was selected as the best higher dose, other higher dose groups were reassigned to the 1000 IU/d group and new enrollees were randomized 1:1 to 1000 IU/d or control group. Data were collected at baseline, 3, 12, and 24 months. Frailty phenotype was based on number of the following conditions: unintentional weight loss, exhaustion, slowness, low act","Methods The STURDY trial, a two-stage Bayesian, response-adaptive, randomized controlled trial, enrolled 688 community-dwelling adults aged ≥ 70 years with a low serum 25(OH)D level (10–29 ng/mL) and elevated fall risk. Participants were initially randomized to 200 IU/d (control dose; n = 339) or a higher dose (1000 IU/d, 2000 IU/d, or 4000 IU/d; n = 349) of vitamin D3. Once the 1000 IU/d was selected as the best higher dose, other higher dose groups were reassigned to the 1000 IU/d group and new enrollees were randomized 1:1 to 1000 IU/d or control group. Data were collected at baseline, 3, 12, and 24 months. Frailty phenotype was based on number of the following conditions: unintentional weight loss, exhaustion, slowness, low activity, and weakness (≥ 3 conditions as frail, 1 or 2 as pre-frail, and 0 as robust). Cox proportional hazard models estimated the risk of developing frailty, or improving or worsening frailty status at follow-up. All models were adjusted for demographics, health conditions, and further stratified by baseline serum 25(OH)D level (insufficiency (20–29 ng/mL) vs. deficiency (10–19 ng/mL)).
Methods The STURDY trial was a two-stage, Bayesian response-adaptive dose-finding and seamless confirmatory randomized trial. The rationale and design of STURDY and the primary outcome results have been published [ 16 , 17 ]. Briefly, the study recruited community-dwelling older persons with low serum 25(OH)D and high risk for falls. Participants were initially randomized to daily doses of a single pill containing either 200 IU (control), 1000 IU, 2000 IU, or 4000 IU of vitamin D3. At the end of the dose-finding stage, the 1000 IU/d dose was selected as the best higher dose. Other higher dose groups (2000 IU/d and 4000 IU/d) were then switched to the best dose ","Results Among 687 participants (mean age 77.1 ± 5.4, 44% women) with frailty assessment at baseline, 208 (30%) were robust, 402 (59%) were pre-frail, and 77 (11%) were frail. Overall, there was no significant difference in risk of frailty outcomes comparing the pooled higher doses (PHD; ≥ 1000 IU/d) vs. 200 IU/d. When comparing each higher dose vs. 200 IU/d, the 2000 IU/d group had nearly double the risk of worsening frailty status (HR = 1.89, 95% CI: 1.13–3.16), while the 4000 IU/d group had a lower risk of developing frailty (HR = 0.22, 95% CI: 0.05–0.97). There were no significant associations between vitamin D doses and frailty status in the analyses stratified by baseline serum 25(OH)D level.
Results The primary STURDY population consisted of 688 participants including 349 in the PHD group and 339 in the 200 IU/d dose group. In the burn-in cohort, 406 participants were randomized in each of three higher doses ( n = 67) or the control dose ( n = 205). A total of 687 participants had complete frailty assessment at baseline. The sample characteristics are displayed in Table 1 and a flow chart of the analytic sample is presented in Supplementary Fig. 1 . Table 1 Baseline characteristics by vitamin D treatment groups All ( N = 687) Primary Analysis Population ( N = 687) Burn-in cohort ( n = 405) b Control (200 IU/d) ( n = 339) Pooled Higher Doses (PHD) a ( n = 348) 200 IU/d ( n = 205) 1000 IU/d ( n = 66) 2000 IU/d ( n = 67) 4000 IU/d ( n = 67) Age (years), mean ± SD 77.1 ± 5.4 77.1 ± 5.4 77.2 ± 5.4 77.7 ± 5.6 76.4 ± 4.4 77.3 ± 4.6 79.1 ± 5.9 Sex , no. (%) Male 388 (56.5) 198 (58.4) 190 (54.6) 88 (42.9) 28 (42.4) 29 (43.3) 27 (40.3) Female 299 (43.5) 141 (41.6) 158 (45.4) 117 (57.1) 38 (57.6) 38 (56.7) 40 (59.7) Race , no. (%) c White 542 (79.7) 276 (82.4) 266 (77.1) 171","Table 1 Baseline characteristics by vitamin D treatment groups Table 1 Baseline characteristics by vitamin D treatment groups All ( N = 687) Primary Analysis Population ( N = 687) Burn-in cohort ( n = 405) b Control (200 IU/d) ( n = 339) Pooled Higher Doses (PHD) a ( n = 348) 200 IU/d ( n = 205) 1000 IU/d ( n = 66) 2000 IU/d ( n = 67) 4000 IU/d ( n = 67) Age (years), mean ± SD 77.1 ± 5.4 77.1 ± 5.4 77.2 ± 5.4 77.7 ± 5.6 76.4 ± 4.4 77.3 ± 4.6 79.1 ± 5.9 Sex , no. (%) Male 388 (56.5) 198 (58.4) 190 (54.6) 88 (42.9) 28 (42.4) 29 (43.3) 27 (40.3) Female 299 (43.5) 141 (41.6) 158 (45.4) 117 (57.1) 38 (57.6) 38 (56.7) 40 (59.7) Race , no. (%) c White 542 (79.7) 276 (82.4) 266 (77.1) 171 (83.4) 48 (72.7) 50 (75.8) 56 (83.6) Black 124 (18.2) 55 (16.4) 69 (20.0) 32 (15.6) 13 (19.7) 15 (22.7) 10 (14.9) Other 23 (3.4) 7 (2.1) 16 (4.6) 4 (2.0) 5 (7.6) 2 (3.0) 1 (1.5) BMI (kg/m 2 ), mean ± SD 30.5 ± 6.0 30.4 ± 6.3 30.6 ± 5.6 30.2 ± 6.3 31.5 ± 5.7 30.7 ± 6.4 30.3 ± 6.2 Serum vitamin D (ng/mL) d 10 to 19, no. (%) 200 (29.1) 100 (29.5) 100 (28.7) 69 (33.7) 15 (22.7) 25 (37.3) 22 (32.8) 20 to 29, no. (%) 487 (70.9) 239 (70.5) 248 (71.3) 136 (66.3) 51 (77.3) 42 (62.7) 45 (67.2) Taking a personal vitamin D supplement No. (%) 255 (37.1) 124 (36.6) 131 (37.6) 76 (37.1) 26 (39.4) 26 (38.8) 21 (31.3) Median (IQR), IU/d 700 (600) 800 (586) 700 (600) 800 (586) 750 (500) 800 (500) 571 (400) Fell ≥ 1 time in prior year , no. (%) 449 (65.4) 221 (65.2) 228 (65.5) 135 (65.9) 42 (63.6) 43 (64.2) 45 (67.2) Number of chronic conditions e , mean ± SD 2.0 ± 1.2 1.9 ± 1.2 2.1 ± 1.2 2.0 ± 1.2 2.2 ± 1.3 2.1 ± 1.3 1.9 ± 1.2 Frailty status f , no. (%) Robust 208 (30.3) 105 (31.0) 103 (29.6) 60 (29.3) 19 (28.8) 25 (37.3) 23 (34.3) Pre-frail 402 (58.5) 206 (60.8) 196 (56.3) 123 (60.0) 40 (60.6) 36 (53.7) 33 (49.3) Frail 77 (11.2) 28 (8.2) 49 (14.1) 22 (10.7) 7 (10.6) 6 (9.0) 11 (16.4) a Pooled Higher Doses denotes the combined 1000, 2000, and 4000 IU/d groups b The four vitamin D groups were compared among participants in the burn-in cohort. The burn-in cohort from the dose-finding phase is an unbiased population for comparison of each higher dose versus control because these participants were randomized prior to the first adaptation of the randomization probabilities c Race was self-reported by the participant from a list of 5 categories (American Indian or Alaska Native, Asian, Black or African American, Native Hawaiian or other Pacific Islander, White); more than one race could be reported by a","Machine-assisted full-text mining supports extraction only; final inclusion, risk of bias, and numeric effects require author verification.",,,,,,
34725661,PMC12929997,10.1007/s12603-021-1671-x,"Association of Pain and Impact of Dual-Task Exercise on Function, Cognition and Quality of Life.",2021,"The journal of nutrition, health & aging",https://pubmed.ncbi.nlm.nih.gov/34725661/,community,balance;nutrition;digital_home,exercise_plus_nutrition,pmc_fulltext_available,pmc_fulltext_mined_not_numeric_extracted,yes,yes,ok,data\raw\pmc_fulltext\PMC12929997.xml,frailty;gait_speed;sppb;grip_strength;adl;falls;quality_of_life,yes,yes,yes,yes,yes,yes,yes,yes,yes,yes,yes,no,no,5.0,", sarcopenia and depression. Dual-task exercise proved safe and possibly effective in reducing pain and improving QOL, physical and cognitive function in older adults. Prospective randomized studies are needed to validate the effectiveness of dual-task vs single-task exercise, including impact of reversal of frailty and sarcopenia in pain management. Key words Pain qu","pmc J Nutr Health Aging J Nutr Health Aging 4760 jnha The Journal of Nutrition, Health & Aging 1279-7707 1760-4788 Elsevier PMC12929997 PMC12929997.1 12929997 12929997 34725661 10.1007/s12603-021-1671-x S1279-7707(23)00758-3 1 Original Research Association o","and can easily be replicated in other countries. There were objective measurements of cognition, gait speed, HGS and quality of life. However, a major limitation was the lack of a control group so we are unable to assess to what extent improvement in pain and other outcome measures was due to natural recovery, other factors or solely from our HAPPY intervention. Our stud","Patients and Methods This study is a secondary data analysis of the HAPPY (Healthy Ageing Promotion Program for You) study. At risk older adults ≥ 60 years old were enrolled in a community dual-task exercise program. Assessments for frailty, sarcopenia, falls, quality of life (QOL) and perceived health, depression, cognition and physical function were performed at baseline and 3 months. Pain intensity was derived from EQ-5D and stratified into no pain, slight pain and moderate to extreme pain.
Methods Study design This study was a secondary data analysis from the HAPPY (Healthy Aging Promotion Program for You) study, a community embedded program with primary aim to improve cognition, and secondary aims to reverse frailty, improve functional measures including pain and QOL ( 12 ). In this larger study, community dwelling older adults ≥ 60 years were identified by Phase 1 population screening through a network of grassroots volunteers, senior activity centers and word of peers. Consent and assessments were carried out on frailty status, sarcopenia screening, falls, cognition, gait speed, and handgrip strength by trained staff. At-risk older adults who were identified as pre-frail, frail or had mild cognitive impairment were invited to participate in the Phase 2 of the screening and participate in the dual-task exercise program between August 2017 and December 2019 (Figure 1 ) ( 12 ). During Phase 2 screening, repeat consenting and additional information was collected on functional status, physical activity, social network, and physical performance test. Baseline assessments were performed for enrolled participants and repeated after 3 months of the dual-task exercise intervention. Figure 1 Screening, recruitment and enrolment in dual-task exercise Setting and sample Eligi","Results Out of 296 participants, 37.2% had slight pain and 11.1% had moderate to severe pain. Both slight and moderate to extreme pain compared with no pain group were significantly associated with lower perceived health (68.2,63.6 vs 76.0) and QOL index (0.70,0.59 vs 0.93); moderate to extreme pain was also significantly associated with depression, low mental vitality, frailty, sarcopenia and poorer physical performance. After 3 months of dual-task exercise, pain improved in 70.8% of the moderate to extreme pain group and 50.8% of slight pain group. Significant improvement in perceived health, QOL, physical function and cognition were also observed.
Results Of the 296 participants, complete follow up data was available for 197 at 3 months, corresponding to a 33.4% drop-out rate (Figure 1 ). There was no significant difference between those who participated in the intervention and those who dropped out of the study (Supplementary table 1a ). Slightly more than half (51.7%) of the participants reported having no pain at baseline, 37.2% had slight pain and 11.1% moderate to extreme pain (Table 1a ). The mean age of all three groups ranged from 73.3 to 75.3 years old and ≥ 75% were women. The moderate to extreme pain group had the lowest EQ-5D index of 0.59 followed by the slight pain group of 0.70 and no pain group 0.92. There were no significant differences in the education level, multimorbidity and exercise frequency between the groups. The moderate to extreme pain group had higher prevalence of depression (28.1% vs 5.7%) and low mental vitality (40.6% vs 15.0%) compared with the no pain group (Table 1b ). Specifically, these two groups were significantly different in the ‘do you feel full of energy’ component of mental vitality. Table 1a Participant demographics A No p","Table 1a Participant demographics Table 1a Participant demographics A No pain 153 (51.7%) B Slight pain 110 (37.2%) C Moderate to extreme pain 33 (11.1%) p-value Age* 74.8 ± 7.6 73.3 ± 7.7 75.3 ± 8.5 0.34 BMI* 23.5 ± 3.6 24.6 ± 4.3 23.6 ± 4.3 0.053 Gender#,** 0.411 Male 34 (57.6) 19 (32.2) 6 (10.2) Female 119 (50.2) 91 (38.4) 27 (11.4) Ethnicity#,** 0.11 Chinese 137 (51.1) 101 (37.7) 30 (11.2) Malay 15 (68.2) 7 (31.8) 0 (0) Indian 1 (20.0) 2 (40.0) 2 (40.0) Others 0 (0) 0 (0) 1 (100) Years of education* 4.6 ± 4.1 5.1 ± 4.1 4.3 ± 4.3 0.619 Multimorbidity (≥ 2 illnesses)** 76 (49.7) 55 (50.0) 16 (48.5) 0.987 Number of medications (daily)* 1.66 ± 1.30 1.65 ± 1.66 1.88 ± 1.49 0.724 Number of exercise sessions attended over 3 months* 12.9 ± 7.73 16.4 ± 7.0 13.9 ± 7.2 0.017 a Moderate/vigorous intensity exercises ≥ 5 times weekly** 41 (27.7) 36 (33.6) 10 (30.3) 0.674 At least 1 ADL impairment** 13 (8.5) 8 (7.3) 6 (18.2) 0.144 At least 1 IADL impairment** 18 (11.8) 21 (19.1) 12 (36.4) 0.005 b EQ5D VAS* 76.0 ± 14.1 68.2 ± 14.3 63.6 ± 17.6 <0.001 a , b , c EQ5D Index* 0.93 ± 0.14 0.70 ± 0.15 0.59 ± 0.2 <0.001 a , b , c At risk of social isolation** 67 (45.3) 59 (55.7) 19 (57.6) 0.166 Notes: # indicates row percentages are shown instead of column percentages, * continuous variables were analyzed with One-way ANOVA, **categorical variables were analyzed using Chi-square test, a p<0.05 for A vs B, b p<0.05 for A vs C, c p<0.05 for B vs C; Abbreviations: BMI, Body mass index; VAS, Visual analogue scale; ADL, Activities of daily living; IADL, Instrumental activities of daily living
---TABLE---
Table 1b Mental health status Table 1b Mental health status A No pain 153 (51.7%) B Slight pain 110 (37.2%) C Moderate to extreme pain n= 33 (11.1%) p-value Depression** 8 (5.7) 14 (13.5) 9 (28.1) <0.001b Low mental vitality** 21 (15.0) 25 (24.0) 13 (40.6) <0.008c Are you basically satisfied with your life?** 0.488 Yes 135 (96.4) 97 (93.3) 30 (93.8) No 5 (3.6) 7 (6.7) 2 (6.2) Do you feel that your life is empty?** 0.398 Yes 12 (8.6) 8 (7.7) 5 (15.6) No 128 (91.4) 96 (92.3) 27 (84.4) Do you feel full of energy?** 0.014c Yes 129 (92.1) 88 (84.6) 23 (71.9) No 11 (7.9) 16 (15.4) 9 (28.1) cMMSE score* 25.0 ± 3.72 26.1 ± 3.33 25.3 ± 3.61 0.12 MoCA score* 22.8 ± 4.91 24.2 ± 4.94 21.9 ± 6.09 0.054 Notes: * continuous variables were analyzed with One-way ANOVA, **categorical variables were analyzed using Chi-square test, a p<0.05 for A vs B, b p<0.05 for A vs C, c p<0.05 for B vs C; Abbreviations: c MMSE, Chinese mini mental state examination; MoCA, Montreal cognitive assessment
---TABLE---
Table 1c Physical function Table 1c Physical function A No pain 153 (51.7%) B Slight pain 110 (37.2%) C Moderate to extreme pain 33 (11.1%) p-value FRAILTY LEVEL** 0.002 b Robust 55 (35.9) 25 (22.7) 4 (12.1) Pre-frail 95 (62.1) 78 (70.9) 24 (72.7) Frail 3 (2.0) 7 (6.4) 5 (15.2) Fatigue** 75 (49.0) 71 (64.5) 25 (75.8) 0.004 a , b Resistance** 16 (10.5) 16 (14.5) 10 (30.3) 0.015 b Aerobic** 7 (4","Machine-assisted full-text mining supports extraction only; final inclusion, risk of bias, and numeric effects require author verification.",,,,,,
34620081,PMC8499414,10.1186/s11556-021-00273-x,Effectiveness of a community-delivered pneumatic machine resistance training programme (Gym Tonic) for older adults at neighbourhood senior centres - a randomized controlled trial.,2021,European review of aging and physical activity : official journal of the European Group for Research into Elderly and Physical Activity,https://pubmed.ncbi.nlm.nih.gov/34620081/,community,resistance;balance;aerobic_walking;digital_home,exercise_only,pmc_fulltext_available,pmc_fulltext_mined_not_numeric_extracted,yes,yes,ok,data\raw\pmc_fulltext\PMC8499414.xml,frailty;gait_speed;sppb;grip_strength;adl;falls;quality_of_life;adherence;adverse_events,yes,yes,yes,yes,yes,yes,yes,yes,yes,yes,yes,yes,yes,2.0,73-x 273 1 Research Article Effectiveness of a community-delivered pneumatic machine resistance training programme (Gym Tonic) for older adults at neighbourhood senior centres – a randomized controlled trial Lee Shuen Yee 1 Goh Alycia 2 Tan Ken 2 Choo Pei Ling 1 3 Ong Peck Hoon 1 Wong Wai Pong 1 http://orcid.org/0000-0002-7853-4112 Wee Shiou-Liang weeshiouliang@gmail.,1813-7253 1861-6909 BMC PMC8499414 PMC8499414.1 8499414 8499414 34620081 10.1186/s11556-021-00273-x 273 1 Research Article Effectiveness of a community-delivered pneumatic machine resistance training programme (Gym Tonic) for older adults at neighbourhood senior centres – a randomized controlled trial Lee Shuen Yee 1 Goh Alycia 2 Tan Ken 2 Choo Pei Ling 1 3 Ong Peck H,"ree hundred eighteen community-dwelling older adults aged ≥65 years were randomized into 12-week (twice/week) coach-supervised-community-based-GT-programme( n = 168) and wait-list control groups( n = 150). After 12 weeks, the intervention group continued with GT-training and the control group received supervised-GT-programme for further 12 weeks (partial-crossover-design","Methods Three hundred eighteen community-dwelling older adults aged ≥65 years were randomized into 12-week (twice/week) coach-supervised-community-based-GT-programme( n = 168) and wait-list control groups( n = 150). After 12 weeks, the intervention group continued with GT-training and the control group received supervised-GT-programme for further 12 weeks (partial-crossover-design). Fried frailty score, lower-extremity muscle strength and physical function (i.e., fast and habitual gait-speed, balance, repeated-chair-sit-to-stand, short physical performance battery (SPPB)) were determined at baseline, 12 and 24 weeks. Analysis adopted a modified-intention-to-treat-approach.
Methods Study design PulseSync adopted a randomized controlled design to implement the 12-week coach-led GT intervention to three community senior centers. After 12 weeks, the wait-list control group received the coach-led GT-programme for a subsequent 12 weeks, in a partial crossover design. The original intervention group had access to GT facility for a further 12 weeks (Fig. 1 ). Study outcomes were measured at baseline, 12 weeks and 24 weeks. All study visits were conducted across three senior centers at different residential estates in Singapore between Oct 2018 to Jul 2019 (ClincalTrials.gov Identifier: NCT04661618 , retrospectively registered). All participants gave written informed consent. Researchers at Singapore Institute of Technology conducted retrospective analyses and evaluation of the study data collected by PulseSync. Ethics approval was obtained from the institutional review board of Singapore Institute of Technology (IRB-2020178). Fig. 1 CONSORT diagram of the randomized controlled trial with crossover of control group to intervention arm after 12 weeks. GT = Gym Tonic programme, IT","Results After 12 weeks, lower-extremity muscle strength improved by 11–26%(all p < 0.05) and fast gait-speed improved by 7%( p = 0.008) in GT-intervention group( n = 132) than controls( n = 118), regardless of frailty status. Other physical function performance did not differ between control and intervention groups after 12 weeks (all p > 0.05). Frailty score improved by 0.5 in the intervention but not control group( p = 0.004). Within the intervention group, lower-extremity muscle strength and physical function outcomes improved at 24 weeks compared with baseline (all p < 0.001). Within controls, lower-extremity muscle strength, SPPB, repeated-chair-sit-to-stand and fast gait-speed improved post-GT (24-week) compared to both pre-GT (12-week) and baseline. Programme adherence was high in intervention [0–12-weeks,90%(SD,13%); 12–24-weeks,89%(SD,17%)] and control [12–24-weeks,90%(SD,19%)] groups.
Results Participant characteristics Three hundred eighteen participants were recruited and randomized into intervention ( n = 168) and wait-list control ( n = 150) groups. Prior to baseline measurement, 3(2%) and 22(15%) participants withdrew from the intervention and control groups respectively, due to unrelated medical conditions, lack of time or interest (Fig. 1 ). A total of 165 (75.8% women) and 128 (72.7% women) participants in the intervention and control groups completed baseline assessment respectively. From baseline to 12 weeks, 33(20%) participants from the intervention group and 10(8%) participants from the control group withdrew, due to unrelated medical conditions, transportation or commitment issues. After 12 weeks, 132 (77.3% women) and 118 (72.9% women) participants started and completed the GT intervention and control phase, respectively, and had outcome data fo","Table 1 Mean (SD) Participant characteristics at baseline in control and intervention groups Table 1 Mean (SD) Participant characteristics at baseline in control and intervention groups Control Intervention P value n 128 165 Sex, Female (n (%)) 92 (74%) 125 (76%) Age (years) 73 (6) 73 (7) 0.836 Height (cm) 156 (8) 156 (8) 0.693 Weight (kg) 58 (12) 57 (12) 0.619 Body Mass Index (kg/m2) 23.7 (4.1) 23.4 (4.2) 0.493 Waist Circumference (cm) 86.5 (11.3) 86.8 (11.6) 0.818 Systolic BP (mmHg) 130 (16) 129 (17) 0.668 Diastolic BP (mmHg) 76 (10) 77 (10) 0.816 Heart Rate (bpm) 73 (11) 73 (11) 0.945 Mod/Vig Physical Activity (days/wk) 1.0 (1.8) 1.5 (2.1) 0.02* Frailty Status (%) Robust 24 23 Pre-Frail 56 61 Frail 20 16 Mod Moderate intensity, Vig Vigorous intensity, * p < 0.05
---TABLE---
Table 2 Mean (SD) Study outcomes at 12 weeks in GT-intervention and control groups Table 2 Mean (SD) Study outcomes at 12 weeks in GT-intervention and control groups Control ( n = 118) Intervention ( n = 132) P value Baseline 12-week Change Baseline 12-week Change Group× Time Anthropometric Weight (kg) 57.9 (11.8) 57.8 (11.8) −0.1 (1.1) 56.7 (11.8) 57.0 (11.8) 0.3 (1.4) 0.054 Body Mass Index (kg/m2) 23.6 (3.8) 23.6 (3.9) 0.0 (0.5) 23.1 (4.3) 23.2 (4.4) 0.1 (0.6) 0.034 Waist Circumference (cm) 86.3 (11.5) 86.4 (10.7) 0.1 (5.0) 86.1 (11.9) 84.5 (12.0)** −1.6 (5.7) 0.015 Cardiovascular Systolic BP (mmHg) 130 (16) 129 (16) −2 (15) 130 (17) 128 (13) −1 (14) 0.842 Diastolic BP (mmHg) 76 (10) 75 (9) −1 (8) 76 (10) 75 (9) −2 (8) 0.275 Heart rate (bpm) 73 (11) 74 (13) 1 (9) 74 (11) 76 (11) 2 (8) 0.416 Muscle Strength Hand Grip (kg) 21.3 (6.4) 21.5 (6.3) 0.2 (2.3) 21.3 (6.9) 21.4 (6.3) 0.1 (2.8) 0.616 Knee Extensor Left (kgf) 52.7 (19.8) 56.6 (22.8) 4.0 (14.1) 54.4 (22.0) 60.9 (22.9) 6.6 (14.4) 0.148 Knee Extensor Right (kgf) 53.2 (21.8) 56.7 (21.7)* 3.6 (11.7) 53.4 (20.5) 61.6 (22.2)*** 8.2 (15.9) 0.010 Knee Flexion Left (kgf) 27.3 (11.5) 28.9 (12.2) 1.5 (7.3) 27.2 (13.0) 32.4 (13.8)*** 5.2 (8.5) < 0.001 Knee Flexion Right (kgf) 26.9 (26.5) 28.2 (12.8) 1.2 (9.2) 26.5 (11.9) 33.3 (13.5)*** 6.8 (9.2) < 0.001 Hip Abduction (kgf) 43.8 (13.3) 44.3 (13.8) 0.5 (7.0) 44.7 (14.0) 49.4 (14.6)*** 4.6 (7.0) < 0.001 Hip Adduction (kgf) 47.6 (17.2) 49.4 (18.8) 1.8 (8.7) 47.9 (16.4) 54.8 (19.0)*** 6.9 (9.6) < 0.001 Physical Function 5x Sit-to-stand (s) 13.4 (7.7) 12.9 (9.0) −0.4 (4.1) 12.6 (5.7) 11.1 (5.3) −1.2 (3.9) 0.105 Habitual Gait Speed (m/s) 0.93 (0.34) 1.00 (0.33) 0.06 (0.22) 0.95 (0.29) 1.04 (0.35) 0.10 (0.22) 0.267 Fast Gait Speed (m/s) 1.35 (0.51) 1.37 (0.48) 0.02 (0.30) 1.31 (0.39) 1.40 (0.48)*** 0.11 (0.26) 0.008 Balance Score 3.46 (1.05) 3.64 (0.79) 0.17 (0.89) 3.53 (0.92) 3.54 (0.99) 0.07 (0.75) 0.252 SPPB Score 9.7 (3.0) 10.3 (2.6) 0.5 (1.6) 10.1 (2.5) 10.5 (2.7) 0.5 (1.3) 0.861 Fried Frailty Score 1.52 (1.16) 1.34 (1.08) −0.16 (0.78) 1.40 (1.07) 0.96 (1.05)*** −0.49 (0.89) 0.004 * p < 0.05, ** p < 0.01, *** p < 0.001 significant at 12-week compared to values at baseline within gro","Machine-assisted full-text mining supports extraction only; final inclusion, risk of bias, and numeric effects require author verification.",,,,,,
34449605,PMC8395892,10.3390/geriatrics6030072,Enhancement of Anticipatory Postural Adjustments by Virtual Reality in Older Adults with Cognitive and Motor Deficits: A Randomised Trial.,2021,"Geriatrics (Basel, Switzerland)",https://pubmed.ncbi.nlm.nih.gov/34449605/,unclear,balance;aerobic_walking,exercise_only,pmc_fulltext_available,pmc_fulltext_mined_not_numeric_extracted,yes,yes,ok,data\raw\pmc_fulltext\PMC8395892.xml,frailty;gait_speed;grip_strength;falls;adverse_events,yes,yes,yes,yes,yes,yes,no,yes,no,yes,no,no,yes,0.0,05 10.3390/geriatrics6030072 geriatrics-06-00072 1 Article Enhancement of Anticipatory Postural Adjustments by Virtual Reality in Older Adults with Cognitive and Motor Deficits: A Randomised Trial Bourrelier Julien 1 Fautrelle Lilian 2 3 Haratyk Etienne 4 https://orcid.org/0000-0002-5518-9803 Manckoundia Patrick 1 5 Mérienne Frédéric 6 Mourey France 1 4 Kubicki Alexan,g arm movements and walking initiation and allowing an optimal coordination between posture and movement. Several studies reported the significant benefits of virtual reality (VR) exercises in frail older adults to decrease the anxiety of falling and to induce improvements in behavioural and cognitive abilities in rehabilitation processes. The aim of this study was,"ed to the use of a Nintendo Wii system. Methods: Frail older adults ( n = 37) were included in this study who were randomized and divided into a VR exercises group (VR group) or a control group using the Nintendo Wii system (CTRL group). Finally, 22 patients were included in the data treatment. APA were studied through muscular activation timings measured with electromyo","2. Material and Methods 2.1. Participants Frail older adults were included at the Geriatric Medicine and rehabilitation service of Dijon University Hospital, France. All the participants were right handed, as assessed by the Edinburgh Handedness Inventory [ 25 ], and gave written informed consent, in accordance with the local ethical committee clearance ID-RCB number 2015-A01583-46, Clinical Trial Reference number NCT02855853 . This work was carried out in agreement with the Code of Ethics of the World Medical Association (Declaration of Helsinki) for experiments involving humans. The privacy rights of human participants were observed at all times. Inclusion criteria were (1) recognized cognitive deficit with ability to understand simple orders according to a Mini Mental State Examination [ 26 ] (MMSE) scored between 15 and 28; (2) recognized motor deficit highlighted by a gait velocity lower than 0.65 m.s −1 [ 27 ]; (3) performed the 10 sessions of the rehabilitation program in 3 weeks; and (4) realized the pre- and post-test sessions. Exclusion criteria were (1) a non-affiliation to a social security scheme; (2) an insufficient cognitive state (MMSE score < 15); (3) an insufficient motor state (inability to walk more than 10 m, and/or inability to maintain the upright standing posture for more than 60 s); (4) severe disorders of vision and/or audition (inability to perceive visual and/or auditory information coming from virtual reality); (5) a cardiovascular affection in the acute or unstable phase; (6) an unbound bone fracture; (7) an interruption of over 96 h between the two rehabilitation sessions; (8) a missed a rehabilitation session; and (9) failed to attend the pre- or post-test session. To comply with these inclusion criteria, a sample size of 20 patients shou","3. Results To achieve the main aim of this study, the effects of the virtual reality training were assessed by comparing the post-training phase results with those obtained in the pre-training phase. In relation to the finger reaction times, the ANOVA revealed no session (F(1,12) = 0.860, p = 0.37), no group (F(1,12) = 0.310, p = 0.59), and no interaction effects (F(1,12) < 0.01, p = 0.99) ( Figure 4 left column). Regarding the finger velocity peaks, the ANOVA revealed no group effect (F(1,12) = 1.63, p = 0.226), a significant session effect (F(1,12) = 12.67, p < 0.01, η 2 = 0.52), as well as a significant interaction of training group x session effect (F(1,12) = 19.79, p < 0.001, η 2 = 0.62) ( Figure 4 , right part). More precisely, the Tukey HSD post-hoc tests highlighted faster finger velocity peaks in the post-test phase solely for the VR group ( p < 0.001). Interestingly, the finger velocity peaks in the post-test phase were significantly faster in the VR group than in the CTRL group ( p < 0.01). Figure 5 shows the average activation timing of whole sequences in the pre- and post-test phase for the VR and the CTRL group. As previously mentioned, linear correlations were used as a measure of similarity and for comparison between groups and time points. During the pre-test session and for the 10 bilateral recorded muscles, no initiation time appeared before the finger movement onset. To compare these four average activation timing sequences, the correlation coefficient R between pairs of conditions were computed and the p -value was reported according to the Pearson’s Correlation Table. The average activation timing sequence in the pre-test phase between the VR and the CTRL group of the patients were strongly correlated (R = 0.98, p < 0.001). Only the sequence of the",,"Machine-assisted full-text mining supports extraction only; final inclusion, risk of bias, and numeric effects require author verification.",,,,,,
34351363,PMC8581390,10.1093/ageing/afab149,Long-term effect of a 24-week multicomponent intervention on physical performance and frailty in community-dwelling older adults.,2021,Age and ageing,https://pubmed.ncbi.nlm.nih.gov/34351363/,community,multicomponent_exercise;nutrition,exercise_plus_nutrition,pmc_fulltext_available,pmc_fulltext_mined_not_numeric_extracted,yes,yes,ok,data\raw\pmc_fulltext\PMC8581390.xml,frailty;gait_speed;sppb;grip_strength;adl;falls;quality_of_life;adherence;adverse_events,yes,yes,yes,yes,yes,yes,yes,yes,yes,yes,yes,yes,yes,2.0,"stract Introduction Multicomponent interventions improve physical function and frailty in older adults, but their long-term benefit remains uncertain. Methods This prospective non-randomised study was conducted in 383 older Koreans (mean age, 76.8 years; female 72.3%) who were living alone or receiving medical aid. Of these, 187 individuals chose to receive a 24-week","s PMC8581390 PMC8581390.1 8581390 8581390 34351363 10.1093/ageing/afab149 afab149 1 Editor's Choice Research Paper AcademicSubjects/MED00280 ageing/5 Long-term effect of a 24-week multicomponent intervention on physical performance and frailty in community-dwelling older adults Oh Gahee Marcus Institute for Aging Research , Hebrew Senior Life, Boston, MA, USA Lee Heayon D","week intervention that consisted of group exercise, nutritional supplements, depression management, deprescribing and home hazard reduction. The remaining 196 individuals received usual care. We compared the short physical performance battery (SPPB) score (0–12 points), frailty phenotype scale (0–5 points) and deficit-accumulation frailty index (0–1) at baseline, 6, 1","Methods This prospective non-randomised study was conducted in 383 older Koreans (mean age, 76.8 years; female 72.3%) who were living alone or receiving medical aid. Of these, 187 individuals chose to receive a 24-week intervention that consisted of group exercise, nutritional supplements, depression management, deprescribing and home hazard reduction. The remaining 196 individuals received usual care. We compared the short physical performance battery (SPPB) score (0–12 points), frailty phenotype scale (0–5 points) and deficit-accumulation frailty index (0–1) at baseline, 6, 18 and 30 months.
Methods Study design The Aging Study of Pyeongchang Rural Area-Intervention Study (ASPRA-IS) is a prospective, single-arm intervention study, which delivered a 24-week multicomponent intervention in three geographical regions in Pyeongchang County, South Korea [ 5 ]. The intervention took place one region at a time for 24 weeks (region A: August 2015–January 2016; region B: February–July 2016; region C: August 2016–January 2017). The study protocol was approved by the Institutional Review Boards of Asan Medical Center and registered in 2015 ( NCT02554994 ). Written informed consent was obtained from all participants before the study entry. As the individuals who declined to participate in the intervention programme had same comprehensive geriatric assessment as part of the observational cohort, ASPRA cohort, we were able to collect information for both individuals who received intervention (intervention group) and individuals who declined to participate the intervention programme (comparison group). This study aimed to compare physical function and institutionalisation-free survival time over 30 months between intervention group and comparison group. Study population All participa","Results After 1:1 propensity score matching ( n = 117 per group), the mean SPPB scores for the intervention and comparison groups were 7.6 versus 7.6 at baseline, 10.7 versus 7.1 at 6 months (mean difference, 3.5; 95% confidence interval [CI], 2.8–4.2), 9.1 versus 7.8 at 18 months (1.3; 95% CI, 0.6–2.0) and 8.6 versus 7.5 at 30 months (1.1; 95% CI, 0.4–1.8). The intervention group had lower frailty phenotype scale (1.1 versus 1.8; difference, −0.7; 95% CI −1.0 to −0.3) and frailty index (0.22 versus 0.27; difference, −0.04; −0.06 to −0.02) at 6 months, but similar scores at 18 and 30 months. The 30-month mean institutionalisation-free survival time was 28.5 months in the intervention group versus 23.3 months in the comparison group (difference, 5.2 months; 95% CI, 3.1–7.4).
Results Characteristics of study population Intervention participants were older than individuals receiving usual care (mean age, 77.1 [interquartile range (IQR) 74–80] versus 75.6 years [IQR 71–79]), and more likely to be women (75.9 versus 68.4%). Intervention group had lower grip strength, which is below the cutoff value for the definition of sarcopenia (17.3 versus 20.2 kg; cutoff is <26 kg for men and <18 kg for women, definition from Asian Working Group for Sarcopenia) [ 39 ], more at risk of malnutrition (Mini Nutritional Assessment-Short Form score ≤11, 52.9 versus 41.8%), had higher prevalence of polypharmacy (31.0 versus 23.5%), risk of depression (CES-D score ≥16, 23.0 versus 21.6%) and fall in the last year (21.9 versus 13.8%). The intervention group also had worse SPPB score (7.4 versus 8.4) and were more frail (frailty phenotype scale, 2.3 versus 1.8; frailty index, 0.27 versus 0.23) ( Table 2 ). Table 2 Comparison of baseline characteristics before and after propensity score matching B","Table 1 Description of multicomponent intervention programme Table 1 Description of multicomponent intervention programme Focus Description of intervention Exercise [ 17 ] • Intervention: 60-min group exercise session led by licensed trainers focussing on the following types. The intensity started from low-intensity exercise and increased intensity every month 1. Resistance (20 min): squat, plank, side plank, straight leg raises 2. Balance (20 min): one-leg standing, shifting from side to side, heel-to-toe walk 3. Aerobic/endurance (20 min): step up and down, quick pace, dancing 4. Exercise trainer was given instructions not to exceed 60–70% of the maximal exercise capacity based on perceived exertion scale • Target: all participants • Frequency: twice a week Nutrition [ 18 , 19 ] • Intervention: administration of 125 ml commercial liquid formula containing 200 kcal of energy, 24.5 g carbohydrate, 13 g protein, 5.63 g essential amino acid and 7 g fat • Target: all participants • Frequency: twice a day Depression [ 20 ] • Intervention: evaluation by a geriatrician or a psychiatrist and administration of supportive psychotherapy or antidepressant medication as clinically indicated • Target: participants with the CES-D score >20 points at baseline • Frequency: monthly Polypharmacy [ 21 ] • Intervention: medication review by a geriatrician, and dose reduction or discontinuation of potentially inappropriate medications according to the 2012 Beer’s criteria • Target: participants taking five prescription medications at baseline • Frequency: monthly Home hazards [ 22 ] • Intervention: evaluation of home environment by a visiting nurse and a social worker using the Home Fall Prevention Checklist by Centers for Disease Control and Prevention and modification of the environment to eliminate any identified hazard • Target: all participants with any identified home hazard at baseline • Frequency: trimonthly
---TABLE---
Table 2 Comparison of baseline characteristics before and after propensity score matching Table 2 Comparison of baseline characteristics before and after propensity score matching Before matching After matching Intervention ( N = 187) Comparison ( N = 196) SMD Intervention ( N = 117) Comparison ( N = 117) SMD Age, mean (SD) 77.1 (5.1) 75.6 (6.2) 0.27 76.3 (4.9) 76.3 (6.5) 0.01 Female, n (%) 142 (75.9) 134 (68.4) 0.17 85 (72.6) 90 (76.9) −0.10 Enrolled year, mean (SD) 2014 33 (17.6) 66 (33.7) 0.39 23 (19.7) 19 (16.2) 0.10 2015 88 (47.1) 66 (33.7) 50 (42.7) 50 (42.7) 2016 66 (35.3) 64 (32.7) 44 (37.6) 48 (41.0) Medical aid, n (%) 48 (25.7) 30 (15.3) 0.26 26 (22.2) 22 (18.8) 0.08 Living alone, n (%) 144 (77) 175 (89.3) −0.33 100 (85.5) 98 (83.8) 0.05 ASM/height 2 , kg/m 2 , mean (SD) 5.9 (1.1) 6.2 (1.1) −0.19 6.0 (1.1) 6.0 (1.1) 0.03 Grip strength, kg, mean (SD) 17.3 (7.1) 20.2 (9.2) −0.36 18.0 (7.5) 17.3 (7.4) 0.10 No. chronic conditions, mean (SD) 1.6 (1.0) 1.4 (1.0) 0.22 1.5 (1.0) 1.5 (1.1) 0.03 Polypharmacy, n (%) 58 (31.0) 46 (23.5) 0.17 34 ","Machine-assisted full-text mining supports extraction only; final inclusion, risk of bias, and numeric effects require author verification.",,,,,,
33968874,PMC8097036,10.3389/fpubh.2021.610184,Effectiveness of a Community-Based Muscle Strengthening Exercise Program to Increase Muscle Strength Among Pre-frail Older Persons in Malaysia: A Pilot Study.,2021,Frontiers in public health,https://pubmed.ncbi.nlm.nih.gov/33968874/,community,resistance,exercise_only,pmc_fulltext_available,pmc_fulltext_mined_not_numeric_extracted,yes,yes,ok,data\raw\pmc_fulltext\PMC8097036.xml,frailty;gait_speed;sppb;grip_strength;falls;quality_of_life;adherence,yes,yes,no,yes,yes,yes,yes,yes,no,yes,yes,yes,no,3.0,intervention program among pre-frail older persons showed favorable trend toward improvement of upper and lower extremities muscle strength. This study should be further tested in randomized control trial to confirm its effectiveness. exercise muscle strength older persons community-dwelling pre-frail Universiti Putra Malaysia 10.13039/501100004530 pmc-status-qastatus,tiers Media SA PMC8097036 PMC8097036.1 8097036 8097036 33968874 10.3389/fpubh.2021.610184 1 Public Health Original Research Effectiveness of a Community-Based Muscle Strengthening Exercise Program to Increase Muscle Strength Among Pre-frail Older Persons in Malaysia: A Pilot Study Raja Adnan Raja Nurzatul Efah 1 * Mat Din Hazwan 1 Ashari Asmidawati 2 Minhat Halimatu,,"Methods Study Design This study was quasi experimental study with the same group involve as the control and intervention groups. Setting and Participants The recruits included 36 pre-frail older persons aged 60 years and above who are attending the primary health clinic in Seri Petaling District with a Frailty Index Score of 1–2. The Frailty Index score was measured based on the following criteria as proposed by Fried et al. ( 14 ); unintended weight loss (5 kgs and more in the past year), self-reported exhaustion (identified by two questions from the CES-D scale), weakness (hand grip is less than the cut-off points mentioned on the original reference, adjusted for gender and body mass index), slow walking speed (walking speed more than the cut-off points mentioned on the original reference, adjusted for gender and height), and low physical activity (<383 kcals per week for men and <270 kcals per week for women). Score 0 indicated non-frail, 1 to 2 indicated pre-frail while 3 and more indicated frail. Other inclusion criteria are older persons with normal blood pressure, absence of abnormal heart sounds and murmurs, clear lungs bilaterally with no added sounds during inspiration and expiration, under control comorbidities, and no history of previous cardiac or respiratory problems in the past 2 weeks to 1 month prior to enrolment into the study. Screening of eligible participants was done by a physician. COME Program The COME program was developed based on the Growing Stronger program proposed by Centers for Disease Control and Prevention, U.S. Department of Health and Human Services ( 15 ) and the Otago Home Exercise Program ( 16 ). The Growing Stronger program/ book was developed for the older adult who wants to grow stronger, healthier, more active, and more independ","Results A total of 32 older persons aged 60 years or older with pre-frail symptoms were recruited from the community center. From a total of 36 participants who began the study at the baseline, 32 participants remained until the end of the study corresponding to 88.9% of adherence rate. The dropout cases were removed from the analysis. The mean age of the respondents was 66.8 ± 4.76SD. More than half (56.3%) of the participants were male. Approximately 47% of respondents had received secondary education followed by primary (37.5%) and tertiary (15.6%). A majority of them were married (93.8%) and never smoked (77.0%). As for comorbidity status, 21.9% had no disease, 37.5% had at least one disease, 15.6% presented with two diseases and 25.0% were burdened with up to three diseases. Participant characteristics is presented in Table 2 . Table 2 Characteristics of subjects and baseline comparison for timed up and go, Berg balance, sit-to-stand, and hand grip strength measurement. Study variable Number (%) Mean ± SD TUG BB STS HG Age 66.81 ± 4.76 a 0.10 b −0.18 b 0.13 b 0.14 b Gender Male 14 (43.7) 12.03 ± 3.82 52.14 ± 6.31 13.91 ± 2.88 26.21 ± 3.77 * Female 18 (56.3) 10.62 ± 2.28 53.17 ± 2.41 14.57 ± 3.13 15.33 ± 4.84 * Education level Primary 12 (37.5) 10.61 ± 3.33 52.08 ± 3.00 13.72 ± 3.95 20.54 ± 7.73 Secondary 15 (46.9) 11.73 ± 3.20 52.53 ± 5.89 14.92 ± 2.25 19.67 ± 5.93 Tertiary 5 (15.6) 11.31 ± 2.28 54.80 ± 1.79 13.76 ± 2.40 20.30 ± 9.50 Marital status Single 2 (6.2) 8.89 ± 0.70 53.50 ± 2.12 12.83 ± 0.09 11.25 ± 3.89 Married 30 (93.8) 11.40 ± 3.12 52.67 ± 4.62 14.38 ± 2.99 20.68 ± 6.78 Smoking status Never smoked 26 (77.0) 11.12 ± 2.66 53.35 ± 2.50 14.41 ± 2.88 18.62 ± 6.92 Ever smoked 6 (23.0) 11.79 ± 4.81 50.00 ± 9.10 13.74 ± 3.68 26.50 ± 1.64 Comorbidity 0 7 (21.9) ","Table 1 Detailed exercise for part 1, part 2 and part 3 of COME program. Table 1 Detailed exercise for part 1, part 2 and part 3 of COME program. Part 1 (2 weeks) Part 2 (4 weeks) Part 3 (6 weeks) Warm up: 5-min walk outdoor/ indoor . i Squats – 10 reps ii Push-ups: Conducted using terra band, 10 reps iii Toe stands – 10 s, 10 reps. iv Marching – standing or sitting for 30 reps with 1 min rest in between. i Biceps curl – 3 sets of 10 reps, using 1-pound weight dumbbells with rest in between each set for 1 min. ii Step-ups – number of steps counted for a duration of 1 min. iii Overhead pressure −3 sets of 10 reps using 1-pound weight dumbbells with rest in between each set for 1 min. iv Side hip raise – 10 reps for each leg. i Knee extension – extend and hold for 10 s, 10 reps for each leg. ii Knee curl – curl and hold for 10 s x 10 reps for each leg. iii Pelvic tilt – hold for 10 s, 10 reps. iv Bridging – hold for 10 s, 10 reps. Cool-down: Conducted at the end of every session . i Chest & arm stretch ii Hamstring/ calf stretch iii Quadriceps stretch iv Neck, upper back and shoulder stretch
---TABLE---
Table 2 Characteristics of subjects and baseline comparison for timed up and go, Berg balance, sit-to-stand, and hand grip strength measurement. Table 2 Characteristics of subjects and baseline comparison for timed up and go, Berg balance, sit-to-stand, and hand grip strength measurement. Study variable Number (%) Mean ± SD TUG BB STS HG Age 66.81 ± 4.76 a 0.10 b −0.18 b 0.13 b 0.14 b Gender Male 14 (43.7) 12.03 ± 3.82 52.14 ± 6.31 13.91 ± 2.88 26.21 ± 3.77 * Female 18 (56.3) 10.62 ± 2.28 53.17 ± 2.41 14.57 ± 3.13 15.33 ± 4.84 * Education level Primary 12 (37.5) 10.61 ± 3.33 52.08 ± 3.00 13.72 ± 3.95 20.54 ± 7.73 Secondary 15 (46.9) 11.73 ± 3.20 52.53 ± 5.89 14.92 ± 2.25 19.67 ± 5.93 Tertiary 5 (15.6) 11.31 ± 2.28 54.80 ± 1.79 13.76 ± 2.40 20.30 ± 9.50 Marital status Single 2 (6.2) 8.89 ± 0.70 53.50 ± 2.12 12.83 ± 0.09 11.25 ± 3.89 Married 30 (93.8) 11.40 ± 3.12 52.67 ± 4.62 14.38 ± 2.99 20.68 ± 6.78 Smoking status Never smoked 26 (77.0) 11.12 ± 2.66 53.35 ± 2.50 14.41 ± 2.88 18.62 ± 6.92 Ever smoked 6 (23.0) 11.79 ± 4.81 50.00 ± 9.10 13.74 ± 3.68 26.50 ± 1.64 Comorbidity 0 7 (21.9) 0.07 b −0.37 b * 0.03 b 0.11 b 1 12 (37.5) 2 5 (15.6) 3 8 (25.0) %, Percentage; TUG, Timed up and go; BB, Berg balance; STS, Sit-to-stand; HG, Hand grip strength . Mean comparison between groups was done using independent t-test for gender, marital status and smoking status while ANOVA was used for education level. Pearson correlation test was used for numerical variables; age and comorbidity . a Mean ± Standard deviation . b Pearson correlation coefficient . * p ≤ 0.05 .
---TABLE---
Table 3 Pre- and post-intervention comparisons using paired t-test for timed up and go, Berg balance, sit-to-stand, and hand grip strength measurement. Table 3 Pre- and post-intervention comparisons using paired t-test for timed up and go, Berg balance, sit-to-stand, and hand grip strength m","Machine-assisted full-text mining supports extraction only; final inclusion, risk of bias, and numeric effects require author verification.",,,,,,
33937294,PMC8086796,10.3389/fmed.2021.660463,"Possible Sarcopenia and Impact of Dual-Task Exercise on Gait Speed, Handgrip Strength, Falls, and Perceived Health.",2021,Frontiers in medicine,https://pubmed.ncbi.nlm.nih.gov/33937294/,community,resistance;balance;nutrition;digital_home,exercise_plus_nutrition,pmc_fulltext_available,pmc_fulltext_mined_not_numeric_extracted,yes,yes,ok,data\raw\pmc_fulltext\PMC8086796.xml,frailty;gait_speed;sppb;grip_strength;adl;falls;quality_of_life,yes,yes,yes,yes,yes,yes,yes,yes,yes,yes,yes,no,no,2.0,"gait speed, SPPB score, and reducing the prevalence of poor HGS with significant improvement in perceived health, cognition, and reduction in falls and frailty. Future prospective randomized control trials are needed to evaluate the effectiveness of dual-task interventions in reversing sarcopenia. sarcopenia grip strength gait speed dual-task exercise frailty perceive","ine 2296-858X Frontiers Media SA PMC8086796 PMC8086796.1 8086796 8086796 33937294 10.3389/fmed.2021.660463 1 Medicine Original Research Possible Sarcopenia and Impact of Dual-Task Exercise on Gait Speed, Handgrip Strength, Falls, and Perceived Health Merchant Reshma Aziz 1 2 * Chan Yiong Huak 3 Hui Richard Jor Yeong 4 Lim Jia Yi 2 Kwek Sing Cheer 4 Seetharaman Santh","festyle. Possible sarcopenia was defined as either having poor HGS or SG (<1 m/s) according to the Asian Working Group for Sarcopenia recommendations ( 17 ). Both the Exercise and Control groups had baseline assessments at 0 and 3 months. Ethics approval was obtained from Domain-Specific Review Board of National Healthcare Group, Singapore. All participants provided writ","Methods Community-dwelling older adults ≥ 60 years old in Singapore were recruited from population screening program intended to identify seniors at risk, e.g., pre-frail, frail, and those with cognitive impairment between August 2017 and December 2018. The publicity was through network of grassroots volunteers, senior activity centers, and words of peers. Phase 1 of the screening program was for general population, and those screened to be high risk were invited to participate in phase 2 screening and dual-task exercise program called HAPPY (Healthy Aging Promotion Program for You) conducted once or twice weekly within the neighborhood setting. The HAPPY program is adapted from “Cognicise,” a multi-component program designed by the National Center for Geriatrics and Gerontology (NCGG) in Nagoya, Japan ( 20 ). There are more than 80 different dual-task exercises of increasing complexity and intensity. The 60 min exercise sessions led by trained health coaches comprise of 20 min of stretching, warming up, and cooling down with 40 min of personalized dual-task training incorporating resistance, balance, aerobic, and cognitive tasks (e.g., marching, clapping, with step-up/down movement on the step-board with simultaneous naming/recalling tasks, subtracting, adding, and remembering the steps on the numbered colorful ladder). The implementation and types of exercises are described in a recently published paper ( 20 ). Exclusion criteria were diagnosis of dementia (Chinese Mini-Mental State Examination <18 or known diagnosis of dementia), wheelchair or bedbound, and living in a nursing home. A total of 569 seniors attended phase 1 screening, 296 participants were enrolled in phase 2 and complete follow up data was available for 197 participants at 3 months where 111 participa","Results A total of 111 participants with either poor HGS or SG, participated in the HAPPY Program and completed assessment at 3rd month ( Figure 1 ). The mean age of the Exercise group was 75.9 years old and 73.0% were women. The participants attended an average of 13 sessions over 3 months. Data of 40 participants recruited from the primary care practices with either HGS or SG, and did not participate in any intervention was used as “Control”. Comparison of baseline characteristics between the Exercise and Control groups are shown in Table 1 . The Exercise group had more female (73.0 vs. 47.5%), were older (75.9 vs. 72.5years old), had higher prevalence of fall (32.4 vs. 15.0%), lower BMI (23.7 vs. 25.8), and education (4.0 vs. 7.2 years) than the Control group. Prevalence of chronic conditions was however higher in the Control group where almost 3 in 4 had multi-morbidities, 84.6% had hyperlipidemia, and 46.2% had diabetes mellitus. Majority of the participants in the Control group were pre-frail (97.4%), had higher cognitive score, better balance (3.7 vs. 3.1), and greater HGS (22.2 vs. 19.6kg). Table 1 Baseline characteristics of participants in exercise and control groups. Exercise ( n = 111) Control ( n = 40) P -value Gender <0.01 Male 30 (27.0) 21 (52.5) Female 81 (73.0) 19 (47.5) Age, years 75.9 ± 7.3 72.5 ± 5.5 <0.01 Ethnicity <0.01 Chinese 105 (62.1) 30 (71.4) Malay 3 (42.9) 6 (85.7) Indian 3 (75.0) 4 (80.0) BMI, kg/m 2 23.7 ± 4.2 25.8 ± 4.3 <0.01 Education, years 4.0 ± 3.7 7.2 ± 3.8 <0.01 Exercise sessions attended, number 13 ± 6 - At least 1 fall in past year 36 (32.4) 6 (15.0) 0.035 Fear of fall 83 (74.8) 31 (86.1) 0.073 Multi-morbidities, (At least two chronic conditions) 54 (48.6) 29 (74.4) <0.01 Hypertension 65 (58.6) 27 (69.2) 0.239 Hyperlipidemia 57 (5","Table 1 Baseline characteristics of participants in exercise and control groups. Table 1 Baseline characteristics of participants in exercise and control groups. Exercise ( n = 111) Control ( n = 40) P -value Gender <0.01 Male 30 (27.0) 21 (52.5) Female 81 (73.0) 19 (47.5) Age, years 75.9 ± 7.3 72.5 ± 5.5 <0.01 Ethnicity <0.01 Chinese 105 (62.1) 30 (71.4) Malay 3 (42.9) 6 (85.7) Indian 3 (75.0) 4 (80.0) BMI, kg/m 2 23.7 ± 4.2 25.8 ± 4.3 <0.01 Education, years 4.0 ± 3.7 7.2 ± 3.8 <0.01 Exercise sessions attended, number 13 ± 6 - At least 1 fall in past year 36 (32.4) 6 (15.0) 0.035 Fear of fall 83 (74.8) 31 (86.1) 0.073 Multi-morbidities, (At least two chronic conditions) 54 (48.6) 29 (74.4) <0.01 Hypertension 65 (58.6) 27 (69.2) 0.239 Hyperlipidemia 57 (51.4) 33 (84.6) <0.01 Diabetes mellitus 28 (25.2) 18 (46.2) 0.015 Heart disease 15 (13.5) 7 (17.9) 0.501 cMMSE score 25.0 ± 3.5 26.5 ± 2.8 0.019 Frail status <0.01 Robust 31 (27.9) 0 (0.0) Prefrail 72 (64.9) 38 (97.4) Frail 8 (7.2) 1 (2.6) Sarcopenic 10 (9.0) 5 (14.3) 0.130 Pain (At least moderate) 57 (51.4) 17 (42.5) 0.337 Anxiety (At least moderately anxious/depressed) 7 (6.4) 5 (13.9) 0.159 EQ-5D VAS score 70.5 ± 15.1 70.2 ± 14.0 0.893 SPPB Total score 8.9 ± 2.4 9.6 ± 1.7 0.134 SPPB Balance score 3.1 ± 1.1 3.7 ± 0.6 <0.01 SPPB Gait score 3.4 ± 0.9 3.5 ± 0.6 0.334 SPPB Chair-stand score 2.5 ± 1.2 2.3 ± 1.2 0.391 Maximum grip strength, kg 19.6 ± 5.2 22.2 ± 5.7 <0.01 Poor handgrip strength 61 (62.9) 24 (61.5) 0.866 Maximum gait speed (4m), m/s 0.90 ± 0.28 0.87 ± 0.15 0.458 Slow gait 82 (75.2) 31 (86.1) 0.203 Takes part in moderate/vigorous intensity exercise weekly 30 (27.5) 24 (60.0) <0.01 At risk of social isolation 59 (54.1) 14 (41.7) 0.195 At least one ADL impairment 10 (9.0) 6 (16.7) 0.200 At least one IADL impairment 27 (24.3) 9 (25.0) 0.935 BMI, Body mass index; cMMSE, Chinese Mini-mental state examination; EQ-5DVAS, EuroQol Visual analog scale; SPPB, Short physical performance battery; ADL, Activities of daily life; IADL, Instrumental activities of daily life . Data are presented as n (%), otherwise as mean (standard deviation). Bold values indicates statistically significant .
---TABLE---
Table 2 Intervention effect on change in cognition, physical performance, and overall health rating. Table 2 Intervention effect on change in cognition, physical performance, and overall health rating. Factors Unstandardized β-coefficient Unadjusted Model 1 Model 2 Maximum handgrip strength −0.24 (−1.52–1.04) 0.709 0.16 (−0.14–0.09) 0.643 −0.79 (−2.93–1.35) 0.466 Maximum gait speed (4 m) 0.05 (−0.03–0.13) 0.189 0.15 (0.03–0.26) 0.017 0.17 (0.05–0.30) <0.01 EQ-5D VAS 3.12 (−2.40–8.64) 0.266 −0.53 (−0.92–8.35) 0.906 3.84 (−4.41–12.10) 0.359 cMMSE 1.11 (0.13–2.10) 0.027 0.57 (−1.01–2.15) 0.475 0.55 (−1.03–2.13) 0.492 SPPB total 0.56 (−0.06–1.16) 0.074 1.31 (0.35–2.26) <0.01 1.13 (0.23–2.03) 0.014 Frailty score 0.02 (−0.33–0.37) 0.896 −0.24 (−0.81–0.34) 0.416 0.09 (−0.39–0.56) 0.720 Lubben social network sco","Machine-assisted full-text mining supports extraction only; final inclusion, risk of bias, and numeric effects require author verification.",,,,,,
33742266,PMC7978459,10.1007/s11121-021-01221-y,Effectiveness of Community-Delivered Functional Power Training Program for Frail and Pre-frail Community-Dwelling Older Adults: a Randomized Controlled Study.,2021,Prevention science : the official journal of the Society for Prevention Research,https://pubmed.ncbi.nlm.nih.gov/33742266/,community,resistance;balance,exercise_only,pmc_fulltext_available,pmc_fulltext_mined_not_numeric_extracted,yes,yes,ok,data\raw\pmc_fulltext\PMC7978459.xml,frailty;gait_speed;sppb;grip_strength;adl;falls;adherence;adverse_events,yes,yes,yes,yes,yes,yes,yes,yes,yes,yes,no,yes,yes,4.0,3742266 10.1007/s11121-021-01221-y 1221 2 Article Effectiveness of Community-Delivered Functional Power Training Program for Frail and Pre-frail Community-Dwelling Older Adults: a Randomized Controlled Study Tou Nien Xiang 1 http://orcid.org/0000-0002-7853-4112 Wee Shiou-Liang weeshiouliang@gmail.com 1 2 3 Seah Wei Ting 1 Ng Daniella Hui Min 1 Pang Benedict Wei Jun 1,ndomized controlled trial was conducted at four local senior activity centers in Singapore. Sixty-one community-dwelling older adults with low handgrip strength were randomized to intervention (IG) or control (CG) group. The IG underwent the FPT program (power and balance exercises using simple equipment) delivered by a community service provider. The 12-week program co,learance prior to exercise participation and excluded subjects who did not meet the medical criteria. Participants enrolled at each site were then randomly allocated to either the control group (CG) or the intervention group (IG) with a 1:1 allocation ratio based on computerized block randomization with randomly selected block sizes of 4 or 6. Participants were stratifie,"Methods Study Design and Participants A two-arm, multicenter assessor-blind stratified randomized controlled trial among pre-frail and frail community-dwelling older adults was conducted between March 2019 and February 2020 (ClincalTrials.gov Identifier: NCT04438876 ). Seven senior activity centers located within the residential estates in Singapore were approached, and the study was conducted at four centers. To be eligible for the study, participants had to (a) be aged 55 years and older, (b) have low muscle strength, (c) ambulate without human assistance and have no other physical limitations to participation and adherence to exercise, and (d) be able to understand basic instructions. Low muscle strength was defined as handgrip strength (HGS) less than 26 kg and 18 kg in men and women, respectively, according to the Asian Working Group for Sarcopenia (AWGS) 2014 consensus (Chen et al., 2014 ). Participants were excluded if they (a) were currently enrolled in another study, (b) had any acute musculoskeletal injury or other contraindication to exercise, (c) were unable to participate in the full duration of the study, (d) were unwilling to participate if not assigned to the intervention group, and (e) were deemed not suitable to participate in exercise by a medical doctor. After initial eligibility screening by senior activity center staff or research coordinator, a doctor examined each subject for medical clearance prior to exercise participation and excluded subjects who did not meet the medical criteria. Participants enrolled at each site were then randomly allocated to either the control group (CG) or the intervention group (IG) with a 1:1 allocation ratio based on computerized block randomization with randomly selected block sizes of 4 or 6. Participants were stra","Results Figure 1 presents the study flow from screening to analyses. A total of 110 participants were screened for eligibility through partnership with four senior activity centers in this study, of which 61 were randomized into either the CG ( n = 31) or IG ( n = 30). In partnership with a fifth senior activity center, another 50 individuals were screened, 33 completed pre-participation medical examination, and 31 eligible signed informed consent on 4 Feb 2020. The first case of Coronavirus Disease 2019 (COVID-19) in Singapore was confirmed on 23 January 2020. We could not proceed with the study after health authority mandated suspension of all group senior activities with effect from 8 Feb 2020 and the decision was made in May 2020 (with suspension still in force) to close the study and perform analyses on the 61 participants from the four centers. Post hoc power analysis revealed that this sample size was adequate to detect effects of moderate size. Four participants in the CG and seven participants in the IG did not complete the study. Table 2 presents the descriptive characteristics of both CG and IG. No significant differences were found in baseline measures between the two groups. Fig. 1 Study flow diagram. ITT, intention-to-treat Table 2 Baseline characteristics of participants in both CG and IG Control group ( n = 30) Intervention group ( n = 27) p Age (years) 71.53 ± 7.99 72.07 ± 8.14 0.802 Gender, female 28 (93.3%) 25 (92.6%) 1.000 Housing, < 3 rooms apartment 17 (56.7%) 12 (44.4%) 0.448 BMI (kg/m 2 ) 23.45 ± 3.59 25.30 ± 5.44 0.141 WC (cm) 83.68 ± 11.00 86.41 ± 11.62 0.369 MMSE 26.30 ± 3.22 25.48 ± 2.87 0.315 PA (kcal/week) 3448.80 ± 2613.28 3835.37 ± 2410.26 0.564 Smoking history a 0.587 Current smoker 1 (3.3%) 0 (0.0%) Ex-smoker 3 (10.0%) 2 (7.4%) Non-smok","Table 1 12-Week functional power training intervention program Table 1 12-Week functional power training intervention program Components Wk 1–Wk 2 Wk 3–Wk 4 Wk 5–Wk 6 Wk 7–Wk 8 Wk 9–Wk 10 Wk 11–Wk 12 Lower-body power • Sit to stand • Sit to stand a • Squats • Sit to stand a • Sit to stand plus swap seats a • Squats plus press • Standing knee ups • Hip extension • Hip extension a • Standing knee ups a • Seated knee extension a • Hip extension a • Standing calf raises • Standing toe up • Calf raises with toe ups • Hip abduction • Calf raises with toe ups • Standing knee ups a • Seated heel drag a • Seated heel drag a • Knee flexion and hip extension a Upper-body power • Bicep curl a • Chest press a • Seated low row a • Chest press a • Bicep curl a • Standing row a • Shoulder press a • Shoulder press a Balance and mobility • Tandem balance • Side-to-side plus reach • Clock tapping • Speed plus zigzag walk relay • Quick feet • Clock tapping • Marching with side step • Mini lunges • Quick feet • Speed walk • Side reach • Tandem walk • Speed walk • Mini lunges • Crossing creek • Zigzag walk • Side step • Farmer's walk • Tandem walk a Exercise performed with resistance bands
---TABLE---
Table 2 Baseline characteristics of participants in both CG and IG Table 2 Baseline characteristics of participants in both CG and IG Control group ( n = 30) Intervention group ( n = 27) p Age (years) 71.53 ± 7.99 72.07 ± 8.14 0.802 Gender, female 28 (93.3%) 25 (92.6%) 1.000 Housing, < 3 rooms apartment 17 (56.7%) 12 (44.4%) 0.448 BMI (kg/m 2 ) 23.45 ± 3.59 25.30 ± 5.44 0.141 WC (cm) 83.68 ± 11.00 86.41 ± 11.62 0.369 MMSE 26.30 ± 3.22 25.48 ± 2.87 0.315 PA (kcal/week) 3448.80 ± 2613.28 3835.37 ± 2410.26 0.564 Smoking history a 0.587 Current smoker 1 (3.3%) 0 (0.0%) Ex-smoker 3 (10.0%) 2 (7.4%) Non-smoker 26 (86.7%) 25 (92.6%) CVD 0 (0.0%) 2 (7.4%) 0.426 Hypertension 21 (70.0%) 17 (63.0%) 0.778 High cholesterol 18 (60.0%) 15 (55.6%) 0.944 Osteoporosis 7 (23.3%) 4 (14.8%) 0.633 Osteopenia 4 (13.3%) 2 (7.4%) 0.768 Stroke 0 (0.0%) 2 (7.4%) 0.426 Diabetes 8 (26.7%) 7 (25.9%) 1.000 Arthritis 15 (50.0%) 10 (37.0%) 0.473 Frailty status 0.958 Pre-frail 30 (100.0%) 26 (96.3%) Frail 0 (0.0%) 1 (3.7%) Data presented in n (%) or mean ± SD BMI body mass index, WC waist circumference, MMSE mini-mental state examination, PA physical activity, CVD cardiovascular disease a Smoking history was self-reported
---TABLE---
Table 3 Outcome measures at baseline and 3-month follow-up across CG and IG Table 3 Outcome measures at baseline and 3-month follow-up across CG and IG Control group Intervention group Baseline ( n = 30) 3 months ( n = 27) p value Baseline ( n = 27) 3 months ( n = 23) p value Group-time interaction p value Frailty status 1.33 ± 0.55 1.07 ± 0.73 0.034* 1.30 ± 0.54 0.96 ± 0.77 0.010* 0.637 HGS (kg) 17.40 ± 3.95 18.64 ± 4.81 0.020* 18.10 ± 3.65 18.70 ± 4.52 0.117 0.642 KES (kg) 16.66 ± 5.89 16.56 ± 4.22 0.928 15.87 ± 5.83 17.00 ± 4.82 0.197 0.313 TUG (s) 9.22 ± 3.27 9.50 ± 4.13","Machine-assisted full-text mining supports extraction only; final inclusion, risk of bias, and numeric effects require author verification.",,,,,,
33583000,PMC7990826,10.1007/s41999-020-00438-4,The sarcopenia and physical frailty in older people: multi-component treatment strategies (SPRINTT) project: description and feasibility of a nutrition intervention in community-dwelling older Europeans.,2021,European geriatric medicine,https://pubmed.ncbi.nlm.nih.gov/33583000/,community,multicomponent_exercise;nutrition;digital_home,exercise_plus_nutrition,pmc_fulltext_available,pmc_fulltext_mined_not_numeric_extracted,yes,yes,ok,data\raw\pmc_fulltext\PMC7990826.xml,frailty;gait_speed;sppb;falls;quality_of_life;adherence,yes,yes,yes,yes,yes,yes,yes,no,no,yes,yes,yes,no,4.0,"opy of this licence, visit http://creativecommons.org/licenses/by/4.0/ . Aim To describe the methods and feasibility of the nutritional intervention carried out within the SPRINTT Randomized cotrolled trial. We also illustrate how nutrition interventionists identified participants at risk of malnutrition and the lessons learnt from the nutrition intervention. Findings",1999-020-00438-4 438 1 Research Paper The sarcopenia and physical frailty in older people: multi-component treatment strategies (SPRINTT) project: description and feasibility of a nutrition intervention in community-dwelling older Europeans http://orcid.org/0000-0001-5901-3584 Jyväkorpi S. K. satu.jyvakorpi@gery.fi 1 Ramel A. 2 Strandberg T. E. 1 3 Piotrowicz K. 4 Bł,"H Travison TG Reid KF Nutritional supplementation with physical activity improves muscle composition in mobility-limited older adults, The VIVE2 Study: a randomized, double-blind, placebo-controlled trial J Gerontol A Biol Sci Med Sci 2017 73 95 101 10.1093/gerona/glx141 28977347 PMC6555188 16. Mori H Tokuda Y Effect of whey protein supplementation after resistance","Methods SPRINTT RCT recruited older adults (≥ 70 years) from 11 European countries. Eligible participants ( n = 1517) had functional limitations measured with Short Physical Performance Battery (SPPB score 3–9) and low muscle mass as determined by DXA scans, but were able to walk 400 m without assistance within 15 min. Participants were followed up for up to 3 years. The nutrition intervention was carried out mainly by individual nutrition counseling. Nutrition goals included achieving a daily protein intake of 1.0–1.2 g/kg body weight, energy intake of 25–30 kcal/kg of body weight/day, and serum vitamin D concentration ≥ 75 mmol/L. Survey on the method strategies and feasibility of the nutrition intervention was sent to all nutrition interventionists of the 16 SPRINTT study sites.
Methods Overall trial design The SPRINTT RCT was carried out in 11 European countries (Austria, Czech Republic, Finland, France, Germany, Great Britain, Iceland, Italy, the Netherlands, Poland, and Spain) with 16 study sites. The Università Cattolica del Sacro Cuore (Rome, Italy) acted as the coordinator of the study. Rationale, design and methods including power estimation of the SPRINTT RCT are detailed elsewhere [ 17 ]. Exclusion criteria are presented in supplementary Table 1. SPRINTT was approved by national ethics committees and all participants provided a written informed consent prior to enrolment. The trial is registered in ClinicalTrials.gov ( NCT02582138 ). Table 1 Questions to the nutrition interventionists Nutrition survey 1. How did you identify a person at risk? (body weight, MNA-SF, dietary records) 2. Were body weight loss or risk of malnutrition frequent problems? 3. What methods did you use to implement the SPRINTT dietary intervention? (a) Individual counseling (b) Group c","Findings SPRINTT nutrition intervention was well-received by the majority of the participants. It was mainly carried out using tailored nutrition counselling, but also other means of delivering the intervention were successfully used. Compared with a standard nutrition prescription, an individualized protocol to diagnose malnutrition and follow-up by tailored nutrition counselling helped achieve nutritional targets more effectively in spite of diversity of population in nutritional habits and in some cases reluctance to accept changes.
Results Nutrition interventionists from all study sites responded to the survey. All responders found that the SPRINTT nutrition intervention was feasible for the target population, and it was well received by the majority. The identification of participants at nutritional risk was accomplished by combining information from interviews, questionnaires, clinical and laboratory data. Although the nutrition intervention was mainly carried out using individual nutritional counselling, other assisting methods were used as appropriate.
Results All of the SPRINTT nutrition interventionists responded to the survey. All responders considered the SPRINTT nutrition intervention feasible for the target population and well received by the majority of the participants. Identification of SPRINTT participants at nutritional risk Participants at nutritional risk were identified by combining information from questionnaires, clinical assessments, and biomarker data presented in Table 2 . Three-day food diaries, body weight or body mass index (BMI) and the Mini Nutritional Assessment (MNA) were used by more than 80% of nutrition interventionists. In addition, they used check lists and nutrition anamnesis, and carried out nutritional interviews (oral and quest","Table 1 Questions to the nutrition interventionists Table 1 Questions to the nutrition interventionists Nutrition survey 1. How did you identify a person at risk? (body weight, MNA-SF, dietary records) 2. Were body weight loss or risk of malnutrition frequent problems? 3. What methods did you use to implement the SPRINTT dietary intervention? (a) Individual counseling (b) Group counseling (c) Teaching practical aspects (d) Using brochures, guidebooks, leaflets or other educational materials (e) Using dietary supplements or food recommendations (f) Order meals on wheels (g) Contact/instruct home nursing or day care centers (h) Follow-up phone calls 4. Did you use any country-specific dietary recommendations in the nutrition intervention? 5. How often did you usually meet the participant to resolve a nutritional problem? 6. How was the motivation of the participants? 7. How did you motivate them? 8. Do you think that such dietary intervention is feasible in a frail population? 9. How was the adherence of the participants? 10. Was the dietary intervention successful in terms of dietary intake? 11. What were the main reasons for non-adherence to the dietary intervention? 12. What are the main lessons learnt from the SPRINTT dietary intervention? MNA-SF mini nutritional assessment short-form
---TABLE---
Table 2 Clinical and laboratory variables assessed in the SPRINTT trial Table 2 Clinical and laboratory variables assessed in the SPRINTT trial 3-day food diaries Mini Nutritional Assessment Short Form (MNA-SF) Current body weight, height, and body mass index Body composition (whole-body DXA) Self-reported recent weight loss or weight gain Blood analysis including albumin, cholesterol, glucose level, vitamin D, iron Functional status General health status Diseases or clinical conditions affecting diet
---TABLE---
Table 3 Methods used by the nutrition interventionists in SPRINTT sites to carry out the nutrition intervention Table 3 Methods used by the nutrition interventionists in SPRINTT sites to carry out the nutrition intervention SPRINTT sites Methods Individual counseling Group counseling Teaching practical aspects Brochures, leaflets, educational materials Recommending or using dietary supplements Contact home care or day care centers Follow-up phone calls Follow-up monitoring Università Cattolica del Sacro Cuore, Rome x x x IRCCS INRCA, Ancona x x x x University of Parma x x x x x x University Hospital Getafe x x x x University Hospital Ramon y Cajal Madrid x x x x x x x x CHU-Toulouse x x x x CHU-Limoges x x x x x x Charles University, Prague x x x x x x x Silesian Hospital, Opava x x x x Jagiellonian University Medical College, Krakow x x x x x x x Friedrich-Alexander University, Erlangen-Nürnberg x x x x x x x Maastricht University Medical Center x x x x x x x University of Helsinki x x x x x x x Diabetes Frail, Medici Medical Practice, Luton x x x x x x Medical University of Graz x x x x x Lanspitali University Hospital, Reykjavik x x x x x x","Machine-assisted full-text mining supports extraction only; final inclusion, risk of bias, and numeric effects require author verification.",,,,,,
33546255,PMC7913348,10.3390/ijerph18041396,Randomized Controlled Trial on the Effects of a Combined Intervention of Computerized Cognitive Training Preceded by Physical Exercise for Improving Frailty Status and Cognitive Function in Older Adults.,2021,International journal of environmental research and public health,https://pubmed.ncbi.nlm.nih.gov/33546255/,unclear,resistance;aerobic_walking;digital_home;multidomain,multidomain,pmc_fulltext_available,pmc_fulltext_mined_not_numeric_extracted,yes,yes,ok,data\raw\pmc_fulltext\PMC7913348.xml,frailty;gait_speed;quality_of_life,yes,yes,yes,yes,yes,yes,no,no,no,no,yes,no,no,4.0,Health 1661-7827 1660-4601 Multidisciplinary Digital Publishing Institute (MDPI) PMC7913348 PMC7913348.1 7913348 7913348 33546255 10.3390/ijerph18041396 ijerph-18-01396 1 Article Randomized Controlled Trial on the Effects of a Combined Intervention of Computerized Cognitive Training Preceded by Physical Exercise for Improving Frailty Status and Cognitive Function in,lishing Institute (MDPI) PMC7913348 PMC7913348.1 7913348 7913348 33546255 10.3390/ijerph18041396 ijerph-18-01396 1 Article Randomized Controlled Trial on the Effects of a Combined Intervention of Computerized Cognitive Training Preceded by Physical Exercise for Improving Frailty Status and Cognitive Function in Older Adults https://orcid.org/0000-0001-7051-4689 Yu Ruby,"es (game 1-8). The games were also performed on a tablet. Please refer to Table 1 for details of games. 2.4.3. Video Watching + PE (Control) Group Participants randomized into the control group also visited the centers two times per week for 1.5 h (for 12 weeks), and performed a 1-h PE program (aerobic + resistance exercise) immediately followed by a 30-min session of vi","2. Materials and Methods 2.1. Study Design This is a 12-week RCT conducted from July 2018 to April 2019 comparing a CCT intervention using touch-screen video game technology preceded by PE and an active control among community-dwelling older adults in Hong Kong. Treatment outcomes were assessed at baseline (pre-), and post-treatment (i.e., 12 weeks). The study was carried out in four elderly centers of three Non-Government Organizations (NGOs) including the Jockey Club CADENZA Hub, St. James’ Settlement and the Hong Kong Society for Rehabilitation. The study was registered with the Australian New Zealand Clinical Trials Registry (Trial I.D.: ACTRN12618000993291). 2.2. Participants Participants were recruited from communities in Hong Kong through a recruitment notice. Participants who responded to the notice were assessed for eligibility before being included in the study. Inclusion criteria were 50 years or older; robust or pre-frail (met specified cut-offs for 0–2 of the 5-item simple frailty questionnaire, FRAIL); without history of cognitive impairment/dementia, and not living in an institution. Exclusion criteria were severe medical conditions limiting the ability to complete the treatment; major neurological or psychiatric illness history; acetylcholinesterase inhibitor use; current substance abuse; significant communicative impairments; and concurrent enrolment in other cognitive studies, experimental therapies, or blinded treatments. All participants gave their informed consent for inclusion before they participated in the study. The study design is detailed in Figure 1 . 2.3. Baseline Assessment and Randomization After obtaining informed consent, a baseline (pre-) assessment was performed. Participants were randomly assigned into three groups: the multi-domain C","3. Results A total of 347 older adults aged 50 or older were randomly assigned into the multi-domain CCT + PE group ( n = 117), the two-domain CCT + PE group ( n = 116) and the control group ( n = 114). The characteristics of the participants at baseline within each group are presented in Table 2 . The mean age of the participants was 64.2 years, 85.6% were women and 68% were classified as pre-frail (data not shown). Comparison of the baseline characteristics did not show any statistical differences in age, sex, marital status, educational level, living arrangement, frailty levels and cognitive functions (RCS score, HKLLT-LT score, HKLLT-DRT score) between the groups, although FAB scores showed a difference (multi-domain CCT + PE, 14.5 ± 2.4, vs. two-domain CCT + PE, 15.6 ± 2.1, vs. control group, 14.7 ± 2.6, p < 0.01). At week 12, FRAIL scores significantly decreased in the multi- and two-domain CCT + PE groups (multi-domain CCT + PE, −0.4 ± 1.0, p < 0.001; two-domain CCT + PE, −0.4 ± 0.8, p < 0.001) but not in the control group. The differences between the groups were significant ( p < 0.05). Improvement in RCS scores were observed in both multi- and two-domain CCT + PE groups (multi-domain CCT + PE, 0.6 ± 2.0, p < 0.01; two-domain CCT + PE, 0.5 ± 1.8, p < 0.01), but not in the control group. Both HKTLL-TL and HKLLT-DRT scores increased in all study groups (all p < 0.01), but the increase was higher in the CCT + PE groups than in the control group ( p < 0.05). FAB scores also increased in all study groups (all p < 0.001), but the differences between the groups were not significant. ( Table 3 ). Sub-group analyses were performed to examine the training effects according to the baseline RCS values of the participants. Among those with RCS ≥ 8 ( n = 135), FRAIL score sig","Table 1 17 interactive touchscreen video games of the Brainastic computerized cognitive training. ijerph-18-01396-t001_Table 1 Table 1 17 interactive touchscreen video games of the Brainastic computerized cognitive training. Name of Video Game Game Details Cognitive Domain Focus 1. Forest of Memory Remember the location of the cards with different symbols to train short-term memory Memory 2. Catch the Star Remember the order of the stars that change in color to train memory and logical thinking Memory 3. Colored Light Bulbs Remember the color of the light bulbs to train short-term memory Memory 4. Master of Oriental Stitch Remember the pattern and color of embroidery and recognize differences to train short-term memory Memory 5. Conveyor Belt Switch the conveyor sorter and collect items with a specific color to train multi-task handling capability Attention 6. Spot the Difference Find the unique insect to train attention and capability to filter information Attention 7. Film Collector Select the film with a specific color or pattern to train the immediate response to moving objects Attention 8. Honey Haunters Identify the correct number over a short period of time continuously to train attention and capability to filter information Attention 9. Conquer the Ice Look for the ice cubes with the answer to the calculation to train quick logical thinking Executive functions 10. From Small to Big Select labels with different presentations of values in ascending order to train quick logical thinking Executive functions 11. Switch and Match Pair the fish with same color but different pattern to train multiple condition handling capabilities Executive functions 12. Piet Mondrian Mansion Determine the consistency of the color of light and literal meaning of word of the lift to that on the wall to train quick conversion thinking Flexibility 13. Color or Shape Match the shape or color of moving signals to train quick conversion thinking Flexibility 14. Save the Daruma Match the pattern to the blocks on the left and right to train quick conversion thinking Flexibility 15. Pairing Detective Fit the totem pole to the empty slots on the wall to train sensitivity of visual space Visuospatial 16. Fixing Pixels Identify the dominant color of the grids on the TV screen to train the ability to distinguish colors Visuospatial 17. Dance in the Rain Select an umbrella with a specific color and shape to train sensitivity to multiple visual spaces Visuospatial
---TABLE---
Table 2 Baseline characteristics of the study population ( n = 347). ijerph-18-01396-t002_Table 2 Table 2 Baseline characteristics of the study population ( n = 347). Mean ± SD/ n (%) Cognitive Intervention Group Variables Total ( n = 347) Multi-Domain CCT + PE ( n = 117) Two-Domain CCT + PE ( n = 116) Video Watching + PE (Control) ( n = 114) p 1 Socio-demographics Age, years 64.2 ± 6.4 64.7 ± 7.3 64.0 ± 6.3 64.0 ± 5.3 0.659 Sex 0.056 Men 50 (14.4) 12 (10.3) 24 (20.7) 14 (12.3) Women 297 (85.6) 105 (89.7)","Machine-assisted full-text mining supports extraction only; final inclusion, risk of bias, and numeric effects require author verification.",,,,,,
33513714,PMC7912527,10.3390/md19020062,Limited Benefit of Marine Protein Hydrolysate on Physical Function and Strength in Older Adults: A Randomized Controlled Trial.,2021,Marine drugs,https://pubmed.ncbi.nlm.nih.gov/33513714/,unclear,resistance;nutrition,exercise_plus_nutrition,pmc_fulltext_available,pmc_fulltext_mined_not_numeric_extracted,yes,yes,ok,data\raw\pmc_fulltext\PMC7912527.xml,frailty;gait_speed;sppb;grip_strength;falls;quality_of_life;adherence;adverse_events,yes,yes,yes,yes,yes,yes,yes,yes,no,yes,yes,yes,yes,3.0,527.1 7912527 7912527 33513714 10.3390/md19020062 marinedrugs-19-00062 1 Article Limited Benefit of Marine Protein Hydrolysate on Physical Function and Strength in Older Adults: A Randomized Controlled Trial https://orcid.org/0000-0002-6317-5516 Nygård Linda Kornstad 1 * https://orcid.org/0000-0001-7716-7122 Mundal Ingunn 1 2 https://orcid.org/0000-0001-9453-9821 Dahl,Multidisciplinary Digital Publishing Institute (MDPI) PMC7912527 PMC7912527.1 7912527 7912527 33513714 10.3390/md19020062 marinedrugs-19-00062 1 Article Limited Benefit of Marine Protein Hydrolysate on Physical Function and Strength in Older Adults: A Randomized Controlled Trial https://orcid.org/0000-0002-6317-5516 Nygård Linda Kornstad 1 * https://orcid.org/0000,"a supplement of marine protein hydrolysate (MPH) on measures of physical function and strength. Eighty-six older adults received nutritional supplements containing 3 g of MPH or a placebo for up to 12 months. Short Physical Performance Battery (SPPB), grip strength and gait speed were measured, and dietary intake was registered at baseline, 6 months, and 12 months.","4. Materials and Methods This study was a randomized, controlled, double-blinded trial in which the participants received tablets containing 3 g of MPH or a placebo, with data collected at a baseline and at 6- and 12-month follow-ups. A 12-month follow-up period was planned for all participants; however, they were given the supplements for 6 months at a time, with the opportunity to withdraw at any time. Thus, statistical analyses were pre-planned to include measurements at both 6 months and 12 months of intervention. The study design is graphically illustrated in Figure 2 . 4.1. Recruitment Participants were recruited from March 2017 to May 2018, with all follow-up observations completed in January 2019. The study included adults ≥65 years old. Exclusion criteria included active cancer or progressive muscle illness (e.g., multiple sclerosis or Lou Gehrig’s disease), diabetes, kidney failure, short life expectancy (<1 year), and allergies to fish protein. Mental illness or neurodegenerative illnesses were not defined as exclusion criteria, however; participants were considered competent enough to provide informed consent to participate. Initially, one of the inclusion criteria was need of home care services, and recruitment was supposed to be facilitated trough municipal healthcare services. However, this recruitment proved difficult, and after 6 months and only 16 participants recruited, we omitted the criterion of the need for municipal support and started recruitment through local media and by leaving flyers at healthcare offices and senior citizen associations. A total of 92 individuals from several municipalities on the west coast of Norway consented to participate in the study. They represented a mixed cohort of elderly receiving home care services (n = 16) and el","2. Results The mean age of the participants in this study was 72.7 (SD 8.2) years: 72.5 (SD 8.3) and 73.1 (SD 8.2) years in women and men, respectively. Forty participants (46.5%) had higher education, and 30 participants (34.9%) lived alone. Forty-two participants (48.8%) reported that they performed strength exercises at least once a week, and 45 participants (52.3%) reported being physically active daily. The mean protein intake was 71.8 g (SD 23.6) and 83.7 g (SD 19.0), corresponding to 1.1 g/kg BW (SD 0.4) and 1.0 g/kg BW (SD 0.2) in women and men, respectively. Energy intake was 1728 kcal (SD 542) in women and 1958 kcal (SD 498) in men. The mean baseline values of SPPB were 10.5 points (SD 2.4): 10.3 points (SD 2.6) and 11.0 points (SD 1.8) in women and men, respectively. The top SPPB score of 12 points was reached by 44 participants (51.2%). The mean baseline value of grip strength was 33.0 kg (SD 11.6): 26.7 kg (SD 6.7) and 45.5 kg (SD 8.4) in women and men, respectively. Nine women (15.8%) had a grip strength <20 kg, and two men (6.9%) had a grip strength <30 kg. The mean baseline gait speed was 1.0m/s (SD 0.3) in both women and men. Characteristics of the participants in the intervention group and control group are shown in Table 1 , including intake of energy, protein, and seafood, levels of 25-hydroxy vitamin D, outcome measures of physical function, and compliance with intervention/control. At the 6-month follow-up, 26 participants reported gastrointestinal problems related to the tablets, in the form of increased gas or slight nausea, constipation or diarrhea. Further, 26 participants reported some difficulties swallowing the tablets. However, these problems were apparent in both the intervention and control groups (gastrointestinal symptoms p = 0.64 and s","Table 1 Demographic and clinical characteristics at the baseline, and descriptive statistics of the outcome variables of the randomized participants (N=86) at each time point, in the intervention (n = 43) * and control (n = 43) * groups. marinedrugs-19-00062-t001_Table 1 Table 1 Demographic and clinical characteristics at the baseline, and descriptive statistics of the outcome variables of the randomized participants (N=86) at each time point, in the intervention (n = 43) * and control (n = 43) * groups. Intervention Control Demographic and clinical characteristics Demographic: Age in years, mean (SD) 73.4 (8.7) 72.0 (7.7) Weight, kg mean (SD) 72.2 (13.1) 78.5 (14.7) BMI, kg/m 2 mean (SD) 25.5 (3.8) 27.7 (4.7) Gender, female, n (%) 29 (67.4) 28 (65.1) Education level college/university, n (%) 21 (48.8) 19 (44.2) Perform strength exercise weekly, n (%) 22 (51.2) 20 (46.5) Other physical activities daily, n (%) 28 (65.1) 17 (39.5) Live alone, n (%) 16 (37.2) 14 (32.6) Dietary factors Energy intake, kcal, mean (SD) 1809 (551) 1802 (527) Energy intake, kcal/kgBW 1 , mean (SD) 26.4 (8.8) 25.2 (8.8) a Protein intake, g/kgBW 1 , mean (SD) 1.1 (0.3) 1.1 (0.4) a Protein intake, g/1000 kcal, mean (SD) 42.3 (10.4) 43.5 (10.1) Seafood index 2 , mean (SD) 3.3 (1.4) a 3.4 (1.2) Serum 25-hydroxy vitamin D, nmol/L, mean (SD) 84.2 (31.3) c 84.1 (31.8) b Outcome variables SPPB 3 , total points, mean (SD) baseline 10.7(2.3) 10.4 (2.4) 6 months 11.0 (2.1) d 11.0 (1.6) c 12 months 11.4 (1.8) f 11.1 (1.8) g Grip strength, kg, mean (SD) baseline 33.0 (11.4) 33.1 (11.9) 6 months 34.2 (12.6) d 34.1 (10.6) b 12 months 37.0 (11.5) f 33.9 (10.9) g Gait speed, m/s, mean (SD) baseline 1.1 (0.3) 1.0 (0.3) 6 months 1.0 (0.3) d 1.0 (0.2) c 12 months 1.1 (0.2) f 1.1 (0.2) g Compliance % of tablets taken, 0–6 months (SD) 83.5 (23.1) 83.4 (23.8) % of tablets taken, 6–12 months (SD) 92.1 (18.4) 92.9 (5.8) Difficulties swallowing tablets n (%) 16 (29.7) d 10 (25.6) c Gastrointestinal effects of tablets n (%) 11 (32.4) e 15 (37.5) b 1 BW = body weight, adjusted for over- and underweight. 2 Seafood index is computed from frequency questions regarding seafood for dinner and lunch, and it corresponds to dinner portion equivalents per week. 3 Short Physical Performance Battery. * Variables with missing values are marked with remaining n: a n = 42, b n = 40, c n = 39, d n = 37, e n = 34, f n = 28, g n = 20.
---TABLE---
Table 2 Baseline characteristics of, and p -value for difference between, participants completing the 12-month follow-up (n = 48) and participants dropping out (n = 38). marinedrugs-19-00062-t002_Table 2 Table 2 Baseline characteristics of, and p -value for difference between, participants completing the 12-month follow-up (n = 48) and participants dropping out (n = 38). Completing Drop-Out p -Value Age in years, (mean ± SD) 70.5 (6.3) 75.5 (9.5) 0.01 2 Female gender, n (%) 28 (58.3) 29 (76.3) 0.08 3 Living alone, n (%) 12 (25.0) 18 (47.4) 0.03 3 Education level college/univ","Machine-assisted full-text mining supports extraction only; final inclusion, risk of bias, and numeric effects require author verification.",,,,,,
32114877,PMC7874375,10.1177/0733464820902652,"The Otago Exercise Program With or Without Motivational Interviewing for Community-Dwelling Older Adults: A 12-Month Follow-Up of a Randomized, Controlled Trial.",2021,Journal of applied gerontology : the official journal of the Southern Gerontological Society,https://pubmed.ncbi.nlm.nih.gov/32114877/,home,resistance;balance;aerobic_walking;digital_home,exercise_only,pmc_fulltext_available,pmc_fulltext_mined_not_numeric_extracted,yes,yes,ok,data\raw\pmc_fulltext\PMC7874375.xml,frailty;gait_speed;sppb;grip_strength;adl;falls;quality_of_life;adherence;adverse_events,yes,yes,yes,yes,yes,yes,yes,yes,yes,yes,yes,yes,yes,4.0,"52 10.1177_0733464820902652 1 Physical Activity The Otago Exercise Program With or Without Motivational Interviewing for Community-Dwelling Older Adults: A 12-Month Follow-Up of a Randomized, Controlled Trial https://orcid.org/0000-0003-0527-0627 Tuvemo Johnson Susanna 1 Anens Elisabeth 1 Johansson Ann-Christin 2 Hellström Karin 1 1 Uppsala University, Sweden 2 Mälard","ection-domain yes pmc-collection-title Sage Choice PMC7874375 PMC7874375.1 7874375 7874375 32114877 10.1177/0733464820902652 10.1177_0733464820902652 1 Physical Activity The Otago Exercise Program With or Without Motivational Interviewing for Community-Dwelling Older Adults: A 12-Month Follow-Up of a Randomized, Controlled Trial https://orcid.org/0000-0003-0527-0627","ople 75 years and older who needed walking aids and/or home help service. In total, 175 participants were randomized into three groups: OEP ( n = 61), OEP with MI ( n = 58), and a control group ( n = 56) ( M age = 83 years). Measures were physical performance, physical activity level, balance, grip strength, fall-related self-efficacy, fall rate, and fall injury rate. Th","Method This three-center study was a three-armed RCT with two intervention groups and one control group. At the beginning of the RCT, a feasibility study conducted with 45 older adults and 12 physical therapists (PTs) confirmed that the study protocol had acceptable feasibility ( Arkkukangas et al., 2015 ). The Regional Ethics Review Board of Uppsala, Sweden, approved the study protocol (Dnr 2012/147), and the study was registered at ClinicalTrials.gov (No. NCT01778972 ). The study followed the Declaration of Helsinki, which concerns informed consent, human rights, and correct procedures regarding treatment in research involving human participants. The participants received no compensation for their participation. Participants and Recruitment Procedure This study is a long-term follow-up on the same sample that was studied in a 3-month follow-up on fall preventive exercise with or without behavioral support ( Arkkukangas et al., 2019 ). The participants were recruited by PTs or occupational therapists when walking aids were prescribed or by care managers when the older adults applied for home help service. The inclusion criteria for the RCT were the following: an age of 75 years and older, living in the community, ability to understand oral and written information in the Swedish language, and ability to walk independently indoors with or without assistive devices. Individuals with scores less than 25/30 on the Mini-Mental State Examination (MMSE; Folstein et al., 1975 ), ongoing physical therapy treatment due to illness or injury, or receiving terminal care were excluded. In total, 335 older adults in three Swedish municipalities were assessed for eligibility, and 175 individuals met the inclusion criteria and were willing to participate, 122 women and 53 men, M age = 8","Results A total of 175 participants were enrolled. No significant baseline differences were observed among the three groups, the OEP ( n = 61), OEP + MI ( n = 58), and control ( n = 56), in any of the measures presented in Table 1 . Of the participants, 48 individuals (79%) in the OEP group, 48 individuals (83%) in the OEP + MI group, and 53 individuals (95%) in the control group completed the follow-up at 12 months ( Figure 1 ). No significant differences were found in any of the baseline measures between those who were lost to follow-up and those who completed the 12-month follow-up. Of the remaining 96 participants in the two intervention groups, 62 individuals (65%) met the PP criteria (OEP, n = 29 and OEP + MI, n = 33) of 208 exercise sessions including walks (two walks plus two exercise sessions per week) over the 12-month period. Three home-exercise sessions per week were achieved by 13 participants in the OEP group (21% of allocated) and by 13 participants in the OEP + MI group (22% of allocated), and a frequency of three exercise sessions + three walks per week were achieved by nine participants in each of the intervention groups. Further information regarding adherence data related to this study has been analyzed and presented earlier ( Arkkukangas et al., 2018 ). Table 1. Baseline Characteristics and Baseline Test Outcomes of the Study Participants: n = 175, Numbers and (%), Outcomes, M (SD) / median [IQR] . Characteristics OEP ( n = 61) OEP + MI ( n = 58) Control ( n = 56) Total ( N = 175) Age, years 83.4 (5.0) 83.7 (4.1) 82.3 (4.7) 83 (4.7) Women/men 41/20 (67.2/32.8) 40/18 (69.0/31.0) 41/15 (73.2/26.8) 122/53 (69.7/30.3) Highest level of education Elementary or junior secondary high/girls’ school 37 (60.7) 29 (50.0) 35 (62.5) 101 (57.7) Upper secondary sch","Table 1. Baseline Characteristics and Baseline Test Outcomes of the Study Participants: n = 175, Numbers and (%), Outcomes, M (SD) / median [IQR] . Table 1. Baseline Characteristics and Baseline Test Outcomes of the Study Participants: n = 175, Numbers and (%), Outcomes, M (SD) / median [IQR] . Characteristics OEP ( n = 61) OEP + MI ( n = 58) Control ( n = 56) Total ( N = 175) Age, years 83.4 (5.0) 83.7 (4.1) 82.3 (4.7) 83 (4.7) Women/men 41/20 (67.2/32.8) 40/18 (69.0/31.0) 41/15 (73.2/26.8) 122/53 (69.7/30.3) Highest level of education Elementary or junior secondary high/girls’ school 37 (60.7) 29 (50.0) 35 (62.5) 101 (57.7) Upper secondary school or university/college 24 (39.3) 29 (50.0) 21 (37.5) 74 (42.3) Housing and living arrangement Apartment block 47 (77.0) 43 (74.1) 45 (79.4) 135 (77.1) Townhouse or villa 14 (23.0) 15 (25.9) 11 (19.6) 40 (22.8) Living alone/living with someone 34/27 (55.7/42.3) 33/25 (56.9/43.1) 36/20 (64.3/35.7) 103/72 (58.9/41.1) Assistance with daily activities No 35 (57.4) 33 (56.9) 30 (53.6) 98 (56.0) Yes, from relatives 14 (23.0) 10 (17.2) 10 (17.9) 34 (19.4) Yes, from home assistance 12 (19.7) 15 (25.9) 16 (28.6) 43 (24.6) Walking aid No 5 (8.2) 6 (10.3) 3 (5.4) 14 (8.0) Yes, outdoors 46 (75.4) 41 (70.7) 45 (80.4) 132 (75.4) Yes, indoors 10 (16.4) 11 (19.0) 8 (14.3) 29 (16.6) Hours/week, moderate physical activity, n = 173 ≤3 hr per week 46 (76.7) 43 (74.1) 39 (71.0) 128 (74.0) ˃3 hr per week 14 (23.3) 15 (25.9) 16 (29.0) 45 (26.0) Fallen last 12 months before baseline, n = 174 No 37 (60.7) 30 (51.7) 34 (61.9) 101 (58.0) Yes, one fall 13 (21.3) 14 (24.1) 11 (20.0) 38 (21.8) Yes, two or more falls 11 (18.0) 14 (24.1) 10 (18.2) 35 (20.1) Disorders Heart and coronary 37 (60.1) 22 (38.0) 29 (57.8) 88 (50.3) Urinary 10 (16.4) 13 (22.4) 13 (23.2) 36 (20.6) Visual a 5 (8.2) 11 (19.0) 12 (21.4) 28 (16.0) Neurological 5 (8.2) 2 (3.5) 4 (7.1) 11 (6.3) Medication, n = 173 Blood pressure medicine 45 (75.0) 36 (63.2) 43 (76.8) 124 (71.7) Diuretic 24 (40.0) 12 (21.1) 18 (32.1) 54 (31.2) Hypnotics 17 (28.3) 20 (35.1) 20 (35.7) 57 (32.9) Tranquilizer 3 (5.8) 7 (12.3) 3 (5.4) 13 (7.5) Antidepressants 6 (10.0) 4 (7.0) 4 (7.1) 14 (7.7) Test outcomes SPPB (0–12 points) 7.9 (2.4) 7.8 (2.5) 7.7 (2.4) 7.7 (2.4) Walking speed (m/s) 0.69 (0.2) 0.70 (0.2) 0.66 (0.2) 0.69 (0.2) Grip strength right hand (kg) 25.9 (8.5) 24.2 (7.7) 24.4 (7.3) 24.5 (7.8) Mini-BESTest (0–28 points) 16 [6] 16 [8] 16 [7] 16 [7] Frändin–Grimby (0–6 points) 3 [1] 3 [1] 3 [0] 
---TABLE---
Table 2. Outcome Measures in Mean or Median Changes From Baseline to the 12-Month Follow-Up: p Values for the Between Groups Analyses Based on ITT and PP. Table 2. Outcome Measures in Mean or Median Changes From Baseline to the 12-Month Follow-Up: p Values for the Between Groups Analyses Based on ITT and PP. Outcomes Otago group Otago + MI group Control group p value M (SD) / Mdn (IQR) change M (SD) / Mdn (IQR) change M (SD) / Mdn (IQR) change Analysis of ITT n = 61 n = 58 n = 56 SP","Machine-assisted full-text mining supports extraction only; final inclusion, risk of bias, and numeric effects require author verification.",,,,,,
33032532,PMC7545899,10.1186/s12877-020-01805-3,A physical activity program versus usual care in the management of quality of life for pre-frail older adults with chronic pain: randomized controlled trial.,2020,BMC geriatrics,https://pubmed.ncbi.nlm.nih.gov/33032532/,community,multicomponent_exercise,multicomponent_exercise,pmc_fulltext_available,pmc_fulltext_mined_not_numeric_extracted,yes,yes,ok,data\raw\pmc_fulltext\PMC7545899.xml,frailty;gait_speed;sppb;grip_strength;adl;falls;quality_of_life;adverse_events,yes,yes,yes,yes,yes,yes,yes,yes,yes,yes,yes,no,yes,2.0,10.1186/s12877-020-01805-3 1805 1 Research Article A physical activity program versus usual care in the management of quality of life for pre-frail older adults with chronic pain: randomized controlled trial http://orcid.org/0000-0001-7028-1862 Otones Pedro pedro.otones@salud.madrid.org 1 García Eva 2 Sanz Teresa 3 4 Pedraz Azucena 2 1 grid.418921.7 0000 0001 2348 819,"n waiver ( http://creativecommons.org/publicdomain/zero/1.0/ ) applies to the data made available in this article, unless otherwise stated in a credit line to the data. Background Exercise has shown being effective for managing chronic pain and preventing frailty status in older adults but the effect of an exercise program in the quality of life of pre-frail older a",iatr 33 bmcgeri BMC Geriatrics 1471-2318 BMC PMC7545899 PMC7545899.1 7545899 7545899 33032532 10.1186/s12877-020-01805-3 1805 1 Research Article A physical activity program versus usual care in the management of quality of life for pre-frail older adults with chronic pain: randomized controlled trial http://orcid.org/0000-0001-7028-1862 Otones Pedro pedro.otones@salud,"Methods Open label randomized controlled trial. Participants were community-dwelling pre-frail older adults aged 65 years or older with chronic pain and non-dependent for basic activities of daily living attending a Primary Healthcare Centre. Forty-four participants were randomly allocated to a control group ( n = 20) that received usual care or an intervention group ( n = 24) that received an 8-week physical activity and education program. Frailty status (SHARE Frailty Index), quality of life (EuroQol-5D-5L), pain intensity (Visual Analogue Scale), physical performance (Short Physical Performance Battery) and depression (Yessavage) were assessed at baseline, after the intervention and after 3 months follow-up. The effect of the intervention was analysed by mean differences between the intervention and control groups.
Methods Design This study was designed as a parallel group open label randomized controlled trial with repeated measures and 3 months follow-up to determine the effect of an eight-week physical activity program for pre-frail older adults with chronic pain. This study adheres to the CONSORT Statement for Non-pharmacologic Treatment Interventions [ 24 ]. Participants and setting Data were collected between May 2018 and June 2019 in a Primary Health Care Centre in Madrid, Spain. All participants classified as pre-frail ( n = 59; 47 women and 12 men) in a previous cross-sectional investigation about frailty status in older adults with chronic pain were invited to participate in this randomized controlled trial. They were included if they accepted to participate and met the inclusion criteria. Participants were included if they were older adults aged 65 years or older with chronic pain for more than 3 months and classified as pre-frail by the SHARE Frailty Inde","Results The follow-up period (3 months) was completed by 32 patients (73%), 17 in the control group and 15 in the intervention group. Most participants were women (78.1%) with a mean age (standard deviation) of 77.2 (5.9) years and a mean pain intensity of 48.1 (24.4) mm. No relevant differences were found between groups at baseline. After the intervention, mean differences in the EuroQol Index Value between control and intervention groups were significant (− 0.19 95% CI(− 0.33- -0.04)) and remained after 3 months follow-up (− 0.21 95% CI(− 0.37- -0.05)). Participants in the exercise group showed better results in pain intensity and frailty after the intervention, and an improvement in physical performance after the intervention and after 3 months.
Results Participants’ demographic and clinical characteristics Fifty-nine pre-frail older adults with chronic pain were invited to participate in the study. Fifteen patients refused to participate and 44 were randomly assigned to the control or intervention group. Finally, 32 participants finished the randomized controlled trial and were analysed, this was the result of a loss of participants in both groups during the 3 months follow-up due to not being able to come to the intervention (intervention group, n = 5), not coming to follow-up (control group, n = 5), hospitalisation (intervention group, n = 1) and illness of a relative (intervention group, n = 1) (Fig. 1 ). Fig. 1 CONSORT flow diagram Participants had a mean (Standard Deviation, SD) age of 77.2 (5.9) years and a mean (SD) pain intensity of 48.1 (24.4) mm. There were a majority of women, 78.1 and 21.9% were men. No statistically significant differences were found between control group and intervention group excluding mean age of intervention group participants, whic","Table 1 Baseline demographic and clinical characteristics by group Table 1 Baseline demographic and clinical characteristics by group Total Intervention Control p ( n = 32) ( n = 17) ( n = 15) Sex n (%) Male 7 (21.9%) 5 (29.4%) 2 (13.3%) .27 Female 25 (78.1%) 12 (70.6%) 13 (86.7%) Age Mean (SD) 77.2 (5.9) 79.5 (4.2) 74.6 (6.5) .02 Pain VAS Mean (SD) 48.1 (24.4) 41.9 (18.3) 55.2 (28.9) .13 Median (IQR) 50.5 (35–69.75) 40 (29.5–57.5) 68 (39–73) SPPB Mean (SD) 7.1 (1.9) 6.6 (1.7) 7.7 (1.9) .11 Quality of life EQ-5D VAS Mean (SD) 60.9 (18.7) 60.5 (17.7) 61.3 (20.4) .91 Median (IQR) 60 (50–73.5) 60 (50–65) 60 (50–80) Index value Mean (SD) .61 (.22) .67 (.13) .55 (.28) .12 Median (IQR) 0.69 (0.51–0.75) 0.7 (0.56–0.76) 0.69 (0.46–0.74) Mobility n (%) 11 (34.4%) 4 (23.5%) 7 (46.7%) .11 Self-care n (%) 4 (12.5%) 1 (5.9%) 3 (20%) .86 Usual activ. n (%) 12 (37.5%) 6 (35.3%) 6 (40%) .45 Pain n (%) 22 (68.8%) 12 (70.6%) 10 (66.7%) .88 Anxiety n (%) 12 (37.5%) 6 (35.3%) 6 (40%) .31 Yesavage Mean (SD) 1.5 (1.2) 1.4 (1.2) 1.8 (1.2) .39 Barthel Mean (SD) 97.6 (3.1) 97.6 (3.1) 97.6 (3.2) .99 Number of medications Mean (SD) 9.2 (3.8) 9.3 (4.4) 9.2 (3.1) .92 Live with n (%) Family 4 (12.5%) 3 (17.6%) 1 (6.7%) Partner 17 (53.1%) 8 (47.1%) 9 (60.0%) .60 Alone 11 (34.4%) 6 (35.3%) 5 (33.3%) VAS Visual Analogue Scale, SD Standard Deviation, IQR Inter-quartile range, SPPB Short Physical performance battery
---TABLE---
Table 2 Mean differences between intervention and control groups Table 2 Mean differences between intervention and control groups Post-intervention (T1) 3 months follow-up (T2) Mean differences 95% CI p Mean differences 95% CI p Quality of life Index value −0.19 (−0.33- -0.04) .02 −0.21 (−0.37- -0.05) .01 EQ-5D VAS −9.1 (−23.58–5.39) .21 −4.3 (−15.22–6.63) .43 Frailty DFS Men −1.19 (−3.46–1.09) .24 0.1 (−2.16–2.36) .91 DFS Women −1.22 (−1.96- -0.48) .00 −0.82 (−1.54- -0.10) .03 VAS pain 22.12 (4.18–40.06) .02 13.49 (−4.09–31.07) .13 SPPB 0.29 (−1.17–1.15) .69 0.39 (−1.23–2.00) .62 Yesavage −0.12 (−1.18–0.93) .82 −0.28 (−1.13–0.58) .51 Barthel −0.27 (−2.55–2.00) .81 −1.65 (−5.06–1.76) .33 VAS Visual Analogue Scale, CI Confidence Interval, SPPB Short Physical performance battery, DFS Discreet factor score","Machine-assisted full-text mining supports extraction only; final inclusion, risk of bias, and numeric effects require author verification.",,,,,,
32762725,PMC7409695,10.1186/s12877-020-01668-8,Nutrition assessment and geriatric associated conditions among community dwelling Iranian elderly people.,2020,BMC geriatrics,https://pubmed.ncbi.nlm.nih.gov/32762725/,community,nutrition,nutrition_only,pmc_fulltext_available,pmc_fulltext_mined_not_numeric_extracted,yes,yes,ok,data\raw\pmc_fulltext\PMC7409695.xml,frailty;adl;falls;quality_of_life,yes,yes,no,yes,yes,no,no,no,yes,yes,yes,no,no,3.0,"tudy has been aimed to describe the nutritional status and its related socioeconomic and geriatric factors in community-dwelling elders with malnutrition. Method For this study, a randomized sampling among people aged 60 has been done ( n = 326). Information on nutrition status (full MNA) and health information, like cognitive status (MMSE), daily functional status (A",BMC Geriatr BMC Geriatr 33 bmcgeri BMC Geriatrics 1471-2318 BMC PMC7409695 PMC7409695.1 7409695 7409695 32762725 10.1186/s12877-020-01668-8 1668 1 Research Article Nutrition assessment and geriatric associated conditions among community dwelling Iranian elderly people Bakhtiari Afsaneh afbakhtiari@gmail.com 1 pourali Mahbobeh pourali6551@gmail.com 2 h,,"Method For this study, a randomized sampling among people aged 60 has been done ( n = 326). Information on nutrition status (full MNA) and health information, like cognitive status (MMSE), daily functional status (ADL and IADL scales) and frailty was obtained. Multiple logistic regression analyses have been carried out, in order to identify the association of demographical and clinical factors with malnutrition.
Methods Design and study population The participants were 331 community dwelling elderly, aged 60 years and over, living in Babol city, from Mazandaran province, Iran. Babol is a northern City of Iran with 12 urban health care centers out of which, 6 centers have been selected randomly. Convenience sampling technique was used to choose among the elderly people attending the areas, serviced by each responsible health center, including elderly entertainment venues, parks and mosques. Considering these factors, 55 elderly citizens entered out study from each health center. Eligible elderly were not diagnosed with Alzheimer, intense mental disorders or serious diseases. Individuals would opt out from the study for the absence of consent or incomplete filled out questionnaire. Hence, 326 questionnaires were analyzed out of a total of 331 questionnaires. The questionnaires were completed by participants in the presence of the researcher (for illiterate individuals, the researcher filled out the questionnaire on their behalf). Measurements and tools A standard multi-part questionnaire was used to assess nutritional status as an outcome variable and some other explanatory variables. Nutritional status Assessment of nutritional status of the subjects was conducted by a Persian version of the mini nutritional assessment (MNA) [ 13 ]. The MNA is the best tool which is vali","Results 28.1% of the participants suffered from poor nutrition. In the binary analysis, low MNA scores were associated with increasing age, female gender, lower education level, financial dependence, solitary life, poor self-rated health, multiple physical disabilities and chronic disease, polypharmacy, smoking, functional and cognitive decrease and frailty. In the final model of the multivariate analysis, living alone (OR:1.249,CI:1.105–2.620), multiple physical disabilities (OR:2.183,CI:1.246 ± 3..250) and chronic disease (OR: 2.148,CI:1.167–2.879) were independently associated with malnutrition. Also financial independency (OR:0.625,CI:0.233–0.938), functional ability on ADL (OR:0.536,CI:0.327–0.976) and IADL (OR:0.319,CI:0.194–0.856), normal cognitive (OR:0.456,CI:0.293–0.934) and no frailty (OR:0.253,CI:0.117–0.729) independently were inversely associated with malnutrition. The model was adjusted for all socio- demographic and health variables that were significantly related in the previous models.
Results Participants’ nutritional status The study sample consisted of 115 elderly women and 211 men. Their mean age was 68.82 ± 7.15 years with the prevalence of malnutrition and risk of malnutrition 3.0 and 25.1%, respectively. Women’s nutritional status was considerably worse than men. Nutritional status and its related factors Personal characteristics` binary analyses are depicted on Table 1 . Individuals with higher age, female gender, more children, less income and life without spouse (living alone or with children) had poorer nutritional status ( p < 0.001). 46% of the participants who lived with their children were either malnourished or at risk of malnutrition, while it was lower in the elderly who lived alone (33.4%). Greater level of nutritional disorders was ","Table 1 Associations between personal characteristics and nutritional status in elderly people Table 1 Associations between personal characteristics and nutritional status in elderly people Variables N Malnutrition % At malnutrition risk % Normal-nourished % p Age Mean (SD) 326 70.00 ± 7.28 70.81 ± 7.43 68.21 ± 6.95 0.015 Age group (y) 326 0.019 60–75 259 3.1 22 74.9 ≥ 76 67 3 38.8 58.2 Gender 326 0.001 Female 115 4.5 34.1 61.4 Male 211 2.8 21.7 75.5 Marital status 326 0.015 Married 236 3 21.2 75.8 widowed/divorced/single 90 3.3 36.7 60 Education 326 0.001 Illiterate 103 5.2 40.8 54 Primary/middle school 77 4.9 24.7 70.4 high school 89 1.1 12.4 86.5 University 57 – 19.3 80.7 Residency 326 0.084 Urban 269 2.6 23.4 74 Rural 57 5.3 35.1 56.9 Financial dependency 323 0.001 Dependent 41 7.5 30 62.5 Independent 1 282 2.1 21.4 76.5 Family Income 2 324 0.001 Inadequate 107 6.6 36.8 56.6 Almost enough 121 5.6 28.5 65.9 Adequate 96 – 13.5 86.5 Occupation 326 0.223 Unemployed 233 2.6 28.3 69.1 Part-time work 51 5.9 21.6 72.5 Full-time work 42 2.4 14.3 83.3 The house 326 0.629 Rent 13 – 30.8 69.2 children home 5 – – 100 own 308 3.2 25.6 71.1 Live with 326 0.001 Alone 51 2 31.4 66.7 Spouse 236 2.9 21.6 75.4 Children 39 5.1 41 53.8 Children number Mean (SD) 325 5.10 ± 0.87 4.45 ± 1.98 3.61 ± 1.74) 0.001 1 Including Employed, Pension, Rental property 2 Self-reported
---TABLE---
Table 2 Associations between health status and nutritional status in elderly people Table 2 Associations between health status and nutritional status in elderly people Variables N Malnutrition % At malnutrition risk % Normal-nourished % P Physical disabilities number 1 mean (SD) 318 2.50 ± 1.08 2.34 ± 0.92 1.82 ± 0.83 0.001 Daily drug intake 326 0.001 ≤ 3 drugs 149 2 11.4 86.6 >4 drugs 176 4 37.5 58.5 Self-rated healthy 326 0.001 not healthy 53 9.4 62.3 28.3 not sure 37 5.4 40.5 54.1 Like others 122 1.6 21.3 77 Better than others 114 0.9 7.9 91.2 Chronic disease number 322 0.001 < Three disease 224 3.1 19.8 77.1 ≥ Three disease 98 10.8 36.4 52.8 Psychological problem 325 0.251 None 14 – 7.1 92.9 Stress 241 2.1 17.8 80.1 insomnia 70 5.7 52.9 41.4 Smoking status 326 0.001 Never 292 2.7 17.6 79.7 Smoker 34 5.9 26.4 67.7 MMSE 322 0.001 Low cognition 54 9.26 46.30 44.44 Normal cognition 268 1.87 20.52 77.61 ADL 324 0.001 Dependent 42 11.9 57.1 31 Independent 282 1.8 20.9 77.3 IADL 325 0.001 Dependent 28 14.3 60.7 25 Moderate 67 6 47.8 46.3 Independent 230 0.9 14.3 84.8 Frailty 328 0.001 No 151 1.3 8.1 90.6 Pre frail 153 4 37.3 58.7 Frail 24 4.2 58.3 37.5 1 Including eyesight, hearing, dental, motion, speaking disorders Abbreviations : MMSE mini-mental state examination, ADL Activities of Daily Living, IADL Instrumental Activities of Daily Living
---TABLE---
Table 3 Binary logistic regression models for malnourished/ at malnutrition risk % vs. normal- nourishment on personal and health characteristics Table 3 Binary logistic regression models for malnourished/ at malnutrition risk % vs. normal","Machine-assisted full-text mining supports extraction only; final inclusion, risk of bias, and numeric effects require author verification.",,,,,,
32702879,PMC7373606,10.1097/MD.0000000000021187,Effects of concurrent aerobic and resistance exercise in frail and pre-frail older adults: A randomized trial of supervised versus home-based programs.,2020,Medicine,https://pubmed.ncbi.nlm.nih.gov/32702879/,home,resistance;aerobic_walking;digital_home,exercise_only,pmc_fulltext_available,pmc_fulltext_mined_not_numeric_extracted,yes,yes,ok,data\raw\pmc_fulltext\PMC7373606.xml,frailty;gait_speed;grip_strength;adl;adherence;adverse_events,yes,yes,yes,yes,yes,yes,no,yes,yes,no,no,yes,yes,5.0,"000000000021187 MD-D-20-01216 1 4600 Research Article Clinical Trial/Experimental Study Effects of concurrent aerobic and resistance exercise in frail and pre-frail older adults A randomized trial of supervised versus home-based programs Meng Nai-Hsin MD a b Li Chia-Ing PhD b c Liu Chiu-Shong MPH, MD b d Lin Chih-Hsueh MD, PhD b d Chang Chin-Kai MD a Chang Heng-Wei MD","7373606 PMC7373606.1 7373606 7373606 32702879 10.1097/MD.0000000000021187 MD-D-20-01216 1 4600 Research Article Clinical Trial/Experimental Study Effects of concurrent aerobic and resistance exercise in frail and pre-frail older adults A randomized trial of supervised versus home-based programs Meng Nai-Hsin MD a b Li Chia-Ing PhD b c Liu Chiu-Shong MPH, MD b d Lin Ch","with gas analysis; 6MW test may underestimate the improvement of the cardiopulmonary endurance obtained via cycle ergometer training. Finally, the present study did not include a control group in which no exercise intervention was given. 5 Conclusion In the present study, the 3-month supervised concurrent resistance and endurance exercise program improved the strength o","Methods: A total of 146 community-dwelling participants aged 65 and older who were prefrail or frail were randomly allocated into supervised exercise (N = 74) and home exercise (N = 72) groups. The 3-month supervised exercise training consisted of 3 exercise sessions per week, was performed at a hospital and supervised by a physical therapist. Home exercise participants took instructions on exercise and illustrated exercise handouts. The baseline and 3-month follow-up measurements included body composition, strength of selected upper and lower limb muscle groups, grip and leg press strengths, and five physical performance tests. Mixed-model repeated-measures analysis was applied to determine whether two groups differ in terms of changes before and after the intervention and to compare within-group improvements.
2 Material and methods 2.1 Definition of frailty Frailty was defined applying the 5-component criteria proposed by Fried et al in 2001. [ 1 ] Shrinking was referred to as having lost at least 3 kg weight during the previous year. Participants with grip strength in the lowest quintile among subgroups of gender and body mass index were classified as those with weakness. Poor endurance and energy were defined by self-reported exhaustion which was recorded by 2 questions in the Center for Epidemiological Studies-Depression Scale. [ 19 ] Participants with walking speed in the slowest quintile among gender and height stratification subgroups were classified as slow walkers. Physical activity level was measured by the weighted score of caloric expenditure per week calculated according to the participant report. Those with physical activities in the lowest quintile were classified as having low physical activities. Frailty was defined as meeting at least 3 out of the 5 c","Results: After 3 months of supervised or home-based exercise, the average number of frailty criteria met and fat percentage decreased significantly. Strength of knee extensors, knee flexors and leg press improved significantly in supervised exercise group. In home-based exercise group, the strength of all muscle groups tested improved significantly, except for leg press strength. Walking speed improved in both groups, and timed-up-and-go and timed chair rise tests improved significantly only in supervised exercise group.
3 Results 3.1 Participant characteristics The CONSORT flow diagram is presented in Supplemental Digital Content (Figure S1). Among the 146 participants, 74 were allocated to SEG and 72 to HEG. Twenty-three percent (17/74) of the participants in SEG did not take the 3-month follow up tests. Five of them dropped out because of various diseases or trauma which were not related to the exercise program, and the rest of them quitted because of motivational or logistic reasons. No adverse event of exercise was reported in SEG. The rate of attendance during the intervention was 74.4% in SEG. A total of 32% (23/72) of the participants in HEG disagreed to undertake the 3-month follow up tests. The two groups did not differ in terms of age, gender, baseline frail status, the baseline circumferences, as well as the muscle strength and functional performance test results, except for mean thigh circumference which was greater in SEG (Tables 1 and 2 ). The anthropometric data of the two groups are summarized in Table 2 . Table 1 Characteristics of both groups at baseline. Table 2 The anthropometric data of the participants at baseline and after 3 months of exercise. 3.2 Effects of intervention Compared with baseline conditions, a significantly decrease in fat percenta","Table 1 Characteristics of both groups at baseline. Table 1 Characteristics of both groups at baseline.
---TABLE---
Table 2 The anthropometric data of the participants at baseline and after 3 months of exercise. Table 2 The anthropometric data of the participants at baseline and after 3 months of exercise.
---TABLE---
Table 3 The muscle strength of the participants at baseline and after 3 months of exercise. Table 3 The muscle strength of the participants at baseline and after 3 months of exercise.
---TABLE---
Table 4 The results of physical performance tests of the participants at baseline and after 3 months of exercise. Table 4 The results of physical performance tests of the participants at baseline and after 3 months of exercise.
---TABLE---
Table 5 Frailty criteria met among participants in both groups. Table 5 Frailty criteria met among participants in both groups.","Machine-assisted full-text mining supports extraction only; final inclusion, risk of bias, and numeric effects require author verification.",,,,,,
32545408,PMC7353446,10.3390/nu12061755,Nutrition and Sarcopenia-What Do We Know?,2020,Nutrients,https://pubmed.ncbi.nlm.nih.gov/32545408/,unclear,resistance;nutrition;digital_home,exercise_plus_nutrition,pmc_fulltext_available,pmc_fulltext_mined_not_numeric_extracted,yes,yes,ok,data\raw\pmc_fulltext\PMC7353446.xml,frailty;gait_speed;sppb;grip_strength;quality_of_life;adherence,yes,yes,yes,no,yes,yes,yes,yes,no,no,yes,yes,no,3.0,"been reviewed, along with their studied effects on the prevalence and incidence of sarcopenia, as well as their ability to preserve muscle mass and optimize physical performance. Randomized controlled trials appear to suggest a critical role for dietary intake of protein in preventing sarcopenia and muscle loss, although the optimal dose and type of protein is unknow","nutrients Nutrients 2072-6643 Multidisciplinary Digital Publishing Institute (MDPI) PMC7353446 PMC7353446.1 7353446 7353446 32545408 10.3390/nu12061755 nutrients-12-01755 1 Review Nutrition and Sarcopenia—What Do We Know? Ganapathy Aravinda 1 https://orcid.org/0000-0001-8593-343X Nieves Jeri W. 1 2 3 * 1 Institute of Human Nutrition, Columbia University, New York, NY","penia, supplementation for 12 weeks was given as 10 g whey protein along with 800 IU vitamin D with or without a program of resistance exercise as compared to exercise alone and a control group. In this study, the combination of exercise and whey protein improved appendicular muscle mass in sarcopenic adults, but not those with normal muscle mass but reduced muscle stren",,,"Table 1 Randomized controlled trials of protein supplementation and sarcopenia. nutrients-12-01755-t001_Table 1 Table 1 Randomized controlled trials of protein supplementation and sarcopenia. Author Population Intervention Results of Supplemental Protein vs. Placebo With Exercise? Björkman 2010 [ 15 ] n = 218, age 75–96 years, either low hand-grip strength (men ≤ 30.0 kg, women ≤ 20.0 kg), slow habitual gait speed (≤0.80 m/s), or cRi-SMI Z-score ≤ −2. Nutritional supplement: enriched milk protein (40 g). Groups: supplement group vs. isocaloric placebo for 12 months. Nonsignificant differential impact on physical performance or attenuation of muscle loss. Yes, participants given a training program for 12 months. Tieland 2012 [ 16 ] n = 62, age ≥ 65 years, met Fried criteria for either frailty or pre-frailty. Nutritional supplement: 15 g protein beverage supplemented by milk protein concentrate. Groups: Supplemented group vs. isocaloric placebo group for 24 weeks. Significant differential increase in lean body mass in intervention group, but no significant differential change in strength and physical performance between groups. Yes, both groups received resistance-type exercise training. Kang 2019 [ 17 ] n = 115, age ≥ 60 years, met at least 2 of 5 components of Fried’s physical frailty. Nutritional supplementation: Nutrasumma whey protein. Groups: Supplemented group vs. control for 12 weeks. Significant differential increase in hand-grip strength, gait speed, and chair-stand time. Yes. Park 2018 [ 18 ] n = 120, age 70–85 years, met ≥1 of modified CHS frailty criteria, and MNA score ≤ 23.5. Groups: 0.8 g whey protein/kg body weight supplementation vs. 1.2 g whey protein/kg body weight vs. 1.5 g protein/kg body weight 1:1:1 ratio for 12 weeks. Significant differential increase in appendicular skeletal muscle mass (ASM), skeletal muscle mass index (SMI), and gait speed in 1.5 g protein/kg body weight group vs. 0.8 g protein/kg body weight group. No significant differential increase between 0.8 g protein/kg body weight and 1.2 g protein/kg body weight groups. No, participants were told to maintain usual physical activity. Yamada 2019 [ 19 ] n = 112, age ≥ 65 years, met criteria for either sarcopenia or dynapenia. Nutritional supplementation: 10.0 g whey protein + 800 IU Vitamin D. Groups: Exercise + nutritional supplement vs. exercise alone vs. nutritional supplement alone vs. control 1:1:1:1 ratio for 12 weeks. Significant differential improvement in combined 
---TABLE---
Table 2 Randomized controlled trials of vitamin D supplementation and sarcopenia. nutrients-12-01755-t002_Table 2 Table 2 Randomized controlled trials of vitamin D supplementation and sarcopenia. Author Population Intervention Results of Supplemental Vitamin D vs. Placebo With Exercise? Hajj 2019 [ 30 ] n = 128 (115 completed), average age = 73.31 years, met criteria for sarcopenia and vitamin D deficiency (<20 ng/mL). Nutritional supplement: 10,000 IU cholecalciferol tablet. Nutrit","Machine-assisted full-text mining supports extraction only; final inclusion, risk of bias, and numeric effects require author verification.",,,,,,
32466446,PMC7312630,10.3390/ijerph17113760,Multicomponent Exercise Program Reduces Frailty and Inflammatory Biomarkers and Improves Physical Performance in Community-Dwelling Older Adults: A Randomized Controlled Trial.,2020,International journal of environmental research and public health,https://pubmed.ncbi.nlm.nih.gov/32466446/,home,resistance;balance;aerobic_walking;multicomponent_exercise;nutrition;digital_home,exercise_plus_nutrition,pmc_fulltext_available,pmc_fulltext_mined_not_numeric_extracted,yes,yes,ok,data\raw\pmc_fulltext\PMC7312630.xml,frailty;gait_speed;grip_strength;adl;falls;quality_of_life;adherence;adverse_events,yes,yes,yes,yes,yes,yes,no,yes,yes,yes,yes,yes,yes,4.0,13760 ijerph-17-03760 1 Article Multicomponent Exercise Program Reduces Frailty and Inflammatory Biomarkers and Improves Physical Performance in Community-Dwelling Older Adults: A Randomized Controlled Trial Sadjapong Uratcha 1 https://orcid.org/0000-0001-9023-2283 Yodkeeree Supachai 2 https://orcid.org/0000-0003-4283-7469 Sungkarat Somporn 3 https://orcid.org/0000-00,Health 1661-7827 1660-4601 Multidisciplinary Digital Publishing Institute (MDPI) PMC7312630 PMC7312630.1 7312630 7312630 32466446 10.3390/ijerph17113760 ijerph-17-03760 1 Article Multicomponent Exercise Program Reduces Frailty and Inflammatory Biomarkers and Improves Physical Performance in Community-Dwelling Older Adults: A Randomized Controlled Trial Sadjapong Uratcha,"ing an allocation concealment method, included 64 older adults (77.78 ± 7.24 years), were divided into two parallel groups using block randomization: an MCEP group ( n = 32) and a control group ( n = 32). The combined center- and home-based MCEP training consisted of chair aerobic, resistance, and balance, which was carried out 3 days per week for 24 weeks. A mixed model","2. Materials and Methods 2.1. Study Design and Participants The study was conducted from July to August 2018 in a Sub-district community in Phayao province, Northern Thailand. 173 frail elderly aged 65 years or older and had been identified as frailty according to Fried’s Frailty Phenotype [ 4 ] were recruited for eligibility. Exclusion criteria were progressive degenerative diseases, Mini-Mental State Examination-Thai version (MMST10) score less than 23 [ 21 ], severe audiovisual impairment, severe disability and were not willing to come. Thus, 109 participants were excluded; 90 not willing to come, 5 were not interested in participating, 9 had severe audiovisual impairment, 3 had severe disability, and 2 had progressive degenerative diseases. Therefore, 64 eligible participants were enrolled in the study and randomly allocated into two groups, a Multicomponent Exercise Program (MCEP) group; n = 32, and a control group; n = 32. Before the end of the trial, one participant in the MCEP group withdrew due to falls (not related to the study), resulting in a drop-out rate of 1.6%. The Consolidated Standards of Reporting Trial (CONSORT) flowchart that outlines the flow of participants through the study is shown in Figure 1 . The MCEP was a parallel-group, randomized controlled trial with a 12-week intervention (center-based) and 12-week follow up (home-based); assessment taking place at baseline, 12 weeks and 24 weeks by trained assessors who were blinded to the group allocation of the participant ( Figure 1 ). The trial is registered with the Thai Clinical Trials Registry as ID: TCTR20180724003 (URL: http://www.clinicaltrials.in.th/index ). The sample size was calculated from a previous study of a multicomponent exercise program in frail nonagenarians, which consisted of mu","3. Results 3.1. Baseline Descriptive Data The baseline characteristics of participants are presented in Table 2 . The demographic characteristics of participants between the MCEP and the control groups had no significant differences at baseline. The MCEP group attended a center based program based on an average of 34 of the 36 exercise sessions (94.4%) and home-based programs on average 21 of the 36 exercise sessions (57.5%). No study-related injuries or falls were reported (data not shown). 3.2. Changes in Physical Performance During the 24-Weeks Intervention Period Baseline and post-intervention (12 and 24 weeks) primary outcome data are presented in Table 3 and Figure 2 . Mixed model repeated measure ANOVA demonstrated significant interaction effects of group x time for balance variables as measured by Berg Balance Score (BBS) (p < 0.01) and Timed Up and Go (TUG) ( p < 0.01). Post hoc analyses revealed that the MCEP group < showed significant improvements in the BBS ( p < 0.01) and TUG ( p < 0.01) when compared to the control group and their baseline after both 12 and 24 weeks of the intervention. In the case of strength and endurance variables, the MCEP group showed greater improvements in strength (p = 0.03) and VO 2 Max ( p = 0.02) than the control group after 12 weeks of the intervention. However, there were no significant group x time interactions for these variables. 3.3. Changes in Frailty Score and HRQOL During the 24-Weeks Intervention Period Baseline and post-intervention (12 and 24 weeks) secondary outcome data are presented in Table 3 and Figure 2 . The mixed model repeated measure ANOVA revealed significant interaction effects of group x time for frailty score ( p < 0.01). Within-group analyses showed that the MCEP group had significantly decreased frail","Table 1 Multicomponent exercise program protocol. ijerph-17-03760-t001_Table 1 Table 1 Multicomponent exercise program protocol. Exercise Training Description Duration Intensity Progression Chair Aerobic Training (i) seated marching, (ii) leg marching, (iii) arm swing, (iv) tap and clap, (v) side bend, and (vi) arm raised 10−20 min month 1: 10 min month 2: 15 min month 3: 20 min Resistance Training with Theraband (i) arm curl, (ii) backward arm press, (iii) hip flexor, (iv) hip extensor, (v) hip adductor, (vi) hip abductor, (vii) knee flexor, (viii) knee extensor, (ix) ankle plantar flexor, and (x) ankle dorsiflexor 25−30 min month 1, Reps: 8 × 2 set, intensity: 65% of the 1RM month 2, Reps: 10 × 3 set, intensity: 75% of the 1RM month 3, Reps: 12 × 3 set, intensity: 85−90% of the 1RM (Intensity was set by the color of the theraband.) Balance Training (i) sit to stand, (ii) knee bends, (iii) backwards walking, (iv) walking and turning around, (v) sideways walking, and (vi) heel toe standing (vii) heel toe walking (viii) one leg stand 10 min Month 1: two hands support month 2: one hand support month 3: no hand support
---TABLE---
Table 2 Baseline characteristics of participants. ijerph-17-03760-t002_Table 2 Table 2 Baseline characteristics of participants. Characteristics Control Group ( n = 32) MCEP Group ( n = 32) p -Value Age (y), mean ± SD 78.87 ± 1.32 76.68 ± 1.14 0.64 Sex, n (%) Female 16 (50.0) 23 (71.9) 0.06 Male 16 (50.0) 9 (28.1) Number of Comorbidities, mean ± SD 1.25 ± 0.76 1.09 ± 0.96 0.35 Number of Types of Medication, mean ± SD 2.62 (1.91) 2.28 ± 1.97 0.67 Self-health Rating, n (%) Excellent 4 (12.5) 6 (18.8) 0.61 Good 19 (59.4) 16 (50.0) Fair / poor 9 (28.1) 10 (31.2) BMI, mean ± SD 21.28 (0.69) 21.37 (0.68) 0.84 HRQOL Score (range, 0−100), mean ± SD 60.77 (16.84) 61.45 (13.3) 0.27 Frailty Score, mean ± SD 3.25 (0.50) 3.18 (0.39) 0.58 Frailty Criteria, n (%) Weight Loss 8 (25.0) 6 (18.8) 0.76 Low Grip Strength 31 (96.9) 29 (90.6) 0.61 Low Walking Speed 25 (78.1) 24 (75) 1.00 Exhaustion 15 (46.9) 17 (53.1) 0.84 Low Physical Activity 29 (90.6) 32 (100.0) 0.27 MCEP = Multicomponent exercise program, BMI = Body Mass Index, HRQOL = Health-related quality of life. Statistical significance at p < 0.05 using Independent Sample t-test for continuous data, and Chi-square test for categorical data.
---TABLE---
Table 3 Comparisons of outcome between groups in physical performance, frailty score and HRQOL at baseline, 12 and 24 weeks. ijerph-17-03760-t003_Table 3 Table 3 Comparisons of outcome between groups in physical performance, frailty score and HRQOL at baseline, 12 and 24 weeks. Parameters Control Group ( n = 32) MCEP Group ( n = 32) Group × Time # Baseline 12-Weeks 24-Weeks Baseline 12-Weeks 24-Weeks p Physical Performance Strength (Handgrip (kg)) 15.50 ± 6.47 16.28 ± 7.00 16.70 ± 8.05 15.71 ± 6.21 19.56 ± 5.27 * ,† 18.84 ± 5.01 † 0.08 Berg Balance Score 49.96 ± 4.40 45.34 ± 8.65 44.46 ± 9.52 † 49.12 ± 3.58 53.12 ± 3.16 * ,† 52.68 ± 3.49","Machine-assisted full-text mining supports extraction only; final inclusion, risk of bias, and numeric effects require author verification.",,,,,,
32375700,PMC7203790,10.1186/s12877-020-01572-1,Sensor-based characterization of daily walking: a new paradigm in pre-frailty/frailty assessment.,2020,BMC geriatrics,https://pubmed.ncbi.nlm.nih.gov/32375700/,unclear,aerobic_walking,exercise_only,pmc_fulltext_available,pmc_fulltext_mined_not_numeric_extracted,yes,yes,ok,data\raw\pmc_fulltext\PMC7203790.xml,frailty;gait_speed;grip_strength;adl;falls;adherence,no,yes,no,yes,yes,yes,no,yes,yes,yes,no,yes,no,5.0,,"al. developed a frailty index based on impairments in cognitive status, mood, motivation, communication, mobility, balance, bowel and bladder function, activities of daily living, nutrition, social resources and number of comorbidities [ 13 ]; Mitnitski et al. constructed a frailty index based on 20 deficits as observed in a structural clinical examination based on t",,"Methods DPA was acquired for 48 h from older adults (≥65 years) using a tri-axial accelerometer motion-sensor. Continuous bouts of walking for 20s, 30s, 40s, 50s and 60s without pauses were identified from acceleration data. These were then used to extract qualitative measures (gait variability, gait asymmetry, and gait irregularity) and quantitative measures (total continuous walking duration and maximum number of continuous steps) to characterize gait performance. Association between frailty and gait performance parameters was assessed using multinomial logistic models with frailty as the dependent variable, and gait performance parameters along with demographic parameters as independent variables.
Methods This observational cross-sectional study was performed at Arizona Center on Aging, Tucson, AZ. Participants in this study were from primary, secondary, and tertiary health-care settings within our academic network and also from community providers and aging service organizations. DPA was recorded from eligible volunteers for 48 h and the walking data from the DPA was processed to study the gait performance parameters and associate these characteristics with frailty. Participants Older adults (65 years or older), without severe mobility disorder and the ability to walk at least 10 m with or without an assistive device, were considered eligible for the study. Participants with cognitive-impairment (screened by a Mini-Mental State Examination (MMSE) [ 23 ] score of < 23) or terminal illness were excluded. All the eligible participants signed a written consent form according to the principles expressed in the Declaration of Helsinki [ 24 ], approved by the Institutional Review Board of the University of Arizona. Demographic and clinical measures The recorded clinical me","Results One hundred twenty-six older adults (44 non-frail, 60 pre-frail, and 22 frail, based on the Fried index) were recruited. Step- and stride-times, frequency domain gait variability, and continuous walking quantitative measures were significantly different between non-frail and pre-frail/frail groups ( p < 0.05). Among the five different durations (20s, 30s, 40s, 50s and 60s), gait performance parameters extracted from 60s continuous walks provided the best frailty assessment results. Using the 60s gait performance parameters in the logistic model, pre-frail/frail group (vs. non-frail) was identified with 76.8% sensitivity and 80% specificity.
Results Demographic and clinical measures The study involved a total of 126 participants, among whom 44 were non-frail, 60 were pre-frail and 22 were frail according to the Fried frailty criteria [ 2 ]. Table 2 shows demographic and clinical characteristics. Pre-frail/frail participants were significantly older than non-frail participants, used assistive devices more frequently, had higher BMI, perceived tiredness, and fear of falling score ( p < 0.05) and lower performance scores in ADL ( p < 0.05). Table 2 Demographic and clinical characteristics Characteristics Non-frail (N) ( n = 44) Pre-frail/Frail (P/F) ( n = 82) p -value N vs P/F Age (years) 74.6 ± 6.5 81.2 ± 8.6 < 0.001 Height (cm) 161.7 ± 6.9 161.3 ± 9.5 0.797 Weight (kg) 67.2 ± 12.8 76.0 ± 18.1 0.005 Body mass index 25.7 ± 4.5 29.2 ± 6.5 0.002 Gender 0.190 Male 6 (13.6) 19 (23.2) Female 38 (86.4) 63 (76.8) History of falls 13 (29.5) 37 (45.1) 0.085 Falls Efficacy Scale - International 20.8 ± 4.2 31.3 ± 11.6 < 0.001 Use of assistive devices 4 (9.1) 41 (50.0) < 0.001 Mobility-tiredness scale 5.6 ± 0.8 4.1 ± 1.8 < 0.001 MMSE 29.2 ± 1.1 28.6 ± 1.6 0.060 CES-D 6.6 ± 5.7 ","Table 1 Sensor-based outcome measures Table 1 Sensor-based outcome measures Parameter Description Reference Step/stride time Time-interval between two consecutive/alternate acceleration peaks Gait Variability Step/stride time variability Coefficient of variation (%), standard deviation of step/stride time over mean step/stride time [ 17 ] PSD max Maximum height of the PSD distribution curve representing the amount of walking that occurs at the dominant frequency [ 38 , 39 ] PSD width The width of the PSD curve at half of the maximum height representing the range of walking frequencies [ 38 , 39 ] PSD slope The slope of the PSD curve from the peak to the width representing the variability of walking. [ 38 , 39 ] Dominant frequency The frequency at which the PSD curve attains its peak, representing the frequency at which most of the walking cycles occur [ 38 , 39 ] Gait Asymmetry Unbiased auto-correlation coefficients of gait signal, representing left-right step coordination [ 11 , 40 ] Gait Irregularity Sample entropy, representing the predictability of walking cycles [ 41 – 43 ] Continuous Walking Quantitative Measures No. of continuous walks Total number of continuous walks in the 48 h duration Total continuous walking duration Total duration of continuous walks in the 48 h duration Max walking bout Maximum duration of continuous walking in 48 h Max no. of continuous steps Maximum number of continuous steps in the longest duration continuous walking bout in 48 h Walking bout variability Coefficient of variation (%), standard deviation of walking bouts over mean walking bout Duration of non-continuous walks (% of total walking duration) Duration of walks which were not continuous for 60s or longer (total duration of 60s walking minus continuous walking with no pause) PSD Power Spectral Density
---TABLE---
Table 2 Demographic and clinical characteristics Table 2 Demographic and clinical characteristics Characteristics Non-frail (N) ( n = 44) Pre-frail/Frail (P/F) ( n = 82) p -value N vs P/F Age (years) 74.6 ± 6.5 81.2 ± 8.6 < 0.001 Height (cm) 161.7 ± 6.9 161.3 ± 9.5 0.797 Weight (kg) 67.2 ± 12.8 76.0 ± 18.1 0.005 Body mass index 25.7 ± 4.5 29.2 ± 6.5 0.002 Gender 0.190 Male 6 (13.6) 19 (23.2) Female 38 (86.4) 63 (76.8) History of falls 13 (29.5) 37 (45.1) 0.085 Falls Efficacy Scale - International 20.8 ± 4.2 31.3 ± 11.6 < 0.001 Use of assistive devices 4 (9.1) 41 (50.0) < 0.001 Mobility-tiredness scale 5.6 ± 0.8 4.1 ± 1.8 < 0.001 MMSE 29.2 ± 1.1 28.6 ± 1.6 0.060 CES-D 6.6 ± 5.7 8.9 ± 7.5 0.079 Barthel ADL Scale 97.6 ± 4.6 93.8 ± 7.9 0.004 Results presented as mean ± SD or number (%). Bold-faced values show statistical significance ( p < 0.05)
---TABLE---
Table 3 Gait performance parameters for 60s continuous walks, one-way ANOVA results, and Cohen’s d effect sizes between non-frail(N) and pre-frail(P)/frail(F) groups Table 3 Gait performance parameters for 60s continuous walks, one-way ANOVA results, and Cohen’s d effect sizes between non-frail(N","Machine-assisted full-text mining supports extraction only; final inclusion, risk of bias, and numeric effects require author verification.",,,,,,
32375239,PMC7345634,10.3390/geriatrics5020029,"A Novel Exercise for Enhancing Visuospatial Ability in Older Adults with Frailty: Development, Feasibility, and Effectiveness.",2020,"Geriatrics (Basel, Switzerland)",https://pubmed.ncbi.nlm.nih.gov/32375239/,unclear,resistance,exercise_only,pmc_fulltext_available,pmc_fulltext_mined_not_numeric_extracted,yes,yes,ok,data\raw\pmc_fulltext\PMC7345634.xml,frailty;gait_speed;grip_strength;adl;falls;adherence;adverse_events,yes,yes,no,yes,yes,yes,no,yes,yes,yes,no,yes,yes,2.0,"ons.org/licenses/by/4.0/ ). We aimed to develop a novel exercise to improve visuospatial ability and evaluate its feasibility and effectiveness in older adults with frailty. A non-randomized preliminary trial was conducted between June 2014 and March 2015. We recruited 35 adults with frailty (24 women), aged 66–92 years. Participants were assigned to either locomotive","cs 2308-3417 Multidisciplinary Digital Publishing Institute (MDPI) PMC7345634 PMC7345634.1 7345634 7345634 32375239 10.3390/geriatrics5020029 geriatrics-05-00029 1 Article A Novel Exercise for Enhancing Visuospatial Ability in Older Adults with Frailty: Development, Feasibility, and Effectiveness https://orcid.org/0000-0002-1969-5098 Nemoto Miyuki 1 * https://orcid.",,"2. Materials and Methods 2.1. Design and Setting This, 12-week, two-arm, non-randomized, and controlled trial was conducted at a public health center in Yachiyo-town, Ibaraki, Japan, from June 2014 to March 2015. The participants, who were recruited in 2014, were assigned to the locomotive exercise group, and those in 2015 were assigned to the visuospatial exercise group. The intervention was physical exercise in both groups. Since the locomotive training was routinely provided as part of the local government health services, we considered the locomotive training as a control intervention. The cube exercise was provided on a trial basis. Considering the constraints of location, time, and human resources as a collaborative project with the town, a non-randomized study design was adopted. This study was conducted in accordance with the Declaration of Helsinki, and the study protocol was reviewed and approved by the Ethics Committee of the Faculty of Health and Sport Sciences, University of Tsukuba, Japan (approval number: 25–96). All participants provided written informed consent. This manuscript is fully complied with the TREND statement [ 10 ] which is a well-recognized reporting guideline for non-randomized trial. 2.2. Participants We recruited older adults with frailty according to the Long-Term Care Insurance system in Japan [ 11 ] by distributing the Kihon Checklist (KCL) [ 12 ] to adults aged 65 years or older in Yachiyo town. The KCL has been validated both nationally and internationally to identify older adults with frailty [ 13 , 14 ]. The KCL consisted of 25 dichotomous questions within six domains: activities of daily living (five items), physical function (five items), nutritional status (two items), oral function (three items), cognitive function (five items","3. Results The participant flow is illustrated in Figure 3 . A total of 22 candidates in the locomotive exercise group and 13 candidates in the visuospatial exercise group fulfilled the eligibility criteria and were enrolled. After 12 weeks, 17 (77.3%) of the locomotive exercise group and 11 (84.6%) of the visuospatial exercise group completed the post-intervention assessments. The reasons for missing assessments were mostly scheduling conflicts and medical reasons unrelated to this trial. The attendance rate was 83.8% (28.6%–100%) for the locomotive exercise group and 90.7% (64.3%–100%) for the visuospatial exercise group, with no significant difference in attendance between the two groups. Based on diary review, positive opinions included ‘it was fun like a puzzle’, ‘It was a program that would work for both the brain and the body’, ‘It was nice to enjoy it alone or in a group’, and ‘It was good that the difficulty gradually increased’. Negative opinions included ‘It was difficult to assemble cube according to the model photo’, and ‘I was tired with my brain’. Women tended to be slightly more alert than men. The program ended without injury or other adverse events. Table 1 shows the baseline characteristics. This study included 35 older adults with frailty (24 women), aged 66–92 years (80.1 [7.3] years). Weight and BMI were significantly smaller in the locomotive exercise group than in the visuospatial exercise group. More participants had low-back pain and knee pain in the visuospatial exercise group than in the locomotive exercise group. Cognitive functions were similar between the two groups. The MMSE score ranged from 22 to 30 points at baseline. Among the physical functions, usual gait speed was faster in the locomotive exercise group than the visuospatial exerci","Table 1 Characteristics of the participants. geriatrics-05-00029-t001_Table 1 Table 1 Characteristics of the participants. Locomotive Exercise (N = 22) Visuospatial Exercise (N = 13) p -Values Cohen’s d Demographics and anthropometrics Sex (women), n (%) 17 (77.3) 7 (53.8) 0.26 0.24 Age, years 81.3 (5.9) 78.1 (9.1) 0.21 0.44 Height, cm 146.2 (9.3) 150.9 (9.9) 0.16 0.49 Weight, kg 48.5 (8.2) 57.6 (14.5) 0.02 0.83 Body mass index, kg/m 2 22.7 (3.1) 25.1 (4.5) 0.07 0.65 Instrumental ADL scale, pts 6.9 (1.7) 7.3 (0.9) 0.45 0.27 Medical history Cerebrovascular disease, n (%) 3 (14.3) 2 (15.4) 1.00 0.02 Hypertension, n (%) 10 (45.5) 11 (84.6) 0.34 0.39 Diabetes mellitus, n (%) 4 (19.0) 2 (15.4) 1.00 0.05 Osteoporosis, n (%) 2 (9.5) 2 (15.4) 0.63 0.09 Low-back pain, n (%) 1 (4.8) 5 (38.5) 0.02 0.43 Knee pain, n (%) 0 (0.0) 3 (23.1) 0.05 0.40 Cognitive functions Mini-Mental State Examination, pts 25.3 (3.4) 25.3 (2.7) 0.97 0.00 Clock Drawing Test, pts 11.8 (3.1) 11.9 (2.3) 0.91 0.04 Physical functions Grip strength, kg 19.5 (5.0) 18.9 (6.3) 0.76 0.11 One-leg stance, s 11.5 (10.9) 8.3 (7.4) 0.38 0.33 Sit and reach, cm 29.8 (9.2) 26.7 (9.9) 0.38 0.33 Five chair sit-to-stands, s 10.8 (4.4) 11.4 (5.1) 0.74 0.13 Timed up and go, s 9.5 (2.2) 13.4 (8.8) 0.54 0.70 Usual gait speed, s 4.4 (1.4) 7.9 (3.8) <0.01 1.37 Hand working with peg board, n 30.9 (7.7) 31.7 (9.4) 0.79 0.10 Data are shown as mean (standard deviation) for continuous variables and frequency (percentage) for categorical variables. ADL, activities of daily living.
---TABLE---
Table 2 Changes in cognitive and physical functions following 12-week locomotive (control arm) or visuospatial (intervention arm) exercise programs. geriatrics-05-00029-t002_Table 2 Table 2 Changes in cognitive and physical functions following 12-week locomotive (control arm) or visuospatial (intervention arm) exercise programs. Outcomes Locomotive Exercise (N = 22) Visuospatial Exercise (N = 13) p -Values Cohen’s d Cognitive functions * Mini-Mental State Examination, pts 0.2 (−0.5, 1.0) 1.6 (0.6, 2.6) 0.04 0.79 Clock Drawing Test, pts 0.2 (−0.6, 1.1) 1.4 (0.3, 2.5) 0.09 0.70 Physical functions ** Grip strength, kg −0.1 (−1.1, 0.9) 2.0 (0.7, 3.3) 0.02 1.07 One-leg stance, s 2.2 (−3.0, 7.3) 2.2 (−4.6, 9.0) 0.99 0.02 Sit and reach, cm −3.0 (−4.7, −1.2) 0.4 (−2.2, 3.0) 0.047 0.77 Five chair sit-to-stands, s −0.7 (−2.1, 0.7) −1.2 (−3.1, 0.8) 0.71 0.27 Timed up and go, s 0.5 (−0.9, 1.8) −1.6 (−3.4, 0.4) 0.10 0.70 Usual gait speed, s 1.0 (−0.2, 2.2) 0.1 (−1.6, 1.7) 0.39 0.71 Hand working with peg board, n 1.4 (−0.1, 2.8) 1.2 (−0.7, 3.1) 0.90 0.08 Data are presented as mean changes (95% confidence interval). * Adjusted for age, sex, educational attainment, and the corresponding baseline value of cognitive function tests. ** Adjusted for age, sex, and the corresponding baseline value of physical function tests.","Machine-assisted full-text mining supports extraction only; final inclusion, risk of bias, and numeric effects require author verification.",,,,,,
32259186,PMC12275761,10.14283/jfa.2020.13,"Multi-Component Exercise with High-Intensity, Free-Weight, Functional Resistance Training in Pre-Frail Females: A Quasi-Experimental, Pilot Study.",2020,The Journal of frailty & aging,https://pubmed.ncbi.nlm.nih.gov/32259186/,community,resistance;balance;aerobic_walking;multicomponent_exercise;digital_home,multicomponent_exercise,pmc_fulltext_available,pmc_fulltext_mined_not_numeric_extracted,yes,yes,ok,data\raw\pmc_fulltext\PMC12275761.xml,frailty;gait_speed;sppb;grip_strength;falls;quality_of_life;adherence;adverse_events,yes,yes,yes,yes,yes,yes,yes,yes,no,yes,yes,yes,yes,1.0,"ategy appears to be feasible and safe, and may also improve frailty status, functional task performance, and muscle strength. These results help calculate effect size for a future randomized controlled trial. Key words Older age resistance training muscle strength quality of life females pmc-status-qastatus 0 pmc-status-live yes pmc-status-embargo no pmc-status-releas","of Frailty & Aging 2260-1341 2273-4309 Elsevier PMC12275761 PMC12275761.1 12275761 12275761 32259186 10.14283/jfa.2020.13 S2260-1341(24)00272-X 1 Original Research Multi-Component Exercise with High-Intensity, Free-Weight, Functional Resistance Training in Pre-Frail Females: A Quasi-Experimental, Pilot Study Bray N.W. 1 Jones G.J. 1 Rush K.L. 2 Jones C.A. 3 Jakobi J","lance and flexibility exercises. The crux of the program was balance and resistance exercises, the latter utilized high-intensity, free-weight, functional resistance training. The control group maintained their usual care. Measurements 1) Feasibility and safety (dropout, adherence, and adverse event) 2) Frailty (Frailty Phenotype, Clinical Frailty Scale, and gait speed)","Participants 20 older-adults with pre-frailty characteristics
Intervention 12-weeks (3 days/week, 45–60 minutes/session) of multi-component exercise, inclusive of aerobic, resistance, balance and flexibility exercises. The crux of the program was balance and resistance exercises, the latter utilized high-intensity, free-weight, functional resistance training. The control group maintained their usual care.
Methods Experimental Overview EX participants completed a 12-week exercise intervention (3-days/week, 45–60 min/session). The CON maintained their normal routine for the same duration. Participants of both groups were assessed for frailty status, functional task performance, and muscle strength at week 0 (pre-intervention) and 13 (post-intervention), and the latter two measures were repeated at weeks 5 and 9 for the EX (Figure 1 ). Figure 1 Overview of the multi-component exercise (MCE) intervention and assessments. Similar to resistance training, participants began balance training at different levels and progressed based upon individual ability. The balance training was progressed when the upper limit for time or repetition range was achieved without loss of balance. Training sessions concluded with a flexibility training, utilizing just a kneeling hip flexor flexibility exercise ( 30 ). Participants started by stretching for 15 seconds (sec) per leg, and added 15 sec each week, up to a maximum of 60 sec, for a total time of 2 min Subjects Participants were recruited from the community. Inclusion criteria consisted of: 1) Females ≥ 65 years of age; 2) A Montreal Cognitive Assessment ( 21 ) score ≥ adjusted normative values ( 22 ); 3) No contraindications to exercise, as determined by the Physical Activity Readiness–Questionnaire Plus; 4) No major injuries/surgeries t","Results No participants dropped out of the intervention or experienced an adverse event, and adherence averaged 88.3%. The exercise group became less frail, whereas the control group became more frail. There was a significant within-group improvement in exercise participants gait speed (p ≤ 0.01, +0.24 m/sec), grip strength (p ≤ 0.01, +3.9 kg), and sit-to-stand time (p ≤ 0.01, -5.0 sec). There was a significant within-group improvement in exercise participants knee extension isometric torque (p ≤ 0.05, +7.4 Nm) and isotonic velocity (p = ≤ 0.01, +37.5 °/sec). Elbow flexion isotonic velocity significantly declined within the control group (p ≤ 0.01, -20.2 °/sec) and demonstrated a significant between-group difference (p ≤ 0.05, 40.73 °/sec) post-intervention.
Results Characteristics: Participant characteristics were similar between groups (Table 1 ). Three CON participants were removed from the analysis because they were unable to complete the post-intervention assessment at the required date due to a fall-related injury unrelated to the study (n = 2) or illness (n = 1). No EX participants dropped out or experienced an adverse event during the intervention, and intervention adherence averaged 88.3%. One EX participant completed <65% of exercise sessions (seasonal flu) and was subsequently removed from the final analysis. A shoulder injury, unrelated to the exercise program, precluded one EX participant from completing the grip strength, STS, and EF measures at week 13. Table 1 Participant characteristics (mean ± SD) Characteristics CON EX n = 8 n = 8 Age (years) 72.4 ± 5.4 72.9 ± 4.8 Height (cm) 156.4 ± 7.7 162.5 ± 4.0 Weight (kg) 67.1 ± 11.0 75.8 ± 23.3 BMI (kg/m 2 ) 27.4 ± 4.0 28.6 ± 8.5 MoCA 25.6 ± 2.6 25.0 ± 3.0 Comorbidities per Participant 1.9 ± 1.5 2.1 ± 1.2 SD = ",Table 1 Participant characteristics (mean ± SD) Table 1 Participant characteristics (mean ± SD) Characteristics CON EX n = 8 n = 8 Age (years) 72.4 ± 5.4 72.9 ± 4.8 Height (cm) 156.4 ± 7.7 162.5 ± 4.0 Weight (kg) 67.1 ± 11.0 75.8 ± 23.3 BMI (kg/m 2 ) 27.4 ± 4.0 28.6 ± 8.5 MoCA 25.6 ± 2.6 25.0 ± 3.0 Comorbidities per Participant 1.9 ± 1.5 2.1 ± 1.2 SD = standard deviation; CON = control; EX = exercise; BMI = body mass index; MoCA = Montreal Cognitive Assessment; cm = centimeters; kg = kilograms; kg/m 2 = kilograms per meter squared.,"Machine-assisted full-text mining supports extraction only; final inclusion, risk of bias, and numeric effects require author verification.",,,,,,
32134208,PMC7296266,10.1002/jcsm.12534,"Efficacy of multidomain interventions to improve physical frailty, depression and cognition: data from cluster-randomized controlled trials.",2020,"Journal of cachexia, sarcopenia and muscle",https://pubmed.ncbi.nlm.nih.gov/32134208/,community,resistance;nutrition;digital_home;multidomain,multidomain_exercise_nutrition,pmc_fulltext_available,pmc_fulltext_mined_not_numeric_extracted,yes,yes,ok,data\raw\pmc_fulltext\PMC7296266.xml,frailty;gait_speed;grip_strength;adl;falls;quality_of_life;adherence;adverse_events,yes,yes,yes,yes,yes,yes,no,yes,yes,yes,yes,yes,yes,1.0,"12534 JCSM12534 JCSM-D-19-00310 1 Original Article Original Articles Efficacy of multidomain interventions to improve physical frailty, depression and cognition: data from cluster‐randomized controlled trials Multimodal prevention of frailty and cognitive impairment L.‐K. Chen et al . Chen Liang‐Kung https://orcid.org/0000-0002-2387-8508 1 2 3 lkchen2@vghtpe.gov.tw Hw","190-5991 2190-6009 Wiley PMC7296266 PMC7296266.1 7296266 7296266 32134208 10.1002/jcsm.12534 JCSM12534 JCSM-D-19-00310 1 Original Article Original Articles Efficacy of multidomain interventions to improve physical frailty, depression and cognition: data from cluster‐randomized controlled trials Multimodal prevention of frailty and cognitive impairment L.‐K. Chen et al .","utcomes used a random number sequence generated by Excel 2013 (Microsoft, Redmond, WA, USA) to allocate participants in clusters, by simple direct sampling, 1:1 to intervention or control groups. Opaque sealed envelopes were used to conceal the interventions allocated from participants and assessors. Figure 1 Efficacy and Empowerment Studies : participant selection, rand","Methods We devised multidomain interventions against physical and cognitive decline among prefrail/frail community‐dwelling ≥65‐year‐olds and evaluated these in complementary cluster‐randomized trials of efficacy and participant empowerment. The Efficacy Study compared ~3‐monthly telephone consultations vs. 16, 2 h sessions/year comprising communally partaken physical and cognitive training plus nutrition and disease education; the Empowerment Study compared the standard Efficacy Study multidomain intervention (Sessions 1–10) vs. an enhanced version redesigned to empower and motivate individual participants. Changes from baseline in physical, functional, and cognitive performance were measured after 6 and 12 months in the Efficacy Study and after 6 months in the Empowerment Study , with post‐intervention follow‐up at 9 months. Primary outcomes are as follows: Cardiovascular Health Study frailty score; gait speed; handgrip strength; and Montreal Cognitive Assessment (MoCA). Secondary outcomes are as follows: instrumental activities of daily living; metabolic equivalent of task (MET); depressed mood (Geriatric Depression Scale‐5 ≥2); and malnutrition (Mini‐Nutritional Assessment short‐form ≤11). Intervention effects were analyzed using a generalized linear mixed model.
Methods Design and participants Taiwan Health Promotion Intervention Study for Elders comprised complementary prospective cluster‐randomized trials (Supporting Information, Figure S1 ), conducted from 2014 to 2017: one assessed the efficacy of a 12 month participatory community‐group multidomain intervention against physical and cognitive decline among prefrail/frail community‐dwelling older people ( Efficacy Study ); the other evaluated the benefit of further empowering individual participants ( Empowermen","Results Efficacy Study participants ( n = 1082, 40 clusters) were 75.1 ± 6.3 years old, 68.7% women, and 64.7% prefrail/frail; analytic clusters: 19 intervention (410/549 completed) vs. 21 control (375/533 completed). Empowerment Study participants ( n = 440, 14 clusters) were 75.9 ± 7.1 years old, 83.6% women, and 56.7% prefrail/frail; analytic clusters: seven intervention (209/230 completed) vs. seven control (189/210 completed). The standard and enhanced multidomain interventions both reduced frailty and significantly improved aspects of physical, functional, and cognitive performance, especially among ≥75‐year‐olds. Standard multidomain intervention decreased depression [odds ratio 0.56, 95% confidence interval (CI) 0.32, 0.99] and malnutrition (odds ratio 0.45, 95% CI 0.26, 0.78) by 12 months and improved concentration at Months 6 (0.23, 95% CI 0.04, 0.42) and 12 (0.46, 95% CI 0.22, 0.70). Participant empowerment augmented activity (4.67 MET/h, 95% CI 1.64, 7.69) and gait speed (0.06 m/s, 95% CI 0.00, 0.11) at 6 months, with sustained improvements in delayed recall (0.63, 95% CI 0.20, 1.06) and MoCA performance (1.29, 95% CI 0.54, 2.03), and less prevalent malnutrition (odds ratio 0.39, 95% CI 0.18, 0.84), 3 months after the intervention ceased.
Results Participant disposition and characteristics Between 12 February 2014 and 5 May 2016, 1907 people ≥65 years old from 54 community center/neighborhood clusters across five regions of Taiwan were screened for participation in two complementary studies; 1522 (79.8%), all Chinese/Taiwanese, fulfilled eligibility criteria and consented to enroll ( Figure 1 ). The Efficacy Study assigned 19 clusters (549 participants) to receive multidomain intervention and 21 clusters (533 participants) to conventional health education. T",Table 1 Baseline characteristics of the Efficacy Study and Empowerment Study participant groups Table 1 Baseline characteristics of the Efficacy Study and Empowerment Study participant groups Characteristics: data show mean ± SD [number] a or number/total a (%) Efficacy Study Empowerment Study Total ( n = 1082) Health education ( n = 533) Standard multidomain ( n = 549) Total ( n = 440) Standard multidomain ( n = 210) Enhanced multidomain ( n = 230) Demographic and health factors Age (years) All 75.1 ± 6.3 74.9 ± 6.2 75.3 ± 6.4 75.9 ± 7.1 76.3 ± 7.6 75.5 ± 6.6 ≥75 532 (49.2) 262 (49.2) 270 (49.3) 236 (53.6) 111 (52.9) 125 (54.3) Sex (female) 740 (68.7) 332 (62.4) 408 (74.5) b 368 (83.6) 177 (84.3) 191 (83.0) Education (years) 6.6 ± 4.5 6.4 ± 4.4 6.7 ± 4.5 6.2 ± 4.7 7.1 ± 4.8 5.3 ± 4.5 b Urban residence 529 (48.9) 247 (46.3) 282 (51.4) 215 (48.9) 100 (47.6) 115 (50.0) Current tobacco smoker 58 (5.4) 41 (7.7) 17 (3.1) b 5 (1.1) 1 (0.5) 4 (1.7) Current alcohol consumer 155 (14.3) 83 (15.6) 72 (13.1) 40 (9.1) 20 (9.5) 20 (8.7) Medical history (self‐reported) Hypertension 556 (51.4) 266 (49.9) 290 (52.8) 231 (52.6) 103 (49.3) 128 (55.7) Diabetes mellitus 256 (23.7) 135 (25.3) 121 (22.0) 94 (21.4) 48 (22.9) 46 (20.0) Cardiovascular disease 232 (21.4) 123 (23.1) 109 (19.9) 102 (23.2) 50 (23.8) 52 (22.6) Stroke 41 (3.8) 15 (2.8) 26 (4.7) 14 (3.2) 10 (4.8) 4 (1.7) Malignancy 39 (3.6) 18 (3.4) 21 (3.8) 17 (3.9) 7 (3.3) 10 (4.3) Cognitive performance MoCA adj 20.1 ± 5.8 19.8 ± 5.5 20.5 ± 5.8 b 19.9 ± 6.4 [435] 20.4 ± 6.5 [205] 19.4 ± 6.4 Visuospatial executive 2.6 ± 1.7 2.5 ± 1.7 2.7 ± 1.7 b 2.7 ± 1.6 2.8 ± 1.7 2.7 ± 1.6 Naming 2.3 ± 0.9 2.3 ± 0.9 2.4 ± 0.9 2.0 ± 1.1 [435] 2.2 ± 1.0 [205] 1.9 ± 1.1 b Concentration 4.4 ± 1.6 4.4 ± 1.6 4.4 ± 1.6 4.4 ± 1.7 4.6 ± 1.6 4.2 ± 1.7 b Language 1.7 ± 1.0 1.6 ± 1.0 1.8 ± 1.0 b 1.7 ± 1.0 1.7 ± 1.0 1.7 ± 0.9 Abstract 0.7 ± 0.8 0.6 ± 0.8 0.7 ± 0.8 0.6 ± 0.8 0.7 ± 0.8 0.6 ± 0.7 b Delayed recall 2.3 ± 1.7 2.2 ± 1.6 2.3 ± 1.7 2.3 ± 1.8 2.4 ± 1.9 2.2 ± 1.7 Orientation 5.3 ± 1.2 5.3 ± 1.1 5.4 ± 1.1 5.1 ± 1.3 5.1 ± 1.3 5.1 ± 1.2 Physical performance Frailty status Robust 374/1058 (35.3) 177/526 (33.7) 197/532 (37.0) 184/425 (43.3) 81/203 (39.9) 103/222 (46.4) Prefrail 605/1058 (57.2) 307/526 (58.4) 298/532 (56.0) 207/425 (48.7) 109/203 (53.7) 98/222 (44.1) Frail 79/1058 (7.5) 42/526 (8.0) 37/532 (7.0) 34/425 (8.0) 13/203 (6.4) 21/222 (9.5) CHS frailty score 1.0 ± 1.0 [1058] 1.1 ± 1.0 [526] 1.0 ± 1.0 [532] 0.9 ± 1.0 [425] 0.9 ± 0.9 [203] ,"Machine-assisted full-text mining supports extraction only; final inclusion, risk of bias, and numeric effects require author verification.",,,,,,
31997543,PMC7015250,10.1002/jcsm.12504,Comprehensive geriatric intervention in community-dwelling older adults: a cluster-randomized controlled trial.,2020,"Journal of cachexia, sarcopenia and muscle",https://pubmed.ncbi.nlm.nih.gov/31997543/,home,resistance;aerobic_walking;nutrition;digital_home;multidomain,multidomain_exercise_nutrition,pmc_fulltext_available,pmc_fulltext_mined_not_numeric_extracted,yes,yes,ok,data\raw\pmc_fulltext\PMC7015250.xml,frailty;gait_speed;grip_strength;adl;falls;quality_of_life;adherence;adverse_events,yes,yes,yes,yes,yes,yes,no,yes,yes,yes,yes,yes,yes,3.0,15250 31997543 10.1002/jcsm.12504 JCSM12504 JCSM-D-19-00074 1 Original Article Original Articles Comprehensive geriatric intervention in community‐dwelling older adults: a cluster‐randomized controlled trial Comprehensive geriatric intervention in older adults Y. Watanabe et al . Watanabe Yuya https://orcid.org/0000-0003-3970-1202 1 2 3 4 yuwatana@mail.doshisha.ac.jp,190-5991 2190-6009 Wiley PMC7015250 PMC7015250.1 7015250 7015250 31997543 10.1002/jcsm.12504 JCSM12504 JCSM-D-19-00074 1 Original Article Original Articles Comprehensive geriatric intervention in community‐dwelling older adults: a cluster‐randomized controlled trial Comprehensive geriatric intervention in older adults Y. Watanabe et al . Watanabe Yuya https://orcid.org/,"ion in this study may have additionally contributed to improvements in physical function and lower‐limb muscle size. There were some limitations to this study. First, there was no control group. Owing to the absence of a non‐intervention group, we cannot conclude that physical function did not improve simply as a result of being enrolled in this study. Second, it is note","Methods The 526 participants were randomized into one of two groups (CS 251, HB 275) based on their residential districts. We conducted a 12 week CGIP, which consisted of low‐load resistance exercise, physical activity increments, oral function improvements, and a nutritional guide. All participants were encouraged to attend two 90 min lectures that included instructions on the CGIP. They were provided with exercise materials (triaxial‐accelerometers/pedometers, ankle weights, and elastic bands) and diary logs. The CS group attended 90 min weekly sessions and independently executed the programme on other days, whereas the HB group only received instructions on how to execute the programme. Physical functions, such as knee extension strength (KES), normal and maximum walking speed, the timed up‐and‐go test, and anterior thigh muscle thickness (MT), were measured and analysed using intention‐to‐treat analysis before and after the 12 week intervention.
Materials and methods Participants We launched a population‐based study (Kyoto‐Kameoka Study) in July 2011. The target population was 16 474 of 19 424 community‐dwelling older individuals, who did not have a long‐term care certification, in Kameoka City. 26 The following is a brief account of the study protocol. 27 The Kameoka City office staff member who was not involved in the measurement or the intervention randomly selected 10 intervention regions from a total of 21 in Kameoka City ( Figure 1 ). One investigator of our research group allocated the 10 intervention regions randomly (one‐to‐one allocation ratio) into a self‐monitoring CGIP with either a weekly supervised class‐styled (CS) group (five regions) or a home‐based (HB) group (five regions). 27 The CGIP was intended to modify health behaviours and was susceptible ","Results Of the 526 participants identified, 517 (CS 243 age 74.0 ± 5.4 women 57.2%, HB 274 age 74.0 ± 5.6 women 58.8%) were enrolled. Nine (CS 8, HB 1) were excluded from the analysis because they did not participate in the pre‐intervention measurements. Both interventions significantly improved KES (CS 18.5%, HB 10.6%), normal walking speed (CS 3.7%, HB 2.8%), and MT (CS 3.2%, HB 3.5%). Greater improvement of KES was observed in the CS group ( P = 0.003). Maximum walking speed (CS 4.7%, HB 1.8%; P = 0.001) and timed up‐and‐go (CS −4.7%, HB −0.2%; P < 0.001) significantly improved in the CS group only.
Results Of 526 older adults identified, 517 (CS 243, HB 274) were enrolled ( Figure 2 ). Demographic status based on baseline mail survey 26 in both groups is described in Table 1 . There were significant more people who took medicine in the CS group than the HB group ( P = 0.032). Some self‐reported diseases such as diabetes ( P = 0.004), osteoporosis and arthropathy ( P = 0.012) were significantly higher in the CS group compared with the HB group. Nine (CS 8, HB 1) did not participate in the physical function measurements before the intervention and were excluded from the analysis. There were no changes in methods such as eligibility criteria after trial commencement. No significant harms, unintended side effects, or health‐related problems reported by the participants in the intervention programme were observed throughout the whole intervention period, although a few participants had exercise‐induced muscle pain in the early weeks of the programme. Table 1 Baseline characteristics of health‐related variables CS ( n = 251) HB ( n = 275) P ‐value Variables N N Education attainment (y) 227 12.3 ± 2.6 250 12.2 ± 2.6 0.754 Lives alone (%) 239 25 (10.5) 261 27 (10.3) 0.632 P","Table 1 Baseline characteristics of health‐related variables Table 1 Baseline characteristics of health‐related variables CS ( n = 251) HB ( n = 275) P ‐value Variables N N Education attainment (y) 227 12.3 ± 2.6 250 12.2 ± 2.6 0.754 Lives alone (%) 239 25 (10.5) 261 27 (10.3) 0.632 Poor subjective economy status (%) 238 153 (64.3) 267 167 (62.5) 0.712 Good self‐reported health (%) 239 210 (87.9) 265 233 (87.9) 1.000 Current drinker (%) 245 103 (42.0) 269 100 (37.2) 0.279 Current smoker (%) 244 15 (6.1) 264 16 (6.1) 1.000 Arthralgia (%) 244 93 (38.1) 269 104 (38.7) 0.899 Good sleep quality (%) 248 189 (76.2) 270 196 (72.6) 0.346 Taking medication (%) 240 203 (84.6) 256 197 (77.0) 0.032 Self‐reported diseases being treated or have sequelae (medical history) 251 275 None (%) 16 (6.4) 38 (13.8) 0.006 Hypertension (%) 93 (37.1) 96 (34.9) 0.649 Stroke‐related disease (%) 8 (3.2) 7 (2.5) 0.795 Cardiovascular diseases (%) 26 (10.4) 37 (13.5) 0.286 Diabetes (%) 33 (13.1) 16 (5.8) 0.004 Dyslipidaemia (%) 38 (15.1) 26 (9.5) 0.061 Pneumonia, bronchitis (%) 10 (4.0) 11 (4.0) 1.000 Gastrointestinal, liver, or gallbladder diseases (%) 25 (10.0) 26 (9.5) 0.883 Kidney or prostate diseases (%) 13 (5.2) 20 (7.3) 0.323 Osteoporosis, arthropathy (%) 51 (20.3) 33 (12.0) 0.012 Fall, fracture (%) 9 (3.6) 6 (2.2) 0.434 Cancer (%) 10 (4.0) 7 (2.5) 0.461 Blood or immune diseases (%) 4 (1.6) 3 (1.1) 0.615 Depression (%) 3 (1.2) 3 (1.1) 1.000 Dementia (%) 3 (1.2) 2 (0.7) 0.673 Parkinson's disease (%) 0 (0.0) 0 (0.0) — Eye‐related diseases (%) 36 (14.3) 50 (18.2) 0.234 Ear‐related diseases (%) 16 (6.4) 15 (5.5) 0.655 Other diseases (%) 25 (10.0) 35 (12.7) 0.319 Education attainment is expressed as means ± standard deviation and using t ‐test for statistics. Depression and dementia are expressed as number (rate) and using Fisher's exact test for statistics. Others are expressed as number (rate) and using χ 2 test for statistics. CS, class‐styled; HB, home‐based.
---TABLE---
Table 2 Baseline characteristics and adherence in both intervention groups Table 2 Baseline characteristics and adherence in both intervention groups Variables CS ( n = 243) HB ( n = 274) P ‐value Age (y) 74.0 ± 5.4 74.0 ± 5.6 0.876 Number of women, n (%) 139 (57.2%) 161 (58.8%) 0.720 Height (cm) 156.4 ± 8.7 156.6 ± 8.4 0.803 Weight (kg) 55.8 ± 10.0 56.1 ± 9.7 0.752 Body mass index (kg/m 2 ) 22.8 ± 3.3 22.8 ± 3.0 0.874 Participation in both initial lectures (%) 100 (100–100) 100 (100–100) 0.146 Participation in post‐intervention physical measurement, n (%) 205 (84.4%) 204 (74.5%) 0.004 Daily log return (%) 100 (67–100) 100 (50–100) 0.994 Characteristics of the participants are expressed as means ± standard deviation. Participation in both initial lectures and daily log return are reported as median and interquartile ranges. CS, class‐styled; HB, home‐based.
---TABLE---
Table 3 Primary and secondary outcomes before and after the intervention in both groups Table 3 Primary and secondary outcomes before and a","Machine-assisted full-text mining supports extraction only; final inclusion, risk of bias, and numeric effects require author verification.",,,,,,
31791364,PMC6889427,10.1186/s12966-019-0855-9,Individualized home-based exercise and nutrition interventions improve frailty in older adults: a randomized controlled trial.,2019,The international journal of behavioral nutrition and physical activity,https://pubmed.ncbi.nlm.nih.gov/31791364/,home,nutrition;digital_home,nutrition_only,pmc_fulltext_available,pmc_fulltext_mined_not_numeric_extracted,yes,yes,ok,data\raw\pmc_fulltext\PMC6889427.xml,frailty;gait_speed;grip_strength;adl;falls;quality_of_life;adherence;adverse_events,yes,yes,yes,yes,yes,yes,no,yes,yes,yes,yes,yes,yes,5.0,27 PMC6889427.1 6889427 6889427 31791364 10.1186/s12966-019-0855-9 855 1 Research Individualized home-based exercise and nutrition interventions improve frailty in older adults: a randomized controlled trial Hsieh Tsung-Jen tjhsieh@nhri.edu.tw 1 Su Shin-Chang maxmax0220@hotmail.com 2 Chen Chun-Wei chunwei.peter@gmail.com 3 Kang Yaw-Wen castle.kang@gmail.com 4 Hu Ming-,Int J Behav Nutr Phys Act Int J Behav Nutr Phys Act 243 ijbenutr The International Journal of Behavioral Nutrition and Physical Activity 1479-5868 BMC PMC6889427 PMC6889427.1 6889427 6889427 31791364 10.1186/s12966-019-0855-9 855 1 Research Individualized home-based exercise and nutrition inte,"95% CI: − 0.46, − 0.11; p = 0.002), and combination (− 0.34; 95% CI: − 0.52, − 0.16; p < 0.001) groups exhibited significantly greater improvements in the frailty scores than the control group. Significant improvements were also observed in several physical performance parameters in the exercise, nutrition, and combination groups, as well as in the 12-Item Short Form He","Methods This study was a four-arm, single-blind, randomized controlled trial conducted between October 2015 and June 2017 at Miaoli General Hospital in Taiwan. Overall, 319 pre-frail or frail older adults were randomly assigned into one of the four study groups (control, exercise, nutrition, and exercise plus nutrition [combination]) and followed up during a 3-month intervention period and 3-month self-maintenance period. Improvement in frailty scores was the primary outcome. Secondary outcomes included improvements in physical performance and mental health. The measurements were performed at baseline, 1 month, 3 months, and 6 months.
Methods Study design and participants This study was a four-arm, single-blind, randomized controlled trial that was conducted between October 2015 and June 2017 in the outpatient clinics of Miaoli General Hospital in Taiwan and registered at ClinicalTrials.gov ( NCT03477097 ). The Institutional Review Board on Biomedical Science Research of Academia Sinica in Taiwan approved the protocol, informed consent form, and case report forms (AS-IRB01–15020). All participants signed the informed consent forms. This study followed the CONSORT guidelines for reporting [ 12 ]. In outpatient clinics, individuals aged ≥65 years of age were invited to participate in this study. Trained case managers screened the frail or pre-frail older adults by using the Cardiovascular Health Study Criteria [ 4 ]. Participants who were non-frail, were unable to walk a 14-m distance independently; had severe illnesses (e.g., cancer), severe depression (Geriatric Depression Scale [GDS] [ 13 ] ≥ 10), cognitive impairment (Mini-Mental State Examination [MMSE] score [ 14 ] < 24 for the literate older adults or < 18 for the illiterate); had communication impairment, were hos","Results At the 6-month measurement, the exercise (difference in frailty score change from baseline: − 0.23; 95% confidence interval [CI]: − 0.41, − 0.05; p = 0.012), nutrition (− 0.28; 95% CI: − 0.46, − 0.11; p = 0.002), and combination (− 0.34; 95% CI: − 0.52, − 0.16; p < 0.001) groups exhibited significantly greater improvements in the frailty scores than the control group. Significant improvements were also observed in several physical performance parameters in the exercise, nutrition, and combination groups, as well as in the 12-Item Short Form Health Survey mental component summary score for the nutrition group.
Results Among the 1160 invited older adults, 737 (63.6%) refused to participate before assessing eligibility, 84 (7.2%) were ineligible, 20 eligible subjects (1.7%) dropped out in the run-in period, and an overall 319 (27.5%) eligible subjects agreed to participate and were randomized into four designated groups (as shown in Fig. 1 ). The compliance rates of follow-up assessment were 87, 80, and 78% for the 1-month, 3-month, and 6-month follow-ups, respectively. The mean age of study participants was 71.6 ± 5.7 years, and 39.8% of the participants were women. The prevalence rates of pre-frail older adults among the four designated groups were within 86.1–93.5% and the prevalence rates of frail older adults among the four designated groups were within 6.5–13.9%. Baseline demographics and health-related characteristics of the study participants in the four designated groups are shown in Table 1 . No statistically significant differences were observed in most variables, except for lower body flexibility, lower extremity strength, and the prevalence rate of diabetes mellitus. Fig. 1 Flow chart of study participants in the frailty intervention randomized control","Table 1 Baseline demographics and health-related characteristics of participants in the four designated groups Table 1 Baseline demographics and health-related characteristics of participants in the four designated groups Characteristics Total n a Control ( n = 80) Exercise ( n = 79) Nutrition ( n = 83) Combination ( n = 77) p -values Age (years) 319 72.5 ± 5.5 72.0 ± 6.0 70.4 ± 5.3 71.6 ± 6.0 0.101 Sex (women) 319 29 (36.3) 33 (41.8) 38 (45.8) 27 (35.1) 0.474 Education (> 6 years) 319 45 (56.3) 42 (53.2) 45 (54.2) 44 (57.1) 0.957 ADL dependency (< 60 points) 319 0 (0.0) 0 (0.0) 1 (1.2) 1 (1.3) 0.740 GDS (scores) 319 2.2 ± 1.7 2.5 ± 1.8 2.6 ± 1.9 2.4 ± 1.6 0.441 SF-12 MCS (scores) 318 53.8 ± 7.9 53.9 ± 8.1 53.4 ± 7.8 55.8 ± 7.0 0.404 MMSE (scores) 319 27.7 ± 1.9 27.6 ± 2.3 27.4 ± 2.2 27.6 ± 2.4 0.781 BMI (kg/m 2 ) 319 25.1 ± 3.5 25.1 ± 3.3 25.5 ± 3.4 24.4 ± 3.7 0.293 Handgrip strength (kg) 318 25.0 ± 7.8 24.5 ± 7.7 24.9 ± 9.2 26.9 ± 8.5 0.275 10-m gait speed (seconds) 319 10. 7 ± 3.2 12.5 ± 7.7 13.0 ± 7.4 11.4 ± 4.3 0.103 Upper body flexibility (cm) 298 −13.9 ± 12.3 − 12.9 ± 16.7 −13.2 ± 12.0 − 12.4 ± 12.5 0.699 Lower body flexibility (cm) 304 −4.6 ± 8.9 − 2.9 ± 8.5 −5.2 ± 8.1 −3.3 ± 7.6 0.015 Lower extremity strength (number) 264 1.6 ± 3.0 3.9 ± 5.2 2.0 ± 3.3 3.8 ± 4.3 < 0.001 Frailty score 319 1.5 ± 0.6 1.6 ± 0.8 1.7 ± 0.8 1.5 ± 0.7 0.687 Frailty status 319 0.287 Pre-frail 74 (92.5) 68 (86.1) 72 (86.7) 72 (93.5) Frail 6 (7.5) 11 (13.9) 11 (13.3) 5 (6.5) Frailty five indicators Weight loss ≥3 kg 318 27 (33.8) 23 (29.1) 24 (28.9) 21 (27.6) 0.846 Exhaustion 319 56 (70.0) 55 (69.6) 63 (75.9) 57 (74.0) 0.766 Poor muscle strength 318 26 (32.5) 28 (35.4) 23 (28.1) 21 (27.3) 0.649 Slowness 319 8 (10.0) 13 (16.5) 17 (20.5) 11 (14.3) 0.310 Low physical activity 316 4 (5.0) 9 (11.5) 11 (13.4) 7 (9.2) 0.309 Comorbidity Hypertension 318 52 (65.0) 51 (64.6) 58 (69.9) 56 (73.7) 0.567 Diabetes mellitus 318 28 (35.0) 39 (49.4) 24 (28.9) 20 (26.3) 0.012 Myocardial infraction 318 0 (0.0) 1 (1.3) 0 (0.0) 1 (1.3) 0.367 Stroke 318 7 (8.8) 13 (16.5) 6 (7.2) 6 (7.9) 0.183 Cancer 318 2 (2.5) 4 (5.1) 2 (2.4) 1 (1.3) 0.581 The data are expressed as mean ± SD or n (%) ADL activities of daily living; GDS Geriatric Depression Scale; SF-12 MCS 12-Item Short Form Health Survey mental component summary; MMSE Mini-Mental State Examination; BMI body mass index a Participants with available information
---TABLE---
Table 2 Intervention effects on frailty score during the 6-month study period Table 2 Intervention effects on frailty score during the 6-month study period Mean ± SD Difference in difference: change from baseline in each intervention group minus change from baseline in control group (95% CI) p for groups × time interaction p for groups p for time Outcome Control Exercise Nutrition Combination Exercise Nutrition Combination Frailty score (scores) n 80 79 83 77 < 0.001 0.402 < 0.001 Baseline 1.5 ± 0.6 1.6 ± 0.8 1.7 ± 0.8 1.5 ± 0.7 1 month 1.4 ± 0.8 1.4 ± 0.8 1.7 ± 0.9 1.3","Machine-assisted full-text mining supports extraction only; final inclusion, risk of bias, and numeric effects require author verification.",,,,,,
31466229,PMC6747215,10.3390/ijerph16173125,Effectiveness of a Combined Intervention on Psychological and Physical Capacities of Frail Older Adults: A Cluster Randomized Controlled Trial.,2019,International journal of environmental research and public health,https://pubmed.ncbi.nlm.nih.gov/31466229/,unclear,balance,exercise_only,pmc_fulltext_available,pmc_fulltext_mined_not_numeric_extracted,yes,yes,ok,data\raw\pmc_fulltext\PMC6747215.xml,frailty;gait_speed;adl;falls;quality_of_life;adherence;adverse_events,yes,yes,yes,yes,yes,yes,no,no,yes,yes,yes,yes,yes,4.0,747215 31466229 10.3390/ijerph16173125 ijerph-16-03125 1 Article Effectiveness of a Combined Intervention on Psychological and Physical Capacities of Frail Older Adults: A Cluster Randomized Controlled Trial https://orcid.org/0000-0002-3050-4264 Apóstolo João 1 * https://orcid.org/0000-0001-9035-8548 Dixe Maria dos Anjos 2 https://orcid.org/0000-0001-5889-5642 Bobrowi,Multidisciplinary Digital Publishing Institute (MDPI) PMC6747215 PMC6747215.1 6747215 6747215 31466229 10.3390/ijerph16173125 ijerph-16-03125 1 Article Effectiveness of a Combined Intervention on Psychological and Physical Capacities of Frail Older Adults: A Cluster Randomized Controlled Trial https://orcid.org/0000-0002-3050-4264 Apóstolo João 1 * https://orcid.org/000,"cts from two elderly end-user organizations. Of these, 44 (65.9% females, mean age of 80.5 ± 8.47 years) were considered eligible, being randomly allocated in experimental (EG) or control group (CG). Data collected at baseline and post-intervention. EG received CI three times a week during 12 weeks. CG received standard care. Non-parametric measures were considered. Resu","Intervention Rational Physical and cognitive interventions are related with an improvement of older adults’ physical and psychological capacities that due to the ageing process are frequently decreased [ 11 ]. When singly implemented, these non-pharmacological interventions improve health-related outcomes, namely those that are related with functionality and autonomy. Physical exercise is also associated with higher cerebral blood flow [ 11 ] that contributes to the optimization of cognitive performance. A systematic review of the effectiveness of interventions to prevent frailty progression in older adults has identified as effective physical and cognitive programs delivered in a group [ 12 ]. Positive effects were also found on multicomponent treatments such as when physical, cognitive, and nutritional programs are combined [ 12 ]; however, there are only a few studies that have examined the impact of an adapted and structured combined intervention composed of cognitive and physical interventions for frailty. A sedentary lifestyle among older adults leads to an increased decline of physical capacities [ 13 ]. Physical exercise interventions benefit older adults’ functional capacity [ 14 ]. In the specific context of frailty, physical exercise programs oriented for resistance training at a moderate-to-high intensity level, are associated to improvements in the muscle mass, bone density, and cardiometabolic, which may reflect earnings on functional health status, mental health, and cognitive performance [ 4 ]. Evidence has shown that physical exercise has value as a strategy to reduce the risk of cognitive decline in older adults once it acts on modifiable risk factors, which is supported by the possibility of cognitive decline being delayed [ 15 ]. Cognitive stimulatio","3. Results 3.1. Baseline Assessment As displayed in Table 1 , the 44 older adults that participated in the study had a mean age of 80.54 ± 8.47 years (ranged from 65 to 96) and 29 (65.9%) of them were female. The most common civil state was a widow. In terms of education, the results revealed that 63.6% frequented school between 1–4 years and 18.2% never went to school, which demonstrates a low level of education among participants. At baseline, the EG and CG were equivalent regarding sex, age, registration time in the end-user organization and the outcomes of interest ( Table 1 and Table 2 ), including the outcome related to gait parameters. The baseline data is similar with ITT analysis or excluding the dropouts, therefore, only the ITT analysis results are presented here. 3.2. Post-Intervention Assessment 3.2.1. Between-Group Analysis of Primary and Secondary Outcomes Between-group analyses ( Table 2 ) performed after intervention revealed statistically significant differences in depressive symptomatology measured through the GDS-10 ( U = 147.00, p = 0.024), with the EG presenting a lower mean number of symptoms than the CG. Regarding effect size, it was revealed to be small ( effect size = 0.118). No other significant differences in primary and secondary outcomes were observed (for more detailed data see Table 2 ). 3.2.2. Within-Group Analysis of Primary and Secondary Outcomes Within-group analyses (for more details see Table 2 and Table 3 ) comparing differences in the study outcomes from baseline to post-intervention revealed that the EG significantly reduced depressive symptomatology assessed through the GDS-10 ( Z = −2.27, p = 0.023), and risk of fall measured based on the gait and balance subtests from the Tinetti Test (Z = −2.61, p = 0.009), and the gait speed","Table 1 Baseline Characteristics of the study sample. ijerph-16-03125-t001_Table 1 Table 1 Baseline Characteristics of the study sample. Variables Total Sample ( N = 44) Control Group ( n = 21) Experimental Group ( n = 23) N (%) n (%) n (%) X 2 p Sex Male 15 (34,1) 5 (23.8) 10 (43.5) 1.89 0.213 Female 29 (65.9) 16 (76.2) 13 (56.5) - M ± SD (Median) M ± SD (Median) M ± SD (Median) U p Age 80.54 ± 8.47 (81) 82.04 ± 9.29 (85) 79.17 ± 7.59 (80) 192.500 0.249 Registration time in the elderly end-user organization (months) 49.97 ± 41.86 (36) 57.85 ± 46.66 (48) 42.78 ± 36.51 (24) 207.500 0.420 M—mean value; SD—Standard deviation.
---TABLE---
Table 2 Between group analysis—Mann Whitney Test. ijerph-16-03125-t002_Table 2 Table 2 Between group analysis—Mann Whitney Test. Variables Baseline Post-Intervention CG ( N = 21) EG ( N = 23) U ( p ) CG ( N = 21) EG ( N = 23) U ( p ) M (SD) MR M (SD) MR M (SD) MR M (SD) MR Cognitive performance (MoCA) 15.33 (4.83) 22.33 15.87 (4.88) 22.65 238.00 (0.934) 16.42 (6.49) 22.40 16.91 (4.98) 22.59 239.50 (0.962) Depressive Symptomatology (GDS-10) 3.81 (2.84) 25.19 2.74 (2.70) 20.04 185.00 (0.180) 3 (2.24) 27.00 1.65 (2.06) 18.39 147.00 (0.024) Risk of fall based on gait and balance (TI) 19.67 (6.38) 21.33 20.39 (7.28) 23.57 217.00 (0.564) 20.62 (6.61) 20.00 22.17 (6.69) 24.78 189.00 (0.211) Gait Speed 0.59 (0.29) 22.68 0.55 (0.31) 21.41 216.50 (0.742) 2.46 (7.48) 22.23 0.64 (0.37) 21.80 225.50 (0.913) Activities of daily living (BI) 0.82 (0.14) 20.26 0.84 (0.18) 24.54 194.50 (0.264) 0.75 (0.19) 18.83 0.82 (0.19) 25.85 164.50 (0.069) Maximum force all foot right * 100.87 (7.16) 20.95 104.02 (19.79) 20.05 191.00 (0.808) 101.69 (6.73) 18.28 112.99 (44.15) 21.48 158.00 (0.382) Maximum force all foot left * 90.52 (29.96) 18.60 105.26 (20.87) 22.40 162.00 0.304) 102.65 (6.76) 18.94 151.66 (217.56) 20.90 170.00 (0.592) Peak pressure all foot right * 445.53 (169.04) 21.05 481.66 (302.16) 19.95 189.00 (0.766) 452.32 (193.34) 19.28 524.31 (303.94) 29.62 176.00 (0.714) Peak pressure all foot left * 410.46 (175.93) 19.08 520.51 (278.35) 21.93 171.50 (0.441 *) 477.40 (198.84) 19.50 545.35 (290.31) 20.43 180.00 (0.800) Note. M—Mean value; SD—Standard deviation; MR—Mean rank; * For BPG variables when baseline and post-intervention assessment occurred some older adults were not able to finish assessment due to their foot physical conditions so for BPG consider for CG: N = 18 and EG: N = 20.
---TABLE---
Table 3 Within groups comparison with ranks for Wilcoxon test. ijerph-16-03125-t003_Table 3 Table 3 Within groups comparison with ranks for Wilcoxon test. Variables CG (N = 21) EG ( N = 23) Status ** N % Mean Rank Z p Status ** N % Mean Rank Z p Cognitive Performance (MoCA) a 10 47.6 8.50 −1.43 0.153 a 14 60.9 9.00 −1.78 0.075 b 5 23.8 7.00 b 4 17.4 11.25 c 6 28.6 c 5 21.7 Depressive Symptomatology (GDS-10) a 10 47.7 7.65 −1.52 0.130 a 11 47.8 9.05 −2.27 0.023 b 4 19.0 7.13 b 4 17.4 5.13 c 7 33.3 c 8 34.8 Risk of Fall Based on Gait and Bala","Machine-assisted full-text mining supports extraction only; final inclusion, risk of bias, and numeric effects require author verification.",,,,,,
31367733,PMC12280510,10.1007/s12603-019-1216-8,"Positive Effects of ""Textured Lunches"" Gatherings and Oral Exercises Combined with Physical Exercises on Oral and Physical Function in Older Individuals: A Cluster Randomized Controlled Trial.",2019,"The journal of nutrition, health & aging",https://pubmed.ncbi.nlm.nih.gov/31367733/,community,nutrition;digital_home,nutrition_only,pmc_fulltext_available,pmc_fulltext_mined_not_numeric_extracted,yes,yes,ok,data\raw\pmc_fulltext\PMC12280510.xml,frailty;gait_speed;grip_strength;falls;quality_of_life;adherence,yes,yes,yes,yes,yes,yes,no,yes,no,yes,yes,yes,no,3.0,192-2 1 Article Positive Effects of “Textured Lunches” Gatherings and Oral Exercises Combined with Physical Exercises on Oral and Physical Function in Older Individuals: A Cluster Randomized Controlled Trial Kito N. 1 Matsuo Koichiro kmatsuo@fujita-hu.ac.jp 1 Ogawa K. 2 Izumi A. 2 Kishima M. 3 Itoda M. 4 Masuda Y. 5 1 Department of Dentistry and Oral-Maxillofacial Sur,"pmc J Nutr Health Aging J Nutr Health Aging 4760 jnha The Journal of Nutrition, Health & Aging 1279-7707 1760-4788 Elsevier PMC12280510 PMC12280510.1 12280510 12280510 31367733 10.1007/s12603-019-1216-8 S1279-7707(23)01192-2 1 Article Positive Effects of “Te","ng and Participants Eighty-six community-dwelling older adults in Daito city, Japan, were randomly assigned into control (n = 43) or intervention (n = 43) groups. Intervention The control group performed the physical exercise regimen only. The intervention group participated in a 12-week physical and oral exercise program and ate a so-called “munchy lunch” that introduce","Setting and Participants Eighty-six community-dwelling older adults in Daito city, Japan, were randomly assigned into control (n = 43) or intervention (n = 43) groups.
Intervention The control group performed the physical exercise regimen only. The intervention group participated in a 12-week physical and oral exercise program and ate a so-called “munchy lunch” that introduced textured foods with proper nutrients together after performing the physical exercise twice a week following brief dietary instruction at the intervention onset. Physical training and lunch gatherings were held at local public centers.
Methods This study's protocol was approved by the Institutional Review Board (Approval ID: HM17-182). The study was registered as a University Hospital Medical Information Network Clinical Trials Registry (UMIN-CTR) clinical trial (Unique trial ID: UMIN000030090). A sample size of 40 participants in each group was calculated based on previous studies ( 12 , 13 ) to provide an effect size of 0.25 between intervention and control groups for a two-tailed significance level, a type I error of 0.05, and a type II error of 0.20 (power = 0.80). Considering a drop-out rate of 25%, 120 participants (60 in each group) were targeted for enrollment. Participants Community-dwelling older adults were recruited in Daito city, Osaka, Japan, in February and March, 2018. Recruitment was administrated by the Coomin Corporation (Daito town development business center, an external organization of Daito City) as follows: distributing flyers to elderly community groups, visiting each community group individually, and giving public information sessions on the study concept at Daito Civic Hall from January to March, 2018. The inclusion criteria were individuals over 65 years of age who could","Results A total of 113 older adults were recruited for this study and allocated into the intervention or control groups randomly according to community group (Figure 3 ). Five subjects in the control group and 12 in the intervention group withdrew from the study due to lack of interest or hospitalization. Ultimately, each 43 subjects in the control and intervention groups completed the final physical and oral assessments. Figure 3 Schematic flow diagram of participants in this randomized control trial The baseline measurements of the cohort are summarized in Table 1 . At the study onset, body fat percentage was significantly lower in the intervention group. No subject satisfied the criteria for sarcopenia. ( 25 ) As the measure for oral function, the number of teeth, occlusal force, and masticatory function were significantly higher in the intervention group at baseline. The attendance rate for the munchy lunch gatherings in the intervention group was 95.2%. The percentage of leftover lunch was 1.6 ± 4.9%. Table 1 Baseline characteristics of participants Characteristic Overall (n=86) Control (n=43) Intervention (n=43) P-value Mean SD Mean SD Mean SD Age (years) 75.6 (5.6) 76.7 (5.3) 74.4 (5.6) 0.06 Men : Women 6 : 80 2 : 41 4 : 39 Oral functions Number of teeth 18.7 (9.4) 15.3 (10.3) 22.0 (7.1) 0.001 Occlusal force (log [N]) 2.3 (0.4) 2.2 (0.4) 2.4 (0.4) 0.019 Tongue-lip motor function /pa/ (number/s) 6.1 (0.8) 6.1 (0.8) 6.2 (0.8) 0.89 /ta/ (number/s) 6.2 (0.7) 6.1 (0.7) 6.3 (0.7) 0.42 /ka/ (number/s) 5.8 (0.8) 5.7 (1.0) 5.8 (0.7) 0.69 Tongue pressure (kPa) 32.4 (8.0) 31.8 (8.6) 32.9 (7.4) 0.55 Masticatory function (mg/dL) 137.6 (48.7) 122.1 (50.6) 152.8 (42.0) 0.003 Physical properties and activities BMI (kg/m 2 ) 23.7 (3.6) 24.3 (4.1) 23.1 (3.0) 0.13 Body fat percenta","Table 1 Baseline characteristics of participants Table 1 Baseline characteristics of participants Characteristic Overall (n=86) Control (n=43) Intervention (n=43) P-value Mean SD Mean SD Mean SD Age (years) 75.6 (5.6) 76.7 (5.3) 74.4 (5.6) 0.06 Men : Women 6 : 80 2 : 41 4 : 39 Oral functions Number of teeth 18.7 (9.4) 15.3 (10.3) 22.0 (7.1) 0.001 Occlusal force (log [N]) 2.3 (0.4) 2.2 (0.4) 2.4 (0.4) 0.019 Tongue-lip motor function /pa/ (number/s) 6.1 (0.8) 6.1 (0.8) 6.2 (0.8) 0.89 /ta/ (number/s) 6.2 (0.7) 6.1 (0.7) 6.3 (0.7) 0.42 /ka/ (number/s) 5.8 (0.8) 5.7 (1.0) 5.8 (0.7) 0.69 Tongue pressure (kPa) 32.4 (8.0) 31.8 (8.6) 32.9 (7.4) 0.55 Masticatory function (mg/dL) 137.6 (48.7) 122.1 (50.6) 152.8 (42.0) 0.003 Physical properties and activities BMI (kg/m 2 ) 23.7 (3.6) 24.3 (4.1) 23.1 (3.0) 0.13 Body fat percentage (%) 33.5 (6.7) 35.3 (5.8) 31.8 (7.0) 0.016 SMI (kg/m 2 ) 8.2 (1.0) 8.1 (1.1) 8.2 (0.8) 0.38 HGS (kg) 21.6 (4.8) 20.9 (4.1) 22.4 (5.3) 0.14 Usual walking speed (m/s) 1.5 (0.3) 1.5 (0.3) 1.5 (0.3) 0.45 TUG (s) 7.0 (1.5) 7.0 (1.7) 7.0 (1.2) 0.92 SD, Standard deviation; BMI, Body mass index; SMI, Skeletal muscle mass index; HGS, Hand grip strength; TUG, Time of timed up and go test
---TABLE---
Table 2 Oral functions at baseline and after 12 weeks for the control and intervention groups Table 2 Oral functions at baseline and after 12 weeks for the control and intervention groups Variable Control Intervention Between-Group Differences Baseline Mean SD 12 weeks Mean SD P-value Baseline Mean SD 12 weeks Mean SD P-value P-value Occlusal force (log [N]) 2.2 (0.4) 2.3 (0.5) 0.266 2.4 (0.4) 2.5 (0.2) 0.309 0.36 Tongue-lip motor function /pa/ (number/s) 6.1 (0.8) 6.3 (0.7) 0.121 6.2 (0.8) 6.4 (0.7) 0.074 0.482 /ta/ (number/s) 6.1 (0.7) 6.2 (0.6) 0.323 6.3 (0.7) 6.3 (0.8) 0.472 0.855 /ka/ (number/s) 5.7 (1.0) 5.9 (0.8) 0.237 5.8 (0.7) 6.1 (0.7) 0.004 0.107 Tongue pressure (kPa) 31.8 (8.6) 32.3 (7.8) 0.420 32.9 (7.4) 35.5 (7.4) 0.004 0.031 Masticatory function (mg/dL) 122.1 (50.6) 141.8 (62.5) 0.008 152.8 (42.0) 177.8 (49.0) 0.001 0.196 SD, Standard deviation
---TABLE---
Table 3 Physical properties and activities at baseline and after 12 weeks for the control and intervention groups Table 3 Physical properties and activities at baseline and after 12 weeks for the control and intervention groups Variable Control Intervention Between-Group Differences Differences Baseline Mean SD 12 weeks Mean SD P-value Baseline Mean SD 12 weeks Mean SD P-value P-value BMI (kg/m 2 ) 24.3 (4.1) 24.0 (3.9) 0.181 23.1 (3.0) 22.8 (2.9) &lt;0.001 0.639 Body fat (%) 35.3 (5.8) 34.8 (6.0) 0.060 31.8 (7.0) 30.7 (6.4) &lt;0.001 0.014 SMI (kg/m 2 ) 8.1 (1.1) 8.2 (0.9) 0.209 8.2 (0.8) 8.3 (0.8) 0.102 0.783 HGS (kg) 20.9 (4.1) 20.8 (4.0) 0.547 22.4 (5.3) 21.7 (4.8) 0.026 0.425 Walking speed (m/s) 1.5 (0.3) 1.5 (0.3) 0.103 1.5 (0.3) 1.6 (0.2) 0.021 0.289 TUG (s) 7.0 (1.7) 6.9 (1.7) 0.201 7.0 (1.2) 6.5 (1.0) &lt;0.001 0.006 SD, Standard deviation; BMI, Body mass index; SMI, Skel","Machine-assisted full-text mining supports extraction only; final inclusion, risk of bias, and numeric effects require author verification.",,,,,,
31360662,PMC6581490,,"An Interregional, Transdisciplinary and Good Practice-Based Approach for Frailty: the Mind&Gait Project.",2019,Translational medicine @ UniSa,https://pubmed.ncbi.nlm.nih.gov/31360662/,community,digital_home,digital_home_unclear_intervention,pmc_fulltext_available,pmc_fulltext_mined_not_numeric_extracted,yes,yes,ok,data\raw\pmc_fulltext\PMC6581490.xml,frailty;gait_speed;adl;falls;quality_of_life;adverse_events,yes,yes,no,no,yes,yes,no,no,yes,yes,yes,no,yes,0.0,"consisting of a cognitive stimulation programme and a physical exercise programme; ii) an auto-blocking mechanism for rolling walkers with biofeedback acquisition (ABMRW); iii) a randomized clinical trial to assess CI′ effectiveness; and iv) a web-platform to be used as a repository that will support and disseminate the intervention materials, covering the action-lin","creasingly seek integrated, structured, adapted, creative, dynamic and economic strategies to prevent frailty. The arising need of an aged and frail population requires innovative interventions and products to prevent cognitive and physical decline. The interregional MIND&GAIT project aims to promote independent living in frail older adults by improving cognition and ga",,"II. METHODS MIND&GAIT emerged as a response to societal challenges and targets older adults with 65 years or more that are supported by the consortium end-user organizations, who are frail or at risk of developing frailty. By adopting a transdisciplinary approach, the research team followed a methodology framework within a cross-disciplinary and problem-oriented research. The project proposed an integrated, creative and dynamic strategy to prevent frailty with a multicentric and a co-designed methodology. MIND&GAIT, based on team expertise, developed and tested interventions and products to promote independent living of frail older adults by improving cognition and gait ability The project, conducted by a transdisciplinary research team, has developed seven working-packages (WP) in a 24-months period. It involves the scientific areas of nursing, occupational and physical therapy, psychology, exercise, mechanical and computer engineering and social care. To ensure the best solutions for frailty through the congregation of different types of expertise and “know-how”, each scientific area established specific objectives adopting adequate scientific methods. For each WP a specific objective was defined to: Develop and test a cognitive stimulation programme to prevent psychological frailty (WP1); Develop and test a physical exercise programme to prevent physical frailty (WP2); Develop an auto-blocking kit mechanism for rolling-walkers and to instrument it with pressure and balance sensors and also with educational led lights (ABMRW) to prevent and reduce falls (WP3/4); Assess the effectiveness of CI in older adult’s frailty, composed by cognitive stimulation and physical exercise programs (WP5); Develop a web-platform to support healthcare professionals and to disseminate CI",,,"Machine-assisted full-text mining supports extraction only; final inclusion, risk of bias, and numeric effects require author verification.",,,,,,
31249332,PMC6597702,10.1038/s41598-019-45767-y,Effects of Kinect-based exergaming on frailty status and physical performance in prefrail and frail elderly: A randomized controlled trial.,2019,Scientific reports,https://pubmed.ncbi.nlm.nih.gov/31249332/,community,resistance;balance;aerobic_walking;multicomponent_exercise,multicomponent_exercise,pmc_fulltext_available,pmc_fulltext_mined_not_numeric_extracted,yes,yes,ok,data\raw\pmc_fulltext\PMC6597702.xml,frailty;gait_speed;sppb;grip_strength;falls;quality_of_life;adverse_events,yes,yes,yes,yes,yes,yes,yes,yes,no,yes,yes,no,yes,3.0,"6597702 6597702 31249332 10.1038/s41598-019-45767-y 45767 1 Article Effects of Kinect-based exergaming on frailty status and physical performance in prefrail and frail elderly: A randomized controlled trial Liao Ying-Yi 1 Chen I.-Hsuan 2 Wang Ray-Yau rywang@ym.edu.tw 3 1 0000 0004 0573 0416 grid.412146.4 Department of Gerontological Health Care, National Taipei Unive","need to obtain permission directly from the copyright holder. To view a copy of this license, visit http://creativecommons.org/licenses/by/4.0/ . Frailty status can be improved by intervention. Both exergaming and combined exercise have been proposed for improving physical performance in community-dwelling elderly. However, whether frailty status can be improved by exer","e improved through interventions. Francisco et al . reported that frailty scores were reversed from 3.6 to 1.6 after 6 months of multicomponent exercises, while the frailty scores control group (without any intervention) remained unchanged (3.8) in the frail elderly. Kim et al . 18 also reported that exercise can decrease frailty scores after 3 months of traditional inte","Methods Participants This study protocol was approved by the Institutional Human Research Ethics Committee of National Yang-Ming University. The approved protocol was followed throughout the study period. This trial was registered at http://www.clinicaltrials.in.th/ (TCTR20180531001 on 24-May-2018) and conformed to the CONSORT checklist(supplementary information). Participants were recruited from daycare centers for the elderly in Taiwan. All participants met the following inclusion criteria: (1) age between 65 to 90 years old and (2) the presence of at least one of the 5 following physical characteristics defined by Fried: unintentional body weight loss, exhaustion, weakness, slow gait speed, and low physical activity level 5 . Unintentional body weight loss was defined as having unintentionally lost more than 1.5 kg in the past 3 months. In the present study, weight loss of 4.5 kg was modified to 1.5 kg because our intervention duration was only 3 months. Exhaustion was defined as the participant agreeing with one of the following two statements: “I felt too tired to do anything” or “I lacked the motivation to do anything”, for at least 3 days in the past week. Weakness was defined as the grip strength of the dominant hand (mean of three measurements) using a hand-held dynamometer. The cutoff grip strengths were as follows: for males with BMIs ≤ 24, grip strength ≤ 29 kg; for males with BMIs 24.1–28, grip strength ≤ 30 kg; for males with BMIs > 28, grip strength ≤ 32 kg; for females with BMIs ≤ 23, grip strength ≤ 17 kg; for females with BMIs 23.1–26, grip strength ≤ 17.3 kg; for females with BMIs 26.1–29, grip strength ≤ 18 kg; for females with BMIs > 29, grip strength ≤ 21 kg. Slow walking speed was defined by a cutoff value for the time it took the participant to w","Results As shown in the flowchart (Fig. 1 ), 110 individuals were initially screened for participation in this study. Among them, 61 qualified individuals were randomly assigned to either the exergaming group (EXER group, 31 participants) or the combined exercise group (CE group, 30 participants). Of the 61 participants, nine did not complete the study due to low levels of motivation (4 in the EXER group and 5 in the CE group). Therefore, a total of 52 participants (27 in the EXER group and 25 in the CE group) completed all the interventions and assessments. None of the participants reported any adverse events. Figure 1 Flowchart of this study. The demographic characteristics of the participants are presented in Table 1 . There were no significant differences in the demographic parameters of the two groups. Moreover, there was no significant difference between the two groups regarding all the outcome measures during the pre-intervention assessments (Tables 2 and 3 ). Table 1 Baseline demographic characteristics of the participants (N = 52). Exergaming group Combined exercise group P-value (N = 27) (N = 25) Age (years) 79.6 ± 8.5 84.1 ± 5.5 0.068 Gender (female/male) 19/8 17/8 0.853 Height (cm) 156 ± 5.2 159 ± 10.5 0.415 Body weight (kg) 52.6 ± 6.0 57.5 ± 8.8 0.185 BMI 21.5 ± 2.2 22.5 ± 2.4 0.331 Fall history in the past one year 8 9 0.653 Frailty score 3.0 ± 1.3 3.0 ± 1.4 0.994 Frailty status Prefrail/frail 11/16 9/16 0.726 Frailty phenotype (%) Weakness 20 (74.1%) 21 (84.0%) 0.381 Slow walking speed 21 (77.8%) 19 (76.0%) 0.879 Unintentional weight loss 3 (11.1%) 5 (20.0%) 0.375 Exhaustion 20 (74.1%) 14 (56.0%) 0.171 Low activity level 18 (66.7%) 15 (60.0%) 0.618 Data are presented as the mean ± SD or number. Table 2 Comparisons of frailty scores, frailty status, revers","Table 1 Baseline demographic characteristics of the participants (N = 52). Table 1 Baseline demographic characteristics of the participants (N = 52). Exergaming group Combined exercise group P-value (N = 27) (N = 25) Age (years) 79.6 ± 8.5 84.1 ± 5.5 0.068 Gender (female/male) 19/8 17/8 0.853 Height (cm) 156 ± 5.2 159 ± 10.5 0.415 Body weight (kg) 52.6 ± 6.0 57.5 ± 8.8 0.185 BMI 21.5 ± 2.2 22.5 ± 2.4 0.331 Fall history in the past one year 8 9 0.653 Frailty score 3.0 ± 1.3 3.0 ± 1.4 0.994 Frailty status Prefrail/frail 11/16 9/16 0.726 Frailty phenotype (%) Weakness 20 (74.1%) 21 (84.0%) 0.381 Slow walking speed 21 (77.8%) 19 (76.0%) 0.879 Unintentional weight loss 3 (11.1%) 5 (20.0%) 0.375 Exhaustion 20 (74.1%) 14 (56.0%) 0.171 Low activity level 18 (66.7%) 15 (60.0%) 0.618 Data are presented as the mean ± SD or number.
---TABLE---
Table 2 Comparisons of frailty scores, frailty status, reversal rates, and frailty phenotype (N = 52). Table 2 Comparisons of frailty scores, frailty status, reversal rates, and frailty phenotype (N = 52). Exergaming group (N = 27) Combined exercise group (N = 25) Between-group difference, P Pre-intervention Post-intervention Within-group difference, P Pre-intervention Post-intervention Within-group difference, P Frailty score 3.0 ± 1.3 1.8 ± 1.5 <0.001 3.0 ± 1.4 2.1 ± 1.3 <0.001 0.075 Frailty status (%) Frailty elderly 16 (59.3%) 9 (33.3%) 16 (64.0%) 10 (40.0%) 0.442 Prefrail elderly 11 (40.7%) 10 (37.0%) 9 (36.0%) 11 (44.0%) Robust elderly 0 (0%) 8 (29.6%) 0 (0%) 4 (16.0%) Frailty reverse rate 43.8% 0.016 37.5% 0.031 0.262 Frailty phenotype (%) Reversal rate Reversal rate Weakness 20 (74.1%) 12 (44.4%) 40% 0.008 21 (84.0%) 13 (52.0%) 38.1% 0.008 0.901 Slow walking speed 21 (77.8%) 11 (40.7%) 47.6% 0.002 19 (76.7%) 13 (52.0%) 31.5% 0.031 0.301 Unintentional weight loss 3 (11.1%) 3 (11.1%) 0% 1.000 5 (17.2%) 3 (10.0%) 40% 0.500 0.464 Exhaustion 20 (74.1%) 10 (37.0%) 50% 0.002 14 (53.8%) 11 (40.0%) 28.6% 0.25 0.092 Low activity level 18 (66.7%) 10 (37.0%) 44.4% 0.008 15 (60.0%) 8 (32.0%) 46.7% 0.016 0.898 Data are presented as the mean ± SD.
---TABLE---
Table 3 Comparisons of physical performance and FES-I. Table 3 Comparisons of physical performance and FES-I. Exergaming group (N = 27) Combined exercise group (N = 25) Time × group, P Pre-intervention Post-intervention Time effect, P Pre-intervention Post-intervention Time effect, P Physical performance Back scratch (cm) 15.4 ± 18.9 15.3 ± 16.5 0.980 19.0 ± 7.6 16.6 ± 10.4 0.357 0.654 Chair sit and reach (cm) 4.3 ± 8.3 3.0 ± 10.7 0.594 9.3 ± 6.5 5.5 ± 4.7 0.206 0.852 Thirty-second sit-to-stand test (times) 9.9 ± 5.1 13.0 ± 5.8 <0.001 8.9 ± 4.9 11.8 ± 5.4 <0.001 0.824 Functional reach test (cm) 20.3 ± 8.2 25.9 ± 9.1 <0.001 22.7 ± 5.49 24.2 ± 7.1 0.316 0.013 Single leg stance (seconds) 3.9 ± 3.6 9.4 ± 8.2 0.028 5.4 ± 7.7 5.1 ± 3.7 0.676 0.049 Stepping (steps) 75.2 ± 29.4 74.2 ± 29.5 0.886 97.8 ± 25.4 86.6 ± 30.6 0.258 0.928 Timed up and go (seconds) 17.0 ± 8.4 15.1 ± 8.7 ","Machine-assisted full-text mining supports extraction only; final inclusion, risk of bias, and numeric effects require author verification.",,,,,,
31133863,PMC6524700,10.3389/fphys.2019.00445,Exercise and Dietary-Protein as a Countermeasure to Skeletal Muscle Weakness: Liverpool Hope University - Sarcopenia Aging Trial (LHU-SAT).,2019,Frontiers in physiology,https://pubmed.ncbi.nlm.nih.gov/31133863/,community,resistance;aerobic_walking;nutrition;digital_home,exercise_plus_nutrition,pmc_fulltext_available,pmc_fulltext_mined_not_numeric_extracted,yes,yes,ok,data\raw\pmc_fulltext\PMC6524700.xml,frailty;gait_speed;sppb;grip_strength;adl;falls;adherence;adverse_events,yes,yes,yes,yes,yes,yes,yes,yes,yes,yes,no,yes,yes,4.0,"ion. Methods Forty-six, community-dwelling, previously untrained males, and females [age: 68 ± 5 years (mean ± SD); BMI: 27.8 ± 6.2 kg/m 2 ] who completed the trial were initially randomized to one of two independent arms [Exercise n = 24 (E); Exercise+Protein n = 22 (EP)]. Both arms completed 16 weeks of RE (performed to fatigue) (2 times/week) with FE (1 time/week)",ysiol Front. Physiol. Frontiers in Physiology 1664-042X Frontiers Media SA PMC6524700 PMC6524700.1 6524700 6524700 31133863 10.3389/fphys.2019.00445 1 Physiology Original Research Exercise and Dietary-Protein as a Countermeasure to Skeletal Muscle Weakness: Liverpool Hope University – Sarcopenia Aging Trial (LHU-SAT) Kirk Ben * Mooney Kate Amirabdollahian Farzad Kha,"Loon L. J. C. ( 2012 ). Protein supplementation increases muscle mass gain during prolonged resistance-type exercise training in frail elderly people: a randomized, double-blind, placebo-controlled trial. J. Am. Med. Dir. Assoc. 13 713 – 719 . 10.1016/j.jamda.2012.05.020 22770932 Tieland M. Verdijk L. B. de Groot L. C. P. G. M. van Loon L. J. C. ( 2015 ). Handgrip","Methods Forty-six, community-dwelling, previously untrained males, and females [age: 68 ± 5 years (mean ± SD); BMI: 27.8 ± 6.2 kg/m 2 ] who completed the trial were initially randomized to one of two independent arms [Exercise n = 24 (E); Exercise+Protein n = 22 (EP)]. Both arms completed 16 weeks of RE (performed to fatigue) (2 times/week) with FE (1 time/week) on non-consecutive days. Additionally, EP were administered a leucine-enriched whey protein supplement (3 times/day) for 16 weeks based on individual body-weight (1.5 g/kg/day).
Materials and Methods Subjects Sample size was based on an average pooled effect size of 0.5 (range 0.1–0.9) from a previous meta-analysis ( Cermak et al., 2012 ), which found greater increases in leg strength with combined RE and dietary-protein vs. RE alone in older adults. Using G ∗ Power ( Faul et al., 2007 ) software and setting power to 80% with alpha at 0.05 (two-tailed) to observe a treatment effect n ≥ 32 participants were required for final analysis. Recruitment was conducted via online advertisement detailing trial information and enrolment was based on initial telephone screening outlining inclusion and exclusion criteria 1 . To confirm eligibility, participants completed a physical activity readiness questionnaire (PAR-Q) ( Thompson et al., 2013 ) to screen for pre-existing medical conditions. During this time participants were briefed on the nature of the trial, associated risks and benefits before written informed consent was obtained. Participants were excluded with uncontrolled hypertension (160/100 mmHg), hypotension (≤100 mmHg), hyperglycaemia (HbA1c ≥ 10%), on prescribed hormonal and/or anti-inflammatory medication, previous history of scheduled exercise (past 12 months), recent musculoskeletal injury, intolerance to ","Results As a result of dietary supplementation, protein intake increased in EP (∼1.2 ± 0.4 to 1.5 ± 0.7 g/kg/day) during the intervention. Maximal strength (1RM) values for leg press (E: +39 ± 7 kg, p = 0.006; EP: +63 ± 7 kg, p < 0.001), chest press (E: +22 ± 4 kg, p < 0.001; EP: +21 ± 6 kg, p < 0.001), and bicep curl (E: +7 ± 0 kg, p = 0.002; EP: +6 ± 1 kg, p = 0.008) significantly increased in E and EP respectively, with no differences between arms ( p > 0.05). Physical functioning in the obstacle course (E: -5.1 ± 6.8 s, p < 0.001; EP: -2.8 ± 0.8 s, p < 0.001) and short-physical performance battery scores (E: +0.5 ± 0.5, p = <0.001; EP: +0.4 ± 0.5, p = 0.038), and aerobic capacity in the 6-min walk test (E: +37 ± 24 m, p = 0.014; EP: +36 ± 3 m, p = 0.005) improved in E and EP respectively, with no differences between arms ( p > 0.05). No significant change was observed for markers of cardiometabolic health (glycaemic control or blood pressure) ( p > 0.05). At follow-up, 86% of older adults reported to performing physical activity ≥1 per week. Of those, 61% were still participating in strength- and cardiovascular- based exercise.
Results Subjects Participants included in the final analysis were distributed similarly in each arm and when split by gender no difference was detected ( p = 0.55). Additionally, arms did not differ in any baseline measure ( p > 0.05) (see Table 1 ). Table 1 Baseline characteristics of participants. Parameter E EP p value n = [number] 24 22 Gender [male/female] 12/12 9/13 0.55 Age [years] 66 ± 4 69 ± 6 0.16 Height [m] 1.68 ± 0.1 1.64 ± 0.1 0.13 Weight [kg] 79.5 ± 21.6 74.2 ± 18.1 0.32 BMI [kg/m 2 ] 28.1 ± 7.4 27.4 ± 4.9 0.63 Plasma glucose [mmol/L] 5.5 ± 0.6 5.4 ± 0.8 0.90 HbA1c [%] 5.5 ± 0.3 5.4 ± 0.3 0.67 Systolic blood pressure [mmHg] 142 ","Table 1 Baseline characteristics of participants. Table 1 Baseline characteristics of participants. Parameter E EP p value n = [number] 24 22 Gender [male/female] 12/12 9/13 0.55 Age [years] 66 ± 4 69 ± 6 0.16 Height [m] 1.68 ± 0.1 1.64 ± 0.1 0.13 Weight [kg] 79.5 ± 21.6 74.2 ± 18.1 0.32 BMI [kg/m 2 ] 28.1 ± 7.4 27.4 ± 4.9 0.63 Plasma glucose [mmol/L] 5.5 ± 0.6 5.4 ± 0.8 0.90 HbA1c [%] 5.5 ± 0.3 5.4 ± 0.3 0.67 Systolic blood pressure [mmHg] 142 ± 19 147 ± 17 0.36 Diastolic blood pressure [mmHg] 83 ± 16 82 ± 9 0.81 Leg press 1RM [kg] 131 ± 15 100 ± 48 0.06 Chest press 1RM [kg] 36 ± 16 36 ± 15 0.70 Bicep curl 1RM [kg] 19 ± 7 20 ± 6 0.58 SPPB [0–12] 11.5 ± 0.7 11.6 ± 0.7 0.31 Obstacle course time [s] 24.6 ± 12.3 22.0 ± 3.6 0.58 6MWT [m] 579 ± 83 582 ± 67 0.84 Energy intake [kcal/d] 1810.5 ± 385.7 1728.1 ± 359.5 0.55 Protein intake [kcal/d] 81.50 ± 27.1 77.26 ± 21.9 0.65 Protein intake [g/kg/day] 1.10 ± 0.4 1.16 ± 0.4 0.68 Protein intake [% total energy] 18 ± 4 18 ± 3 0.96 Total carbohydrate intake [g/day] 191.81 ± 40.2 168.8 ± 41.5 0.14 Total carbohydrate intake [% total energy] 43 ± 6 39 ± 6 0.11 Total fat intake [g/day] 69.75 ± 18.4 69.56 ± 23.1 0.98 Total fat intake [% total energy] 35 ± 6 36 ± 7 0.70 Data are shown as means ± standard deviations. No significant differences were detected between baseline treatments (E, exercise; EP, exercise + protein) ( p > 0.05). HbA1c, glycated hemoglobin; 1RM, 1 repetition maximum; SPPB, short physical performance battery; 6MWT, 6-min walk test.
---TABLE---
Table 2 Effect of intervention on anthropometry, blood pressure, and blood measures. Table 2 Effect of intervention on anthropometry, blood pressure, and blood measures. Parameter E EP Pre Post Time p Pre Post Time p Time ∗ group Height [m] 1.68 ± 0.1 1.68 ± 0.1 1.000 1.64 ± 0.1 1.64 ± 0.1 1.000 0.302 Weight [kg] 79.5 ± 21.6 78.7 ± 19.8 0.309 74.2 ± 18.1 73.6 ± 17.5 0.970 0.374 BMI [kg/m 2 ] 28.1 ± 7.4 27.8 ± 6.6 0.319 27.4 ± 4.9 27.3 ± 4.5 0.977 0.379 Plasma glucose [mmol/L] 5.5 ± 0.6 5.5 ± 0.8 0.852 5.4 ± 0.8 5.4 ± 0.8 0.516 0.576 HbA1c [%] 5.5 ± 0.3 5.5 ± 0.4 0.339 5.4 ± 0.3 5.5 ± 0.3 0.378 0.821 Systolic pressure [mmHg] 142 ± 19 137 ± 13 0.258 147 ± 17 143 ± 17 0.329 0.894 Diastolic pressure [mmHg] 83 ± 16 82 ± 8 0.413 82 ± 9 83 ± 9 0.810 0.414 Values are means ± standard deviations. No significant differences between treatments (E, exercise; EP, exercise + protein) ( p > 0.05). HbA1c, glycated hemoglobin.
---TABLE---
Table 3 Effect of intervention on physical function and aerobic capacity. Table 3 Effect of intervention on physical function and aerobic capacity. Parameter E EP Pre Post Time p Pre Post Time p Time ∗ group SPPB [1–12] 11.5 ± 0.7 12.0 ± 0.2 <0.001 11.6 ± 0.7 12.0 ± 0.2 0.038 0.924 Obstacle course time [s] 24.6 ± 12.3 19.5 ± 5.5 <0.001 22.0 ± 3.6 19.2 ± 4.1 <0.001 0.930 6MWT [m] 579 ± 83 616 ± 107 0.014 582 ± 67 618 ± 64 0.005 0.974 Values are means ± standard deviations. No significant differences between treatments (E, exercise; EP, exe","Machine-assisted full-text mining supports extraction only; final inclusion, risk of bias, and numeric effects require author verification.",,,,,,
31016897,PMC6711410,10.1002/jcsm.12432,Effectiveness of a multimodal intervention in functionally impaired older people with type 2 diabetes mellitus.,2019,"Journal of cachexia, sarcopenia and muscle",https://pubmed.ncbi.nlm.nih.gov/31016897/,unclear,resistance;nutrition,exercise_plus_nutrition,pmc_fulltext_available,pmc_fulltext_mined_not_numeric_extracted,yes,yes,ok,data\raw\pmc_fulltext\PMC6711410.xml,frailty;gait_speed;sppb;adl;falls;quality_of_life;adherence;adverse_events,yes,yes,yes,yes,yes,yes,yes,no,yes,yes,yes,yes,yes,7.0,of a multimodal intervention on functional performance in frail and pre‐frail participants aged ≥70 years with type 2 diabetes mellitus. Methods The MID‐Frail study was a cluster‐randomized multicenter clinical trial conducted in 74 trial sites across seven European countries. The trial recruited 964 participants who were aged >70 years [mean age in intervention grou,91 2190-6009 Wiley PMC6711410 PMC6711410.1 6711410 6711410 31016897 10.1002/jcsm.12432 JCSM12432 JCSM-D-19-00007 1 Original Article Original Articles Effectiveness of a multimodal intervention in functionally impaired older people with type 2 diabetes mellitus Effectiveness of multimodal intervention in older frail people with DM L. Rodriguez‐Mañas et al . Rodriguez‐Mañ,"an countries. The trial recruited 964 participants who were aged >70 years [mean age in intervention group, 78.4 (SD 5.6) years, 49.2% male and 77.6 (SD 5.29) years, 52.4% male in usual care group], with type diabetes mellitus and determined to be frail or pre‐frail using Fried's frailty phenotype. Participants were allocated by trial site to follow either usual care","Methods The MID‐Frail study was a cluster‐randomized multicenter clinical trial conducted in 74 trial sites across seven European countries. The trial recruited 964 participants who were aged >70 years [mean age in intervention group, 78.4 (SD 5.6) years, 49.2% male and 77.6 (SD 5.29) years, 52.4% male in usual care group], with type diabetes mellitus and determined to be frail or pre‐frail using Fried's frailty phenotype. Participants were allocated by trial site to follow either usual care (UCG) or intervention procedures (IG). Intervention group participants received a multimodal intervention composed of (i) an individualized and progressive resistance exercise programme for 16 weeks; (ii) a structured diabetes and nutritional educational programme over seven sessions; and (iii) Investigator‐linked training to ensure optimal diabetes care. Short Physical Performance Battery (SPPB) scores were used to assess change in functional performance at 12 months between the groups. An analysis of the cost‐effectiveness of the intervention was undertaken using the incremental cost‐effectiveness ratio (ICER). Secondary outcomes included mortality, hospitalization, institutionalization, quality of life, burden on caregivers, the frequency and severity of hypoglycaemia episodes, and the cost‐effectiveness of the intervention.
Methods Study design The MID‐Frail study was a cluster‐randomized trial in seven European countries (Belgium, Czech Republic, United Kingdom, France, Germany, Italy, and Spain), which compared the effectiveness of a multimodal intervention with usual care in frail and pre‐frail subjects aged ≥70 years with T2DM in terms of changes in physical function at 12 months ( Figure 1 ). Randomization was at the level of hospital or primary care site owing to the natur","Results After 12 months, IG participants had mean SPPB scores 0.85 points higher than those in the UCG (95% CI, 0.44 to 1.26, P < 0.0001). Dropouts were higher in frail participants and in the intervention group, but significant differences in SPPB between treatment groups remained consistent after sensitivity analysis. Estimates suggest a mean saving following intervention of 428.02 EUR (2016) per patient per year, with ICER analysis indicating a consistent benefit of the described health care intervention over usual care. No statistically significant differences between groups were detected in any of the other secondary outcomes.
Results Recruitment opened in December 2014 and closed in February 2016 (see Supporting Information, Figure S1 ). Overall, 964 subjects (inclusion rate, 67%) were recruited and randomized across 74 sites (average cluster size 13). One hundred eleven subjects (89 allocated to IG and 22 allocated to UCG) withdrew from the study in the period between the randomization of the sites and the beginning of the intervention. Characteristics of subjects in both groups at the time of randomization are shown in Table 1 . Subjects were highly co‐morbid, with an average duration of T2DM > 15 years with 37.8% being frail. Both groups were functionally well balanced ( Table 2 ). Measures of daily living activity demonstrated a relatively high level of functioning despite their frailty status likely due to the exclusion criteria preventing recruitment of low‐functioning participants at baseline. Medication utilization was similar in both groups (Supporting Information, Table S1 ). Table 1 Characteristics of the participants at randomization Intervention (IG) n = 451 Usual care (UCG) n = 513 Total n = 964 Male, n (%) 222 (49.2) 269 (52.4) 491 (50.9) Age, mean ","Table 1 Characteristics of the participants at randomization Table 1 Characteristics of the participants at randomization Intervention (IG) n = 451 Usual care (UCG) n = 513 Total n = 964 Male, n (%) 222 (49.2) 269 (52.4) 491 (50.9) Age, mean (SD) [ n ] 78.4 (5.58) [451] 77.6 (5.29) [513] 78.0 (5.44) [964] Number of years in education, mean (SD) [ n ] 9.5 (4.44) [448] 10.4 (5.00) [508] 10.0 (4.76) [956] Weight, mean (SD) [ n ] 77.6 (14.95) [450] 79.5 (15.79) [513] 78.6 (15.43) [963] Height, mean (SD) [ n ] 1.6 (0.10) [447] 1.6 (0.10) [506] 1.6 (0.10) [953] BMI, mean (SD) [ n ] 29.3 (4.96) [447] 29.8 (4.96) [506] 29.6 (4.96) [953] Frail, n (%) 170 (33.1) 194 (43.0) 364 (37.8) Race, n (%) White Caucasian 482 (94.0) 400 (88.7) 882 (91.5) Latino Hispanic 15 (2.9) 46 (10.2) 61 (6.3) Other 16 (3.2) 5 (1.1) 21 (2.1) Previous symptomatic hypoglycaemia? Yes, n (%) 40 (11.4) 50 (10.2) 90 (10.7) Age at diagnosis, mean (SD) [ n ] 62.9 (12.97) [330] 59.6 (16.26) [474] 61.0 (15.07) [804] Years since diagnosis, mean (SD) [ n ] 15.1 (12.15) [330] 18.1 (15.83) [474] 16.9 (14.49) [804] Heart rate, mean (SD) [ n ] 73.2 (11.04) [448] 73.4 (11.29) [511] 73.3 (11.17) [959] Systolic blood pressure, mean (SD) [ n ] 140.6 (18.37) [447] 139.5 (19.00) [509] 140.0 (18.71) [956] Diastolic blood pressure, mean (SD) [ n ] 74.6 (10.09) [447] 75.9 (12.15) [509] 75.3 (11.25) [956] Glycated haemoglobin %, mean (SD) [ n ] 7.21 (1.23) [400] 7.33 (1.18) [485] 7.28 (1.21) [885] Co‐morbidities, n (%) Hypertension 385 (85.4) 453 (88.3) 838 (86.9) Stroke/TIA 55 (12.2) 77 (15.0) 132 (13.7) Cancer 49 (10.9) 78 (15.2) 127 (13.2) Hip fracture 16 (3.5) 20 (3.9) 36 (3.7) Osteoporosis 67 (14.9) 72 (14.0) 139 (14.4) Parkinson's disease 15 (3.3) 15 (2.9) 30 (3.1) Asthma/COPD 56 (12.4) 80 (15.6) 136 (14.1) CHF 41 (9.1) 41 (8.0) 82 (8.5) OA/RA 140 (31.0) 127 (24.8) 267 (27.7) BMI, body mass index; CHF, congestive heart failure; COPD, chronic obstructive pulmonary disease; OA/RA, osteoarthritis/rheumatoid arthritis; TIA, transient ischaemic attack.
---TABLE---
Table 2 Functional and cognitive status of the participants at randomization Table 2 Functional and cognitive status of the participants at randomization Intervention (IG) n = 451 Usual care (UCG) n = 513 Total n = 964 SPPB, mean (SD) [ n ] 8.2 (2.61) [353] 8.6 (2.65) [491] 8.4 (2.64) [844] Barthel, mean (SD) [ n ] 96.3 (7.03) [353] 95.7 (7.57) [491] 96.0 (7.35) [844] IADL, mean (SD) [ n ] 7.1 (1.53) [353] 6.8 (1.76) [491] 6.9 (1.67) [844] MMSE, mean (SD) [ n ] 26.9 (2.96) [451] 26.9 (3.18) [513] 26.9 (3.08) [964] IADL, instrumental activities of daily living; MMSE, Mini‐Mental State Examination; SPPB, Short Physical Performance Battery.
---TABLE---
Table 3 Result of analysis of the primary outcome (SPPB) and sensitivity analyses. Table 3 Result of analysis of the primary outcome (SPPB) and sensitivity analyses. Baseline Mean (95% CI) 1 year Mean (95% CI) Unadjusted mean difference (1 year follow‐up—baseline) (95% CI) Adjusted a mean difference","Machine-assisted full-text mining supports extraction only; final inclusion, risk of bias, and numeric effects require author verification.",,,,,,
32300691,PMC7155349,10.22540/JFSF-03-026,Breaking sedentary behaviour has the potential to increase/ maintain function in frail older adults.,2018,"Journal of frailty, sarcopenia and falls",https://pubmed.ncbi.nlm.nih.gov/32300691/,unclear,balance,exercise_only,pmc_fulltext_available,pmc_fulltext_mined_not_numeric_extracted,yes,yes,ok,data\raw\pmc_fulltext\PMC7155349.xml,frailty;gait_speed;adl;falls;quality_of_life;adverse_events,yes,yes,no,yes,yes,yes,no,no,yes,yes,yes,no,yes,2.0,"viour (SB) reduction intervention (Stomp Out (Prolonged) Sitting (SOS)) in frail older adults. Methods: Participants (>65years) were recruited from sheltered housing complexes and randomized into 2 groups. On weeks 2, 6 and 10 both groups had face-to-face 40min motivational sessions, including feedback on physical function and SB. One group had the addition of real-ti",d under Creative Commons Attribution NonCommercial - ShareAlike 4.0 International Objectives: This pilot study aimed to evaluate the effect of a sedentary behaviour (SB) reduction intervention (Stomp Out (Prolonged) Sitting (SOS)) in frail older adults. Methods: Participants (>65years) were recruited from sheltered housing complexes and randomized into 2 groups. On week,,"Methods: Participants (>65years) were recruited from sheltered housing complexes and randomized into 2 groups. On weeks 2, 6 and 10 both groups had face-to-face 40min motivational sessions, including feedback on physical function and SB. One group had the addition of real-time tactile feedback on sitting. Total sedentary time and patterns of SB were recorded by activPAL, along with validated measures of function: Timed Up and Go (TUG), Sit-to-Stand (STS) and balance tests. Outcomes were analyzed by intention-to-treat mixed model analysis.
Materials and methods Study design The study was a two-arm randomized pilot study. Participants were recruited from Sheltered Housing Complexes in Glasgow (8 sites managed by 3 Sheltered Housing Associations and participants from Glasgow Caledonian University (GCU) Older Adults Database). Participants were randomized (random number table) before baseline assessments into either the AP or VT group. Data was collected between April 2013 and June 2014. The GCU School of Health and Life Sciences Ethical Committee gave approval (HLS12/59) and all participants gave written informed consent. Inclusion and exclusion criteria can be found in [ Table 1 ]. The study is presented according to the Template for Intervention Description and Replication (TIDieR) guidelines (Appendix 1)[ 18 ]. A target of 25 participants was set as this was estimated to detect a 4% reduction in sitting time with (80%, alpha 0.05), to allow for attrition we aimed to recruit 35 participants. Table 1 Inclusion and exclusion criteria. Inclusion Exclusion 65+ years of age Allergy to adhesive tape (for fixing the AP/VT to the thigh) Medically Stable Any acute or uninvestigated medical conditions. Living in Sheltered Housing Independently Ambulatory (with or without a walking","Results: Twenty-three participants started the SOS intervention. Health issues led to high attrition in this frail population. TUG (4 seconds faster) and STS (>2 rises more in 30 seconds) scores improved significantly in both groups. There were no significant changes in SB parameters.
Results Recruitment & retention of participants Recruitment was difficult and retention was low, reflecting the frailty of the older adults recruited in the study. As can be seen from [ Figure 1 ], there were 2 phases of recruitment and the most common reason for withdrawal was participants’ health status. Figure 1 Consort Diagram for SOS Study. Descriptive statistics Twenty-three participants (17 female; mean age: 78.8±8.1; 12 VT group) were recruited and started week 1 ( Figure 1 ). The majority of participants were female and despite randomization there were baseline differences in the groups ( Table 2 ). The average waking day recording period was 14.0±0.2 hrs, this correlated well with the finding of the baseline sleep diaries (mean sleep reported=9.5±0.9 hrs, therefore 14.5 hrs remain as the waking period, N=15). Thirteen participants remained to the end of the study (one without AP monitor), representing 56.5% retention. Table 2 Descriptive statistics at baseline. Baseline Test VT Group N AP Group N Sex (% female) 67 12 67 11 Age (years, Mean (SD)) 74.0±6.1 12 83.2±7.7 11 BMI (kg/m 2 , Mean (SD)) 28.3±7.2 11 26.3±4.9 10 No. of Medications 5.3 †† 12 6.5 †† 11 No. educated >HS 3 12 0 11 Timed Up & Go (sec, Mean (SD)) 26.6±7.1 †† 11 29.8±16.1 †† 5 Employed 0 12 0 11 EuroQoL(score/5) † 1.6 12 1.5 11 >1 Fall /last year (%) 50 †† 12 63.6 †† 11 Widow (%) 16.7 12 54.5 11 Single (%) 16.7 12 36.4 11 Divorced (%) 33.3 12 0 11 Married (%) 33.3 12 9.1 11 † = The European Quality of Life Question","Table 1 Inclusion and exclusion criteria. Table 1 Inclusion and exclusion criteria. Inclusion Exclusion 65+ years of age Allergy to adhesive tape (for fixing the AP/VT to the thigh) Medically Stable Any acute or uninvestigated medical conditions. Living in Sheltered Housing Independently Ambulatory (with or without a walking aid) Score <7 in the 6-CIT (Cognitive Impairment Test) ‡ Able to achieve 100 degrees of hip flexion in both hips from a sitting and lying position (required to turn off VT equipment). Have intact vibro-tactile sensation on the thigh (assessed by neurothesiometer). ‡ Brooke P, Bullock R: Validation of a 6 item cognitive impairment test with a view to primary care usage. Int J Geriatr Psychiatry 1999; 14 (11): 936-40 .
---TABLE---
Table 2 Descriptive statistics at baseline. Table 2 Descriptive statistics at baseline. Baseline Test VT Group N AP Group N Sex (% female) 67 12 67 11 Age (years, Mean (SD)) 74.0±6.1 12 83.2±7.7 11 BMI (kg/m 2 , Mean (SD)) 28.3±7.2 11 26.3±4.9 10 No. of Medications 5.3 †† 12 6.5 †† 11 No. educated >HS 3 12 0 11 Timed Up & Go (sec, Mean (SD)) 26.6±7.1 †† 11 29.8±16.1 †† 5 Employed 0 12 0 11 EuroQoL(score/5) † 1.6 12 1.5 11 >1 Fall /last year (%) 50 †† 12 63.6 †† 11 Widow (%) 16.7 12 54.5 11 Single (%) 16.7 12 36.4 11 Divorced (%) 33.3 12 0 11 Married (%) 33.3 12 9.1 11 † = The European Quality of Life Questionnaire (EQ-5D-5L) average scores of self-reported: mobility, self-care, daily activities, pain, anxiety and depression collated; †† = indication of frailty; BMI = Body Mass Index from self-reported height/weight; HS = High School .","Machine-assisted full-text mining supports extraction only; final inclusion, risk of bias, and numeric effects require author verification.",,,,,,
30498835,PMC6444357,10.1007/s12603-018-1127-0,Quality of Life and Mental Health in Older Adults with Obesity and Frailty: Associations with a Weight Loss Intervention.,2018,"The journal of nutrition, health & aging",https://pubmed.ncbi.nlm.nih.gov/30498835/,community,nutrition,nutrition_only,pmc_fulltext_available,pmc_fulltext_mined_not_numeric_extracted,yes,yes,ok,data\raw\pmc_fulltext\PMC6444357.xml,frailty;gait_speed;sppb;falls;quality_of_life;adherence,yes,yes,yes,yes,yes,yes,yes,no,no,yes,yes,yes,no,3.0,oss intervention with quality of life and mental health in obese older adults with functional limitations. Design Combined-group analyses of secondary variables from the MEASUR-UP randomized controlled trial. Setting Academic medical center. Participants Obese community-dwelling men and women (N = 67; age ≥60; BMI ≥30) with functional limitations (Short Physical Perfo,"pmc J Nutr Health Aging J Nutr Health Aging 4760 jnha The Journal of Nutrition, Health & Aging 1279-7707 1760-4788 Elsevier PMC6444357 PMC6444357.2 6444357 12280460 30498835 10.1007/s12603-018-1127-0 S1279-7707(23)01064-3 2 Article Quality of Life and Mental","nt improvements in SPPB scores at the 6-month end point for both groups, with a significantly greater improvement in the SPPB score for the Protein group (+2.4 points) relative to Control group (+0.9 point) ( 22 ). Table 1 Baseline characteristics: Sociodemographics, anthropometrics, comorbidity and physical function 2 Total N=67 Age (years) 68.2 (5.6) Sex (female) 53 (7","Participants Obese community-dwelling men and women (N = 67; age ≥60; BMI ≥30) with functional limitations (Short Physical Performance Battery [SPPB] score of 4–10 out of 12).
Intervention Six-month reduced calorie diet at two protein levels.
Materials and methods This study was conducted to examine secondary variables (QOL and mental health) from MEASUR-UP (Measuring Eating, Activity and Strength: Understanding the Response-Using Protein), a randomized controlled trial (RCT), conducted between 2012 and 2014, to evaluate a balanced, higher protein intake in comparison to a control (RDA-level) protein intake during a long-term weight loss intervention in obese older adults with functional limitations ( 21 ). The results by group have already been reported for primary outcomes of interest, namely, changes in physical function and lean body mass ( 22 ). Given minimal group differences for QOL and mental health variables, the absence of a protein-specific hypothesis, and in order to increase power, the two groups were combined for the current analyses. Thus, the role of the protein intervention was not evaluated. Design MEASUR-UP was a 6-month randomized controlled weight loss trial; participants were randomly assigned to either a high protein or an RDA-level protein intervention (2:1 allocation ratio), stratified by sex. Both groups were prescribed a 500 kcal/day energy deficit, with a goal of 10% weight loss; Registered Dietitians provided an individualized meal plan. All participants attended weekly weigh-ins and group meetings for counseling and peer support. Protein group participants were counseled to consume 30 grams of high quality protein at each meal and were supplied with cooked lean beef. As noted above, the groups were combined for these mental health/QOL analy","Results Physical composite quality of life (SF-36) improved significantly at 3 months (β = 6.29, t2,48 = 2.60, p = 0.012) and 6 months (β = 10.03, t2,48 = 4.83, p < 0.001), as did several domains of physical quality of life. Baseline depression symptoms (CES-D and POMS) were found to predict lower amounts of weight loss; higher baseline sleep latency (PSQI) and anger (POMS) predicted less improvement in physical function (SPPB).
Results Sample characteristics are shown in Table 1 . The overall mean age was 68 years and BMI was 37 kg/m2; most participants were women, the majority were White, and all had completed high school. The most common comorbidity reported was hypertension. A total of eleven participants reported depression (at baseline), and seven reported other psychiatric conditions (i.e., anxiety, bipolar disorder or attention deficit hyperactivity disorder [ADHD]). Five participants had baseline CES-D scores of 16 or higher, indicating a risk of prevalent depression. Two participants had both a diagnosis of depression and CES-D score of 16+; overall, fourteen individuals had either high CES-D score (N = 3) or depression diagnosis (N = 9), or both (N = 2). None of the participants endorsed suicidal thoughts or behaviors during the study. As reported previously, there was significant weight loss (mean = –8.4 kg) and physiologically-important improvements in SPPB scores at the 6-month end point for both groups, with a significantly greater improvement in the SPPB score for the Protein group (+2.4 points) relative to Control group (+0.9 point) ( 22 ). Table 1 Baseline characteristics: Sociodemographics, anthropometrics, comorbidity and physical function 2 Total N=67 Age (years) 68.2 (5.6) Sex (female) 53 (79%) Race White 47 (70%) African American 17 (25%) Other 3 ","Table 1 Baseline characteristics: Sociodemographics, anthropometrics, comorbidity and physical function 2 Table 1 Baseline characteristics: Sociodemographics, anthropometrics, comorbidity and physical function 2 Total N=67 Age (years) 68.2 (5.6) Sex (female) 53 (79%) Race White 47 (70%) African American 17 (25%) Other 3 (4%) Education High School 15 (22%) More than High School 52 (78%) Marital Status Single 8 (12%) Married 38 (57%) Widowed 9 (13%) Divorced 12 (18%) Weight (kg) 103.2 (19.6) Body mass index (kg/m2) 36.9 (6.3) Comorbidities b Cardiovascular Disease 17 (26%) Hypertension 45 (68%) Diabetes 14 (21%) Depression 11 (17%) Other Psychiatric Condition c 7 (11%) Short Physical Performance Battery (SPPB) d 8.6 (1.6) a. Mean (SD) or # (%); b. Self-report; N=66; c. Conditions reported include anxiety, ADHD and bipolar II disorder; d. SPPB range 0–12; score of 4–10 was required for enrollment
---TABLE---
Table 2 Quality of life outcomes (SF-36) a , b Table 2 Quality of life outcomes (SF-36) a , b Baseline Change at 3 months P valuec Change at 6 months P valuec Physical Composite Score 62.2 (18.6) 6.7 (16.8) 0.012 9.2 (15.2) <0.001 Physical Functioning 58.1 (24.4) 8.7 (17.9) <0.001 12.7 (19.6) <0.001 Role Limitations (Physical) 60.2 (33.7) 11.2 (35.7) 0.029 10.4 (40.1) 0.017 Pain 62.5 (23.1) 4.7 (21.3) 0.164 7.4 (17.0) <0.001 General Health 66.7 (18.0) 2.6 (15.7) 0.262 3.3 (14.5) 0.065 Mental Health Composite Score 75.5 (17.4) 5.0 (14.6) 0.007 2.1 (13.0) 0.072 Emotional Well-Being/Mental Health 82.3 (16.7) 1.7 (8.7) 0.091 0.6 (8.7) 0.477 Role Limitations (Emotional) 79.6 (31.6) 2.5 (35.8) 0.149 –5.0 (34.9) 0.975 Social Functioning 83.1 (20.4) 8.0 (19.5) 0.004 5.7 (20.3) 0.020 Vitality 57.2 (19.5) 6.9 (16.2) <0.001 6.9 (11.8) <0.001 a. N=67; baseline values are the observed mean (SD); change scores are the least-squares adjusted means (SD) from the repeated measures analysis; b. SF-36: Range for all scores 0–100; Physical Composite - average of physical functioning, role limitations (physical), pain and general health; Mental Health Composite - average of emotional well-being, role limitations (emotional), social and vitality; c. P value for change from baseline
---TABLE---
Table 3 Mental health outcomes a Table 3 Mental health outcomes a Baseline Change at 3 months P value b Change at 6 months P value b Depression (CES-D)c Total Score 7.2 (7.2) –0.7 (5.6) 0.239 0.7 (4.4) 0.923 Depressed Affect 1.6 (2.8) 0.5 (2.8) 0.276 0.03 (1.6) 0.890 Positive Affect 2.3 (3.2) –0.9 (3.7) 0.002 –0.4 (3.4) 0.068 Somatic 3.2 (2.9) 0.7 (2.6) 0.182 0.7 (3.3) 0.348 Interpersonal 0.4 (0.8) 0.0 (1.0) 0.956 0.2 (1.1) 0.621 Profile of Mood States (POMS)d Total Mood Disturbance 6.4 (15.8) –2.4 (8.5) 0.048 –2.0 (9.6) 0.123 Tension 2.7 (3.1) –0.4 (1.8) 0.204 0.3 (2.6) 0.646 Depression 2.3 (3.1) –0.4 (2.0) 0.027 –0.2 (2.0) 0.255 Anger 3.0 (3.1) –0.5 (2.3) 0.002 –0.4 (2.1) 0.027 Fatigue 5.7 (4.6) –1.1 (2.9) <0.001 –0.6 (3.1) 0.018 Confusion 3.3 (2.3) 0.06 (1.9) 0.781 0.07 (2.6","Machine-assisted full-text mining supports extraction only; final inclusion, risk of bias, and numeric effects require author verification.",,,,,,
30138718,PMC6251709,10.1016/j.cct.2018.08.004,Rationale and design of the Study To Understand Fall Reduction and Vitamin D in You (STURDY): A randomized clinical trial of Vitamin D supplement doses for the prevention of falls in older adults.,2018,Contemporary clinical trials,https://pubmed.ncbi.nlm.nih.gov/30138718/,community,balance;nutrition,exercise_plus_nutrition,pmc_fulltext_available,pmc_fulltext_mined_not_numeric_extracted,yes,yes,ok,data\raw\pmc_fulltext\PMC6251709.xml,frailty;gait_speed;sppb;grip_strength;adl;falls;quality_of_life;adherence;adverse_events,yes,yes,yes,yes,yes,yes,yes,yes,yes,yes,yes,yes,yes,3.0,"1507981 30138718 10.1016/j.cct.2018.08.004 NIHMS1507981 NIHPA1507981 1 Article Rationale and Design of the S tudy t o U nderstand Fall R eduction and vitamin D in Y ou (STURDY): A Randomized Clinical Trial of Vitamin D Supplement Doses for the Prevention of Falls in Older Adults Michos Erin D. MD, MHS 1 2 3 Mitchell Christine M. ScM 2 3 Miller Edgar R. III MD, PhD 2 3","edical costs of fatal and non-fatal falls for U.S. adults aged ≥65 years were estimated at $637.5 million and $31.3 billion, respectively, in 2015.[ 2 ] Identifying evidence-based interventions for fall prevention is paramount. Vitamin D, a fat-soluble vitamin, is critical for the maintenance of bone mineral density.[ 3 , 4 ] Optimal serum concentrations of 25-hydroxyvi","physical function are completed and physical performance is assessed. After the baseline visit, participants are asked to complete a run-in period of approximately 10 days, taking placebo pills and completing a fall and study pill calendar, to demonstrate their ability to adhere to study protocols. During the Randomization Visit , which generally takes place within","2 MATERIALS AND METHODS 2.1 Overview of Study Design STURDY is a double-masked, two-stage, Bayesian, response-adaptive dose- finding and seamless confirmatory randomized trial designed to select the best dose of vitamin D supplementation from three candidate doses and, if a best dose is selected, potentially confirm the efficacy of that dose for fall prevention. STURDY is recruiting up to 1200 older adults with 25(OH)D concentration in the range 10–29 ng/mL and who are at elevated risk for falling. Recruitment occurs in two communities in Maryland (located in Baltimore and Washington Counties, at approximately 39 degrees latitude), which provides the opportunity to enroll a large sample of whites and African-Americans, including both men and women. Participants will be randomized to one of four vitamin D3 (cholecalciferol) supplement doses: 200 (control), 1000, 2000, or 4000 IU/day and followed for 2 years or until the trial ends, whichever occurs first (minimum follow-up of 6 months). Stage 1 is designed to select the best dose for fall prevention from the three non-control doses. If a best dose is found, Stage 2 will start seamlessly, with enrollees assigned in Stage 1 to control or the best dose continuing on that dose unchanged; those enrollees who were assigned in Stage 1 to the two non-control, non-best doses will be switched to the best dose, and new enrollees will be randomly assigned 1:1 to control or the best dose. We will compare the control dose group to the best dose group, using the experience of each participant while on the best dose. The primary outcome measure in both stages is time to first fall or death, whichever comes first. Falls are ascertained from calendars, scheduled interviews, or interim self-reports. Secondary outcomes include each componen","2.13.2 Analytic Plan for Stage 2 and Study Results Reporting At the start of Stage 2, we will perform the first of three formal interim analyses for efficacy; two additional analyses will occur during Stage 2 at equally spaced calendar time intervals. The primary efficacy analysis is a comparison of the time to first fall or death for the control (200 IU/day) group versus the combined three >200 IU/day groups while on the best dose using the logrank test. Participants will be analyzed in either the control or best dose group using all available time at risk while on the control or best dose. The proportionality of the hazards will be examined using standard diagnostic plots and inspection of the Schoenfeld residuals[ 49 ] as implemented in SAS PROC PHREG. Events and follow-up time while on the control or best dose will be included in this primary analysis; for participants switched to the best dose from either non-best dose, the clock for occurrence of a first fall or death will reset to the time from the switch to the best dose. We will examine the consistency of treatment effects for the primary outcome in subgroups of participants; 12 subgrouping factors, all measured at baseline, were specified in the protocol: race (African-American vs. non-African-American), 25(OH)D concentrations (10–19 vs. 20–29 ng/mL), physical function (SPPB total score <10 vs. ≥10), use of vitamin D supplements (none vs. any), total baseline vitamin D intake (<800 IU/day vs. ≥800 IU/day), gender, age (<80 years vs. ≥80 years), body mass index (BMI; <18.5 vs. ≥18.5 to <25 vs. ≥25 to <30 vs. ≥30), medications classes (any antihypertensive [including diuretics, ACE inhibitors, beta blockers or calcium channel blockers] vs. no antihypertensive and any diabetic drugs [insulin or oral anti-diabetic","Table 1: STURDY Eligibility Criteria. Table 1: STURDY Eligibility Criteria. Inclusion Criteria ▪ Age 70 and older ▪ Non-institutionalized ▪ High risk for falling, defined by a ‘yes’ response to at least one of the following: ▪ Have you fallen and hurt yourself in the past year? ▪ Have you fallen 2 or more times in the past year? ▪ Are you afraid that you might fall because of balance or walking problems? ▪ Do you have difficulty maintaining your balance when bathing, dressing, or getting in and out of a chair? ▪ Do you use a cane, walker, or other device when walking inside or outside your home? ▪ Serum vitamin D [25(OH)D] concentration ≥10 and <30 ng/ml (≥25 and <75 nmol/L) ▪ Able to provide informed consent ▪ Able to walk (with or without assistive device) ▪ Willing to accept randomization to each vitamin D dose ▪ One of the following: ▪ No vitamin D supplementation at screening ▪ Average daily vitamin D supplementation judged by study staff as being consistent with the goal of ≤1000 IU/day at screening and willing to continue the dose unchanged throughout the trial ▪ One of the following: ▪ No calcium supplementation at screening ▪ Average daily calcium supplementation judged by study staff as being consistent with the goal of ≤1200 mg/day at screening and willing to continue the dose unchanged throughout the trial Exclusion Criteria ▪ Cognitive impairment, defined as Mini-Mental State Exam (MMSE) score <24 ▪ Hypercalcemia, serum Ca 2+ >10.5 mg/dl (confirmed) ▪ Hypocalcemia, serum Ca 2+ <8.5 mg/dl ▪ Kidney, ureteral, or bladder stones made of calcium compounds (≥2 in lifetime, or 1 in the last 2 years); in the absence of information on type of stone, stones will be assumed to be made of calcium compounds ▪ Planning to move out of area within 2 years, where plans would prevent compliance with the study protocol ▪ Disease or condition expected to cause death or to prevent compliance with the study protocol in the next 2 years ▪ Participation in another trial of vitamin D or falls, or any trial that might affect the risk of falls ▪ Lactose allergy (lactose intolerance is okay) ▪ Use of any form of oral or injected calcitriol (brand names: Rocaltrol®, Calcijex®, and Zemplar®; generic names: calcitriol, paricalcitol, doxycalcitriol, 22- oxacalcitriol)
---TABLE---
Table 2: STURDY Data Collection Schedule. Table 2: STURDY Data Collection Schedule. Months from randomization Pre-RZ RZ Year 1 Year 2 −2+ -2 −1 0 1 3 6 9 12 15 18 21 24 [C]linic, [T]elephone, or [E]ither E C C C T C T T C T T T C Visit PS SV + BV + RZ F01 F03 F06 F09 F12 F15 F18 F21 F24 Consent O W W O • • • • • • • • • Prescreen questionnaire X • • • • • • • • • • • • Registration (demographics, eligibility questions) • X • • • • • • • • • • • Blood draw * • X X • • X • • X • • • X Urine collection (stored) • • X • • X • • X • • • X Medical history, incl. adverse events • X X X X X X X X X X X X Cognitive testing $ • X • • • X • • X • • • X Physical measurements # • • X • • X • • X • • • ","Machine-assisted full-text mining supports extraction only; final inclusion, risk of bias, and numeric effects require author verification.",,,,,,
29988285,PMC6008824,10.1155/2018/8916274,"Effects of Strength Training on Muscle Properties, Physical Function, and Physical Activity among Frail Older People: A Pilot Study.",2018,Journal of aging research,https://pubmed.ncbi.nlm.nih.gov/29988285/,home,resistance;aerobic_walking;digital_home,exercise_only,pmc_fulltext_available,pmc_fulltext_mined_not_numeric_extracted,yes,yes,ok,data\raw\pmc_fulltext\PMC6008824.xml,frailty;gait_speed;grip_strength;falls;quality_of_life;adherence,yes,yes,yes,yes,yes,yes,no,yes,no,yes,yes,yes,no,3.0,"ir climbing, rising from a chair, and preferred and maximal walking speed), and physical activity among frail elderly people receiving home-care services. Thirty participants were randomly assigned (by sex) to a control group (CON) or a strength training group (ST) performing a supervised training programme using elastic bands, box-lifting, and body weight exercises twice pe","use, distribution, and reproduction in any medium, provided the original work is properly cited. The aim of this study was to determine the effects of a 10-week strength training intervention on isometric strength, rate of force development (RFD), physical function (stair climbing, rising from a chair, and preferred and maximal walking speed), and physical activity amo",", and preferred and maximal walking speed), and physical activity among frail elderly people receiving home-care services. Thirty participants were randomly assigned (by sex) to a control group (CON) or a strength training group (ST) performing a supervised training programme using elastic bands, box-lifting, and body weight exercises twice per week. Twenty-three partici","2. Materials and Methods 2.1. Study Design The pilot study was parallel group design where 30 community-dwelling older adults receiving health-care services were randomly assigned to either a strength-training group (ST) or a control group (CON). The ST group performed a progressive strength-training programme twice a week with 10–12 repetitions for 10 weeks. The CON was instructed and encouraged to continue their normal activities during the intervention. Pre- and postintervention, all participants were tested in maximal and explosive strength and physical function tests (walking speed (preferred and maximal), stair climbing, and rising from a chair) and wore an accelerometer for six days to determine the physical activity. 2.2. Participants Due to low founding, only one municipality was invited to participate in this pilot study. The health-care services in a municipality (7000 residents) informed all elderly people meeting the inclusion criteria (45 potential participants) to participate in this pilot study. 2/3 of them volunteered, and 30 community-dwelling older adults (6 male and 24 female) were recruited. The participants were stratified randomly by sex. The name of each participant was written on a patch and divided into two heaps—one for each sex. The patches were thoroughly mixed before drawing first the male and then the female to either a strength-training group (ST) ( n =16) or a control group (CON) ( n =14). The first, third, fifth, and more patches from each heaps were assigned to the ST group and remaining to the CON group. Seven participants dropped out during the intervention (five from the ST and two from the CON) with reason not related to the study. Twenty-three participants (6 male and 17 female) aged 71–97 years completed the study ( Figure 1 ). D","3. Results 3.1. Maximal Strength and Rate of Force Development (RFD) For the maximal strength and RFD, there was no interaction for the ( F =0.714–4.114, p =0.0.3–0.409) or a main effect for groups ( F =0.032–0.269, p =0.390–0.861). With exceptions for maximal strength in the arm ( F =1.162, p =0.294), there was a main effect for time ( F =4.473–10.043, p =0.005–0.047). After the post hoc tests, the ST group had a 15.3% nonsignificant improvement in the leg extension test ( p =0.10, ES=0.31) and a 53.1% increase for peak RFD ( p =0.04, ES=0.69). In the elbow flexion test, a nonsignificant 51.3% improvement for peak RFD ( p =0.08, ES=0.60) was observed. No significant differences were observed for the CON ( p =0.16–1.00) (Figures 3 and 4 ). 3.2. Physical Function For the physical function tests, there was no interaction ( F =0.087–2.519, p =0.130–0.770) or a main effect for groups ( F =1.888–2.696, p =0.115–0.186) or time ( F =0.55–2.223, p =0.151–0.817) with one exception. The stair climbing test had significant main effect for time ( F =4.659, p =0.044). Despite an overall improvement in stair climbing of 26.6%, the improvement was not significant for the ST ( p =0.22). Furthermore, no significant difference was observed for the CON ( p =0.22). All details are presented in Table 2 . 3.3. Physical Activity (PA) For PA, there was no interaction ( F =0.009–0.939, p =0.341–0.927), main effects for time (0.001–0.223, p =0.644–0.980) or group ( F =0.120–4.178, p =0.059–0.734) for the variables overall PA, inactivity, moderate intensity, high intensity, and numbers of steps per day. However, an interaction was observed for the variable low intensity ( F =5.008, p =0.041). Post hoc tests demonstrated no differences between the groups ( p =0.480–1.000) or differences between pr","Table 1 Age, height, and BMI for both groups. Table 1 Age, height, and BMI for both groups. ST ( n =11) CON ( n =12) p value between groups Age (years) 86.5 ± 6.4 83.5 ± 5.7 0.26 Height (cm) 163.1 ± 9.5 165.4 ± 11.2 0.73 Weight (kg) 64.3 ± 21.2 66.6 ± 8.7 0.60 BMI (kg/m 2 ) 23.9 ± 6.2 24.3 ± 1.6 0.81 ST = strength-training group; CON = control group; cm = centimetres; kg = kilograms; BMI = body mass index; all values are presented as mean ±standard deviation.
---TABLE---
Table 2 Pre- and posttest results of physical function for the ST and CON. Table 2 Pre- and posttest results of physical function for the ST and CON. Tests Group Pretest Posttest Stair climbing (sec) ST 26.0 ± 6.0 19.3 ± 3.4 CON 18.3 ± 3.6 17.1 ± 3.3 Preferred walking speed (km/h) ST 2.3 ± 0.3 2.3 ± 0.2 CON 3.0 ± 0.3 2.9 ± 0.3 Maximal walking speed (km/h) ST 3.5 ± 0.3 3.8 ± 0.4 CON 4.5 ± 0.4 4.3 ± 0.4 Rising from a chair (sec) ST 27.6 ± 4.6 25.5 ± 4.1 CON 20.6 ± 2.2 19.1 ± 2.3 ST = strength-training group; CON = control group; sec = seconds; km/h =kilometres per hour; all values are presented as mean ± standard error.
---TABLE---
Table 3 Pre- and posttest results of physical activity for the ST and CON. Table 3 Pre- and posttest results of physical activity for the ST and CON. Tests Group Pretest Posttest Overall PA (cpm) ST 57.6 ± 8.4 67.7 ± 12.5 CON 129.5 ± 25.5 120.5 ± 24.7 Inactivity (min/day) ST 673.4 ± 16.3 688.0 ± 32.6 CON 663.1 ± 28.4 621.7 ± 31.2 Low intensity (min/day) ST 83.8 ± 12.8 91.1 ± 13.0 CON 120.4 ± 21.5 101.6 ± 16.4 Moderate intensity (min/day) ST 2.9 ± 0.5 2.8 ± 0.7 CON 11.1 ± 2.8 10.7 ± 3.7 High intensity (min/day) ST 0.2 ± 0.1 0.2 ± 0.1 CON 0.2 ± 0.1 0.2 ± 0.1 Steps (per day) ST 1360 ± 322 1262 ± 312 CON 2868 ± 547 2396 ± 501 ST = strength-training group; CON = control group; s = seconds; km/h =kilometres per hour; cpm = counts per minute; min/day = minutes per day; all values are presented as mean ± standard error.","Machine-assisted full-text mining supports extraction only; final inclusion, risk of bias, and numeric effects require author verification.",,,,,,
29783928,PMC5963011,10.1186/s12872-018-0839-8,Physical activity intervention for elderly patients with reduced physical performance after acute coronary syndrome (HULK study): rationale and design of a randomized clinical trial.,2018,BMC cardiovascular disorders,https://pubmed.ncbi.nlm.nih.gov/29783928/,home,digital_home,digital_home_unclear_intervention,pmc_fulltext_available,pmc_fulltext_mined_not_numeric_extracted,yes,yes,ok,data\raw\pmc_fulltext\PMC5963011.xml,frailty;gait_speed;sppb;grip_strength;adl;quality_of_life;adherence;adverse_events,yes,yes,yes,no,yes,yes,yes,yes,yes,no,yes,yes,yes,3.0,-8 839 1 Study Protocol Physical activity intervention for elderly patients with reduced physical performance after acute coronary syndrome (HULK study): rationale and design of a randomized clinical trial Tonet Elisabetta tonet.elisabetta@gmail.com 1 Maietti Elisa e.maietti@ospfe.it 2 Chiaranda Giorgio G.Chiaranda@ausl.pc.it 3 Vitali Francesco francesco.vitali90@gmai,vasc Disord 17 bmccard BMC Cardiovascular Disorders 1471-2261 BMC PMC5963011 PMC5963011.1 5963011 5963011 29783928 10.1186/s12872-018-0839-8 839 1 Study Protocol Physical activity intervention for elderly patients with reduced physical performance after acute coronary syndrome (HULK study): rationale and design of a randomized clinical trial Tonet Elisabetta tonet.elisa,"vs. 7–9). A dedicated website assigns a unique treatment code, which dictates the treatment assignment for the subject. Patients are randomized in a 1:1 ratio to standard of care (control group) or to an early, tailored, low-cost physical activity intervention (experimental group). Patients not confirming an SPPB score 4 to 9 thirty days after discharge are excluded (Fig","Electronic supplementary material The online version of this article (10.1186/s12872-018-0839-8) contains supplementary material, which is available to authorized users.
Methods Study population HULK is a prospective, multicenter, interventional, randomized study enrolling patients from three Italian Cardiology units (Azienda Ospedaliera Universitaria di Ferrara, Ferrara; Ospedale Santa Maria delle Croci, Ravenna, Ospedale San Giovanni da Saliceto, Piacenza) and from three outpatient services dedicated to physical activity intervention (Center of Biomedical Studies Applied to Sport, Ferrara; Sport Medicine Center, Ravenna; Sports Medicine Service, Azienda Unità Sanitaria Locale, Piacenza). These are three cardiology units with extensive experience in terms of ACS management and three sports medicine centers with consolidated expertise about physical exercise for cardiopathic patients. A detailed list of inclusion and exclusion criteria is reported in Table 1 . Briefly, we include patients aged 70 years or older and admitted to the hospital for ACS with reduced physical performance at time of discharge (T0), confirmed 30-days post-discharge, during the inclusion visit (T1). At the inclusion visit, patients are randomized to the physical activity intervention or to the standard of care groups. Physical performance is assessed with the well validated Short Physical Performance Battery (SPPB) score [ 9 ]. Physical performance is considered reduced if SPPB score ranges between 4 and 9 [ 9 – 11 ]. Cardiorespiratory fitness (CRF) is evaluated by the 1-km moderate treadmill walking test (1 k-TWT) [ 12 , 13 ]. Table 1 Inclusion and exclusion criteria Inclusion criteria • Age ≥ 70 years • Hospital admission for acute coronary syndrome (ACS) and coronary artery angiography ± percu",,"Table 1 Inclusion and exclusion criteria Table 1 Inclusion and exclusion criteria Inclusion criteria • Age ≥ 70 years • Hospital admission for acute coronary syndrome (ACS) and coronary artery angiography ± percutaneous coronary intervention ACS is defined in presence of the following criteria (the first mandatory and at least one between criterion 2 and 3): 1. Chest pain suggestive of cardiac origin lasting at least 20 min 2. ECG changes compatibles with signs of myocardial ischemia 3. Detection of rise of cardiac biomarkers • Informed consent • SPPB score 4–9 at the inclusion visit (T1) Exclusion criteria • Short portable mental status questionnaire (SPMSQ) < 4 SPMSQ is performed as first test. If it results less than 4 the patient is excluded • Life expectancy < 12 months • The patient is not discharged at home, but he/she is transferred from the cardiology unit to other hospital unit or community structure • Chronic heart failure NYHA III-IV. • Left ventricle ejection fraction < 30%. • Severe aortic or mitral valvulopathy • Multivessel coronary artery disease or left main coronary artery disease candidate to CABG • Planned staged PCI • Impossibility to perform physical activity due to physical impairment ACS = acute coronary syndrome; CABG = coronary artery bypass graft; PCI = percutaneous coronary intervention; SPPB = short physical performance battery
---TABLE---
Table 2 Experimental group: physical activity intervention Table 2 Experimental group: physical activity intervention Inclusion visit (T1) Home-based program Following activity sessions (60 ± 10, 90 ± 10 and 120 ± 10 days after T0) Pre-test: • measure of blood pressure • positioning RS100 Polar heart rate monitor to constantly evaluate heart rate • Calisthenics exercises • 30 to 60 min of continuous moderate walking a day, at least 3 to 4 and preferably 7 days a week • Calisthenics exercises b Pre-test: • Measure of blood pressure • Positioning RS100 Polar heart rate monitor to constantly evaluate heart rate. • Evaluation of data recorded by accelerometer. • Calisthenics exercises b Start: walking on the level at 2.0 km/h Start: walking at an updated intensity estabilished according to reached results in the previous activity session Every 30 s: increases of 0.3 km/h up to reach a walking speed corresponding to a perceived exertion of 11–13 on the Borg scale for 1 km a . Every 30 s: increases of 0.3 km/h up to reach a walking speed corresponding to a perceived exertion of 11–13 on the Borg scale for 1 km a . Post-test: • Measure of blood pressure. • Counselling on physical activity and daily activities, such as gardening, or household work. • Distribution of home accelerometer Post-test: • Measure of blood pressure • Counselling on physical activity and daily activities, such as gardening, or household work. • Distribution of home accelerometer a Subjects walking at a perceived moderate speed < 3.0 km/h will perform the test over the distance of 500-m. At the end of the test the av","Machine-assisted full-text mining supports extraction only; final inclusion, risk of bias, and numeric effects require author verification.",,,,,,
29346524,PMC6248206,10.1093/gerona/glx259,"Effects of a Primary Care-Based Multifactorial Intervention on Physical and Cognitive Function in Frail, Elderly Individuals: A Randomized Controlled Trial.",2018,"The journals of gerontology. Series A, Biological sciences and medical sciences",https://pubmed.ncbi.nlm.nih.gov/29346524/,primary_care,resistance;nutrition,exercise_plus_nutrition,pmc_fulltext_available,pmc_fulltext_mined_not_numeric_extracted,yes,yes,ok,data\raw\pmc_fulltext\PMC6248206.xml,frailty;gait_speed;sppb;grip_strength;falls;quality_of_life;adherence;adverse_events,yes,yes,yes,yes,yes,yes,yes,yes,no,yes,yes,yes,yes,3.0,"ontology: Medical Sciences Articles Editor's Choice Effects of a Primary Care-Based Multifactorial Intervention on Physical and Cognitive Function in Frail, Elderly Individuals: A Randomized Controlled Trial Romera-Liebana Laura MD 1 2 3 Orfila Francesc MD, PhD 3 4 Segura Josep Maria MD, PhD 1 3 Real Jordi PhD 5 6 7 Fabra Maria Lluïsa Physio 8 Möller Mercedes MD 8 Lan","8206.1 6248206 6248206 29346524 10.1093/gerona/glx259 glx259 1 The Journal of Gerontology: Medical Sciences Articles Editor's Choice Effects of a Primary Care-Based Multifactorial Intervention on Physical and Cognitive Function in Frail, Elderly Individuals: A Randomized Controlled Trial Romera-Liebana Laura MD 1 2 3 Orfila Francesc MD, PhD 3 4 Segura Josep Maria MD, Ph","ls in Barcelona. A total of 352 patients, aged ≥65 years old with positive frailty screening, was randomized into two groups to receive a 12-week multidisciplinary intervention or usual care, with concealed allocation. The intervention consisted of: exercise training, intake of hyperproteic nutritional shakes, memory training, and medication review. Main outcome asses","Methods We conducted a multicenter, randomized, single-blind, parallel-group trial in community-living prefrail/frail elderly individuals in Barcelona. A total of 352 patients, aged ≥65 years old with positive frailty screening, was randomized into two groups to receive a 12-week multidisciplinary intervention or usual care, with concealed allocation. The intervention consisted of: exercise training, intake of hyperproteic nutritional shakes, memory training, and medication review. Main outcome assessments with multivariate analysis were conducted at 3 and 18 months.
Methods Study Design and Setting A prospective, single-blind, parallel-group, pragmatic, randomized, multicenter, clinical trial was performed with an 18-month follow-up. Details of the methods have been previously published ( 25 ). Trial registration: ClinicalTrials.gov NCT01969526 . The study was conducted at 8 primary health care centers and involved 352 community-dwelling adults aged older than 65 from different areas of Barcelona. Changes from baseline frailty measurements at enrollment were compared between the intervention (IG) and control group (CG) at the end of the intervention, and 18 months later. Participants and Recruitment Inclusion criteria were: set gait time between 10 and 30 seconds in the Timed Get-up-and-Go test (TGUGT); scored Mini-Examination Cognitive of Lobo (MEC-35 Lobo) ≥18 points (no severe cognitive impairment); and Fried modified criteria. See Supplementary Table 1 for further details. Eligible participants were randomized 1:1 to the IG and CG. Sequence was concealed until the interventions were assigned. Baseline and outcome measurements were blinded to group assignment. Follow-up evaluations were conducted by blind, clinical researchers. Figure 1 describes the flow-diagram of","Results A total of 347 participants (98.6%) completed the study, mean age 77.3 years, 89 prefrail subjects (25.3%), and 75.3% female ( n = 265). Eighteen-month assessments were performed in 76% of the sample. After 3 and 18 months, adjusted means difference between-groups showed significant improvements for the intervention group in all comparisons: Short Physical Performance Battery score improved 1.58 and 1.36 points ( p < .001), handgrip strength 2.84 and 2.49 kg ( p < .001), functional reach 4.3 and 4.52 cm ( p < .001), and number of prescriptions decreased 1.39 and 1.09 ( p < .001), respectively. Neurocognitive battery also showed significant improvements across all dimensions at 3 and 18 months.
Results Between January 2013 and January 2015, participants were randomized to the multi-intervention ( n = 176) or the control ( n = 176) groups. The main characteristics of our study sample according to randomization group are presented in Table 1 . A total of 265 participants (75.3%) were female, mean age 77.3 years, nearly half of them living alone (47.2%), The baseline features of the two groups were similar in terms of inclusion criteria, age, sex, civil status, cohabitation, comorbidity, and biological variables, including nutritional, functional, and mental performance, as shown in Supplementary Table 2 . Table 1. Baseline Characteristics by Treatment Group Control Group ( n = 176) Intervention Group ( n = 176) p Value Gender, n (%) Male 45 (25.6) 42 (23.9) .711 Female 131 (74.4) 134 (76.1) Age, years, mean ( SD ) 77.4 (7.7) 77.2 (6.8) .770 Living alone, n (%) 83 (47.2) 83 (47.2) 1.00 Marital Status, n (%) Single 23 (13.1) 22 (12.5) .884 Widowed 76 (43.2) 80 (45.5) Married 67 (38.1) 67 (38.1) Divorced 10 (5.7) 7 (4.0) Educational status, n (%) Unfinished studies 67","Table 1. Baseline Characteristics by Treatment Group Table 1. Baseline Characteristics by Treatment Group Control Group ( n = 176) Intervention Group ( n = 176) p Value Gender, n (%) Male 45 (25.6) 42 (23.9) .711 Female 131 (74.4) 134 (76.1) Age, years, mean ( SD ) 77.4 (7.7) 77.2 (6.8) .770 Living alone, n (%) 83 (47.2) 83 (47.2) 1.00 Marital Status, n (%) Single 23 (13.1) 22 (12.5) .884 Widowed 76 (43.2) 80 (45.5) Married 67 (38.1) 67 (38.1) Divorced 10 (5.7) 7 (4.0) Educational status, n (%) Unfinished studies 67 (38.1) 78 (44.3) .037 Primary school 80 (45.5) 60 (34.1) Secondary school 25 (14.2) 25 (14.2) University degree 4 (2.3) 13 (7.4) Falls, previous year, n (%) 59 (33.5) 57 (32.4) .821 Hospital admissions, previous year, n (%) 33 (18.8) 40 (22.7) .357 MEC-35 Lobo score, mean ( SD ) 30.6 (4.1) 31.2 (3.2) .135 Lawton & Brody Scale, mean ( SD ) 6.5 (1.9) 6.6 (1.76) .660 Barthel Index, mean ( SD ) 96.1 (7.5) 96.0 (6.2) .938 Number of drugs/day, mean ( SD ) 6.6 (3.8) 7.7 (3.2) .004 Charlson Index, mean ( SD ) 1.3 (1.5) 1.5 (1.6) .203 TGUGT, mean ( SD ) 14.5 (4.9) 15.0 (4.9) .368 Frailty criteria, n (%) a Prefrail 44 (25.0) 45 (25.6) .900 Frail 132 (75.0) 131 (74.4) Note : n = number of subjects; SD = Standard deviation; TGUGT = Timed get up and go test. a Adapted from ref. ( 2 ).
---TABLE---
Table 2. Change in Physical Performance Measures and Prescriptions Between Intervention and Control Groups at 3 and 18 mo Table 2. Change in Physical Performance Measures and Prescriptions Between Intervention and Control Groups at 3 and 18 mo Control Group N = 176 Intervention Group N = 176 Adjusted Mean Difference (95% CI) Between Groups (IG-CG) a,b Mean (SD) a Mean (SD) a p Value SES c Physical tests SPPB (range 0–12) Pre-I 7.3 (2.4) 7.1 (2.3) <.001 1.18 Post-3 mo 6.8 (2.3) 8.1 (2.2) 1.58 (1.29–1.86) Post-18 mo 7.0 (2.6) 8.1 (2.3) 1.36 (0.89–1.83) <.001 0.69 Handgrip (kg) Pre-I 16.5 (7.4) 16.5 (7.7) <.001 1.12 Post-3 mo 15.8 (6.9) 18.6 (7.7) 2.86 (2.32–3.41) Post-18 mo 15.7 (7.8) 18.2 (7.9) 2.49 (1.09–3.89) .001 0.41 Functional reach (cm) Pre-I 82.2 (9.3) 80.7 (10.1) <.001 0.96 Post-3 mo 80.7 (8.8) 83.5 (9.3) 4.34 (3.35–5.32) Post-18 mo 79.7 (10.5) 82.7 (10.7) 4.52 (2.32–6.72) <.001 0.47 Unipodal station (seconds) Pre-I 8.2 (9.7) 6.9 (8.0) <.001 0.75 Post-3 mo 7.3 (9.2) 9.6 (9.1) 3.58 (2.57–4.59) Post-18 mo 7.7 (9.0) 9.3 (8.7) 2.98 (1.11–4.84) .002 0.37 Number of drugs/day Pre-I 6.6 (3.8) 7.7 (3.2) <.001 0.99 Post-3 mo 7.2 (4.0) 6.9 (3.2) −1.39 (−1.69–−1.10) Post-18 mo 7.5 (4.1) 7.5 (3.4) −1.09 (−1.71–−0.47) .001 0.37 Note : CG = Control group; CI = Confidence interval; I = Intervention; IG = Intervention group; N = Number; SD = Standard deviation; SES = Standardized effect size; SPPB = Short physical performance battery. a Intention to treat analyses using missing value imputation. b Multilevel mixed-effects linear regression adjusted by age, gender, marital status, educational status, income, MEC-35 Lobo, TGUGT. c Cohen’s d .
---TABLE---
Table 3. Cha","Machine-assisted full-text mining supports extraction only; final inclusion, risk of bias, and numeric effects require author verification.",,,,,,
29310138,PMC5898617,10.7326/M16-2011,Effect of Physical Activity on Frailty: Secondary Analysis of a Randomized Controlled Trial.,2018,Annals of internal medicine,https://pubmed.ncbi.nlm.nih.gov/29310138/,community,resistance;aerobic_walking,exercise_only,pmc_fulltext_available,pmc_fulltext_mined_not_numeric_extracted,yes,yes,ok,data\raw\pmc_fulltext\PMC5898617.xml,frailty;gait_speed;sppb;grip_strength;falls;quality_of_life;adherence;adverse_events,yes,yes,no,yes,yes,yes,yes,yes,no,yes,yes,yes,yes,11.0,"pts PMC5898617 PMC5898617.1 5898617 5898617 NIHMS952500 29310138 10.7326/M16-2011 NIHMS952500 NIHPA952500 1 Article Effect of Physical Activity on Frailty: Secondary Analysis of a Randomized Controlled Trial Trombetti Andrea MD 1 2 Hars Mélany PhD 1 Hsu Fang-Chi PhD 3 Reid Kieran F. PhD 2 Church Timothy S. MD, PhD 4 Gill Thomas M. MD 5 King Abby C. PhD 6 Liu Christine","r the LIFE Study investigators 1 Division of Bone Diseases, Department of Internal Medicine Specialties, Geneva University Hospitals and Faculty of Medicine, Geneva, Switzerland 2 Nutrition, Exercise Physiology and Sarcopenia Laboratory, Jean Mayer USDA Human Nutrition Research Center on Aging, Tufts University, Boston, Massachusetts, United States of America 3 Depar",,"Participants 1635 community-dwelling adults, age 70–89 years with functional limitations.
Interventions A structured moderate-intensity PA program incorporating aerobic, resistance, and flexibility activities or a health education program consisting of workshops and stretching exercises.
METHODS Trial Design The LIFE study was a multicenter, single-blind, parallel group, randomized trial conducted across the USA between February 2010 and December 2013, and designed to compare a long-term PA program with a health education (HE) program on the incidence of MMD ( ClinicalTrials.gov Identifier: NCT01072500 ). This article presents the results of a secondary analysis that was not prespecified in the study protocol. The rationale, design, and methods of the LIFE study have been presented in detail elsewhere ( 14 – 16 ). The study protocol was approved by the institutional review boards at all participating sites. Written informed consent was obtained from all participants. Participants Participants have been previously described ( 14 , 16 ). Briefly, participants were eligible for the study if they were (i) between the ages of 70 and 89, (ii) at high risk for mobility disability (i.e., Short Physical Performance Battery (SPPB) score ≤9) ( 17 ), (iii) able to walk 400 m in ≤15 minutes unassisted, and (iv) sedentary. Randomization and Interventions Participants were randomized with a 1:1 allocation to the PA or HE program with stratification by sex and field center. Each participant was followed until the last participant randomized completed the 24-month visit. The intervention duration ranged from approximately 2 to 3.5 years. The PA intervention involved a combination of walking (up to 150 min/wk), strength, balance, and flexibility exercises, as previously described ( 15 ).","Results Over 24 months of follow-up, the risk of frailty (n=1623) was not significantly different in the PA group versus the health education group (adjusted prevalence difference, −0.021 [95%CI, −0.049 to 0.007]). Among the three criteria of the SOF index, the PA intervention was associated with improvement in the inability to rise from a chair criterion (adjusted prevalence difference, −0.050 [CI, −0.081 to −0.020]). Baseline frailty status did not modify the effect of PA on reducing incident MMD ( P for interaction=0.91).
RESULTS Of the 14,831 individuals who were screened, 1635 were randomized ( Appendix Figure 1 ). Overall, participants’ mean (SD) age was 78.9 (5.2) and 67.2% were women. Baseline characteristics were similar in the two randomization groups ( 14 , 16 ). At baseline, 12 participants had no frailty data and 19.7% (319/1623) of the participants were frail ( Table 1 ). The mean (SD) number of frailty criteria was 0.9 (0.8) ( Appendix Table 1 ). Intervention adherence over 24 months in the PA group did not differ between participants classified as frail and not frail at enrollment ( Appendix Tables 2 and 3 ). By month 24, 97 (5.9%) participants dropped out the study, including 53 deaths. Among non-frail participants at baseline, the cumulative incidence of first frailty was lower in the PA group than the HE group at 6-month (adjusted difference, −0.05 [CI, −0.09 to −0.01]; P =0.013) and 24-month follow-up (−0.06 [CI, −0.13 to −0.001]; P =0.048) ( Table 2 ). The difference at 6-month remained significant in IPW analyses. The adjusted prevalence difference for the risk of frailty was not significant in both the ITT and IPW analyses (−0.021 [CI, −0.049 to 0.007]; P =0.148 in ITT analysis) ( Table 3 ; Appendix Table 1 ). Conditional on the frailty status at ","Appendix Table 1 SOF Frailty Index and Its Individual Components by Randomization Group and Baseline Frailty Status. Values are Numbers (Percentages) unless Stated Otherwise Appendix Table 1 SOF Frailty Index and Its Individual Components by Randomization Group and Baseline Frailty Status. Values are Numbers (Percentages) unless Stated Otherwise Physical Activity (n=812) Health Education (n=811) Frail (n=159) Not frail (n=653) All Frail (n=160) Not frail (n=651) All Prevalence of SOF frailty index Baseline 159 (100%) 0 (0%) 159 (19.6%) 160 (100%) 0 (0%) 160 (19.7%) 6 Month 66 (48.2%) 69 (11.5%) 135 (18.3%) 76 (53.2%) 99 (16.1%) 175 (23.0%) 12 Month 50 (40.0%) 95 (17.2%) 145 (21.5%) 59 (44.4%) 84 (14.6%) 143 (20.2%) 24 Month 40 (35.1%) 71 (13.2%) 111 (17.0%) 50 (40.7%) 88 (15.9%) 138 (20.4%) Inability to rise from a chair five times without using the arms Baseline 67 (42.1%) 48 (7.4%) 115 (14.2%) 87 (54.4%) 51 (7.8%) 138 (17.0%) 6 Month 47 (32.6%) 45 (7.3%) 92 (12.0%) 57 (38.0%) 82 (13.0%) 139 (17.8%) 12 Month 48 (34.0%) 57 (9.5%) 105 (14.2%) 67 (45.9%) 79 (12.9%) 146 (19.2%) 24 Month 44 (35.5%) 76 (13.3%) 120 (17.3%) 64 (48.5%) 99 (17.2%) 163 (23.1%) Weight loss * Baseline 111 (69.8%) 38 (5.8%) 149 (18.3%) 112 (70.0%) 37 (5.7%) 149 (18.4%) 6 Month 44 (31.2%) 172 (28.0%) 216 (28.6%) 46 (31.1%) 150 (23.9%) 196 (25.3%) 12 Month 38 (30.2%) 158 (28.2%) 196 (28.6%) 38 (28.1%) 133 (22.9%) 171 (23.8%) 24 Month 21 (16.7%) 67 (12.0%) 88 (12.8%) 23 (17.0%) 88 (15.1%) 111 (15.5%) Reduced energy level † Baseline 152 (95.6%) 263 (40.3%) 415 (51.1%) 150 (93.8%) 277 (42.5%) 427 (52.7%) 6 Month 139 (95.2%) 243 (39.5%) 382 (50.2%) 139 (93.3%) 268 (42.7%) 407 (52.4%) 12 Month 101 (70.6%) 273 (44.9%) 374 (49.8%) 99 (67.8%) 279 (44.8%) 378 (49.2%) 24 Month 99 (73.9%) 275 (47.1%) 374 (52.1%) 100 (72.5%) 310 (52.0%) 410 (55.9%) Mean (SD) number of SOF frailty index criteria Baseline 2.08 (0.26) 0.53 (0.50) 0.84 (0.77) 2.18 (0.39) 0.56 (0.50) 0.88 (0.80) 6 Month 1.57 (0.67) 0.74 (0.66) 0.89 (0.74) 1.61 (0.69) 0.79 (0.73) 0.95 (0.79) 12 Month 1.32 (0.78) 0.81 (0.71) 0.90 (0.75) 1.42 (0.77) 0.80 (0.71) 0.92 (0.77) 24 Month 1.28 (0.72) 0.71 (0.73) 0.81 (0.76) 1.37 (0.77) 0.84 (0.72) 0.94 (0.76) Number of SOF frailty index criteria Baseline 0 0 (0%) 304 (46.6%) 304 (37.4%) 0 (0%) 286 (43.9%) 286 (35.3%) 1 0 (0%) 349 (53.4%) 349 (43.0%) 0 (0%) 365 (56.1%) 365 (45.0%) 2 147 (92.5%) 0 (0%) 147 (18.1%) 131 (81.9%) 0 (0%) 131 (16.2%) 3 12 (7.5%) 0 (0%) 12 (1.5%) 29 (18.1%) 0 (0%) 29 (3.6%
---TABLE---
Appendix Table 2 Intervention Sessions Attended Appendix Table 2 Intervention Sessions Attended Physical Activity (n=806) Health Education (n=807) Excluding Sessions Not Attended Due to Medical Leaves Including All Scheduled Sessions Mean Number of Sessions Attended/Mean Number of Sessions Due * Mean Percentage ± SD (median, Q3) * Mean Number of Sessions Attended/Mean Number of Sessions Due † Mean Percentage ± SD (median, Q3) * Mean Number of Sessions Attended/Mean Number of Session","Machine-assisted full-text mining supports extraction only; final inclusion, risk of bias, and numeric effects require author verification.",,,,,,
28972245,PMC12877681,10.1007/s12603-016-0867-y,Multi-Domains Lifestyle Interventions Reduces Depressive Symptoms among Frail and Pre-Frail Older Persons: Randomized Controlled Trial.,2017,"The journal of nutrition, health & aging",https://pubmed.ncbi.nlm.nih.gov/28972245/,community,nutrition;multidomain,multidomain,pmc_fulltext_available,pmc_fulltext_mined_not_numeric_extracted,yes,yes,ok,data\raw\pmc_fulltext\PMC12877681.xml,frailty;gait_speed;adl;falls;quality_of_life;adherence;adverse_events,yes,yes,yes,yes,yes,yes,no,no,yes,yes,yes,yes,yes,4.0,77681 28972245 10.1007/s12603-016-0867-y S1279-7707(23)00157-4 1 Article Multi-domains lifestyle interventions reduces depressive symptoms among frail and pre-frail older persons: Randomized controlled trial Ng Tze-Pin pcmngtp@nus.edu.sg 1 6 Nyunt M.S.Z. 1 Feng L. 1 Feng L. 1 Niti M. 2 Tan B.Y. 3 Chan G. 4 Khoo S.A. 4 Chan S.M. 4 Yap P. 4 Yap K.B. 5 1 Gerontology Rese,"pmc J Nutr Health Aging J Nutr Health Aging 4760 jnha The Journal of Nutrition, Health & Aging 1279-7707 1760-4788 Elsevier PMC12877681 PMC12877681.1 12877681 12877681 28972245 10.1007/s12603-016-0867-y S1279-7707(23)00157-4 1 Article Multi-domains lifestyle","omly allocated to 24 weeks duration interventions with nutritional supplementation (N=49), physical training (N=48), cognitive training (N=50), combination intervention (N=49) and usual care control (N=50). Depressive symptoms were assessed by the Geriatric Depression Scale (GDS-15) at baseline (0M), 3 month (3M), 6 month (6M) and 12 month (12M). Results Mean GDS scor","Method Participants aged 65 and above were randomly allocated to 24 weeks duration interventions with nutritional supplementation (N=49), physical training (N=48), cognitive training (N=50), combination intervention (N=49) and usual care control (N=50). Depressive symptoms were assessed by the Geriatric Depression Scale (GDS-15) at baseline (0M), 3 month (3M), 6 month (6M) and 12 month (12M).
Methods Details of the study design and procedures of the Singapore Frailty Intervention Trial (S-FIT), (clinicaltrial.gov identifier NCT00973258 ), approved by the National Health Group (NHG) Domain Specific Review Board in Singapore, have been published in a previous paper, ( 23 ) and is summarized here. Briefly, the study design was a parallel group, randomized controlled trial comparing interventions each of 6 months duration with physical exercise, nutritional supplementation, cognitive training, combination treatment and usual care control among community-dwelling pre-frail and frail older persons who were assessed on frailty and other outcomes at 0 month, 3 month, 6 month and 12 month. Participants Community-living participants, recruited between October 2009 and August 2012 from house-to-house survey, were prefrail and frail older adults with scores of 1 to 2 (pre-frailty) and 3 to 5 (frailty) based on the CHS criteria defining physical frailty ( 4 ): unintentional weight loss, slowness, weakness, exhaustion and low activity. The eligibility criteria were: aged 65 and above, able to ambulate without personal assistance and living at home. Exclusion criteria were: significant cognitive impairment (Mini-mental State Examination score ≤23), major depression, severe audio-visual impairment, progressive, degenerative neurologic disease, terminal illness with life expectancy less","Results Mean GDS scores in the control group increased from 0.52 (0M) and 0.54 (3M) to 0.74 (6M), and 0.83 (12M). Compared to the control group, interventions showed significant differences (Δ=change) at 6M for cognitive versus control (Δ=-0.39, p=0.021, group*time interaction p=0.14); physical versus control (Δ =-0.37, p=0.026, group*time interaction p=0.13), and at 12M for nutrition versus control (Δ =-0.46, p=0.016, group*time interaction p=0.15). The effect for combination versus control was significant at 6M (Δ =-0.43, p=0.020) and 12M (Δ =-0.51, p=0.005, group*time interaction p=0.026). Estimated 12-month cumulative incidence of depressive symptoms (GDS≥2) relative to control were OR=0.38, p=0.037 (nutrition); OR=0.71, p=0.40 (cognitive); OR=0.39, p=0.042 (physical training) and OR=0.38, p=0.037 (combination). Changes in gait speed and energy level were significantly associated with changes in GDS scores over time.
Results A total of 584 individuals were contacted, 314 (53.8%) were ineligible, and 24 (4.1%) eligible individuals declined to participate. ( Figure 1 ) The resulting 246 (42.1%) study participants were comparable to the eligible non-participants in baseline frailty status, age, gender, education and physical function. Figure 1 Flow chart of frailty interventional trial A total of 228 (93 %) participants completed all follow- up assessments by one year. The number of drop-outs was 20, and the drop-out rate (8%) was comparable across the five intervention groups. The reasons for drop-out included: diagnoses of tuberculosis (n=3), lymphoma (n=1), stomach ache or leg pain (n=3), hearing impairment (n=1), moved residence (n=3), nursing home stay (n=1), death (n=2), and no reason (n=4). The level of compliance ranged from 79% to 94% across the five intervent","Table 1 Socio demographic and clinical characteristics of study participants at baseline (N=246) Table 1 Socio demographic and clinical characteristics of study participants at baseline (N=246) Baseline variables Nutritional (n=49) Cognitive training (n=50) Physical training (n=48) Combination (n=49) Control (n=50) Age; Mean(SD) 69.7 (4.23) 69.7 (4.31) 70.3 (5.25) 70.4 (4.74) 70.1 (5.02) Male sex, N (%) 17 (34.0) 12 (24.0) 21 (43.8) 23 (46.9) 22 (44.0) Education, N (%) No formal schooling 13 (26.5) 9 (18.0) 13 (27.1) 6 (12.2) 10 (20.0) Primary school 20 (40.8) 27 (54.0) 22 (45.8) 22 (44.9) 29 (58.0) Secondary or higher 16 (32.7) 14 (28.0) 13 (27.1) 21 (42.9) 11 (22.0) MMSE, Mean (SD) 28.8 (1.70) 29.1 (1.29) 29.1 (1.19) 29.1 (1.06) 28.6 (1.79) Medical comorbidities ≥5, N (%) 0 (0.0) 2 (4.0) 5 (10.4) 3 (6.1) 2 (4.0) BMI, kg/m2, Mean (SD) 24.0 (4.31) 23.1 (2.70) 23.5 (3.03) 24.4 (3.79) 23.6 (3.35) 6 Meters Fast Gait, sec, Mean (SD) 5.8 (1.81) 5.4 (1.16) 6.1 (2.08) 5.4 (1.25) 5.6 (2.07) Knee extension, kg, Mean (SD) 14.0 (5.27) 12.9 (3.88) 14.1 (4.63) 14.9 (5.50) 15.5 (4.73) Energy score, Mean (SD) 10.7 (1.23) 10.5 (1.20) 10.8(1.10) 10.7 (1.38) 10.6 (1.55) PA score (min/day), Mean (SD) 165.7 (104.7) 179.3 (113.3) 162.5 (117.2) 160.6 (116.0) 176.9 (111.0) Frailty status Mean (SD) score, (range: 0-5) 2.1 (0.78) 2.0 (0.91) 2.2 (0.85) 2.1 (0.81) 1.8 (0.80) Pre-frail, N (%) 33 (67.4) 37 (74.0) 29 (60.4) 36 (73.5) 43 (86.0) Frail, N (%) 16 (32.7) 13 (26.0) 19 (39.6) 13 (26.5) 7 (14.0) GDS, Mean (SD) 0.6 (1.38) 0.7 (0.82) 0.6 (0.89) 0.7 (1.75) 0.5 (0.86) Depressive symptoms (GDS≥2), N (%) 5 (10.2) 7 (14.0) 8 (16.7) 5 (10.2) 7 (14.0)
---TABLE---
Table 2 Effect of lifestyle and behavior interventions on depressive symptoms: intention to treat analysis Table 2 Effect of lifestyle and behavior interventions on depressive symptoms: intention to treat analysis GDS difference (versus control) Group comparison Mean (SD) Mean S.E. 95% C.I. P Control Baseline 0.52 (0.86) NA NA NA NA NA 3 month 0.54 (0.85) NA NA NA NA NA 6 month 0.74 (0.90) NA NA NA NA NA 12 month 0.83 (1.06) NA NA NA NA NA Nutrition Baseline 0.57 (1.34) -0.007 0.267 -0.518 0.504 0.979 3 month 0.48 (0.89) -0.175 0.199 -0.531 0.181 0.331 6 month 0.77 (1.10) -0.151 0.160 -0.522 0.220 0.420 12 month 0.51 (1.01) -0.460 0.216 -0.831 -0.089 0.016 Physical training Baseline 0.60 (0.89) 0.065 0.259 -0.306 0.437 0.728 3 month 0.27 (0.57) -0.283 0.193 -0.587 0.022 0.069 6 month 0.40 (0.64) -0.370 0.155 -0.694 -0.045 0.026 12 month 0.59 (0.75) -0.239 0.209 -0.619 0.141 0.215 Cognitive Baseline 0.66 (0.82) 0.237 0.267 -0.135 0.609 0.208 3 month 0.47 (0.75) -0.053 0.199 -0.404 0.298 0.765 6 month 0.37 (0.64) -0.395 0.160 -0.729 -0.061 0.021 12 month 0.71 (1.60) -0.046 0.216 -0.634 0.543 Combination Baseline 0.69 (1.75) 0.145 0.261 -0.446 0.736 3 month 0.65 (1.34) 0.079 0.194 -0.400 0.558 6 month 0.32 (0.66) -0.428 0.156 -0.759 -0.096 12 month 0.30 (0.59) -0.515 0.211 -0.874 -0.156
---TABLE---
Table 3 Cumulative in","Machine-assisted full-text mining supports extraction only; final inclusion, risk of bias, and numeric effects require author verification.",,,,,,
28951766,PMC5603129,10.1155/2017/4807046,"Effect of Weight Loss, Exercise, or Both on Undercarboxylated Osteocalcin and Insulin Secretion in Frail, Obese Older Adults.",2017,Oxidative medicine and cellular longevity,https://pubmed.ncbi.nlm.nih.gov/28951766/,unclear,multidomain,multidomain,pmc_fulltext_available,pmc_fulltext_mined_not_numeric_extracted,yes,yes,ok,data\raw\pmc_fulltext\PMC5603129.xml,frailty;gait_speed;adl;adherence;adverse_events,yes,yes,yes,yes,yes,yes,no,no,yes,no,no,yes,yes,4.0,"nsulin secretion. The long-term effect of lifestyle interventions on UcOC and insulin secretion has not been investigated. Methods One hundred seven frail, obese older adults were randomized into the control ( N = 27), diet ( N = 26), exercise ( N = 26), and diet-exercise ( N = 28) groups for 1 year. Main outcomes included changes in UcOC and disposition index (DI). R","L Oxidative Medicine and Cellular Longevity 1942-0900 1942-0994 Wiley PMC5603129 PMC5603129.1 5603129 5603129 28951766 10.1155/2017/4807046 1 Clinical Study Effect of Weight Loss, Exercise, or Both on Undercarboxylated Osteocalcin and Insulin Secretion in Frail, Obese Older Adults http://orcid.org/0000-0002-4908-9873 Colleluori Georgia 1 2 3 Napoli Nicola 3 Phadnis","tes or fasting glucose of ≥126 mg·dl −1 [ 22 ]; and current smoking. 2.2. Study Design Participants ( n = 107) were randomly assigned to one of four groups stratified for sex: (1) control group, (2) 10% diet-induced weight-loss group (diet group), (3) exercise training without weight loss (exercise group), and (4) 10% diet-induced weight loss and exercise training (diet–","Methods One hundred seven frail, obese older adults were randomized into the control ( N = 27), diet ( N = 26), exercise ( N = 26), and diet-exercise ( N = 28) groups for 1 year. Main outcomes included changes in UcOC and disposition index (DI).
2. Materials and Methods This is a secondary analysis of a randomized control trial (RCT) conducted on frail, obese older adults, investigating the independent and combined effect of diet and exercise on physical function. The primary results showed that diet and exercise can independently improve physical function and ameliorate frailty; however, the combination of both interventions provides greater improvement in physical function and frailty than either of them alone [ 9 ]. The current study reports a secondary analysis of the RCT examining changes in UcOC and DI. 2.1. Study Population This RCT was approved by the institutional review board and monitored by an independent data and safety monitoring board. The study population, described elsewhere [ 9 ], was recruited from the community through advertisements. All subjects provided a written informed consent for participation; inclusion criteria were the following: aged ≥ 65 years; body mass index ≥ 30 kg/m 2 ; sedentary lifestyle (regular exercise of <1 h per week) during the previous 6 months; stable body weight (within 2 kg) over the preceding year; stable medications for at least 6 months before enrollment; mild-to-moderate frailty determined by meeting at least two out of three operational criteria: modified physical function test score of 18–32, peak oxygen uptake (VO 2peak ) of 11–18 ml·kg −1 per minute, or difficulty in performing two instrumental activities of daily living (ADL) or one basic ADL [ 9 , 10 , 21 ]. Exclusion criteria were the following: musculoskeletal/","Results UcOC increased in the diet group (36 ± 11.6%) but not in the other groups ( P < 0.05 between groups). Although similar increases in DI occurred in the diet-exercise and diet groups at 6 months, DI increased more in the diet-exercise group (92.4 ± 11.4%) than in the diet group (61.9 ± 15.3%) at 12 months ( P < 0.05). UcOC and body composition changes predicted DI variation in the diet group only ( R 2 = 0.712), while adipocytokines and physical function changes contributed to DI variation in both the diet (∆ R 2 = 0.140 and 0.107) and diet-exercise (∆ R 2 = 0.427 and 0.243) groups ( P < 0.05 for all).
3. Results 3.1. Study Population The results of randomization, follow-up, and compliance have been reported [ 9 ]. Briefly, of the 107 participants randomized, 93 (87%) completed the intervention. Fourteen participants (4 in the control group, 3 in the diet group, 4 in the exercise group, and 3 in the diet-exercise group) did not complete the intervention for medical or personal reasons but were included in the intention-to-treat analyses. Baseline characteristics including body composition, bone turnover and BMD, physical function, and adipocytokines did not significantly differ among the groups ( Table 1 ). As reported, body weight decreased similarly in the diet group (−9.6 ± 1.2%) and diet-exercise group (−9.4 ± 0.8%), while weight was stable in the exercise group (−0.6% ± 0.7%) and control group (−0.2% ± 0.7%) [ 9 ]. 3.2. Undercarboxylated Osteocalcin Serum UcOC increased in the diet group at 6 months (29.2 ± 11.0%) and remained elevated at 12 months (36.0 ± 11.6%); in contrast, serum UcOC did not change in the control group, exercise group, and diet-exercise group ( P = 0.04 for the between-group differences) ( Table 2 , Figure 1(a) ). Total serum OC increased","Table 1 Baseline characteristics of participants. Table 1 Baseline characteristics of participants. Control ( n = 27) Diet ( n = 26) Exercise ( n = 26) Diet-exercise ( n = 28) P value † Age (y) 69 ± 1 70 ± 1 70 ± 1 70 ± 1 0.85 Female/male ( n ) 18/9 17/9 16/10 16/12 0.89 White, n (%) 22 (81) 23 (88) 21 (81) 25 (89) 0.78 Height (cm) 165.8 ± 1.9 169.2 ± 1.9 168.1 ± 1.1 165.4 ± 1.6 0.38 Weight (kg) 101.0 ± 3.2 104.1 ± 2.9 99.2 ± 3.3 99.1 ± 3.4 0.66 Body mass index (kg/m 2 ) 37.3 ± 0.9 37.2 ± 0.9 36.9 ± 1.1 37.2 ± 1.0 0.93 Body composition Fat-free mass (kg) 57.3 ± 2.2 61.4 ± 2.5 57.6 ± 2.7 57.2 ± 1.9 0.17 Fat mass (kg) 43.8 ± 1.9 42.8 ± 1.3 41.6 ± 1.9 41.9 ± 2.2 0.84 Trunk fat (kg) 22.4 ± 1.1 21.8 ± 0.8 21.2 ± 0.8 20.9 ± 0.9 0.54 Bone turnover and BMD CTX (ng/ml) 0.407 ± 0.039 0.309 ± 0.024 0.350 ± 0.029 0.320 ± 0.023 0.09 PINP ( μ g/l) 52.2 ± 5.3 41.5 ± 2.4 45.2 ± 2.8 43.1 ± 2.5 0.14 WB BMD (g/cm 2 ) 1.207 ± 0.034 1.252 ± 0.036 1.188 ± 0.034 1.269 ± 0.033 0.30 Physical function Knee extension strength (Nm) 70.0 ± 5.2 70.8 ± 4.8 72.6 ± 5.6 71.4 ± 4.5 0.99 Knee flexion strength (Nm) 44.7 ± 3.6 50.3 ± 3.5 46.4 ± 3.4 49.1 ± 2.8 0.63 VO 2peak (l/min) 1.7 ± 0.1 1.8 ± 0.1 1.8 ± 0. 1 1.7 ± 0.1 0.66 Adipocytokines hs-CRP (mg/l) 22.4 ± 1.1 21.8 ± 0.8 21.2 ± 0.8 20.9 ± 0.9 0.72 sTNF R1 (pg/ml) 167.2 ± 7.6 155.5 ± 6.9 166.6 ± 10.0 177.5 ± 9.4 0.36 Interleukin 6 (pg/ml) 3.1 ± 0.8 1.8 ± 0.1 1.7 ± 0.2 2.6 ± 0.7 0.15 Leptin ( μ g/l) 38.1 ± 5.2 36.7 ± 3.4 37.5 ± 5.2 34.1 ± 3.9 0.92 Adiponectin (ng/ml) 31.9 ± 4.7 23.3 ± 2.4 20.8 ± 1.5 24.4 ± 2.5 0.06 WB BMD: whole body bone mineral density; CTX: C-terminal telopeptide of type I collagen; PINP: intact N-terminal propeptide of type I procollagen; VO 2peak : peak oxygen uptake; hs-CRP: high-sensitivity C-reactive protein; sTNF R1: soluble tumor necrosis factor receptor 1. Values are given as mean ± SE. † P values as calculated with the use of analyses of variance for quantitative data and chi-square tests for counts.
---TABLE---
Table 2 Effect of diet, exercise, or both on undercarboxylated osteocalcin, insulin secretion, and insulin sensitivity ∗ . Table 2 Effect of diet, exercise, or both on undercarboxylated osteocalcin, insulin secretion, and insulin sensitivity ∗ . Outcome variables Control ( n = 27) Diet ( n = 26) Exercise ( n = 26) Diet-exercise ( n = 28) P value † Diet versus control Exercise versus control Diet-exercise versus control Diet-exercise versus diet Diet-exercise versus exercise UcOC (ng/ml) Baseline 4.7 ± 0.6 3.9 ± 0.4 4.3 ± 0.6 3.6 ± 0.4 Change at 6 months −0.2 ± 0.5 1.1 ± 0.4 ¶ 0.2 ± 0.5 −0.1 ± 0.4 Change at 1 year −0.7 ± 0.5 1.4 ± 0.5 ¶ 0.2 ± 0.5 0.4 ± 0.4 0.007 0.27 0.11 0.20 0.67 Total OC (ng/ml) Baseline 12.4 ± 1.0 11.4 ± 0.8 13.2 ± 0.9 12.2 ± 0.8 Change at 6 months −0.8 ± 0.6 2.5 ± 0.6 ‡ −1.4 ± 0.6 ¶ −0.3 ± 0.5 Change at 1 year −0.8 ± 0.6 2.0 ± 0.6 § −1.8 ± 0.6 ¶ 0.5 ± 0.5 0.006 0.29 0.18 0.12 0.01 UcOC/total OC Baseline 0.42 ± 0.06 0.40 ± 0.05 0.33 ± 0.04 0.33 ± 0.04 Change at 6 months −0.0","Machine-assisted full-text mining supports extraction only; final inclusion, risk of bias, and numeric effects require author verification.",,,,,,
28514618,PMC5552187,10.1056/NEJMoa1616338,"Aerobic or Resistance Exercise, or Both, in Dieting Obese Older Adults.",2017,The New England journal of medicine,https://pubmed.ncbi.nlm.nih.gov/28514618/,unclear,resistance;aerobic_walking,exercise_only,pmc_fulltext_available,pmc_fulltext_mined_not_numeric_extracted,yes,yes,ok,data\raw\pmc_fulltext\PMC5552187.xml,frailty;gait_speed;sppb;adl;falls;quality_of_life;adherence;adverse_events,yes,yes,yes,yes,yes,yes,yes,no,yes,yes,yes,yes,yes,2.0,"er adults, we evaluated the effectiveness of several exercise modes in reversing frailty and preventing reduction in muscle and bone mass induced by weight loss. Participants were randomly assigned to a weight-management program plus one of three exercise programs — aerobic training, resistance training, or combined aerobic and resistance training — or to a control group (no","n yes pmc-collection-title NIHPA Author Manuscripts PMC5552187 PMC5552187.1 5552187 5552187 NIHMS889796 28514618 10.1056/NEJMoa1616338 NIHMS889796 NIHPA889796 1 Article Aerobic or Resistance Exercise, or Both, in Dieting Obese Older Adults Villareal Dennis T. M.D. Aguirre Lina M.D. Gurney A. Burke Ph.D., P.T. Waters Debra L. Ph.D. Sinacore David R. Ph.D., P.T. Colombo","randomly assigned to a weight-management program plus one of three exercise programs — aerobic training, resistance training, or combined aerobic and resistance training — or to a control group (no weight-management or exercise program). The primary outcome was the change in Physical Performance Test score from baseline to 6 months (scores range from 0 to 36 points; high","METHODS In this clinical trial involving 160 obese older adults, we evaluated the effectiveness of several exercise modes in reversing frailty and preventing reduction in muscle and bone mass induced by weight loss. Participants were randomly assigned to a weight-management program plus one of three exercise programs — aerobic training, resistance training, or combined aerobic and resistance training — or to a control group (no weight-management or exercise program). The primary outcome was the change in Physical Performance Test score from baseline to 6 months (scores range from 0 to 36 points; higher scores indicate better performance). Secondary outcomes included changes in other frailty measures, body composition, bone mineral density, and physical functions.
METHODS STUDY OVERSIGHT We conducted the Lifestyle Intervention Trial in Obese Elderly (LITOE) from April 2010 through June 2015 at the University of New Mexico School of Medicine and New Mexico Veterans Affairs Health Care System. The study was approved by the institutional review board of the University of New Mexico School of Medicine and was monitored by an independent data and safety monitoring board; all participants provided written informed consent. All the authors had access to the data and vouch for the integrity, accuracy, and completeness of the data and analyses and for the fidelity of the study to the protocol. The first author wrote the first draft of the manuscript; all the authors participated in subsequent drafts and made the decision to submit the manuscript for publication. No commercial support was received. PARTICIPANTS Participants were recruited through advertisements and underwent comprehensive medical screening. Persons were eligible for inclusion if they were 65 years of age or older,","RESULTS A total of 141 participants completed the study. The Physical Performance Test score increased more in the combination group than in the aerobic and resistance groups (27.9 to 33.4 points [21% increase] vs. 29.3 to 33.2 points [14% increase] and 28.8 to 32.7 points [14% increase], respectively; P=0.01 and P=0.02 after Bonferroni correction); the scores increased more in all exercise groups than in the control group (P<0.001 for between-group comparisons). Peak oxygen consumption (milliliters per kilogram of body weight per minute) increased more in the combination and aerobic groups (17.2 to 20.3 [17% increase] and 17.6 to 20.9 [18% increase], respectively) than in the resistance group (17.0 to 18.3 [8% increase]) (P<0.001 for both comparisons). Strength increased more in the combination and resistance groups (272 to 320 kg [18% increase] and 288 to 337 kg [19% increase], respectively) than in the aerobic group (265 to 270 kg [4% increase]) (P<0.001 for both comparisons). Body weight decreased by 9% in all exercise groups but did not change significantly in the control group. Lean mass decreased less in the combination and resistance groups than in the aerobic group (56.5 to 54.8 kg [3% decrease] and 58.1 to 57.1 kg [2% decrease], respectively, vs. 55.0 to 52.3 kg [5% decrease]), as did bone mineral density at the total hip (grams per square centimeter; 1.010 to 0.996 [1% decrease] and 1.047 to 1.041 [0.5% decrease], respectively, vs. 1.018 to 0.991 [3% decrease]) (P<0.05 for all comparisons). Exercise-related adverse events included musculoskeletal injuries.
RESULTS STUDY POPULATION A total of 160 participants underwent randomization, and 141 participants (88%) completed the study ( Fig. 1 ). Nineteen participants discontinued the intervention and were included","Table 1 Baseline Characteristics of the Participants. * Table 1 Baseline Characteristics of the Participants. * Characteristic Control (N = 40) Aerobic (N = 40) Resistance (N = 40) Combination (N = 40) Age — yr 70±5 70±4 70±5 70±5 Sex — no. (%) Male 12 (30) 14 (35) 15 (38) 16 (40) Female 28 (70) 26 (65) 25 (62) 24 (60) Race — no. (%) † White 36 (90) 36 (90) 33 (82) 35 (88) Black 1 (2) 0 3 (8) 2 (5) Other 3 (8) 4 (10) 4 (10) 3 (8) Ethnic group — no. (%) † Hispanic or Latino 13 (32) 13 (32) 12 (30) 12 (30) Not Hispanic or Latino 27 (68) 27 (68) 27 (68) 28 (70) Unknown 0 0 1 (2) 0 Education — no. (%) Less than a college degree 14 (35) 13 (32) 15 (38) 10 (25) College degree 20 (50) 20 (50) 12 (30) 19 (48) Graduate school 6 (15) 7 (18) 13 (32) 11 (28) Marital status — no. (%) Single 8 (20) 4 (10) 9 (22) 5 (12) Married 15 (38) 25 (62) 22 (55) 23 (58) Divorced 9 (22) 7 (18) 6 (15) 8 (20) Widowed 8 (20) 4 (10) 3 (8) 4 (10) Body-mass index ‡ 36.7±5.0 35.9±4.4 36.7±5.8 35.8±4.5 Chronic diseases — no. § 3.2±3.4 2.6±2.7 3.6±3.9 2.7±2.0 Routine medications — no. ¶ 5.5±4.3 5.7±3.4 6.2±5.7 5.7±4.0 * Plus-minus values are means ±SD. There were no significant between-group differences in baseline characteristics. The study groups included a control group that received neither a weight-management nor an exercise intervention and three exercise groups: a group that received aerobic exercise training (aerobic group), a group that received resistance exercise training (resistance group), and a group that received combined aerobic and resistance exercise training (combination group); all three exercise groups also participated in a weight-management program. Percentages may not total 100 because of rounding. † Race and ethnic group were reported by the participants. ‡ The body-mass index is the weight in kilograms divided by the square of the height in meters. § Chronic diseases included hypertension, diabetes, coronary artery disease, congestive heart failure, arthritis, and chronic lung disease. ¶ Routine medications included antihypertensive, antidiabetic, antidyspeptic, antianginal, diuretic, antiarthritic, antilipidemic, and antidepressant medications.
---TABLE---
Table 2 Effect of Specific Exercise Modes, Added to Diet-Induced Weight Loss, on Outcomes. * Table 2 Effect of Specific Exercise Modes, Added to Diet-Induced Weight Loss, on Outcomes. * Outcome Control (N =40) Aerobic (N = 40) Resistance (N = 40) Combination (N =40) P Value † Group–Time Interaction Aerobic vs. Control Resistance vs. Control Aerobic vs. Resistance Combination vs. Aerobic Combination vs. Resistance Primary outcome PPT score Baseline 28.6±0.5 29.3±0.3 28.8±0.4 27.9±0.4 Change at 3 mo 0.4±0.3 2.9±0.4 ‡ 3.2±0.4 ‡ 4.0±0.4 ‡ Change at 6 mo 1.0±0.4 3.9±0.4 ‡ 3.9±0.4 ‡ 5.5±0.4 ‡ <0.001 <0.001 <0.001 0.87 0.002 0.004 Secondary outcomes Other frailty measures VO 2peak (ml/kg/min) Baseline 17.0±0.5 17.6±0.5 17.0±0.6 17.2±0.6 Change at 6 mo 0.1±0.3 3.3±0.3 ‡ 1.3±0.3 ‡ 3.1±0.3 ‡ <0.001 <0.001 0.007 <","Machine-assisted full-text mining supports extraction only; final inclusion, risk of bias, and numeric effects require author verification.",,,,,,
28085913,PMC5234793,10.1371/journal.pone.0169613,Impact of a Home-Based Physical and Nutritional Intervention Program Conducted by Lay-Volunteers on Handgrip Strength in Prefrail and Frail Older Adults: A Randomized Control Trial.,2017,PloS one,https://pubmed.ncbi.nlm.nih.gov/28085913/,home,resistance;nutrition;digital_home,exercise_plus_nutrition,pmc_fulltext_available,pmc_fulltext_mined_not_numeric_extracted,yes,yes,ok,data\raw\pmc_fulltext\PMC5234793.xml,frailty;gait_speed;sppb;grip_strength;adl;falls;quality_of_life;adherence;adverse_events,yes,yes,yes,yes,yes,yes,yes,yes,yes,yes,yes,yes,yes,3.0,rcise Medicine Exercise Impact of a Home-Based Physical and Nutritional Intervention Program Conducted by Lay-Volunteers on Handgrip Strength in Prefrail and Frail Older Adults: A Randomized Control Trial A Lifestyle Program Provided by Volunteers Haider Sandra 1 * Dorner Thomas E. 1 Luger Eva 1 2 Kapan Ali 1 Titze Sylvia 3 Lackinger Christian 4 Schindler Karin E. 5 1,E-D-16-37135 1 Research Article Biology and Life Sciences Biomechanics Hand Strength Medicine and Health Sciences Public and Occupational Health Physical Activity Physical Fitness Exercise Strength Training Medicine and Health Sciences Sports and Exercise Medicine Exercise Strength Training Biology and Life Sciences Sports Science Sports and Exercise Medicine Exerci,"he older adults did not have to leave their home, which can be the first obstacle to attending an exercise program. The study also has some limitations. Firstly, we did not have a control group without any home visits at all. However, this was impracticable for ethical reasons. Secondly, the intervention was a standardized program, not allowing tailoring to the particula","Materials and Methods Study design The study protocol of this randomized controlled trial, which was carried out from September 2013 to July 2015 in Vienna, Austria, has already been published [ 25 ]. Based on a sample size calculation (two-sided t-test, significance level: 0.05, power: 80%, drop-out: 20%) with a clinically relevant difference in handgrip strength between the two study groups of ≥2 kg and a standard deviation (SD) of 3 kg, in total 80 prefrail and frail older adults were included. The randomization, which was stratified by handgrip strength, was done with the randomizer called “Randomizer for Clinical Trials 1.8.1” [ 26 ]. For this purpose, sex-specific cut-off values (male: 22 kg; female: 15 kg), which were based on the median value of our pre-study [ 27 ], were used. The research complied with the Declaration of Helsinki [ 28 ]. Ethical clearance was given by the local ethical committee of the Medical University of Vienna (Ref: 1416/2013), and written informed consent were obtained from all included study participants. The protocol was registered at clinicaltrials.gov (identifier: NCT01991639 ). Study participants Prefrail and frail individuals Individuals fulfilling the following inclusion criteria were recruited [ 25 ]: Subjects had to be older than 65 years and they had to live in their own homes. In addition, subjects had to be at least prefrail according to the “Frailty Instrument of the Survey of Health, Ageing and Retirement in Europe” (SHARE-FI) [ 29 ] or they had to be at least at risk of malnutrition according to the “Mini Nutritional Assessment Short-Form” (MNA®-SF ≤11 points) [ 30 ]. The SHARE-FI is an age- and sex-specific calculator including five items (exhaustion, loss of appetite, weakness, slowness, and low physical activity). Based ","Results Study participants and work flow As shown in Fig 1 , 285 hospitalized patients were checked for eligibility. Of this total, 73.0% did not fulfill the inclusion criteria, 70.1% of the people fulfilling the inclusion criteria declined participation, and 24.7% were excluded for other reasons. Finally, four patients from hospitals, amounting to 1.5%, participated in the study. The remaining 76 individuals (95.0%) were recruited via the media with two editorial features. 10.1371/journal.pone.0169613.g001 Fig 1 Flow chart of the participants. Baseline characteristics of the included participants are shown in Table 1 . In total, 67 (83.8%) persons were female and the participants had a mean age of 82.8 (SD: 8.0) years, ranging from 65 to 97 years. According to the SHARE-FI, 52 (65.0%) adults were frail, 27 (33.8%) were prefrail, and one (1.2%) participant was robust. In addition, 38 (47.5%) individuals were at risk of malnutrition or malnourished. Mean handgrip strength was 16.3 kg (SD: 7.0). The included participants obtained a physical performance score of 5.0 points (SD: 2.9) and had an appendicular skeletal muscle mass of 17.0 kg (SD: 3.3). No significant difference was observed between the PTN and SoSu groups. 10.1371/journal.pone.0169613.t001 Table 1 Baseline characteristics of study participants in each group. Physical training and nutrition group Social support group p-value a n = 39 n = 41 Sex Female, n (%) 33 (84.6) 34 (82.9) 0.838 Age (years) 83.0 (8.0) 82.5 (8.0) 0.775 Living arrangement Living alone, n (%) 27 (69.2) 33 (80.5) 0.305 Frailty status (SHARE-FI score) 2.9 (1.1) 2.8 (0.9) 0.497 Robust, n (%) 1 (2.6) 0 (0.0) 0.728 Prefrail, n (%) 14 (35.9) 13 (31.7) Frail, n (%) 24 (61.5) 28 (68.3) Nutritional status (MNA®-SF score) 10.9 (2.7) 11.1 (2.5) 0.729 No","Table 1 Baseline characteristics of study participants in each group. 10.1371/journal.pone.0169613.t001 Table 1 Baseline characteristics of study participants in each group. Physical training and nutrition group Social support group p-value a n = 39 n = 41 Sex Female, n (%) 33 (84.6) 34 (82.9) 0.838 Age (years) 83.0 (8.0) 82.5 (8.0) 0.775 Living arrangement Living alone, n (%) 27 (69.2) 33 (80.5) 0.305 Frailty status (SHARE-FI score) 2.9 (1.1) 2.8 (0.9) 0.497 Robust, n (%) 1 (2.6) 0 (0.0) 0.728 Prefrail, n (%) 14 (35.9) 13 (31.7) Frail, n (%) 24 (61.5) 28 (68.3) Nutritional status (MNA®-SF score) 10.9 (2.7) 11.1 (2.5) 0.729 Normal nourished, n (%) 21 (53.8) 21 (51.2) 0.778 Risk of malnutrition, n (%) 14 (35.9) 17 (41.5) Malnourished, n (%) 4 (10.3) 3 (7.3) Handgrip strength (kg) 15.6 (7.0) 17.0 (7.0) 0.960 ≥17.9 kg in female, ≥26.5 kg in men, n (%) b 13 (33.3) 14 (34.1) 0.939 <17.9 kg in female, <26.5 kg in men, n (%) b 26 (66.6) 27 (65.8) Physical performance (SPPB score) 5.2 (2.9) 4.8 (2.8) 0.559 Balance (score) 2.1 (1.4) 2.1 (1.2) 0.784 Gait speed (score) 1.9 (1.0) 1.9 (1.0) 0.849 Lower limb muscle strength (score) 1.0 (0.0–4.0) 0.0 (0.0–4.0) 0.115 BMI (kg/m 2 ) 27.1 (4.6) 27.6 (4.3) 0.637 Lean body mass absolute (kg) 50.53 (8.67) 48.40 (6.92) 0.248 Lean body mass relative (kg/m 2 ) 19.10 (2.25) 18.32 (1.92) 0.117 Appendicular muscle mass (kg) 17.26 (3.62) c 16.73 (3.05) d 0.498 Appendicular muscle mass relative (kg/m 2 ) 6.51 (0.98) c 6.31 (0.79) d 0.346 Comorbidities Cardiac insufficiency, n (%) 8 (20.5) 10 (24.4) 0.678 Hypertension, n (%) 29 (74.4) 30 (73.2) 1.000 Diabetes mellitus type 2, n (%) 5 (12.8) 8 (19.5) 0.594 Chronic rheumatism, n (%) 5 (12.8) 2 (4.9) 0.258 Morbus Parkinson, n (%) 3 (7.7) 3 (7.3) 1.000 Charlson comorbidity index 5.2 (1.5) 5.3 (1.5) 0.794 Data are presented in mean (standard deviation), median (minimum–maximum), or frequencies (percentages). MMSE = Mini Mental State Examination, SHARE-FI = Frailty Instrument of the Survey of Health, Ageing and Retirement in Europe, MNA®-SF = Mini nutritional assessment-Short form, SPPB = Short Physical Performance Battery a Continuous data: t-tests or Mann-Whitney U-tests; categorical data: Chi-square tests or Fisher’s exact tests b Based on the mean values of frail individuals in the SHARE-study [ 29 ]. c n = 38, due to missing bioelectrical impedance analyses d n = 35, due to missing bioelectrical impedance analyses
---TABLE---
Table 2 Changes of the physical training and nutrition (PTN) and the social support (SoSu) groups from baseline to 12-week assessment. 10.1371/journal.pone.0169613.t002 Table 2 Changes of the physical training and nutrition (PTN) and the social support (SoSu) groups from baseline to 12-week assessment. Within-group differences a Between-group differences b Group Mean change (95% CI) p-value ß (95% CI) p-value Handgrip strength (kg) PTN 2.4 (1.0–3.8) 0.001 1.3 (−0.3–2.9) 0.105 SoSu 0.8 (−0.4–2.0) 0.189 0 Physical performance (score) PTN 1.2 (0.3–2.1) 0.009 ","Machine-assisted full-text mining supports extraction only; final inclusion, risk of bias, and numeric effects require author verification.",,,,,,
27897406,PMC5326822,10.1002/jcsm.12132,Integrated care for geriatric frailty and sarcopenia: a randomized control trial.,2017,"Journal of cachexia, sarcopenia and muscle",https://pubmed.ncbi.nlm.nih.gov/27897406/,community,resistance;aerobic_walking;nutrition;digital_home,exercise_plus_nutrition,pmc_fulltext_available,pmc_fulltext_mined_not_numeric_extracted,yes,yes,ok,data\raw\pmc_fulltext\PMC5326822.xml,frailty;gait_speed;grip_strength;falls;quality_of_life;adherence;adverse_events,yes,yes,yes,yes,yes,yes,no,yes,no,yes,yes,yes,yes,5.0,822 PMC5326822.1 5326822 5326822 27897406 10.1002/jcsm.12132 JCSM12132 JCSM-D-15-00201 1 Original Article Original Articles Integrated care for geriatric frailty and sarcopenia: a randomized control trial A RCT for geriatric frailty and sarcopenia D.‐C.(.D.). Chan et al. Chan Ding‐Cheng (Derrick) 1 2 Tsou Hsiao‐Hui 3 4 Chang Chirn‐Bin 5 6 Yang Rong‐Sen 7 Tsauo Jau‐Yih,"rmits use and distribution in any medium, provided the original work is properly cited, the use is non‐commercial and no modifications or adaptations are made. Abstract Background Exercise, nutrition, and psychological interventions may all have positive impacts on frailty and sarcopenia. However, it is not known whether an integrated care programme with all three c","the current study had a longer intervention period (6 months vs 3 months). Therefore, the maximum effect was shown at 6 months in the current study. In the prior pilot study, the control group received only the education booklet for home exercise. In the current study, the LLC group received face‐to‐face training for 2 h and an educational booklet/CD‐ROM to improve thei","Methods A randomized control trial was conducted at two community hospitals in Taiwan. Older adults (65–79 years of age, N = 289) who scored ≥1 on the Cardiovascular Health Study Phenotypic Classification of Frailty (CHS_PCF) were enrolled in the trial. Low‐level care (LLC) participants received a 2 h education course on frailty, sarcopenia, coping strategy, nutrition, and demonstration of study exercise programme. Educational multimedia material was distributed as reference for home practice with bi‐monthly telephone follow‐ups on adherences. High‐level care (HLC) participants, in addition to LLC instructions, received six sessions of on‐site problem solving therapy and 48 exercise sessions within 6 months. Brief nutrition consultation was also provided during the exercise sessions. Primary outcome was improvement of the CHS_PCF by at least one category (from pre‐frail to robust, or from frail to pre‐frail or robust) from baseline. Secondary outcomes included changes of individual frailty, and sarcopenia indicators. Assessments were done at 3, 6, and 12 months by trained research assistants blinded to randomization status. Intention‐to‐treat analysis was applied.
Methods Trial designs The proposed study is an extension our prior 3 month pilot RCT on frailty (ended Dec., 2008) with similar methodology. 8 Briefly, this 6 month RCT with 12 month follow‐up was conducted at one urban community hospital (National Taiwan University Hospital Beihu Branch, BB site) and one rural community hospital (Chung‐Kuang, CK site) in Taiwan to determine the comparative effectiveness of high‐level vs low‐level integrated care on frailty, sarcopenia, and other patient outcomes. (Figure 1 ). The study was approved in 2009 by the Research Ethics Committee of the National Health Research Insti","Results Mean age was 71.6 ± 4.3 years, with 53% females. For the entire cohort, improvement of primary outcome was 35% at 3 months, increased to 40% at 6 months, and remained stable at 39% at 12 months. Improvement rates were similar in both groups. Compared with the LLC group, HLC participants had greater improvements in the following indices: energy expenditure of walking, 5 m walking time, dominant hand grip strength, timed‐up‐and‐go‐test, and one‐leg‐stand time — mainly at 6 and 12 month assessments.
Results Participant flow Overall 323 subjects received initial screening with the CCSHA_CFS and signed informed consent forms. Of those, 296 completed the first‐stage baseline assessments and enrolled in the study. The enrollment periods were roughly 3 months. Before randomization, 7 dropped out of the study, and 289 were randomized into HLC ( N = 143) and LLC ( N = 146) groups. The major reasons for dropouts were lost contact ( n = 2), and refusal ( n = 2). At the end of intervention (6 months), 87% of HLC subjects and 90% of LLC subjects returned for assessments. At the end of the study (12 months), 87% of the HLC subjects and 92% of the LLC subjects completed the final assessments (Figure 1). The major reason for attrition was lost contact ( n = 16 at 3 months; n = 22 at 6 months; n = 15 at 12 months). All 289 subjects were included in the ITT analyses. At all time points, the HLC group had a significantly higher proportion of subjects practicing at least 50% of the recommended home exercise sessions (63% vs 19% at 6 months, 60% vs 20% at 12 months, both p < 0.001) than the LLC group. In addition, 67% of HLC group subjects attended at least half of the hospital‐based exercise sessions. Baseline characteristics (Tables 1 and 2 ) Table 1 Baseline characteristics, total","Table 1 Baseline characteristics, total patient number = 289 Table 1 Baseline characteristics, total patient number = 289 Total ( n = 289) HLC ( n = 143) LLC ( n = 146) n (%) mean ± sd a n (%) mean ± sd a n (%) mean ± sd a p ‐value Demographics Age (y/o) 71.6 ± 4.28 71.3 ± 4.54 71.8 ± 4.02 0.272 b Female sex 152 (53) 75 (52) 77 (53) 0.960 c Weight (kg) 62.4 ± 9.92 61.7 ± 10.00 63.0 ± 9.84 0.270 b Height (cm) 157.3 ± 7.94 156.8 ± 7.86 157.8 ± 8.02 0.299 b BMI (kg/m 2 ) 25.2 ± 3.52 25.1 ± 3.53 25.3 ± 3.53 0.582 b Health and healthcare‐related characteristics Number of chronic conditions d ( n = 287) 4.0 ± 2.01 3.9 ± 2.11 4.0 ± 1.90 0.537 b MMSE 26.6 ± 3.80 26.5 ± 3.84 26.7 ± 3.76 0.663 b Barthel Index 99.2 ± 3.60 99.1 ± 3.53 99.2 ± 3.68 0.776 b Healthcare‐resources utilization e 1.8 ± 1.81 1.7 ± 1.54 1.9 ± 2.04 0.246 b EQ‐5D 0.9 ± 0.09 0.9 ± 0.10 0.9 ± 0.08 0.725 b a Categorical data: n (%); Continuous variables: mean ± standard deviation. b Performed by t ‐test. c Performed by χ 2 test. d From 27 diseases. e Emergency room, hospitalization, or clinic visits in the screen stage. EQ‐5D, EuroQol Quality of Life Scale; HLC, High‐Level Care; LLC, Low‐Level Care; MMSE, Mini‐Mental State Examination.
---TABLE---
Table 2 Baseline frailty and sarcopenia‐related characteristics, total patient number = 289 Table 2 Baseline frailty and sarcopenia‐related characteristics, total patient number = 289 Total ( n = 289) HLC ( n = 143) LLC ( n = 146) n (%) mean ± sd median (IQR) a n (%) mean ± sd median (IQR) a n (%) mean ± sd median (IQR) a p ‐value Frailty and sarcopenia‐related characteristics CHS_PCF categorization Pre‐frail (1–2) 229 (79) 115 (80) 114 (78) 0.624 b Frail (3–5) 60 (21) 28 (20) 32 (22) Original frailty indicators Weight loss (yes) 63 (22) 30 (21) 33 (23) 0.738 b Exhaustion (yes) 54 (19) 27 (19) 27 (18) 0.933 b Low level physical activity (yes) 27 (9) 13 (9) 14 (10) 0.884 b Slow walking speed (yes) 112 (39) 59 (41) 53 (36) 0.387 b Weak grip strength (yes) 251 (87) 126 (88) 125 (86) 0.530 b Modified frailty and sarcopenia indicators Exhaustion score c 0 (0–2) 0 (0–2) 0 (0–2) 0.948 d Energy expenditure of walking (MET‐min/week) 693 (297–1386) 693 (297–1386) 693 (297–1386) 0.662 d 5 m walking time (s) 6.6 ± 2.07 6.7 ± 2.10 6.5 ± 2.05 0.585 e Dominant hand grip strength (kg) 19.4 ± 7.40 19.2 ± 7.20 19.5 ± 7.61 0.788 e Other sarcopenia indicators FFMI (kg/m 2 ) ( n = 287) 17.4 ± 1.60 17.5 ± 1.55 17.4 ± 1.65 0.782 e Timed‐up‐and‐go‐test (s) 12.0 ± 4.36 12.1 ± 4.05 12.0 ± 4.65 0.717 e One‐leg‐stand time (s) ( n = 286) 15.9 ± 19.31 14.6 ± 15.81 17.1 ± 22.21 0.264 e a Categorical data: n (%); continuous variables: mean ± standard deviation or median (interquartile range). b Performed by χ 2 test. c Summation of levels of exhaustions from two questions (maximum 6). d Performed by Wilcoxon rank sum test. e Performed by t ‐test. CHS_PCF, Cardiovascular Health Study_Phenotypical Classification of Frailty; FFMI, Fat Free Mass Index; HLC, High‐Level Care; LLC, Lo","Machine-assisted full-text mining supports extraction only; final inclusion, risk of bias, and numeric effects require author verification.",,,,,,
27695646,PMC5042153,10.18848/2160-1909/CGP/v07i02/1-10,The Impact of Strong for Life on the Physical Functioning and Health of Older Adults Receiving Home and Community-Based Services.,2017,Aging and society : an interdisciplinary journal,https://pubmed.ncbi.nlm.nih.gov/27695646/,community,resistance,exercise_only,pmc_fulltext_available,pmc_fulltext_mined_not_numeric_extracted,yes,yes,ok,data\raw\pmc_fulltext\PMC5042153.xml,frailty;gait_speed;grip_strength;adl;falls;quality_of_life;adherence;adverse_events,yes,yes,yes,yes,yes,yes,no,yes,yes,yes,yes,yes,yes,2.0,"bjectives To test the effects of Strong for Life (SFL) on the physical performance and self-rated health of older adults receiving Home and Community-Based Services (HCBS). Design Randomized, two-group trial with pre-post measures. Setting In-home exercise program. Participants Clients aged 65-95 (n=42) and their Home Care Aide (HCA) (n=32) were randomly assigned to a","al performance and self-rated health of older adults receiving Home and Community-Based Services (HCBS). Design Randomized, two-group trial with pre-post measures. Setting In-home exercise program. Participants Clients aged 65-95 (n=42) and their Home Care Aide (HCA) (n=32) were randomly assigned to a usual care and SFL intervention or usual care control group. Inte",two-group trial with pre-post measures. Setting In-home exercise program. Participants Clients aged 65-95 (n=42) and their Home Care Aide (HCA) (n=32) were randomly assigned to a usual care and SFL intervention or usual care control group. Intervention Clients were instructed in SFL by their HCA and completed SFL 3 times per week for 12-weeks. Measurements Outcomes i,"Participants Clients aged 65-95 (n=42) and their Home Care Aide (HCA) (n=32) were randomly assigned to a usual care and SFL intervention or usual care control group.
Intervention Clients were instructed in SFL by their HCA and completed SFL 3 times per week for 12-weeks.
Methods Design We used a randomized controlled trial with pre- and posttest measures to assess the effects of the 12-week SFL intervention on client functioning and health. Clients and their HCA were randomized to receive SFL and usual care or usual care only. Randomization sequences were determined using a Matlab program designed to achieve balanced allocation of clients to intervention and control groups stratified by the number of hours of weekly care received from the HCA. Participants and setting Study participants were HCAs and their clients; community-dwelling older adults receiving HCA services through the Community Care Systems, Inc. This study was approved by the University of Illinois at Chicago Institutional Review Board (Protocol #2013-1152). Inclusion criteria Inclusion criteria for HCAs included primary English-speaking employees of the Community Care Systems, Inc. Cook County office that had one or more clients who received care two or more days per week and were able to attend a half-day training program. Inclusion criteria for clients included those receiving HCA services through the Community Care Systems, Inc. Cook County office who were primary English-speaking and did not participate in regular exercise as defined as 30 minutes three or more days per week. Clients were excluded if they were less than 65 years old or had health problems that contraindicated PA as determined by the EASY: Exercise Assessment and Screening for You ( Resnick et al. 2008 ). If EASY results indicated a ne","Results Effect sizes were moderate for grip strength ( d = .38), pain ( d = .34), and PROMIS-global health ( d = .27). Small effect sizes were found for all other measures. Median quadriceps and TUG scores differentially improved among intervention participants versus controls. No adverse health events and high program satisfaction were reported. Frailty prevalence in the control group increased between baseline and post-test while frailty prevalence in the intervention group decreased during the same time period.
Results We made contact with 64 HCAs of whom 34 had at least one client enroll in the study ( Figure 1 ). There was approximately a one-month delay between telephone screening and intervention start date, during which clients were lost for a variety of reasons. Primary care physicians did not give medical clearance for participation (n=2). Upon arrival at the client's home to obtain informed consent, four clients could not be enrolled because they were not primarily-English speaking and were unable to provide informed consent. Seven additional participants deemed eligible during the telephone screening declined to enroll due to loss of interest. We were unable to reach eligible participants (n=2) after the telephone screening to sign informed consent and conduct baseline measurement. Finally, one client was hospitalized between the telephone screening and beginning of the intervention. Therefore, the final baseline sample consisted of 32 HCAs and their 42 clients. As shown in Table 1 , there were no significant differences in client demographics or baseline physical performance and self-rated health between intervention and control groups. There was, however, substantial within-group variability in physical performance measures. Overall, clients had a mean age","Table 1 Client Baseline Demographics by Group Table 1 Client Baseline Demographics by Group Total n=42 % or mean (SD) Control Group n = 18 % or mean (SD) Intervention Group n= 24 % or mean (SD) p- value* % Female 83 83 83 .99 Age in years 74.8 75.6 74.1 .60 Weekly Hours of Care 13.5 12.0 14.2 .27 Race .39 African American 50 50 50 White 43 39 46 Hispanic 5 6 4 Other 2 5 0 Highest Education Achieved .50 Some Grade School 2 0 4 Grade School 17 22 13 Some High School 21 11 29 High School 26 28 25 Some College 26 28 25 College 7 11 4 Grip Strength (kg) 17.3 (6.5) 17.3 (6.4) 17.3 (5.7) .99 Quadriceps Strength (N) 23.7 (10.2) 22.0 (11.8) 24.9 (7.5) .39 Gait Speed (m/sec) 0.5 (0.3) 0.5 (0.3) 0.5 (0.3) .70 Timed Up and Go (sec) 22.5 (23.7) 21.8 (32.4) 24.4 (14.8) .76 Pain 5.0 (3.0) 5.4 (2.9) 4.7 (3.2) .31 SEE 6.9 (2.4) 7.0 (1.9) 6.8 (2.1) .69 PROMIS-Global Health 29.7 (7.9) 28.7 (6.5) 30.4 (5.2) .39 PROMIS-physical subscale 11.5 (3.1) 11.3 (2.2) 11.9 (3.0) .51 PROMIS-mental subscale 12.7 (3.3) 11.7 (3.4) 13.4 (2.6) .08 Note. SEE = Self-efficacy for Exercise Scale
---TABLE---
Table 2 Client Physical Performance and Self-Report Change Scores Between Baseline and Post-test Table 2 Client Physical Performance and Self-Report Change Scores Between Baseline and Post-test Control Group Median [IQR] Intervention Group Median [IQR] P value Cohen's d Quadriceps strength 0.15 [-1.15, 8.20] 4.55 [-0.35, 6.81] 0.83 0.11 Grip strength -0.25 [-2.38, 0.88] 0.00 [-1.50, 3.50] 0.24 0.38 Gait speed -0.01 [-0.16, 0.02] -0.02 [-0.15, 0.02] 0.80 -0.10 TUG 0.51 [-1.44, 2.37] -0.19 [-2.05, 5.33] 1.00 -0.20 Pain 0.00 [-1.75, 1.00] 0.00 [-2.00, 1.00] 0.69 0.34 Self-Efficacy for Exercise -0.46 [-2.32, 0.98] -1.09 [-2.64, 0.09] 0.56 0.22 PROMIS-global health 0.50 [-3.75, 2.75] 1.00 [-2.00, 4.50] 0.43 0.27 PROMIS-physical 0.00 [-1.00, 1.00] 0.00 [-1.00, 2.00] 0.54 0.15 PROMIS-mental -1.00 [-1.75, 0.00] 1.00 [-1.00, 1.00] 0.22 0.20","Machine-assisted full-text mining supports extraction only; final inclusion, risk of bias, and numeric effects require author verification.",,,,,,
27178766,PMC5351552,10.1016/j.cct.2016.05.001,Identifying effective and feasible interventions to accelerate functional recovery from hospitalization in older adults: A randomized controlled pilot trial.,2016,Contemporary clinical trials,https://pubmed.ncbi.nlm.nih.gov/27178766/,community,resistance;nutrition,exercise_plus_nutrition,pmc_fulltext_available,pmc_fulltext_mined_not_numeric_extracted,yes,yes,ok,data\raw\pmc_fulltext\PMC5351552.xml,frailty;gait_speed;sppb;grip_strength;adl;falls;quality_of_life;adherence;adverse_events,yes,yes,yes,no,yes,yes,yes,yes,yes,yes,yes,yes,yes,2.0,"1016/j.cct.2016.05.001 NIHMS852867 NIHPA852867 1 Article Identifying Effective and Feasible Interventions to Accelerate Functional Recovery from Hospitalization in Older Adults: A Randomized Controlled Pilot Trial Deer Rachel R. a * Dickinson Jared M. b * Fisher Steve R. a c Ju Hyunsu d Volpi Elena a e a Sealy Center on Aging, The University of Texas Medical Branch. 3",IHPA Author Manuscripts PMC5351552 PMC5351552.1 5351552 5351552 NIHMS852867 27178766 10.1016/j.cct.2016.05.001 NIHMS852867 NIHPA852867 1 Article Identifying Effective and Feasible Interventions to Accelerate Functional Recovery from Hospitalization in Older Adults: A Randomized Controlled Pilot Trial Deer Rachel R. a * Dickinson Jared M. b * Fisher Steve R. a c Ju Hyuns,"acute medical condition. Subjects will be randomized to one of five interventions initiated immediately upon discharge: 1. protein supplementation, 2. in-home rehabilitation plus placebo supplementation, 3. in-home rehabilitation plus protein supplementation, 4. single testosterone injection, or 5. isocaloric placebo supplementation. Testing will occur during hosp","METHODS/DESIGN Study Overview This 3 year, single site randomized controlled pilot trial is designed to determine the feasibility of post-hospital interventions aimed at accelerating functional recovery in community dwelling older adults after hospital discharge for acute medical care. We will enroll 100 older adults (>65 years of age) who are admitted to the Acute Care for Elders (ACE) unit at the University of Texas Medical Branch. Enrolled subjects will be randomly assigned into one of five treatment arms (n=20 per arm): 1) protein supplementation, 2) in-home rehabilitation and placebo supplementation, 3) in-home rehabilitation and protein supplementation, 4) single testosterone injection, or 5) isocaloric placebo supplementation (also serves as control/standard of care). A schematic of the general study design is depicted in Figure 2 . All groups will receive the specific intervention to which they are randomized (1–5 as described above) in addition to any standard of care prescribed by their physician (home health, PT/OT, nutritional support, prescriptions/medications, etc.). Each intervention will be initiated upon discharge and will continue uninterrupted for 4 weeks post discharge unless a study endpoint is met (e.g., readmission, detailed below). This study has been approved by the University of Texas Medical Branch Institutional Review Board and is registered at clinicaltrials.gov ( NCT02203656 ). Written informed consent will be obtained from each subject prior to any study procedures. Participant recruitment and screening Participants will be adults, 65 years of age or older, who are admitted to the UTMB ACE unit for acute medical care. Initial screening will take place with chart reviews of all admitted patients to identify those who initially qualify. The ",,"Table 1 List of functional outcome measures All measures will be performed, if possible, in each of the five groups at the indicated time points. Table 1 List of functional outcome measures All measures will be performed, if possible, in each of the five groups at the indicated time points. Functional Outcome Measures Baseline testing 1 week testing 4 week testing Physical Function Tests * Short Physical Performance Battery X X X Fast Gait Speed X X X Hand Grip Strength X X X Knee Extension Strength X X X Timed Up and Go X X X Stair Climb X X Body Composition Assessments DEXA Scan X X Bioimpedance X X X Questionnaires Activities of Daily Living X X X Instrumental Activities of Daily Living X X X Geriatric Depression Scale X X X Iowa Fatigue Scale X X X Falling and Balance X X X Physical Activity Levels StepWatch Activity Monitor continuous monitoring throughout study period * primary outcome; DEXA, dual-energy X-ray absorptiometry
---TABLE---
Table 2 Power calculations based on a sample size of n=20/group and expected effect sizes and variability estimated from published studies of bed rest in healthy older adults and in geriatric patients. Table 2 Power calculations based on a sample size of n=20/group and expected effect sizes and variability estimated from published studies of bed rest in healthy older adults and in geriatric patients. Intervention N=20/group Sit to stand SD= 3.2 sec 8 ft walk SD =2.5 sec Hand Grip * SD= 25% Change Power Change Power Change Power 1. Protein supplementation −3.1 sec 0.85 −2.8 sec 0.93 35% 0.99 2. In-home rehabilitation + placebo supplementation −3.1 sec 0.85 −2.8 sec 0.93 35% 0.99 3. In-home Rehabilitation + protein supplementation −3.4 sec 0.91 −3.1 sec 0.97 45% 0.99 4. Single testosterone injection −3.4 sec 0.91 −3.1 sec 0.97 45% 0.99 * Note: Percent change used due to absolute difference between sexes [ 48 ].","Machine-assisted full-text mining supports extraction only; final inclusion, risk of bias, and numeric effects require author verification.",,,,,,
27175793,PMC4866031,10.1186/s12877-016-0277-3,The effects of a life goal-setting technique in a preventive care program for frail community-dwelling older people: a cluster nonrandomized controlled trial.,2016,BMC geriatrics,https://pubmed.ncbi.nlm.nih.gov/27175793/,community,balance;nutrition;digital_home,exercise_plus_nutrition,pmc_fulltext_available,pmc_fulltext_mined_not_numeric_extracted,yes,yes,ok,data\raw\pmc_fulltext\PMC4866031.xml,frailty;grip_strength;adl;falls;quality_of_life;adherence;adverse_events,yes,yes,yes,yes,yes,no,no,yes,yes,yes,yes,yes,yes,5.0,"10.1186/s12877-016-0277-3 277 1 Research Article The effects of a life goal-setting technique in a preventive care program for frail community-dwelling older people: a cluster nonrandomized controlled trial Yuri Yoshimi yuri@tamateyama.ac.jpAQ3 Takabatake Shinichi Nishikawa Tomoko Oka Mari Fujiwara Taro Department of Rehabilitation Sciences, Faculty of Allied Health","eased risk of needing care. There have been many reports on preventive care programs for frail older people, but few have shown positive effects on disability prevention. Physical exercise programs for frail older people affect elements such as physical fitness and balance, but are less effective for disability outcomes and are not followed up in the longer term. We","plus standard preventive care program for community-dwelling frail older people. Methods We used a cluster nonrandomized controlled trial with seven intervention and nine matched control groups, with baseline assessment and follow-up at 3, 6, and 9 months. Participants were 176 frail older people, aged 65 years or over, living in the community in Izumi, Osaka, Japan. Al","Methods We used a cluster nonrandomized controlled trial with seven intervention and nine matched control groups, with baseline assessment and follow-up at 3, 6, and 9 months. Participants were 176 frail older people, aged 65 years or over, living in the community in Izumi, Osaka, Japan. All participants attended regular 120 min preventive care exercise classes each week, over 3 months. They also received oral care and nutrition education. The intervention groups alone received life goal-setting support. We assessed outcomes longitudinally, comparing pre-intervention with follow-up. The primary outcome measure was health improvement according to the Japanese Ministry of Health, Labour and Welfare’s “Kihon Checklist” for assessment of frailty and quality of life (QOL), analyzed with a two-way ANOVA and post-test comparison. Secondary outcomes included physical functions and assessment of life goals.
Method Setting and participants The study was conducted in accordance with principles set out by the Japanese Ministry of Health, Labour and Welfare (MHLW) [ 15 ] (see Fig. 1 ). The Japanese MHLW started the Care Prevention Programs in 2006 to prevent frailty and disability of older persons, and introduced the “Kihon Checklist” (KCL) to identify frail older adults [ 15 – 20 ]. Those eligible were older people aged 65 or over living in the community in Izumi, Osaka, Japan, who were assessed as frail using the MHLW’s “Kihon Checklist” [ 19 ]. They were invited to join a care prevention program between October 2009 and March 2011. And they decided to participate in a care prevention program for own intention. Exclusion criteria were: 1) receiving certification for long-term care; 2) having participated in a preventive care program within past 2 years; 3) missing more than five c","Results The improvement on the Kihon Checklist for the intervention group was approximately 60 % from baseline to 9-months follow-up; the control group improved by approximately 40 %. The difference between groups was significant at 3-month ( p = 0.043) and 6-month ( p = 0.015) follow-ups but not at 9-month ( p = 0.098) follow-up. Analysis of QOL yielded a significant time × group interaction effect ( p = 0.022). The effect was significant at 3 months in the intervention group, but at no time in the control group.
Results Recruitment feasibility, protocol adherence, and safety Figure 2 summarizes participant study flow. We recruited 143 participants (77.6 % female) with an average age of 75.6 years (SD 5.7 years). Of these 143, 126 (88.1 %), 105 (73.4 %) and 89 (62.2 %) completed the 3-month, 6-month and 9-month assessment, respectively. 42 (52.5 %) of the intervention group and 47 (74.6 %) of the control group completed both baseline and 9-month follow-up protocols. Baseline characteristics Randomization resulted in comparable intervention and control groups at baseline (see Table 1 ). Females numbered 71(79.8 %); 34 (81.0 %) were in the intervention group, and 37 (78.0 %) in the control group. There were no significant differences between intervention and control group on any variables at baseline. Table 1 Characteristics of participants at baseline Variable Intervention group n = 42 Control group n = 47 P -value Sex (male/female) 8/34 10/37 0.794 a Age in years (mean ± SD) 75.32 ± 5.67 75.81 ± 6.97 0.715 b Previous history of clinical symptoms Bone and joint disease 28 33 0.719 a Nucleus disease 5 2 0.173 a Heart trouble 5 3 0.295 a Hypertention 14 22 0.196 a Diabetes 3 5 0.422 a Digestive system disease 4 6 0.444 a Depression 1 2 0.543 a QOL (Quality of Life) Self-r","Table 1 Characteristics of participants at baseline Table 1 Characteristics of participants at baseline Variable Intervention group n = 42 Control group n = 47 P -value Sex (male/female) 8/34 10/37 0.794 a Age in years (mean ± SD) 75.32 ± 5.67 75.81 ± 6.97 0.715 b Previous history of clinical symptoms Bone and joint disease 28 33 0.719 a Nucleus disease 5 2 0.173 a Heart trouble 5 3 0.295 a Hypertention 14 22 0.196 a Diabetes 3 5 0.422 a Digestive system disease 4 6 0.444 a Depression 1 2 0.543 a QOL (Quality of Life) Self-rated health (five methods) 3.14 ± 0.78 3.23 ± 0.84 0.599 b Data are mean and SD a P -values describe Chi-square test b P -values describe Student’s t-test
---TABLE---
Table 2 Values of improvement in frailty criteria for the intervention and control groups Table 2 Values of improvement in frailty criteria for the intervention and control groups Variable Baseline P -value 3 months P -value 6 months P -value 9 months P -value Improvement in the frailty criteria in the Kihon Checklist (%) Intervention ( n = 42) 0 NA 26 (61.9) 0.043 * 26 (61.9) 0.015 * 27 (64.3) 0.098 Control ( n = 47) 0 19 (40.4) 17 (36.2) 22 (46.8) NOTE : Values expressed as number of health improvement points NA not applicable
---TABLE---
Table 3 Mean values of QOL for the intervention and control groups Table 3 Mean values of QOL for the intervention and control groups Variable Baseline 3 months P -value** 6 months P -value** 9 months P -value** P -value* QOL (Quality of Life): self-rated health (the five methods) Intervention ( n = 42) 3.14 ± 0.78 3.81 ± 0.80 0.001* 3.50 ± 0.74 0.078 3.36 ± 0.66 0.415 0.022* Control ( n = 47) 3.23 ± 0.84 3.30 ± 0.81 0.970 3.23 ± 0.91 1.000 3.23 ± 0.91 1.000 NOTE : Values expressed as number of health improvement points * P -values describe the time × group interaction effect ** P -values describe Dunnett’s multiple comparison test
---TABLE---
Table 4 Values of degree of recognition, achievement and satisfaction of the life goal Table 4 Values of degree of recognition, achievement and satisfaction of the life goal 3 months Variable Recognition of the life goal (Yes)(%) P -value d Achievement of the life goal (the 10 methods) P -value e Satisfaction of the life goal (the 10 methods) P -value e Intervention ( n = 42) 40(95.2) a 0.013* 7.00 ± 2.53 a 0.961 8.00 ± 2.68 a 1.000 Control ( n = 47) 36(76.6) c 6.97 ± 2.36 c 8.00 ± 2.68 c 6 months Variable Recognition of the life goal (Yes)(%) P -value d Achievement of the life goal (the10 methods) P -value e Satisfaction of the life goal (the 10 methods) P -value e Intervention ( n = 42) 36(85.7) b 36(85.7) b 0.051 7.28 ± 2.77 b 0.105 8.00 ± 2.29 b 0.012* Control ( n = 47) 32(68.1)c 6.38 ± 2.62 c 6.19 ± 2.60 c 9 months Variable Recognition of the life goal of the life goal (Yes)(%) P -value d Achievement of the life goal (the 10 methods) P -value e Satisfaction of the life goal (the 10 methods) P -value e Intervention ( n = 42) 41(97.6) b 0.001** 7.49 ± 2.21 b 0.025* 7.41 ± 2.40 b 0.019","Machine-assisted full-text mining supports extraction only; final inclusion, risk of bias, and numeric effects require author verification.",,,,,,
26786203,PMC5018561,10.1093/gerona/glv210,"Improved Function With Enhanced Protein Intake per Meal: A Pilot Study of Weight Reduction in Frail, Obese Older Adults.",2016,"The journals of gerontology. Series A, Biological sciences and medical sciences",https://pubmed.ncbi.nlm.nih.gov/26786203/,unclear,nutrition;digital_home,nutrition_only,pmc_fulltext_available,pmc_fulltext_mined_not_numeric_extracted,yes,yes,ok,data\raw\pmc_fulltext\PMC5018561.xml,frailty;gait_speed;sppb;grip_strength;adl;quality_of_life;adherence;adverse_events,yes,yes,yes,yes,yes,yes,yes,yes,yes,no,yes,yes,yes,3.0,"ntervention. Meal-based enhancement of protein intake could protect function and/or lean mass but has not been studied during geriatric obesity reduction. Methods: In this 6-month randomized controlled trial, 67 obese (body mass index ≥30kg/m 2 ) older (≥60 years) adults with a Short Physical Performance Battery score of 4–10 were randomly assigned to a traditional (C","ical Sciences 1079-5006 1758-535X Oxford University Press PMC5018561 PMC5018561.1 5018561 5018561 26786203 10.1093/gerona/glv210 1 Research Article Improved Function With Enhanced Protein Intake per Meal: A Pilot Study of Weight Reduction in Frail, Obese Older Adults Porter Starr Kathryn N. 1 2 Pieper Carl F. 1 3 Orenduff Melissa C. 1 McDonald Shelley R. 4 McClure","month weight loss intervention with a meal-based enhancement of protein quantity and quality lost similar amounts of weight but had greater functional improvements relative to the Control group. If confirmed, this dietary approach could have important implications for improving the functional status of this vulnerable population (ClinicalTrials.gov identifier: NCT0171575","Methods: In this 6-month randomized controlled trial, 67 obese (body mass index ≥30kg/m 2 ) older (≥60 years) adults with a Short Physical Performance Battery score of 4–10 were randomly assigned to a traditional (Control) weight loss regimen or one with higher protein intake (>30g) at each meal (Protein). All participants were prescribed a hypo-caloric diet, and weighed and provided dietary guidance weekly. Physical function (Short Physical Performance Battery) and lean mass (BOD POD), along with secondary measures, were assessed at 0, 3, and 6 months.
Methods Trial Design and Randomization MEASUR-UP is a two-armed randomized, controlled pilot trial, with primary and secondary outcomes assessed at 0, 3, and 6 months; the design and detailed methods were previously published ( 22 ). Blocking by gender and marital and partner status, eligible participants were randomly assigned to a traditional weight loss (Control) or a protein-enhanced weight loss (Protein) study arm in a 1:2 allocation ratio using a computerized randomization scheme. Primary outcomes were function (Short Physical Performance Battery; SPPB) ( 23 ) and LM (BOD POD). Secondary outcomes included anthropometrics, physical activity, and hand grip strength. Protein and calorie (kcal) intakes were assessed as indicators of feasibility and compliance. The study was approved by the Duke University Health System Institutional Review Board and written informed consent was obtained from all participants ( Figure 1 ). Figure 1. Mean changes in SPPB total score, balance, gait speed, and chair stands by group at 3 and 6 months of intervention. Participants Obese (body mass index ≥30kg/m 2 ), functionally impaired (SPPB score of 4–10 out of 12), men and women living in communities near Durham, North Carolina, were rec","Results: At the 6-month endpoint, there was significant ( p < .001) weight loss in both the Control (−7.5±6.2kg) and Protein (−8.7±7.4kg) groups. Both groups also improved function but the increase in the Protein (+2.4±1.7 units; p < .001) was greater than in the Control (+0.9±1.7 units; p < .01) group ( p = .02).
Results Study Population and Retention Of 93 eligible individuals, 26 were excluded at screening (see Consort diagram in Supplementary Material ). Baseline characteristics for the 67 participants enrolled (Control, n = 26 and Protein, n = 41) are shown in Table 1 . Due to time constraints that limited the trial duration, we randomized 11 participants to complete a 3 rather than a 6-month intervention (4 to Protein, 7 to Control). Two of those randomized to Protein and four of the Control participants, respectively, completed the 3 months and were assessed for all outcomes. Table 1. Descriptive Characteristics of Participants (Control n = 26, Protein n = 41; represented as mean ± SD or n [%]) Control Protein Total Age (y) 68.7±6.2 67.9±5.3 68.2±5.6 Body weight (kg) 101.8±17.1 104.1±21.1 103.2±19.6 BMI (kg/m 2 ) 36.4±5.5 37.2±6.8 36.9±6.3 Gender Female (%) 20 (77) 33 (80) 53 (79) Male (%) 6 (23) 8 (20) 14 (21) Race Black (%) 4 (15) 13 (32) 17 (25) White (%) 21 (81) 26 (63) 47 (70) Education ≤ High school (%) 6 (23) 9 (22) 15 (22) > High school (%) 20 (77) 32 (78) 52 (78) Energy intake (kcal) 1,880±416 1,985±792 1,947±680 Protein intake (g) 81.5±16.9 88.0±26.6 85.7±23.6 GFR (mL/min/1.73 m 2 ) *,† 76.3±16.8 78.1±14.9 77.4±15.6 Note : BMI = body mass index; GFR = glomerular filtration rate. *GFR was calculated as (mL/min/1.73 m 2 ) = 175 × (Scr) − 1.154×(Age) − 0.203 × (0.742 female) × (1.212 Black). † Normal GFR values were defined as ≥60mL/min/1.73 m 2 . The stud","Table 1. Descriptive Characteristics of Participants (Control n = 26, Protein n = 41; represented as mean ± SD or n [%]) Table 1. Descriptive Characteristics of Participants (Control n = 26, Protein n = 41; represented as mean ± SD or n [%]) Control Protein Total Age (y) 68.7±6.2 67.9±5.3 68.2±5.6 Body weight (kg) 101.8±17.1 104.1±21.1 103.2±19.6 BMI (kg/m 2 ) 36.4±5.5 37.2±6.8 36.9±6.3 Gender Female (%) 20 (77) 33 (80) 53 (79) Male (%) 6 (23) 8 (20) 14 (21) Race Black (%) 4 (15) 13 (32) 17 (25) White (%) 21 (81) 26 (63) 47 (70) Education ≤ High school (%) 6 (23) 9 (22) 15 (22) > High school (%) 20 (77) 32 (78) 52 (78) Energy intake (kcal) 1,880±416 1,985±792 1,947±680 Protein intake (g) 81.5±16.9 88.0±26.6 85.7±23.6 GFR (mL/min/1.73 m 2 ) *,† 76.3±16.8 78.1±14.9 77.4±15.6 Note : BMI = body mass index; GFR = glomerular filtration rate. *GFR was calculated as (mL/min/1.73 m 2 ) = 175 × (Scr) − 1.154×(Age) − 0.203 × (0.742 female) × (1.212 Black). † Normal GFR values were defined as ≥60mL/min/1.73 m 2 .
---TABLE---
Table 2. Baseline and Change Scores at 3 and 6 Months for Body Weight and Dietary Intakes (Control n = 26, Protein n = 41; represented as mean ± SD ) Table 2. Baseline and Change Scores at 3 and 6 Months for Body Weight and Dietary Intakes (Control n = 26, Protein n = 41; represented as mean ± SD ) Outcome Baseline 3 mo 6 mo Control Protein Control Protein p Value Control Protein p Value Body weight (kg) 101.8±17.1 104.1±21.1 −4.6±4.6* −5.9±4.3* .42 −7.5±6.2* −8.7±7.4* .48 Body weight (%) −4.6±4.6* −5.4±3.4* .46 −7.5±6.4* −8.1±6.8* .52 Calorie intake (kcal) 1,880±416 1,985±792 −525±488* −405±799* .11 −422±437* −496±809* .49 Protein intake (g/d) 81.5±16.9 88.0±26.6 −8.5±20.0 28.3±38.3* <.001 −10.8±19.7 † 23.3±36.9* <.001 Protein intake (% kcal) 18±5 19±6 4±6 † 11±6* <.001 2±3 ‡ 11±6* <.001 Carbohydrate intake (% kcal) 44±7 42±8 9±12* −2±10 <.001 6±10 ‡ −4±13 ‡ .01 Fat intake (% kcal) 38±4 38±8 −10±9* −8±8* .31 −7±8 † −8±10* .47 Protein intake breakfast (g) 12.2±7.5 17.4±7.2 1.2±6.0 10.0±11.6* <.001 −1.2±9.5 11.0±13.2* <.001 Protein intake lunch (g) 23.7±16.9 25.7±14.2 −6.8±18.7 ‡ 11.4±17.2* <.001 −10.1±14.2 ‡ 10.6±15.2* <.001 Protein intake dinner (g) 39.1±16.2 38.9±13.6 −4.0±10.1 3.9±22.5 .15 −4.2±19.9 † −1.5±16.4 .05 Protein intake (g/kg of body weight) 0.8±0.2 0.8±0.3 −0.02±0.2 0.3±0.4* <.001 −0.03±0.2 0.3±0.4* <.001 Note: p Values for the comparison within and between the groups of change from baseline to 3 and 6 months were calculated using the mixed model repeated measures analysis of variance (ANOVA) with baseline values as covariates. * p < .001 for within group change from baseline to 3 and 6 mo. † p < .01 for within group change from baseline to 3 and 6 mo. ‡ p < .05 for within group change from baseline to 3 and 6 mo.
---TABLE---
Table 3. Baseline and Change Scores at 3 and 6 Months for Function and Body Composition by Treatment Group (Control n = 26, Protein n = 41; represented as mean ± SD ) Table 3. Baseline and Change Score","Machine-assisted full-text mining supports extraction only; final inclusion, risk of bias, and numeric effects require author verification.",,,,,,
26201510,PMC4511529,10.1136/bmj.h3830,Effectiveness of two year balance training programme on prevention of fall induced injuries in at risk women aged 75-85 living in community: Ossébo randomised controlled trial.,2015,BMJ (Clinical research ed.),https://pubmed.ncbi.nlm.nih.gov/26201510/,community,balance;nutrition,exercise_plus_nutrition,pmc_fulltext_available,pmc_fulltext_mined_not_numeric_extracted,yes,yes,ok,data\raw\pmc_fulltext\PMC4511529.xml,frailty;sppb;adl;falls;quality_of_life;adherence;adverse_events,yes,yes,yes,yes,yes,no,yes,no,yes,yes,yes,yes,yes,5.0,bmj.h3830 khof025526 2 Research Effectiveness of two year balance training programme on prevention of fall induced injuries in at risk women aged 75-85 living in community: Ossébo randomised controlled trial El-Khoury Fabienne doctoral researcher 1 2 3 Cassou Bernard professor of public health and geriatrician 4 5 6 Latouche Aurélien professor in biostatistics 7 Aeger,ovided the original work is properly cited and the use is non-commercial. See: http://creativecommons.org/licenses/by-nc/4.0/ . Objective To assess the effectiveness of a two year exercise programme of progressive balance retraining in reducing injurious falls among women aged 75-85 at increased risk of falls and injuries and living in the community. Design Pragmati,"aged 75-85, living in their own home, and with diminished balance and gait capacities, randomly allocated to the experimental intervention group (exercise programme, n=352) or the control group (no intervention, n=354). Intervention Weekly supervised group sessions of progressive balance training offered in community based premises for two years, supplemented by individu","Methods Study design The Ossébo study is a multicentre, balanced, two arm, parallel group, randomised controlled trial. 11 12 It applied a pragmatic approach 13 14 and aimed to assess the effectiveness of the intervention under real world conditions with existing community resources (instructors, settings). Eligibility and recruitment Women aged 75-85 living in the community were eligible if they had diminished balance or gait capacities, as assessed by the time they took to walk a 6 metre course (average of two measures) and the tandem walk test (ability to do four consecutive tandem steps). These two functional tests were used to select women for the trial because the EPIDOS (Epidémiologie de l’Ostéoporose) French cohort showed that they predict fall related fractures in women aged over 75 living in the community, 15 16 and because they are simple and can be used easily by general practitioners and other health and physical activity practitioners. we planned to recruit women who were neither too fit nor too frail— that is, women at moderate risk of injurious falls who are most likely to benefit from the exercise programme we proposed (group based, weekly sessions, long duration). Women who took ≥7 seconds to walk 6 m (median time in the EPIDOS cohort) or were unable to do four consecutive tandem steps were eligible. We excluded the frailest women—that is, those that took >12.5 seconds (95th centile in the EPIDOS cohort) to walk 6 m or were unable to stand for 10 seconds with their feet together—because they were considered to be at high risk of falling and would probably require an individualised exercise programme (these women were referred to their general practitioner for further clinical evaluation). We also excluded women with medical conditions involving the neu","Results Trial participants and follow-up Recruitment took place between December 2007 and May 2011, and follow-up ended in June 2013. Table 1 presents baseline demographic and health related characteristics of participants in the two groups. Figure 1 describes the flow of participants through the trial. Around 11% of the women invited to a free balance examination responded positively and were examined (n=4221). Almost two thirds of the eligible women agreed to participate and were randomised to either the intervention (n=352) or the control group (n=354). On average, participants in the intervention group were offered 94.9 (SD 11.6) exercise sessions over the entire intervention period; 58 (16.5%) women never started the programme (fig 2 . Among women who started the programme, the median number of sessions attended was 53 (interquartile range 16-71), and the median length of participation in the programme (from first to last attended session) was 79 weeks (32-97). Fig 1 Flow through trial of women aged 75-85 who took part in two year balance training programme for prevention of fall induced injuries (intervention) or no such programme (control) Fig 2 Details of participation of women aged 75-85 in two year balance training programme for prevention of fall induced injuries. IQR=interquartile range Table 1 Baseline characteristics of women aged 75-85 who took part in two year balance training programme for prevention of fall induced injuries (intervention) or no such programme (control). Figures are means (SD) unless stated otherwise Control (n=354) Intervention (n=352) Age (years) 79.6 (2.8) 79.8 (2. 8) BMI (kg/m 2 ) 27.0 (4.6) 27.1 (4.6) No (%) who fell at least once in past year 159 (45) 137 (39) No (%) who used psychotropic drugs 140 (40) 149 (42) No (%) who lived a","Table 1 Baseline characteristics of women aged 75-85 who took part in two year balance training programme for prevention of fall induced injuries (intervention) or no such programme (control). Figures are means (SD) unless stated otherwise Table 1 Baseline characteristics of women aged 75-85 who took part in two year balance training programme for prevention of fall induced injuries (intervention) or no such programme (control). Figures are means (SD) unless stated otherwise Control (n=354) Intervention (n=352) Age (years) 79.6 (2.8) 79.8 (2. 8) BMI (kg/m 2 ) 27.0 (4.6) 27.1 (4.6) No (%) who fell at least once in past year 159 (45) 137 (39) No (%) who used psychotropic drugs 140 (40) 149 (42) No (%) who lived alone 230 (65) 248 (71) No (%) who finished high school (baccalaureate) 131 (38) 151 (44) Visual acuity* 6.9 (2.2) 6.9 (2.1) Timed get up and go (s) 12.4 (3.1) 12.4 (2.7) Time to walk 6 m (s) 7.5 (1.7) 7.4 (1.7) No (%) unable to do four tandem steps 83 (24) 79 (22) Time for the five chair stands (s) 15.5 (4.6) 15.5 (4.4) Time spent walking for casual activities† (h/week) 3.1 (2.4) 2.8 (2.3) Median time (h/week) spent walking for exercise (IQR) 0.75 (0-3.3) 0 (0-3.4) Median time (h/week) spent doing physical leisure activities‡ (IQR) 1.5 (0-3.5) 1.0 (0-3.4) Fear of falling score§ 26.0 (7.0) 25.5 (7.1) Physical functioning score 57.5 (20.7) 59.4 (21.6) General health score¶ 54.7 (16.0) 57.0 (15.8) Psychological health score¶ 60.7 (18.2) 61.3 (18.1) Vitality score¶ 46.6 (16.1) 48.44 (16.3) IQR=interquartile range. *Measured at distance of 3 m with Snellen letter test chart (decimal scale). †Such as walking to general practitioner, pharmacy or store ‡Walking, swimming, dancing, gym classes, gardening, biking, and yoga. §Based on the fall efficacy scale (FES-I). Score range16-64; higher score corresponds to more important concern about falling. 21 ¶Based on SF-36 questionnaire. Score range 0-100; higher scores corresponds to less disability and better health. 17
---TABLE---
Table 2 Consequences of falls and estimates of effect intervention (two year balance training programme for prevention of fall induced injuries) in women aged 75-85 Table 2 Consequences of falls and estimates of effect intervention (two year balance training programme for prevention of fall induced injuries) in women aged 75-85 Consequences Control (n=354) Exercise (n=352) HR* (95% CI) Total No of falls (rate†) 640 (0.92) 533 (0.79) 0.88 (0.77 to 1.00) No of participants who had at least one fall 222 189 — No of injurious falls (rate†): Total 397 (0.56) 305 (0.45) 0.81 (0.67 to 0.99) Moderate 310 (0.44) 237 (0.35) 0.81 (0.65 to 1.00) Serious 87 (0.12) 68 (0.10) 0.83 (0.60 to 1.16) No of participants who had at least one injurious fall 189 170 — * Hazard ratio (adjusted for centre) computed with a “shared frailty” model. All women were included in analysis until their last time point. Covariance for random effect: 0.17 (SE 0.04; P<0.001) for all falls; 0.53 (SE 0.09; P<0.001) f","Machine-assisted full-text mining supports extraction only; final inclusion, risk of bias, and numeric effects require author verification.",,,,,,
25887235,PMC4334409,10.1186/s12877-015-0002-7,MultiComponent Exercise and theRApeutic lifeStyle (CERgAS) intervention to improve physical performance and maintain independent living among urban poor older people--a cluster randomised controlled trial.,2015,BMC geriatrics,https://pubmed.ncbi.nlm.nih.gov/25887235/,community,multicomponent_exercise;nutrition;multidomain,multidomain_exercise_nutrition,pmc_fulltext_available,pmc_fulltext_mined_not_numeric_extracted,yes,yes,ok,data\raw\pmc_fulltext\PMC4334409.xml,frailty;gait_speed;grip_strength;adl;falls;quality_of_life;adherence;adverse_events,yes,yes,yes,no,yes,yes,no,yes,yes,yes,yes,yes,yes,0.0,l MultiComponent Exercise and theRApeutic lifeStyle (CERgAS) intervention to improve physical performance and maintain independent living among urban poor older people - a cluster randomised controlled trial Loh Debbie Ann debbieloh@siswa.um.edu.my 1 Hairi Noran Naqiah noran@um.edu.my 1 Choo Wan Yuen ccwy@ummc.edu.my 1 Mohd Hairi Farizah farizah@um.edu.my 2 Peramalah,BMC Geriatr BMC Geriatr 33 bmcgeri BMC Geriatrics 1471-2318 BMC PMC4334409 PMC4334409.1 4334409 4334409 25887235 10.1186/s12877-015-0002-7 2 1 Study Protocol MultiComponent Exercise and theRApeutic lifeStyle (CERgAS) intervention to improve physical performance and maintain independent living among urban poor older people - a cluster randomised contr,ention arm (4 flats) and control arm (4 flats). The study statistician using a computer generated random number sequence will allocate the low-cost flats into the intervention and control group. The statistician using sealed envelopes will advise the study coordinator of the low-cost flats allocation. Allocation will be concealed from the research team recruiting the fla,"Methods This cluster randomised controlled trial will be a 6-week community-based intervention programme for older people aged 60 years and above from urban poor settings. A minimum of 164 eligible participants will be recruited from 8 clusters (low-cost public subsidised flats) and randomised to the intervention and control arm. This study will be underpinned by the Health Belief Model with an emphasis towards self-efficacy. The intervention will comprise multicomponent group exercise sessions, nutrition education, oral care education and on-going support and counselling. These will be complemented with a kit containing practical tips on exercise, nutrition and oral care after each session. Data will be collected over four time points; at baseline, immediately post-intervention, 3-months and 6-months follow-up.
Methods Study design and setting The CERgAS trial is a 6-week multi-site, single-blind, two-armed, cluster randomised controlled trial with a 6-month follow-up period (Figure 1 ). The trial comprises a multicomponent exercise and therapeutic lifestyle program for urban poor older people aged 60 years and above. Cergas means active in the local Malay language. This study is designed, conducted and reported following the Consolidation Standards of Reporting (CONSORT) 2010 Statement and its extension to cluster randomised trials [ 45 ]. Figure 1 Overview of CERgAS study flow. Adapted from the CONSORT 2010 flow diagram. This study is conducted among the urban poor living in the Klang Valley, a bustling cosmopolitan area covering 10 municipalities (Kuala Lumpur, Klang, Kajang, Subang Jaya, Petaling Jaya, Selayang, Shah Alam, Ampang Jaya, Putrajaya and Sepang) [ 46 ], a symbol of the nation’s progress with rich cultural heritage. Against this backdrop of 7.2 million i",,,"Machine-assisted full-text mining supports extraction only; final inclusion, risk of bias, and numeric effects require author verification.",,,,,,
25659147,PMC4319727,10.1371/journal.pone.0116256,"Effects of exercise and milk fat globule membrane (MFGM) supplementation on body composition, physical function, and hematological parameters in community-dwelling frail Japanese women: a randomized double blind, placebo-controlled, follow-up trial.",2015,PloS one,https://pubmed.ncbi.nlm.nih.gov/25659147/,community,resistance;aerobic_walking;nutrition;multidomain,multidomain_exercise_nutrition,pmc_fulltext_available,pmc_fulltext_mined_not_numeric_extracted,yes,yes,ok,data\raw\pmc_fulltext\PMC4319727.xml,frailty;gait_speed;grip_strength;adl;falls;adherence,yes,yes,yes,yes,yes,yes,no,yes,yes,yes,no,yes,no,6.0,"of Exercise and Milk Fat Globule Membrane (MFGM) Supplementation on Body Composition, Physical Function, and Hematological Parameters in Community-Dwelling Frail Japanese Women: A Randomized Double Blind, Placebo-Controlled, Follow-Up Trial Exercise and MFGM Intervention for Frailty Kim Hunkyung 1 * Suzuki Takao 2 Kim Miji 1 Kojima Narumi 1 Ota Noriyasu 3 Shimotoyodom","S One PLoS ONE 440 plosone plos PLoS ONE 1932-6203 PLOS PMC4319727 PMC4319727.1 4319727 4319727 25659147 10.1371/journal.pone.0116256 PONE-D-14-31959 1 Research Article Effects of Exercise and Milk Fat Globule Membrane (MFGM) Supplementation on Body Composition, Physical Function, and Hematological Parameters in Community-Dwelling Frail Japanese Women: A Randomized","Globule Membrane (MFGM) Supplementation on Body Composition, Physical Function, and Hematological Parameters in Community-Dwelling Frail Japanese Women: A Randomized Double Blind, Placebo-Controlled, Follow-Up Trial Exercise and MFGM Intervention for Frailty Kim Hunkyung 1 * Suzuki Takao 2 Kim Miji 1 Kojima Narumi 1 Ota Noriyasu 3 Shimotoyodome Akira 3 Hase Tadashi","Methods A total of 131 frail, elderly women over 75 years were randomly assigned to one of four groups: exercise and MFGM supplementation (Ex+MFGM), exercise and placebo (Ex+Plac), MFGM supplementation, or the placebo group. The exercise group attended a 60-minute training program twice a week for three months, and the MFGM group ingested 1g of the MFGM supplement in pill form, daily for 3 months. The primary outcome measure was change in frailty status based on Fried’s frailty phenotype. Secondary outcome measures included body composition, physical function and hematological parameters, and interview survey components assessing lifestyle factors. Participants were followed for 4 months post-intervention.
Methods The protocol for this trial and supporting CONSORT checklist are available as supporting information; see S1 CONSORT Checklist and S1 Protocol . Ethics Statement We conducted a randomized double-blind placebo-controlled trial. The study protocol was approved by the Clinical Research Ethics Committee of the Tokyo Metropolitan Institute of Gerontology (TMIG). The intervention procedures were fully explained to all participants and written informed consents were obtained. The study was registered at The Japan Medical Association Clinical Trial Registry (JMACCT) JMA-IIA00069. The authors confirm that all ongoing and related trials for this intervention are registered. Although the date of the registration is stated as August 11, 2011 (after recruitment began for the trial), the process was started on June 24, 2011 prior to recruitment. The registration took longer than anticipated because we were unfamiliar with the system and the process, and this led to the delayed registration date. Study Population and Timeline An invitation letter to participate in an annual ","Results Significant group×time interactions were observed for usual walking speed (P = 0.005), timed up & go (P<0.001), and insulin-like growth factor-binding protein 3 / insulin-like growth factor 1 ratio (P = 0.013). The frailty components revealed that weight loss, exhaustion, low physical activity, and slow walking speed were reversed, but low muscle strength did not significantly changed. Frailty reversal rate was significantly higher in the Ex+MFGM (57.6%) than in the MFGM (28.1%) or placebo (30.3%) groups at post-intervention (χ 2 = 8.827, P = 0.032), and at the follow-up was also significantly greater in the Ex+MFGM (45.5%) and Ex+Plac (39.4%) groups compared with the placebo (15.2%) group (χ 2 = 8.607, P = 0.035). The exercise+MFGM group had the highest odds ratio (OR) for frailty reversal at post-intervention and follow-up (OR = 3.12, 95% confidence interval (CI) = 1.13–8.60; and OR = 4.67, 95% CI = 1.45–15.08, respectively).
Results There were 3 dropouts (1 death, 1 fracture, 1 spouse care) at the post-survey, 5 dropouts at the follow-up (1 death, 1 femoral neck fracture, 1 hospitalization, 1 moved, 1 declined motivation). The fractures, hospitalizations and deaths were not caused by intervention. Baseline Characteristics and Group×Time Interactions All baseline characteristics were similar between the groups for demographic, physical function, hematological parameters, and interview variables ( Table 1 ). 10.1371/journal.pone.0116256.t001 Table 1 Selected variable characteristics of participants at baseline by study group. Variables* Ex+MFGM Ex+Placebo MFGM Placebo Variables * (n = 33) (n = 33) (n = 32) (n = 32) F value † P value Age (yr) 81.0 ± 2.6 81.1 ± 2.8 81.0 ± 2.8 80.3 ± 3.3 0.530 0.662 Height (cm) 147.7 ± 5.4 147.8 ± 6.7 146.1 ± 5.5 144.3 ± 5.8 2.625","Table 1 Selected variable characteristics of participants at baseline by study group. 10.1371/journal.pone.0116256.t001 Table 1 Selected variable characteristics of participants at baseline by study group. Variables* Ex+MFGM Ex+Placebo MFGM Placebo Variables * (n = 33) (n = 33) (n = 32) (n = 32) F value † P value Age (yr) 81.0 ± 2.6 81.1 ± 2.8 81.0 ± 2.8 80.3 ± 3.3 0.530 0.662 Height (cm) 147.7 ± 5.4 147.8 ± 6.7 146.1 ± 5.5 144.3 ± 5.8 2.625 0.053 Body weight (kg) 46.1 ± 7.5 48.6 ± 9.0 47.1 ± 8.7 47.7 ± 8.7 0.503 0.681 Skeletal muscle mass (kg) 13.2 ± 1.5 13.8 ± 1.7 13.4 ± 1.7 13.4 ± 1.6 0.691 0.559 Leg muscle mass (kg) 10.1 ± 1.1 10.5 ± 1.3 10.1 ± 1.3 10.1 ± 1.2 0.789 0.502 Grip strength (kg) 17.1 ± 3.9 17.8 ± 2.8 17.5 ± 2.7 18.7 ± 3.2 1.523 0.212 Knee extension strength (N) 178.8 ± 55.2 179.1 ± 40.9 185.2 ± 52.1 184.7 ± 50.1 0.140 0.936 Usual walking speed (sec) 4.5 ± 0.9 4.6 ± 0.9 4.9 ± 1.2 4.7 ± 1.5 0.925 0.431 Timed up & go (sec) 7.7 ± 1.7 8.2 ± 2.0 8.8 ± 2.8 8.5 ± 3.5 1.096 0.354 BDNF (ng/ml) 6.6 ± 1.5 6.8 ± 1.4 6.9 ± 0.9 6.4 ± 1.3 1.167 0.325 Beta-2 microglobulin (mg/ml) 2.6 ± 1.0 2.5 ± 0.8 2.3 ± 0.8 2.6 ± 1.2 0.633 0.595 Myostatin (ng/ml) 54.9 ± 14.8 48.6 ± 11.7 51.6 ± 14.7 51.5 ± 15.5 0.902 0.443 (IGFBP-3/IGF-1)×100 5.4 ± 2.3 4.4 ± 2.1 3.9 ± 1.3 4.5 ± 1.7 2.602 0.056 Number of frailty criteria 3.8 ± 0.7 3.6 ± 0.7 3.7 ± 0.7 3.5 ± 0.6 1.429 0.237 Weight loss (%) 72.7 60.6 62.5 45.5 0.155 Exhaustion (%) 60.6 84.8 62.5 60.6 0.099 Low physical activity (%) 90.9 75.8 93.8 90.9 0.106 Low muscle strength (%) 69.7 72.7 65.6 63.6 0.861 Slow walking speed (%) 66.7 60.6 68.8 57.6 0.768 Number of frailty criteria (%) 6.956 0.325 Three 33.3 54.4 43.8 51.5 Four 48.5 30.3 40.6 45.5 Five 18.2 15.2 15.6 3.0 Osteoporosis, yes (%) 51.5 51.5 53.1 42.4 0.936 0.817 Knee osteoarthritis, yes (%) 24.2 21.2 34.4 36.4 2.652 0.448 Note: * Data are presented as M (mean) and SD (standard deviation) for continuous variables, and percentage for categorical variables. BDNF = brain derived neurotrophic factor, Ex = exercise group MFGM = milk fat globule membrane † One-way analysis of variance for continuous variables and chi-square test for categorical variables.
---TABLE---
Table 2 Comparison of muscle mass, physical function, and blood component variables among groups after 3-month intervention and follow-up. 10.1371/journal.pone.0116256.t002 Table 2 Comparison of muscle mass, physical function, and blood component variables among groups after 3-month intervention and follow-up. Variables * Group † Baseline Post intervention Follow-up GEE ‡ Post hoc analysis ＃ (P<0.05) (G×T) (P-value) Appendicular skeletal Ex+MFGM 13.20 ± 1.50 13.51 ± 1.61 13.64 ± 1.69 F = 0.956 muscle mass (kg) Ex+Placebo 13.86 ± 1.81 14.04 ± 1.77 14.31 ± 2.08 (0.416) MFGM 13.20 ± 1.79 13.27 ± 1.63 13.54 ± 1.76 Placebo 13.44 ± 1.74 13.55 ± 1.67 13.70 ± 1.75 Leg muscle mass Ex+MFGM 10.08 ± 1.17 10.30 ± 1.21 10.41 ± 1.36 F = 1.863 (kg) Ex+Placebo 10.57 ± 1.34 10.34 ± 2.40 10.93 ± 1.68 (0.140) MFGM 9.99 ±","Machine-assisted full-text mining supports extraction only; final inclusion, risk of bias, and numeric effects require author verification.",,,,,,
25387728,PMC4311184,10.1093/gerona/glu099,A physical activity intervention to treat the frailty syndrome in older persons-results from the LIFE-P study.,2015,"The journals of gerontology. Series A, Biological sciences and medical sciences",https://pubmed.ncbi.nlm.nih.gov/25387728/,community,resistance;multidomain,multidomain,pmc_fulltext_available,pmc_fulltext_mined_not_numeric_extracted,yes,yes,ok,data\raw\pmc_fulltext\PMC4311184.xml,frailty;gait_speed;grip_strength,yes,yes,no,yes,yes,yes,no,yes,no,no,no,no,no,0.0,"e and severity of frailty in a community-dwelling elders at risk of disability. Methods. Exploratory analyses from the Lifestyle Interventions and Independence for Elders pilot, a randomized controlled trial enrolling 424 community-dwelling persons (mean age=76.8 years) with sedentary lifestyle and at risk of mobility disability. Participants were randomized to a 12-m",nces and Medical Sciences 1079-5006 1758-535X Oxford University Press PMC4311184 PMC4311184.1 4311184 4311184 25387728 10.1093/gerona/glu099 1 Research Article A Physical Activity Intervention to Treat the Frailty Syndrome in Older Persons—Results From the LIFE-P Study Cesari Matteo 1 2 Vellas Bruno 1 2 Hsu Fang-Chi 3 Newman Anne B. 4 Doss Hani 5 King Abby C. 6 Manini T,,"Methods. Exploratory analyses from the Lifestyle Interventions and Independence for Elders pilot, a randomized controlled trial enrolling 424 community-dwelling persons (mean age=76.8 years) with sedentary lifestyle and at risk of mobility disability. Participants were randomized to a 12-month PA intervention versus a successful aging education group. The frailty phenotype (ie, ≥3 of the following defining criteria: involuntary weight loss, exhaustion, sedentary behavior, slow gait speed, poor handgrip strength) was measured at baseline, 6 months, and 12 months. Repeated measures generalized linear models were conducted.","Results. A significant ( p = .01) difference in frailty prevalence was observed at 12 months in the PA intervention group (10.0%; 95% confidence interval = 6.5%, 15.1%), relative to the successful aging group (19.1%; 95% confidence interval = 13.9%,15.6%). Over follow-up, in comparison to successful aging participants, the mean number of frailty criteria in the PA group was notably reduced for younger subjects, blacks, participants with frailty, and those with multimorbidity. Among the frailty criteria, the sedentary behavior was the one most affected by the intervention.",,"Machine-assisted full-text mining supports extraction only; final inclusion, risk of bias, and numeric effects require author verification.",,,,,,
24951180,PMC4080753,10.1186/1471-2318-14-78,An individually-tailored multifactorial intervention program for older fallers in a middle-income developing country: Malaysian Falls Assessment and Intervention Trial (MyFAIT).,2014,BMC geriatrics,https://pubmed.ncbi.nlm.nih.gov/24951180/,community,balance;digital_home;multidomain,multidomain,pmc_fulltext_available,pmc_fulltext_mined_not_numeric_extracted,yes,yes,ok,data\raw\pmc_fulltext\PMC4080753.xml,frailty;grip_strength;adl;falls;quality_of_life;adherence;adverse_events,yes,yes,yes,no,yes,no,no,yes,yes,yes,yes,yes,yes,0.0,"ound In line with a rapidly ageing global population, the rise in the frequency of falls will lead to increased healthcare and social care costs. This study will be one of the few randomized controlled trials evaluating a multifaceted falls intervention in a low-middle income, culturally-diverse older Asian community. The primary objective of our paper is to evaluate",geri BMC Geriatrics 1471-2318 BMC PMC4080753 PMC4080753.1 4080753 4080753 24951180 10.1186/1471-2318-14-78 1471-2318-14-78 1 Study Protocol An individually-tailored multifactorial intervention program for older fallers in a middle-income developing country: Malaysian Falls Assessment and Intervention Trial (MyFAIT) Tan Pey June 1 peyjune@gmail.com Khoo Ee Ming 2 khooem@,"ments. Fallers will be randomized into 2 groups: to receive tailored multifactorial interventions (intervention group); or given lifestyle advice with continued conventional care (control group). Multifactorial interventions will target 6 specific risk factors. All participants will be re-assessed after 12 months. The primary outcome measure will be fall recurrence, meas","Methods Three hundred community-dwelling older Malaysian adults with a history of (i) two or more falls, or (ii) one injurious fall in the past 12 months will be recruited. Baseline assessment will include cardiovascular, frailty, fracture risk, psychological factors, gait and balance, activities of daily living and visual assessments. Fallers will be randomized into 2 groups: to receive tailored multifactorial interventions (intervention group); or given lifestyle advice with continued conventional care (control group). Multifactorial interventions will target 6 specific risk factors. All participants will be re-assessed after 12 months. The primary outcome measure will be fall recurrence, measured with monthly falls diaries. Secondary outcomes include falls risk factors; and psychological measures including fear of falling, and quality of life.
Methods/Design Trial design This study is a pragmatic single-blind (assessor) randomized controlled trial of an individually-tailored multifactorial intervention for older Malaysian fallers. The study will be aptly named the Malaysian Falls Assessment and Intervention Trial (MyFAIT). The CONSORT statement is used as a guideline to design the flow of participants’ progress through the study (see attached Figure 1 ). Figure 1 The Malaysian Falls and Intervention Trial (MyFAIT) flowchart. Ethics approval This study has received ethics committee approval from the University of Malaya Medical Ethics Committee. All potential participants will be provided with a plain language statement, and a detailed explanation of what participation in the study involves. Written consent will be taken from all individuals who agree to be involved in the study. Participant recruitment and randomization The inclusion criteria will consist of particip",,,"Machine-assisted full-text mining supports extraction only; final inclusion, risk of bias, and numeric effects require author verification.",,,,,,
24742587,PMC4146519,10.1093/ageing/afu033,The Home-based Older People's Exercise (HOPE) trial: a pilot randomised controlled trial of a home-based exercise intervention for older people with frailty.,2014,Age and ageing,https://pubmed.ncbi.nlm.nih.gov/24742587/,home,digital_home,digital_home_unclear_intervention,pmc_fulltext_available,pmc_fulltext_mined_not_numeric_extracted,yes,yes,ok,data\raw\pmc_fulltext\PMC4146519.xml,frailty;adl;falls;quality_of_life;adherence;adverse_events,yes,yes,yes,yes,yes,no,no,no,yes,yes,yes,yes,yes,3.0,PMC4146519.1 4146519 4146519 EMS59308 24742587 10.1093/ageing/afu033 EMS59308 WTPA59308 WTMS59308 UKMS59308 1 Article The Home-based Older People’s Exercise (HOPE) trial: a pilot randomised controlled trial of a home-based exercise intervention for older people with frailty 16 4 2014 9 2014 43 5 241997 687 695 26 06 2014 01 03 2015 01 03 2015 20 02 2015 18 06 2024 Th,lection-title UKPMC Funders Author Manuscripts PMC4146519 PMC4146519.1 4146519 4146519 EMS59308 24742587 10.1093/ageing/afu033 EMS59308 WTPA59308 WTMS59308 UKMS59308 1 Article The Home-based Older People’s Exercise (HOPE) trial: a pilot randomised controlled trial of a home-based exercise intervention for older people with frailty 16 4 2014 9 2014 43 5 241997 687 695,"me and receiving case manager care, being housebound or attending day centres in Bradford, UK. Intervention participants received the HOPE programme; control participants received usual care. Objectives were to gather process, resource, management and scientific data to inform the design of a definitive trial. Primary outcome was mobility, measured using the timed-up-","Methods We tested feasibility of the HOPE programme in a two arm, assessor blind pilot RCT. Eligibility criteria included living at home and receiving case manager care, being housebound or attending day centres in Bradford, UK. Intervention participants received the HOPE programme; control participants received usual care. Objectives were to gather process, resource, management and scientific data to inform the design of a definitive trial. Primary outcome was mobility, measured using the timed-up-and-go test (TUGT). Secondary outcomes were activities of daily living, health related quality of life and depression. Participants were stratified by baseline TUGT score. Randomisation was by the University of Leeds Clinical Trials Research Unit.
Methodology A detailed description of the trial methodology has been provided elsewhere ( 14 ) and an overview is outlined here. Trial methods were informed by international guidelines on designing RCTs of interventions to prevent functional decline in older people with frailty ( 15 ). Design A two arm, assessor blind pilot RCT comparing the effectiveness of the HOPE programme with usual care. Eligibility criteria and recruitment methods A particular challenge of frailty research is recruiting an appropriate study population. A key objective for this pilot trial was to investigate methods of recruiting older people with frailty. Our approach was to use eligibility criteria to exclude the robust and then measure frailty in those who were recruited ( 15 ). Our eligiblity criteria were; people living at home and under the care of a case manager or community matron; the housebound (identified through Read code searching of general practitioner (GP) registers of National Institute for Health Research (NIHR) ‘Research Ready’ GP practices)","Results 84 participants were recruited. 45 were randomised to intervention and 39 to control. 40 intervention participants and 30 control participants were included in the intention-to-treat analysis. There was a non-significant trend towards a clinically important improved outcome in the intervention group (mean adjusted between group difference in TUGT 28.6s, 95% CI −8.5, 65.9s). There were no differences in secondary outcomes.
Results Trial recruitment Between July 2010 and November 2011 474 potential participants were contacted to assess for eligibility and 84 (18%) were recruited. 45 were randomised to intervention and 39 to control. Seven participants withdrew from the trial, three were lost to follow-up and four participants died. Follow-up information is therefore available for 70 participants (83% of those randomised; 40 intervention participants and 30 control participants) (CONSORT diagram, figure 2 ). Web table 1 summarises recruitment rates from different sources. Baseline characteristics The mean age of participants was 79 years (standard deviation, SD, 9.2 years) and 71% were female. No important differences in baseline characteristics were identified ( table 1 ). The mean baseline EFS was 8.1 (SD 2.6). The overall mean baseline TUGT for all the participants was 51.0 seconds (SD 63.6 seconds). Intervention completion rates and participant adherence 28 participants in the intervention group (70%) completed the 12 week programme. Seven participants (18%) dropped out from the intervention, four participants were considered by the physiotherapist to have rehabilitation needs that were not provided by the HOPE programme and one relative withdrew a participant with moderate dementia, as they were non-compliant. Adherence diaries were returned by 27 of the 28 pa","Web table 1 Recruitment rates from different sources Web table 1 Recruitment rates from different sources Method of identification Number approached Number recruited Recruitment rate Outpatient clinic 3 1 0.33 Case manager 174 54 0.31 Day centre 54 9 0.17 Respite care 16 3 0.16 Intermediate care 37 4 0.11 GP practice 182 13 0.07 Assisted living housing 8 0 0
---TABLE---
Table 1 Baseline characteristics. Table 1 Baseline characteristics. Characteristic Intervention Group (n = 45) Control Group (n = 39) Age - years, mean (SD) 79.4 (7.9) 78.0 (10.5) Sex, no. (%) female 33 (73%) 27 (69%) male 12 (27%) 12 (31%) Ethnicity, no. (%) Caucasian 38 (84%) 33 (85%) Asian 7 (16%) 6 (15%) Living circumstances, no. (%) living alone 24 (53%) 17 (44%) living with spouse/partner 14 (31%) 11 (28%) living with family 7 (16%) 11 (28%) Mobility aid used * , no. (%) independent 20 (45%) 20 (51%) walking stick(s) 15 (35%) 10 (26%) Zimmer frame 6 (15%) 6 (15%) 3/4-wheeled walker 2 (5%) 3 (8%) Charlson comorbidity index, mean (SD) 2.4 (1.9) 2.8 (2.1) TUGT (seconds), mean (SD) 50.9 (62.0) 51.2 (66.2) Stratification level, no. (%) Level 1 (≥ 30 seconds on TUGT) 21 (47%) 19 (49%) Level 2 (20-29 seconds on TUGT) 11 (24%) 9 (23%) Level 3 (0-19 seconds on TUGT) 13 (29%) 11 (28%) Edmonton frail scale, mean (SD) 7.8 (2.4) 8.3 (2.7) Barthel index, mean (SD) 15.8 (3.6) 15.6 (3.9) Mini-mental state examination, mean (SD) 25.7 (4.7) 24.4 (4.7) Geriatric depression scale, mean (SD) 3.6 (2.6) 4.8 (2.9) * - numbers do not add up to totals due to missing data Key: SD, standard deviation; TUGT, timed-up-and-go test
---TABLE---
Table 2 Unadjusted and adjusted mean between-group differences in the primary and secondary outcomes. To control for baseline imbalances, data were adjusted using analysis of covariance (ANCOVA) tests. Data are presented for the 70 participants for whom both baseline and follow-up data were available. Table 2 Unadjusted and adjusted mean between-group differences in the primary and secondary outcomes. To control for baseline imbalances, data were adjusted using analysis of covariance (ANCOVA) tests. Data are presented for the 70 participants for whom both baseline and follow-up data were available. Outcome measure Intervention group (mean (SD)), n=40 Control group (mean (SD)), n=30 Unadjusted between-group differences (mean (95% CI)) Adjusted between-group differences (mean (95% CI)) Baseline Follow-up Change Baseline Follow-up Change Timed-up-and-go test (seconds) 52.0 (62.4) 62.4 (77.7) −10.4 (64.0) 57.9 (74.1) 97.0 (116.7) −39.1 (90.6) 28.7 (−8.2, 65.5) 28.7 (−8.5, 65.9) Barthel Index 15.9 (3.7) 15.6 (4.0) −0.3 (2.4) 15.8 (4.1) 15.0 (4.0) −0.8 (3.1) 0.6 (−0.7, 1.8) 0.6 (−0.7, 1.8) EQ-5D 0.53 (0.30) 0.51 (0.34) −0.02 (0.30) 0.52 (0.25) 0.46 (0.26) −0.06 (0.23) 0.04 (−0.04, 0.06) 0.04 (−0.09, 0.18) GDS 3.8 (2.7) 3.4 (3.3) 0.4 (2.0) 5.0 (3.2) 4.8 (3.0) 0.2 (3.2) 0.2 (−1.1, 1.5) 0.2 (−1.1, 1.5) Key: SD, standard deviation; CI, confidence interval; EQ-5D, EuroQol Group","Machine-assisted full-text mining supports extraction only; final inclusion, risk of bias, and numeric effects require author verification.",,,,,,
23009149,PMC3490887,10.1186/1471-2318-12-58,A pilot randomized controlled trial to improve geriatric frailty.,2012,BMC geriatrics,https://pubmed.ncbi.nlm.nih.gov/23009149/,community,nutrition;digital_home,nutrition_only,pmc_fulltext_available,pmc_fulltext_mined_not_numeric_extracted,yes,yes,ok,data\raw\pmc_fulltext\PMC3490887.xml,frailty;grip_strength;adl;falls;quality_of_life;adherence,yes,yes,yes,yes,yes,no,no,yes,yes,yes,yes,yes,no,4.0,BMC Geriatr BMC Geriatr 33 bmcgeri BMC Geriatrics 1471-2318 BMC PMC3490887 PMC3490887.1 3490887 3490887 23009149 10.1186/1471-2318-12-58 1471-2318-12-58 1 Research Article A pilot randomized controlled trial to improve geriatric frailty Chan Ding-Cheng Derrick 1 doctord6226@yahoo.com Tsou Hsiao-Hui 6 tsouhh@nhru.org.tw Yang Rong-Sen 2 rsyang@ntuh.gov.tw Tsauo Jau-Yih,"ich permits unrestricted use, distribution, and reproduction in any medium, provided the original work is properly cited. Background Few randomized controlled trials (RCTs) report interventions targeting improvement of frailty status as an outcome. Methods This RCT enrolled 117 older adults (65-79 years of age) in Toufen, Taiwan who scored 3-6 on The Chinese Canadian St","-month) and less deterioration (−3.5 ± 9.7 vs −7.1 ± 8.7, p = 0.036, 12-month) of dominant leg extension power than non-PST subjects. Some secondary outcomes were also improved in control groups (non-EN or non-PST). No adverse effects were reported. Conclusions The three-month EN intervention resulted in short-term (3-month) frailty status improvement and long-term effec","Methods This RCT enrolled 117 older adults (65-79 years of age) in Toufen, Taiwan who scored 3-6 on The Chinese Canadian Study of Health and Aging Clinical Frailty Scale Telephone Version and then score ≥1 on the Cardiovascular Health Study Phenotypic Classification of Frailty (CHS_PCF). With a two by two factorial design, subjects were randomly assigned to interventions (Exercise and nutrition, EN, n = 55 or problem solving therapy, PST, n = 57) or controls (non-EN, n = 62 or non-PST, n = 60). Educational booklets were provided to all. EN group subjects received nutrition consultation and a thrice-weekly exercise-training program while PST group subjects received 6 sessions in 3 month. Subjects were followed at 3, 6, and 12 months. Primary outcome was improvement of the CHS_PCF by at least one category (from pre-frail to robust, or from frail to pre-frail or robust) from baseline assessments. One hundred and one completed final assessments. Intention-to-treat analysis with the generalized estimating equation model was applied with adjustment for time and treatment-by-time interactions.
Methods A single site randomized controlled trial was conducted with a 3-month interventions and a 12-month follow-up period after baseline assessments on Taiwanese older adults with high frailty risk (Figure 1 ). The study was approved in 2008 by the Institutional Review Board of the National Health Research Institutes (NHRI), Zhunan, Taiwan. Figure 1 Flow chart. Recruitment and eligibility Participants were enrolled after a telephone interview screening followed by a hospital screening. Our target population was community-dwelling older adults from 65 to 79 years of age in Toufen Township (N = 6,828). The Chinese Canadian Study of Health and Aging Clinical Frailty Scale Telephone Versi","Results Mean age was 71.4 ± 3.7 years, with 59% females. Baseline characteristic were generally comparable between groups. EN group subjects had a higher improvement rate on the primary outcome than non-EN group subjects (45% vs 27%, adjusted p = 0.008) at 3 months, but not 6 or 12 months. They also had more increase of serum 25(OH) vitamin D level (4.9 ± 7.7 vs 1.2 ± 5.4, p = 0.006) and lower percentage of osteopenia (74% vs 89% p = 0.042) at 12 months. PST group subjects had better improvement (2.7 ± 6.1 vs 0.2 ± 6.7, p = 0.035, 6-month) and less deterioration (−3.5 ± 9.7 vs −7.1 ± 8.7, p = 0.036, 12-month) of dominant leg extension power than non-PST subjects. Some secondary outcomes were also improved in control groups (non-EN or non-PST). No adverse effects were reported.
Results Participant flow From the 6,828 target population, the probability-proportional-to-size (PPS) sampling approach was employed to select 2,900 population-representative random samples for first-stage screening. However, only 845 completed the telephone interview, 548 of whom were eligible for second-stage screening. Half (N = 275) signed the informed consents and were screened at the hospital. The recruitment period was roughly 3 months. Following the 2 by 2 factorial design protocol, 117 out of the 151 eligible subjects were randomized into 4 groups: A (EN/PST), B(EN/non-PST), C(non-EN/PST), and D(non-EN/non-PST). Group A and B were combined into the EN group (N = 55) while group C and D were combined into the non-EN group (N = 62). Similarly, Group A and C became the PST group (N = 57) while group B and D were the non-PST group (N = 60). Eighteen of the 55 EN group subjects attended at least 50% of the 36 intervention sessions while 16 of the 57 PST subjects completed the 6 courses. At 12 ","Table 1 The modified Cardiovascular Health Study_ Phenotypic Classification of Frailty (CHS_PCF) criteria Table 1 The modified Cardiovascular Health Study_ Phenotypic Classification of Frailty (CHS_PCF) criteria Characteristics Definition Weight loss Unintentional weight loss of more than 3 kg, or greater than 5% of body weight of the previous year Exhaustion Based on the Center for Epidemiologic Studies Depression Scale (CES-D). Self-report of either of: “I felt that everything I did was an effort” and “I could not get going.” were at least occasionally or more frequent Low activity level Based on the Taiwan International Physical Activity Questionnaire Short Form (IPAQ-SF). Weekly energy expenditure for activities ≧ 2 metabolic equivalent tasks (METs) of fewer than 383 kcal for men and 270 kcal for women Slowness Five-meter walking time, by gender and height: Men: time ≧7 s for height ≦ 173 cm or time ≧ 6 s for height > 173 cm Women: time ≧ 7 s for height ≦ 159 cm or time ≧ 6 s for height > 159 cm Weakness Grip strength (kg), 3 measurements of the dominant hand from a dynamometer (North Coast Medical Precision Instrument, NC70142), stratified by gender and body mass index (BMI) quartiles: Men: ≦ 29 kg for BMI ≦ 24 kg/m 2 , ≦30 kg for BMI 24.1-26 kg/m 2 , ≦30 kg for BMI 26.1-28 kg/m 2 , ≦32 kg for BMI > 28 kg/m 2 Women: ≦ 17 kg for BMI ≦ 23 kg/m 2 , ≦ 17.3 kg for BMI 23.1-26 kg/m 2 , ≦18 kg for BMI 26.1-29 kg/m 2 , ≦21 kg for BMI > 29 kg/m 2 Overall frailty status Robust: 0 indicator was present. Pre-frail: 1 or 2 indicators were present. Frail: ≧ 3 indicators were present
---TABLE---
Table 2 Baseline Characteristics of the Participants, Total Patient Number = 117 Table 2 Baseline Characteristics of the Participants, Total Patient Number = 117 Characteristics EN (N = 55) Non-EN (N = 62) P-value ‡ PST (N = 57) Non-PST (N = 60) P-value ‡ n (%) mean ± sd † n (%) mean ± sd † n (%) mean ± sd † n (%) mean ± sd † Frailty-Related Characteristics CCSHA_CFS TV well, with treated co-morbid diseases (3) 24 (44) 23 (37 ) 0.719 24 (42) 23 (38) 0.755 apparently vulnerable (4) 25 (45) 30 (48) 27 (47) 28 (7) mildly frail (5) + moderately frail (6) 6 (11) 9 (15) 6 (11) 9 (15) CHS_PCF categorization pre-frail (1–2) 46 (84) 56 (90) 0.280 48 (84) 54 (90) 0.349 frail (3–5) 9 (16) 6 (10) 9 (16 ) 6 (10 ) CHS_PCF characteristics Weight loss (yes) 18 (33) 12 (19) 0.098 12 (21 ) 18 (3) 0.268 Exhaustion (yes) 25 (45 ) 23 (37) 0.359 22 (39) 26(43) 0.603 Low activity level (yes) 3 (5) 6 (10) 0.498 5(9) 4(7) 0.739 Slowness (yes) 10(18) 12(9) 0.871 15 (26) 7 (12) 0.043 Weakness (yes) 33 (60) 50 (81) 0.014 42 (74) 41 (68) 0.524 Demographics Age (y/o) 70.9 ± 3.7 71.9 ± 3.7 0.158 71.5 ±3.7 71.3 ± 3.9 0.673 Female sex 33(60) 36(58) 0.832 33(58) 36 (60) 0.817 Health-Related Characteristics Number of chronic conditions § (N = 114) 4.0 ± 2.1 3.1 ± 2.2 0.022 3.8 ± 2.4 3.2 ± 1.9 0.184 MMSE 24.8 ± 3.9 24.1 ± 3.9 0.358 24.7 ± 3.8 24.2 ± 4.0 0.552 PRIME-MD 2.1 ± 3.2 2.8 ± 3.5 0.229 2.7 ± ","Machine-assisted full-text mining supports extraction only; final inclusion, risk of bias, and numeric effects require author verification.",,,,,,
22499461,PMC12878082,10.1007/s12603-011-0352-6,Efficacy of a home-based intervention programme on the physical activity level and functional ability of older people using domestic services: a randomised study.,2012,"The journal of nutrition, health & aging",https://pubmed.ncbi.nlm.nih.gov/22499461/,home,balance;aerobic_walking;nutrition;digital_home,exercise_plus_nutrition,pmc_fulltext_available,pmc_fulltext_mined_not_numeric_extracted,yes,yes,ok,data\raw\pmc_fulltext\PMC12878082.xml,frailty;gait_speed;adl;falls;quality_of_life;adherence;adverse_events,yes,yes,yes,yes,yes,yes,no,no,yes,yes,yes,yes,yes,3.0,der People Using Domestic Services Efficacy of a home-based intervention programme on the physical activity level and functional ability of older people using domestic services: A randomised study Bonnefoy Marc marc.bonnefoy@chu-lyon.fr 1 2 3 6 a Boutitie F. 5 Mercier C. 5 Gueyffier F. 4 Carre C. 4 Guetemme G. 4 Ravis B. 4 Laville M. 2 3 Cornu C. 4 1 Service de Médeci,"pmc J Nutr Health Aging J Nutr Health Aging 4760 jnha The Journal of Nutrition, Health & Aging 1279-7707 1760-4788 Elsevier PMC12878082 PMC12878082.1 12878082 12878082 22499461 10.1007/s12603-011-0352-6 S1279-7707(23)01561-0 1 Physical Activity Level and Fun",ing (LADL) scores were 6 and 7 respectively. Twenty-three (44%) were good compilers for both interventions. The maximum walking time remained stable while decreasing by 25% in the control group (p=0.0015); and fewer participants had a worsened IADL score in the prevention group (p=0.05). The baseline IADL Score was significantly associated with good compliance to the pre,"Participants The participants were all over 78 years old, lived independently at home, and received the visits of HHs at least once a week.
Intervention The intervention combined a self-administered exercise program, with 10 g amino-acid supplementation under the supervision of HHs.
Methods Participants Participants were eligible if they were over 80 years, lived in the community, were able to walk without assistance at home received assistance from an association for not more than one to two hours per week and were at risk of becoming frail. Participants were considered at an increased risk of becoming frail when they had either a slow gait speed of less than 0.8 m/s according to the IANA task force ( 26 ) and/or a PASE score of less than 64 for men and 52 for women ( 27 ). Participants were not eligible: if they had experienced a cardiovascular event within the last three months; if they had a history of bone fracture, hospitalization, uncontrolled hypertension, dementia, or a rapidly evolving disease; if they were under the protection of the law, unable to give informed consent; or if their proxy or treating physician did not agree to let them participate. Study procedures Details on recruitment and the study protocol have been published elsewhere ( 28 ). study personnel were made up of representatives and HHs from associations involved in home assistance for the elderly. Their role was to help recruit people for participation in the trial and encourage them to exercise and take protein supplements. When a potential participant was identified by a HH, a study nurse visited the participant at home, explained the study in more detail, verified eligibility criteria, and encouraged them to discuss their participation with their family and physicians. During the second ho","Results One hundred and two persons (prevention n=53, control n=49) with a median age of 85 years were included. Their median Activities of Daily Living and Instrumental Activities of Daily Living (LADL) scores were 6 and 7 respectively. Twenty-three (44%) were good compilers for both interventions. The maximum walking time remained stable while decreasing by 25% in the control group (p=0.0015); and fewer participants had a worsened IADL score in the prevention group (p=0.05). The baseline IADL Score was significantly associated with good compliance to the prevention program (p=0.0011). In good compliers, maximum walking distance and maximum walking time increased by 29.15% (0.0 to 66.7) and 33.3% (−20.0 to 50.0) respectively.
Results Between 5 February and 6 December 2002, 102 participants, 53 in the “Prevention” group, and 49 in the control group, were enrolled. Fifty-five study HHs were in charge of elderly participants. Fourteen percent had university degrees, 48% ascertained to have a vocation for home helping with a mean of 12 years of experience in the same association. Their mean age was 47 years (SD 9). Immediately after randomisation, three participants randomised in the “prevention” group refused to follow the exercise program, because of fatigue or lack of interest. One participant refused the final evaluation visits by the study nurse and physiotherapist. One participant was included even though he was 78 years of age (protocol violation). He was kept in the final analysis. The baseline characteristics of participants are shown in Table 1 . The overall median age of participants was 84 years. They all lived independently at home. Participants in the prevention group received an average of 1.75 visits per week. The control group received an average of 2.02 H","Table 1 Baseline characteristics of participants Table 1 Baseline characteristics of participants Prevention group n = 53 Control group n = 49 P median (1st; 3rd quartiles) Age 84 (78; 97) 84 (77; 94) 0.84 Body Mass Index (KG / m 2 ) 24.3 (21.0; 27.0) 25.0 (23.5; 28.7) 0.083 Fat free mass (%) 0.54 (0.52; 0.59) 0.55 (0.51; 0.64) 0.73 N (%) Male 4 (7.5) 10 (20.4) 0.08 Living alone 44 (83.0) 40 (81.6) 0.99 Chronic diseases 0 5 (9.4%) 10 (20.4%) 1 20 (37.7%) 13 (26.5%) 0.23 2 or more 28 (52.8 %) 26 (53.0 %) Hospitalized in 4 (7.5%) 6 (12.2%) 0.51 previous 6 months Infection in previous 23 (43.4%) 27 (55.1%) 0.32 6 months Falls in previous 6 months 17 (32.1%) 19 (38.8%) 0.54 More than 4 long-term medications 43 (81.1 %) 27 (57.4 %) 0.018 median (1st; 3rd quartiles) ADL Score 6 (5.5; 6) 6 (5.5; 6) 0.80 IADL Score 7 (6; 8) 7 (5; 8) 0.45 Mini nutritional 25.8 (23.3; 27.0) 26.0 (24.0; 27.5) 0.21 assessment Dietary intake 28.2 (22.1; 23.9) 25.8 (20.9; 34.4) 0.78 Energy (kcal/kg/d) Carbohydrates 3.7 (3.1; 5.0) 3.94 (2.2; 5.0) 0.65 (g/kg/d) Dietary fat (g/kg/d) 0.8 (0.6; 1.2) 0.89 (0.7; 1.1) 0.66 Protein intake 1.1 (0.9; 1.4) 1.1 (0.8; 1.3) 0.61 (g/kg/d) PASE Score 33.6 (30.0; 65.5) 33.6 (27.1; 55.0) 0.17 Maximum walking 1000 (450; 1750) 1000 (300; 2000) 0.83 distance (m) Maximum 30 (15; 60) 30 (15; 60) 0.56 walking time (mn) Get up and go test (mn) 21 (18; 27) 23 (17; 36) 0.46 Walking speed (m/s) 0.7 (0.50; 0.9) 0.55 (0.4; 0.9) 0.44 Measured for six meters, at normal speed.
---TABLE---
Table 2 Four-month relative variation of the primary outcomes (% from baseline, 1st; 3rd quartiles) Table 2 Four-month relative variation of the primary outcomes (% from baseline, 1st; 3rd quartiles) Prevention n = 53 Control n = 49 P P§ Primary outcome PASE Score (n = 97) 0.0 (−20.9;6.0) 0.0 (−16.7;31.7) 0.42 0.59 Maximum walking distance (n = 54) 0.0 (−55.0; 33.3) −16.7 (−40.0; 0.0) 0.40 0.22 Maximum walking time (n = 94) 0.0 (−33.3; 50.0) −25.0 (−50.0; 0.0) 0.009 0.015 Body Mass Index (n = 97) 0.0 (−2.4;2.2) 0.8 (−1.3;2.2) 0.17 0.026 Fat free mass (n = 84) −1.50 (−5.9;5.7) 0.0 (−5.4;3.9) 0.93 0.51 Fat free mass (n = 84) 0.4 (−4.7;6.8) −0.4 (−6.2;2.6) 0.32 0.32 Mini Nutritional Assessment (n = 91) 0.0 (−5.9;6.0) −1.9 (−5.4;5.8) 0.95 0.09 Weekly walking time (n = 101) 0.0 (−38.7; 60.7) 8.4 (−50.0; 133.3) 0.36 0,65 Weekly house working time (n = 101) 0.0 (−26.0; 100.0) 0.0 (−41.7; 100.0) 0.53 0.85 Get up and go test (n = 96) 5.45 (−17.2; 13.2) 0.0 (−11.5; 15.5) 0.73 0.55 Time for 6-step raise (n = 69) 0.0 (0.0; 16.7) 0.0 (−16.7; 25.0) 0.56 0.44 Number chair rise in 1 min (n = 93) 0.0 (−18.2; 18.2) 0 (−16.7; 15.4) 0.71 0.79 Walking speed (m/s, n = 96) 0.0 (−13.7; 16.1) 0.0 (−19.5; 15.9) 0.71 0.82 ADL Scoret (% degradation, n = 98) 9 (17.3 %) 6 (13.0 %) 0.59 0.73 IADL Scoret (% degradation, n = 91) 11 (22.9 %) 15 (34.9 %) 0.25 0.05 PASE physical activity scale for older people; † Activities of Daily Living scale, ranging from 0 (totally dependent) to 6 (totally independent); ‡ ","Machine-assisted full-text mining supports extraction only; final inclusion, risk of bias, and numeric effects require author verification.",,,,,,
21449785,PMC3114602,10.1056/NEJMoa1008234,"Weight loss, exercise, or both and physical function in obese older adults.",2011,The New England journal of medicine,https://pubmed.ncbi.nlm.nih.gov/21449785/,unclear,resistance;balance;digital_home,exercise_only,pmc_fulltext_available,pmc_fulltext_mined_not_numeric_extracted,yes,yes,ok,data\raw\pmc_fulltext\PMC3114602.xml,frailty;gait_speed;sppb;adl;falls;quality_of_life;adherence;adverse_events,yes,yes,yes,yes,yes,yes,yes,no,yes,yes,yes,yes,yes,2.0,"he age-related decline in physical function and causes frailty in older adults; however, the appropriate treatment for obese older adults is controversial. METHODS In this 1-year, randomized, controlled trial, we evaluated the independent and combined effects of weight loss and exercise in 107 adults who were 65 years of age or older and obese. Participants were rando","yes pmc-collection-title NIHPA Author Manuscripts PMC3114602 PMC3114602.1 3114602 3114602 NIHMS287231 21449785 10.1056/NEJMoa1008234 NIHMS287231 NIHPA287231 1 Article Weight Loss, Exercise, or Both and Physical Function in Obese Older Adults Villareal Dennis T. M.D. Chode Suresh M.D. Parimi Nehu M.D. Sinacore David R. P.T., Ph.D. Hilton Tiffany P.T., Ph.D. Armamento",", we evaluated the independent and combined effects of weight loss and exercise in 107 adults who were 65 years of age or older and obese. Participants were randomly assigned to a control group, a weightmanagement (diet) group, an exercise group, or a weight-management-plus-exercise (diet–exercise) group. The primary outcome was the change in score on the modified Physic","METHODS In this 1-year, randomized, controlled trial, we evaluated the independent and combined effects of weight loss and exercise in 107 adults who were 65 years of age or older and obese. Participants were randomly assigned to a control group, a weightmanagement (diet) group, an exercise group, or a weight-management-plus-exercise (diet–exercise) group. The primary outcome was the change in score on the modified Physical Performance Test. Secondary outcomes included other measures of frailty, body composition, bone mineral density, specific physical functions, and quality of life.
METHODS STUDY OVERSIGHT We conducted the study from April 2005 through August 2009 at the Washington University School of Medicine. The study was approved by the institutional review board and was monitored by an independent data and safety monitoring board. The protocol, including the statistical analysis plan, is available with the full text of this article at NEJM.org. All the authors vouch for the data and analyses, as well as the fidelity of the study to the protocol. The first author wrote the first draft of the manuscript; all the authors participated in writing subsequent drafts and made the decision to submit the manuscript for publication. PARTICIPANTS Volunteers were recruited through advertisements, and each participant provided written informed consent. Potential participants underwent a comprehensive medical screening procedure. Volunteers were eligible for inclusion in the study if they were 65 years of age or older and obese (BMI [the weight in kilograms divided by the square of the height in meters] of 30 or more), if they had a sedentary lifestyle, if their body weight had been stable during the previous year (i.e., had not fluctuated more than 2 kg), and if their medicati","RESULTS A total of 93 participants (87%) completed the study. In the intention-to-treat analysis, the score on the Physical Performance Test, in which higher scores indicate better physical status, increased more in the diet–exercise group than in the diet group or the exercise group (increases from baseline of 21% vs. 12% and 15%, respectively); the scores in all three of those groups increased more than the scores in the control group (in which the score increased by 1%) (P<0.001 for the between-group differences). Moreover, the peak oxygen consumption improved more in the diet–exercise group than in the diet group or the exercise group (increases of 17% vs. 10% and 8%, respectively; P<0.001); the score on the Functional Status Questionnaire, in which higher scores indicate better physical function, increased more in the diet–exercise group than in the diet group (increase of 10% vs. 4%, P<0.001). Body weight decreased by 10% in the diet group and by 9% in the diet–exercise group, but did not decrease in the exercise group or the control group (P<0.001). Lean body mass and bone mineral density at the hip decreased less in the diet–exercise group than in the diet group (reductions of 3% and 1%, respectively, in the diet–exercise group vs. reductions of 5% and 3%, respectively, in the diet group; P<0.05 for both comparisons). Strength, balance, and gait improved consistently in the diet–exercise group (P<0.05 for all comparisons). Adverse events included a small number of exercise-associated musculoskeletal injuries.
RESULTS STUDY POPULATION A total of 107 volunteers underwent randomization; 93 (87%) completed the study ( Fig. 1 ). Fourteen participants discontinued the intervention and were included in the intention-to-treat analyses (13 provided follow-up data at 6 mo","Table 1 Baseline Characteristics of Participants. ✲ Table 1 Baseline Characteristics of Participants. ✲ Characteristic Control (N = 27) Diet (N = 26) Exercise (N = 26) Diet–Exercise (N = 28) P Value Age — yr 69±4 70±4 70±4 70±4 0.85 Sex — no. (%) Male 9 (33) 9 (35) 10 (38) 12 (43) 0.89 Female 18 (67) 17 (65) 16 (62) 16 (57) Race — no. (%) † White 22 (81) 23 (88) 21 (81) 25 (89) 0.78 Black 4 (15) 3 (12) 4 (15) 3 (11) Other 1 (4) 0 1 (4) 0 Education — no. (%) Less than college degree 9 (33) 7 (27) 7 (27) 9 (32) 0.85 College degree 13 (48) 15 (58) 10 (38) 9 (32) Graduate school 5 (19) 4 (15) 9 (35) 10 (36) Marital status — no. (%) Single 1 (4) 3 (12) 2 (8) 2 (7) 0.73 Married 19 (70) 19 (73) 13 (50) 16 (57) Divorced 2 (8) 2 (8) 6 (23) 5 (18) Widowed 5 (19) 2 (8) 5 (19) 5 (18) Weight — kg 101.0±16.3 104.1±15.3 99.2±17.4 99.1±16.8 0.66 Body-mass index ‡ 37.3±4.7 37.2±4.5 36.9±5.4 37.2±5.4 0.93 Chronic diseases — no. 2.2±1.2 2.2±1.4 2.0±1.3 2.2±1.3 0.93 Routine medications — no. 4.6 ±2.6 3.3±2.3 4.7±2.5 4.1±2.8 0.24 ✲ Plus–minus values are means ±SD. † Race was self-reported. ‡ The body-mass index is the weight in kilograms divided by the square of the height in meters.
---TABLE---
Table 2 Effect of Diet, Exercise, or Both on Primary and Secondary Outcome Variables in Obese Older Adults. ✲ Table 2 Effect of Diet, Exercise, or Both on Primary and Secondary Outcome Variables in Obese Older Adults. ✲ Outcome Variable Control (N = 27) Diet (N = 26) Exercise (N = 26) Diet–Exercise (N = 28) P Value † Interaction between Group and Time Diet vs. Control Exercise vs. Control Diet–Exercise vs. Diet Diet–Exercise vs. Exercise Primary outcome PPT score † Baseline 26.8±4.5 28.6±1.9 27.1±3.1 28.0±2.9 Change at 6 mo 0.6±1.7 2.3±1.8 ‡ 3.4±2.4 ‡ 4.7±2.4 ‡ Change at 1 yr 0.2±1.8 3.1±1.4 ‡ 4.0±2.5 ‡ 5.4±2.4 ‡ <0.001 <0.001 <0.001 <0.001 0.04 Secondary outcomes Other frailty measures VO 2peak (ml/kg/min) Baseline 16.3±3.8 17.6±2.2 17.4±3.5 17.3±3.5 Change at 6 mo −0.7±2.3 1.4±1.7 ‡ 1.3±1.0 ‡ 2.8±2.3 ‡ Change at 1 yr −0.9±1.5 1.7±2.3 ‡ 1.4±1.0 ‡ 3.1±2.4 ‡ <0.001 <0.001 <0.001 0.01 0.002 FSQ score Baseline 30.5±3.2 31.6±2.0 29.8±3.3 30.0±3.5 Change at 6 mo −0.1±3.1 0.9±1.5 ‡ 1.9±2.9 ‡ 2.4±2.3 ‡ Change at 1 yr −0.2±2.4 1.3±1.5 ‡ 1.8±2.7 § 2.7±2.6 ‡ <0.001 0.05 0.005 0.04 0.19 Body weight and composition Weight (kg) Baseline 101.0±16.3 104.1±15.3 99.2±17.4 99.1±16.8 Change at 6 mo 0.9±2.8 −9.0±5.4 ‡ −0.3±2.3 −7.7±4.2 ‡ Change at 1 yr −0.1±3.5 −9.7±5.4 ‡ −0.5±3.6 −8.6±3.8 ‡ <0.001 <0.001 0.71 0.67 <0.001 Lean body mass (kg) Baseline 57.3±11.5 61.4±13.0 57.6±13.7 57.2±10.3 Change at 6 mo −0.7±2.3 −3.5±2.7 ‡ 1.1±2.1 ¶ −1.7±1.6 ‡ Change at 1 yr −0.8±2.5 −3.2±2.0 ‡ 1.3±1.6 ¶ −1.8±1.7 ‡ <0.001 <0.001 <0.001 0.04 <0.001 Fat mass (kg) Baseline 43.8±9.9 42.8±6.6 41.6±9.4 41.9±11.5 Change at 6 mo −0.3±3.4 −6.0±3.8 ‡ −1.2±2.0 −5.6±3.2 ‡ Change at 1 yr 1.2±5.1 −7.1±3.9 ‡ −1.8±1.9 −6.3±2.8 ‡ <0.001 <0.001 0.004 0.57 <0.001 Thigh muscle (cm 3 ) Baseline 1138±290 1271±280 1188±234 1261±253 C","Machine-assisted full-text mining supports extraction only; final inclusion, risk of bias, and numeric effects require author verification.",,,,,,
18364384,PMC2435639,10.1210/jc.2007-1473,Effect of weight loss and exercise therapy on bone metabolism and mass in obese older adults: a one-year randomized controlled trial.,2008,The Journal of clinical endocrinology and metabolism,https://pubmed.ncbi.nlm.nih.gov/18364384/,unclear,balance;multidomain,multidomain,pmc_fulltext_available,pmc_fulltext_mined_not_numeric_extracted,yes,yes,ok,data\raw\pmc_fulltext\PMC2435639.xml,frailty;falls,yes,yes,yes,no,yes,no,no,no,no,yes,no,no,no,0.0,639 18364384 10.1210/jc.2007-1473 5838 1 Original Article 2 Endocrine Care Effect of Weight Loss and Exercise Therapy on Bone Metabolism and Mass in Obese Older Adults: A One-Year Randomized Controlled Trial Villareal Dennis T. Shah Krupa Banks Marian R. Sinacore David R. Klein Samuel Division of Geriatrics and Nutritional Science and Center for Human Nutrition (D.T.V,0021-972X 1945-7197 The Endocrine Society PMC2435639 PMC2435639.1 2435639 2435639 18364384 10.1210/jc.2007-1473 5838 1 Original Article 2 Endocrine Care Effect of Weight Loss and Exercise Therapy on Bone Metabolism and Mass in Obese Older Adults: A One-Year Randomized Controlled Trial Villareal Dennis T. Shah Krupa Banks Marian R. Sinacore David R. Klein Samuel Div,"5 kg/m 2 ), older (age 70 ± 5 yr) adults participated in the study. Intervention: Participants were randomly assigned to diet and exercise (treatment group; n = 17) or no therapy (control group; n = 10). Outcome Measures: Body weight decreased in the treatment group but not in the control group (−10 ± 2 vs . +1 ± 1%, P < 0.001). Compared with the control group, the treat",,,,"Machine-assisted full-text mining supports extraction only; final inclusion, risk of bias, and numeric effects require author verification.",,,,,,
42066553,,10.1016/j.ijnurstu.2026.105549,"Effects of pickleball on pre-frailty, physical fitness, 24-hour movement behaviors, and quality of life in older adults: A randomized controlled trial.",2026,International journal of nursing studies,https://pubmed.ncbi.nlm.nih.gov/42066553/,community,multidomain,multidomain,publisher_or_library_fulltext_required,not_fulltext_mined,yes,yes,,,,yes,yes,yes,yes,,,,,,,,,,,,,,,,,"Machine-assisted full-text mining supports extraction only; final inclusion, risk of bias, and numeric effects require author verification.",,,,,,
41805014,,10.1177/1096620X261430172,Fermented Whey Protein Supplement Slows the Progression of Frailty and Sarcopenia Among Older Korean Adults: A Randomized Blinded Trial.,2026,Journal of medicinal food,https://pubmed.ncbi.nlm.nih.gov/41805014/,community,resistance;nutrition,exercise_plus_nutrition,publisher_or_library_fulltext_required,not_fulltext_mined,yes,yes,,,,yes,yes,yes,yes,,,,,,,,,,,,,,,,,"Machine-assisted full-text mining supports extraction only; final inclusion, risk of bias, and numeric effects require author verification.",,,,,,
41397660,,10.1016/j.exger.2025.113002,Strength but not power training increases soluble alpha klotho levels in pre-frail older adults.,2026,Experimental gerontology,https://pubmed.ncbi.nlm.nih.gov/41397660/,community,resistance;nutrition;digital_home,exercise_plus_nutrition,publisher_or_library_fulltext_required,not_fulltext_mined,yes,yes,,,,yes,yes,yes,yes,,,,,,,,,,,,,,,,,"Machine-assisted full-text mining supports extraction only; final inclusion, risk of bias, and numeric effects require author verification.",,,,,,
41386386,,10.1016/j.exger.2025.112995,The effect of exercise and soy protein intake on physical frailty score improvement in community-dwelling elderly: a randomized controlled trial.,2026,Experimental gerontology,https://pubmed.ncbi.nlm.nih.gov/41386386/,community,resistance;aerobic_walking;multicomponent_exercise;nutrition,exercise_plus_nutrition,publisher_or_library_fulltext_required,not_fulltext_mined,yes,yes,,,,yes,yes,yes,yes,,,,,,,,,,,,,,,,,"Machine-assisted full-text mining supports extraction only; final inclusion, risk of bias, and numeric effects require author verification.",,,,,,
41190491,,10.1177/01939459251384714,Impacts of (Pre-)Social Frailty on the Effectiveness of a Theory-Driven Exercise Intervention Among Community-Dwelling (Pre-)Physically Frail Older Adults.,2026,Western journal of nursing research,https://pubmed.ncbi.nlm.nih.gov/41190491/,community,balance,exercise_only,publisher_or_library_fulltext_required,not_fulltext_mined,yes,yes,,,,yes,yes,yes,yes,,,,,,,,,,,,,,,,,"Machine-assisted full-text mining supports extraction only; final inclusion, risk of bias, and numeric effects require author verification.",,,,,,
39731555,,10.1080/07317115.2024.2447829,Impacts of Depressive Symptoms on the Effectiveness of a Theory-Driven Exercise Intervention Among Community-Dwelling (Pre)frail Older Adults.,2026,Clinical gerontologist,https://pubmed.ncbi.nlm.nih.gov/39731555/,community,resistance;balance;digital_home,exercise_only,publisher_or_library_fulltext_required,not_fulltext_mined,yes,yes,,,,yes,yes,yes,yes,,,,,,,,,,,,,,,,,"Machine-assisted full-text mining supports extraction only; final inclusion, risk of bias, and numeric effects require author verification.",,,,,,
41103092,,10.1080/21551197.2025.2572678,Nutritional Guidance Decreases the Prevalence of Frailty Among Older Caregivers.,2025,Journal of nutrition in gerontology and geriatrics,https://pubmed.ncbi.nlm.nih.gov/41103092/,unclear,nutrition;multidomain,multidomain,publisher_or_library_fulltext_required,not_fulltext_mined,yes,yes,,,,yes,yes,yes,yes,,,,,,,,,,,,,,,,,"Machine-assisted full-text mining supports extraction only; final inclusion, risk of bias, and numeric effects require author verification.",,,,,,
40977239,,10.1071/PY24197,Effect of a combined exercise and nutrition program on sarcopenia in older adults: a randomised controlled trial in primary care.,2025,Australian journal of primary health,https://pubmed.ncbi.nlm.nih.gov/40977239/,primary_care,resistance;multicomponent_exercise;nutrition;multidomain,multidomain_exercise_nutrition,publisher_or_library_fulltext_required,not_fulltext_mined,yes,yes,,,,yes,yes,yes,yes,,,,,,,,,,,,,,,,,"Machine-assisted full-text mining supports extraction only; final inclusion, risk of bias, and numeric effects require author verification.",,,,,,
40616927,,10.1016/j.gerinurse.2025.103457,Effects of a nurse-led health coaching program to prevent frailty in prefrail older women: A randomized controlled trial.,2025,"Geriatric nursing (New York, N.Y.)",https://pubmed.ncbi.nlm.nih.gov/40616927/,community,resistance;nutrition,exercise_plus_nutrition,publisher_or_library_fulltext_required,not_fulltext_mined,yes,yes,,,,yes,yes,yes,yes,,,,,,,,,,,,,,,,,"Machine-assisted full-text mining supports extraction only; final inclusion, risk of bias, and numeric effects require author verification.",,,,,,
40147475,,10.1016/j.lanhl.2025.100695,"Metformin and physical performance in older people with probable sarcopenia and physical prefrailty or frailty in England (MET-PREVENT): a double-blind, randomised, placebo-controlled trial.",2025,The lancet. Healthy longevity,https://pubmed.ncbi.nlm.nih.gov/40147475/,primary_care,resistance;balance,exercise_only,publisher_or_library_fulltext_required,not_fulltext_mined,yes,yes,,,,yes,yes,yes,yes,,,,,,,,,,,,,,,,,"Machine-assisted full-text mining supports extraction only; final inclusion, risk of bias, and numeric effects require author verification.",,,,,,
40121126,,10.1016/j.jagp.2025.02.014,"Improvements in Depressive Symptoms, Perceived Social Support, and Quality of Life Through an Educational Program in Community-Dwelling Older Adults With Frailty Phenotype: A Randomized Controlled Trial of the FRAGSALUD Project.",2025,The American journal of geriatric psychiatry : official journal of the American Association for Geriatric Psychiatry,https://pubmed.ncbi.nlm.nih.gov/40121126/,community,nutrition,nutrition_only,publisher_or_library_fulltext_required,not_fulltext_mined,yes,yes,,,,yes,yes,yes,yes,,,,,,,,,,,,,,,,,"Machine-assisted full-text mining supports extraction only; final inclusion, risk of bias, and numeric effects require author verification.",,,,,,
40024357,,10.1016/j.physbeh.2025.114868,"Examining the impact of 28-week multicomponent and strength exercises on brain health, salivary stress, and mental well-being in frail older women: A controlled trial analysis.",2025,Physiology & behavior,https://pubmed.ncbi.nlm.nih.gov/40024357/,unclear,resistance;multicomponent_exercise,multicomponent_exercise,publisher_or_library_fulltext_required,not_fulltext_mined,yes,yes,,,,yes,yes,yes,yes,,,,,,,,,,,,,,,,,"Machine-assisted full-text mining supports extraction only; final inclusion, risk of bias, and numeric effects require author verification.",,,,,,
39798411,,10.1016/j.gerinurse.2024.12.010,Effects of interactive boxing-cycling on dual-task walking and prefrontal cortex activation in older adults with cognitive frailty: A randomized controlled trial.,2025,"Geriatric nursing (New York, N.Y.)",https://pubmed.ncbi.nlm.nih.gov/39798411/,unclear,aerobic_walking,exercise_only,publisher_or_library_fulltext_required,not_fulltext_mined,yes,yes,,,,yes,yes,yes,yes,,,,,,,,,,,,,,,,,"Machine-assisted full-text mining supports extraction only; final inclusion, risk of bias, and numeric effects require author verification.",,,,,,
39736420,,10.1016/j.exger.2024.112670,Effects of the Vivifrail-B multicomponent exercise program based on society ecosystems theory on physical function in community-dwelling frail older adults: A randomized controlled trial.,2025,Experimental gerontology,https://pubmed.ncbi.nlm.nih.gov/39736420/,community,resistance;multicomponent_exercise,multicomponent_exercise,publisher_or_library_fulltext_required,not_fulltext_mined,yes,yes,,,,yes,yes,yes,yes,,,,,,,,,,,,,,,,,"Machine-assisted full-text mining supports extraction only; final inclusion, risk of bias, and numeric effects require author verification.",,,,,,
39626407,,10.1016/j.physio.2024.101449,Acceptability and utility of a broad test battery to evaluate physical functioning and frailty in community-based settings for people experiencing homelessness and addiction-Findings from the LEAP trials.,2025,Physiotherapy,https://pubmed.ncbi.nlm.nih.gov/39626407/,community,balance;aerobic_walking,exercise_only,publisher_or_library_fulltext_required,not_fulltext_mined,yes,yes,,,,yes,yes,yes,yes,,,,,,,,,,,,,,,,,"Machine-assisted full-text mining supports extraction only; final inclusion, risk of bias, and numeric effects require author verification.",,,,,,
39561465,,10.1016/j.maturitas.2024.108151,Effect of a home-based exercise program on subsequent falls among community-dwelling older adults with cognitive frailty: A sub-group analysis of a randomized controlled trial.,2025,Maturitas,https://pubmed.ncbi.nlm.nih.gov/39561465/,home,balance;digital_home,exercise_only,publisher_or_library_fulltext_required,not_fulltext_mined,yes,yes,,,,yes,yes,yes,yes,,,,,,,,,,,,,,,,,"Machine-assisted full-text mining supports extraction only; final inclusion, risk of bias, and numeric effects require author verification.",,,,,,
39500251,,10.1016/j.ijnurstu.2024.104933,Effectiveness of a theory-underpinning exercise intervention among community-dwelling (pre)frail older adults: A stepped-wedge cluster-randomized trial.,2025,International journal of nursing studies,https://pubmed.ncbi.nlm.nih.gov/39500251/,community,resistance;balance;digital_home,exercise_only,publisher_or_library_fulltext_required,not_fulltext_mined,yes,yes,,,,yes,yes,yes,yes,,,,,,,,,,,,,,,,,"Machine-assisted full-text mining supports extraction only; final inclusion, risk of bias, and numeric effects require author verification.",,,,,,
39647881,,10.3143/geriatrics.61.447,[The difference in effect between individual exercise and collective exercise in older adults with frailty-A randomized controlled trial].,2024,Nihon Ronen Igakkai zasshi. Japanese journal of geriatrics,https://pubmed.ncbi.nlm.nih.gov/39647881/,unclear,resistance;aerobic_walking;multicomponent_exercise,multicomponent_exercise,publisher_or_library_fulltext_required,not_fulltext_mined,yes,yes,,,,yes,yes,yes,yes,,,,,,,,,,,,,,,,,"Machine-assisted full-text mining supports extraction only; final inclusion, risk of bias, and numeric effects require author verification.",,,,,,
39182446,,10.1016/j.jpsychires.2024.08.029,Impacts of subjective cognitive decline and mild cognitive impairment on the effectiveness of an exercise intervention among community-dwelling (Pre)frail older adults.,2024,Journal of psychiatric research,https://pubmed.ncbi.nlm.nih.gov/39182446/,community,balance,exercise_only,publisher_or_library_fulltext_required,not_fulltext_mined,yes,yes,,,,yes,yes,yes,yes,,,,,,,,,,,,,,,,,"Machine-assisted full-text mining supports extraction only; final inclusion, risk of bias, and numeric effects require author verification.",,,,,,
39166366,,10.1111/ggi.14960,"Correction to ""Effect of cholecalciferol supplementation on hand grip strength, walking speed, and expression of vitamin D receptor, interleukin-6, and insulin-like growth factor-1 in monocyte in pre-frail older adults: A randomized double-blind placebo-controlled trial"".",2024,Geriatrics & gerontology international,https://pubmed.ncbi.nlm.nih.gov/39166366/,unclear,resistance;aerobic_walking;nutrition,exercise_plus_nutrition,publisher_or_library_fulltext_required,not_fulltext_mined,yes,yes,,,,yes,yes,yes,yes,,,,,,,,,,,,,,,,,"Machine-assisted full-text mining supports extraction only; final inclusion, risk of bias, and numeric effects require author verification.",,,,,,
38727090,,10.1111/appy.12556,Changes in cognitive function after a 12-week POWER rehabilitation in older adults with schizophrenia and frailty.,2024,Asia-Pacific psychiatry : official journal of the Pacific Rim College of Psychiatrists,https://pubmed.ncbi.nlm.nih.gov/38727090/,unclear,resistance;aerobic_walking,exercise_only,publisher_or_library_fulltext_required,not_fulltext_mined,yes,yes,,,,yes,yes,yes,yes,,,,,,,,,,,,,,,,,"Machine-assisted full-text mining supports extraction only; final inclusion, risk of bias, and numeric effects require author verification.",,,,,,
38691121,,10.3928/00989134-20240416-04,"Effectiveness of Resistance Band Use in Conjunction With Tai Chi Among Older Adults With Prefrailty to Improve Functional Fitness, Quality of Life, and Heart Rate Variability.",2024,Journal of gerontological nursing,https://pubmed.ncbi.nlm.nih.gov/38691121/,unclear,resistance;balance;mind_body,exercise_only,publisher_or_library_fulltext_required,not_fulltext_mined,yes,yes,,,,yes,yes,yes,yes,,,,,,,,,,,,,,,,,"Machine-assisted full-text mining supports extraction only; final inclusion, risk of bias, and numeric effects require author verification.",,,,,,
38479253,,10.1016/j.rehab.2024.101819,Interactive boxing-cycling on frailty and activity limitations in frail and prefrail older adults: A randomized controlled trial.,2024,Annals of physical and rehabilitation medicine,https://pubmed.ncbi.nlm.nih.gov/38479253/,unclear,resistance;aerobic_walking,exercise_only,publisher_or_library_fulltext_required,not_fulltext_mined,yes,yes,,,,yes,yes,yes,yes,,,,,,,,,,,,,,,,,"Machine-assisted full-text mining supports extraction only; final inclusion, risk of bias, and numeric effects require author verification.",,,,,,
38430497,,,Verification of the Effects of a YouTube-Based Home-Based (Self-Managed Intervention) Training System Developed for Frailty Prevention: A Pilot Study.,2024,Journal of allied health,https://pubmed.ncbi.nlm.nih.gov/38430497/,home,resistance;balance;digital_home,exercise_only,publisher_or_library_fulltext_required,not_fulltext_mined,yes,yes,,,,yes,yes,yes,yes,,,,,,,,,,,,,,,,,"Machine-assisted full-text mining supports extraction only; final inclusion, risk of bias, and numeric effects require author verification.",,,,,,
38251739,,10.1093/ageing/afad253,Response rates and associated factors after a multicomponent intervention in frail older adults with diabetes.,2024,Age and ageing,https://pubmed.ncbi.nlm.nih.gov/38251739/,primary_care,resistance;multicomponent_exercise;nutrition,exercise_plus_nutrition,publisher_or_library_fulltext_required,not_fulltext_mined,yes,yes,,,,yes,yes,yes,yes,,,,,,,,,,,,,,,,,"Machine-assisted full-text mining supports extraction only; final inclusion, risk of bias, and numeric effects require author verification.",,,,,,
37997084,,10.1016/S0140-6736(23)02071-8,Enabling health and maintaining independence for older people at home (HomeHealth trial): a multicentre randomised controlled trial.,2023,"Lancet (London, England)",https://pubmed.ncbi.nlm.nih.gov/37997084/,primary_care,nutrition;digital_home,nutrition_only,publisher_or_library_fulltext_required,not_fulltext_mined,yes,yes,,,,yes,yes,yes,yes,,,,,,,,,,,,,,,,,"Machine-assisted full-text mining supports extraction only; final inclusion, risk of bias, and numeric effects require author verification.",,,,,,
37026833,,10.1097/PHM.0000000000002246,Effects of Exercise Interventions on Physical Performance and Activities of Daily Living in Oldest-Old and Frail Older Adults: A Review of the Literature.,2023,American journal of physical medicine & rehabilitation,https://pubmed.ncbi.nlm.nih.gov/37026833/,community,resistance;balance;aerobic_walking;multicomponent_exercise,multicomponent_exercise,publisher_or_library_fulltext_required,not_fulltext_mined,yes,yes,,,,yes,yes,yes,yes,,,,,,,,,,,,,,,,,"Machine-assisted full-text mining supports extraction only; final inclusion, risk of bias, and numeric effects require author verification.",,,,,,
36849160,,10.1093/ageing/afad012,Building resilience and reversing frailty: a randomised controlled trial of a primary care intervention for older adults.,2023,Age and ageing,https://pubmed.ncbi.nlm.nih.gov/36849160/,primary_care,resistance;nutrition;digital_home,exercise_plus_nutrition,publisher_or_library_fulltext_required,not_fulltext_mined,yes,yes,,,,yes,yes,yes,yes,,,,,,,,,,,,,,,,,"Machine-assisted full-text mining supports extraction only; final inclusion, risk of bias, and numeric effects require author verification.",,,,,,
36629088,,10.14283/jfa.2022.48,"Effects of Vitamin D, Omega-3 Fatty Acids and a Home Exercise Program on Prevention of Pre-Frailty in Older Adults: The DO-HEALTH Randomized Clinical Trial.",2023,The Journal of frailty & aging,https://pubmed.ncbi.nlm.nih.gov/36629088/,community,nutrition,nutrition_only,publisher_or_library_fulltext_required,not_fulltext_mined,yes,yes,,,,yes,yes,yes,yes,,,,,,,,,,,,,,,,,"Machine-assisted full-text mining supports extraction only; final inclusion, risk of bias, and numeric effects require author verification.",,,,,,
34417416,,10.1519/JPT.0000000000000326,Effectiveness of a Supervised Group-Based Otago Exercise Program on Functional Performance in Frail Institutionalized Older Adults: A Multicenter Randomized Controlled Trial.,2023,Journal of geriatric physical therapy (2001),https://pubmed.ncbi.nlm.nih.gov/34417416/,unclear,resistance;balance;aerobic_walking;multicomponent_exercise;nutrition;digital_home,exercise_plus_nutrition,publisher_or_library_fulltext_required,not_fulltext_mined,yes,yes,,,,yes,yes,yes,yes,,,,,,,,,,,,,,,,,"Machine-assisted full-text mining supports extraction only; final inclusion, risk of bias, and numeric effects require author verification.",,,,,,
36037722,,10.1016/j.archger.2022.104792,Resistance training-induced improvement in physical function is not associated to changes in endocrine somatotropic activity in prefrail older adults.,2022,Archives of gerontology and geriatrics,https://pubmed.ncbi.nlm.nih.gov/36037722/,community,resistance;nutrition,exercise_plus_nutrition,publisher_or_library_fulltext_required,not_fulltext_mined,yes,yes,,,,yes,yes,yes,yes,,,,,,,,,,,,,,,,,"Machine-assisted full-text mining supports extraction only; final inclusion, risk of bias, and numeric effects require author verification.",,,,,,
34283997,,10.1016/j.apmr.2021.06.017,"Effect of 12-Month Supervised, Home-Based Physical Exercise on Functioning Among Persons With Signs of Frailty: A Randomized Controlled Trial.",2021,Archives of physical medicine and rehabilitation,https://pubmed.ncbi.nlm.nih.gov/34283997/,home,resistance;balance;digital_home,exercise_only,publisher_or_library_fulltext_required,not_fulltext_mined,yes,yes,,,,yes,yes,yes,yes,,,,,,,,,,,,,,,,,"Machine-assisted full-text mining supports extraction only; final inclusion, risk of bias, and numeric effects require author verification.",,,,,,
33975304,,10.1159/000514676,Reinforcement Effects of Social Network Intervention during Nutritional Supplementation in Frail Older Adults.,2021,Gerontology,https://pubmed.ncbi.nlm.nih.gov/33975304/,community,nutrition,nutrition_only,publisher_or_library_fulltext_required,not_fulltext_mined,yes,yes,,,,yes,yes,yes,yes,,,,,,,,,,,,,,,,,"Machine-assisted full-text mining supports extraction only; final inclusion, risk of bias, and numeric effects require author verification.",,,,,,
33691612,,10.1080/21551197.2021.1886222,A Randomized Controlled Pilot Exercise and Protein Effectiveness Supplementation Study (EXPRESS) on Reducing Frailty Risk in Community-Dwelling Older People.,2021,Journal of nutrition in gerontology and geriatrics,https://pubmed.ncbi.nlm.nih.gov/33691612/,community,resistance;multicomponent_exercise;nutrition,exercise_plus_nutrition,publisher_or_library_fulltext_required,not_fulltext_mined,yes,yes,,,,yes,yes,yes,yes,,,,,,,,,,,,,,,,,"Machine-assisted full-text mining supports extraction only; final inclusion, risk of bias, and numeric effects require author verification.",,,,,,
33128790,,10.1111/joor.13122,Improvement of oral hypofunction by a comprehensive oral and physical exercise programme including textured lunch gatherings.,2021,Journal of oral rehabilitation,https://pubmed.ncbi.nlm.nih.gov/33128790/,community,resistance;aerobic_walking;nutrition,exercise_plus_nutrition,publisher_or_library_fulltext_required,not_fulltext_mined,yes,yes,,,,yes,yes,yes,yes,,,,,,,,,,,,,,,,,"Machine-assisted full-text mining supports extraction only; final inclusion, risk of bias, and numeric effects require author verification.",,,,,,
32858228,,10.1016/j.cct.2020.106124,DO-HEALTH: Vitamin D3 - Omega-3 - Home exercise - Healthy aging and longevity trial - Design of a multinational clinical trial on healthy aging among European seniors.,2021,Contemporary clinical trials,https://pubmed.ncbi.nlm.nih.gov/32858228/,community,resistance;balance;nutrition,exercise_plus_nutrition,publisher_or_library_fulltext_required,not_fulltext_mined,yes,yes,,,,yes,yes,yes,yes,,,,,,,,,,,,,,,,,"Machine-assisted full-text mining supports extraction only; final inclusion, risk of bias, and numeric effects require author verification.",,,,,,
32443963,,10.1089/rej.2020.2302,Perceptive-Cognitive and Physical Function in Prefrail Older Adults: Exergaming Versus Traditional Multicomponent Training.,2021,Rejuvenation research,https://pubmed.ncbi.nlm.nih.gov/32443963/,unclear,resistance;balance;multicomponent_exercise;digital_home,multicomponent_exercise,publisher_or_library_fulltext_required,not_fulltext_mined,yes,yes,,,,yes,yes,yes,yes,,,,,,,,,,,,,,,,,"Machine-assisted full-text mining supports extraction only; final inclusion, risk of bias, and numeric effects require author verification.",,,,,,
31706917,,10.1016/j.jamda.2019.08.024,Effects of a Multicomponent Frailty Prevention Program in Prefrail Community-Dwelling Older Persons: A Randomized Controlled Trial.,2020,Journal of the American Medical Directors Association,https://pubmed.ncbi.nlm.nih.gov/31706917/,community,resistance;balance;aerobic_walking;multicomponent_exercise,multicomponent_exercise,publisher_or_library_fulltext_required,not_fulltext_mined,yes,yes,,,,yes,yes,yes,yes,,,,,,,,,,,,,,,,,"Machine-assisted full-text mining supports extraction only; final inclusion, risk of bias, and numeric effects require author verification.",,,,,,
30528641,,10.1016/j.exger.2018.11.022,Effect of a short multicomponent exercise intervention focused on muscle power in frail and pre frail elderly: A pilot trial.,2019,Experimental gerontology,https://pubmed.ncbi.nlm.nih.gov/30528641/,unclear,resistance;aerobic_walking;multicomponent_exercise,multicomponent_exercise,publisher_or_library_fulltext_required,not_fulltext_mined,yes,yes,,,,yes,yes,yes,yes,,,,,,,,,,,,,,,,,"Machine-assisted full-text mining supports extraction only; final inclusion, risk of bias, and numeric effects require author verification.",,,,,,
29395372,,10.1016/j.clnu.2017.12.020,"A high whey protein, vitamin D and E supplement preserves muscle mass, strength, and quality of life in sarcopenic older adults: A double-blind randomized controlled trial.",2019,"Clinical nutrition (Edinburgh, Scotland)",https://pubmed.ncbi.nlm.nih.gov/29395372/,unclear,resistance;balance;nutrition,exercise_plus_nutrition,publisher_or_library_fulltext_required,not_fulltext_mined,yes,yes,,,,yes,yes,yes,yes,,,,,,,,,,,,,,,,,"Machine-assisted full-text mining supports extraction only; final inclusion, risk of bias, and numeric effects require author verification.",,,,,,
29381526,,10.1519/JPT.0000000000000155,The Modified Otago Exercises Prevent Grip Strength Deterioration Among Older Fallers in the Malaysian Falls Assessment and Intervention Trial (MyFAIT).,2019,Journal of geriatric physical therapy (2001),https://pubmed.ncbi.nlm.nih.gov/29381526/,unclear,resistance;balance,exercise_only,publisher_or_library_fulltext_required,not_fulltext_mined,yes,yes,,,,yes,yes,yes,yes,,,,,,,,,,,,,,,,,"Machine-assisted full-text mining supports extraction only; final inclusion, risk of bias, and numeric effects require author verification.",,,,,,
30328470,,10.2340/16501977-2490,Effect of respiratory rehabilitation for frail older patients with musculoskeletal disorders: a randomized controlled trial.,2018,Journal of rehabilitation medicine,https://pubmed.ncbi.nlm.nih.gov/30328470/,community,resistance,exercise_only,publisher_or_library_fulltext_required,not_fulltext_mined,yes,yes,,,,yes,yes,yes,yes,,,,,,,,,,,,,,,,,"Machine-assisted full-text mining supports extraction only; final inclusion, risk of bias, and numeric effects require author verification.",,,,,,
30053278,,10.1093/jn/nxy024,Cholecalciferol or 25-Hydroxycholecalciferol Supplementation Does Not Affect Muscle Strength and Physical Performance in Prefrail and Frail Older Adults.,2018,The Journal of nutrition,https://pubmed.ncbi.nlm.nih.gov/30053278/,community,resistance;nutrition,exercise_plus_nutrition,publisher_or_library_fulltext_required,not_fulltext_mined,yes,yes,,,,yes,yes,yes,yes,,,,,,,,,,,,,,,,,"Machine-assisted full-text mining supports extraction only; final inclusion, risk of bias, and numeric effects require author verification.",,,,,,
29455058,,10.1016/j.archger.2018.02.005,Physical activity combined with resistance training reduces symptoms of frailty in older adults: A randomized controlled trial.,2018,Archives of gerontology and geriatrics,https://pubmed.ncbi.nlm.nih.gov/29455058/,community,resistance,exercise_only,publisher_or_library_fulltext_required,not_fulltext_mined,yes,yes,,,,yes,yes,yes,yes,,,,,,,,,,,,,,,,,"Machine-assisted full-text mining supports extraction only; final inclusion, risk of bias, and numeric effects require author verification.",,,,,,
29183035,,10.1159/000484663,User-Oriented Evaluation of a Robotic Rollator That Provides Navigation Assistance in Frail Older Adults with and without Cognitive Impairment.,2018,Gerontology,https://pubmed.ncbi.nlm.nih.gov/29183035/,unclear,aerobic_walking,exercise_only,publisher_or_library_fulltext_required,not_fulltext_mined,yes,yes,,,,yes,yes,yes,yes,,,,,,,,,,,,,,,,,"Machine-assisted full-text mining supports extraction only; final inclusion, risk of bias, and numeric effects require author verification.",,,,,,
28064172,,10.1093/ageing/afw242,Effectiveness of an intervention to prevent frailty in pre-frail community-dwelling older people consulting in primary care: a randomised controlled trial.,2017,Age and ageing,https://pubmed.ncbi.nlm.nih.gov/28064172/,primary_care,resistance;balance;aerobic_walking;nutrition,exercise_plus_nutrition,publisher_or_library_fulltext_required,not_fulltext_mined,yes,yes,,,,yes,yes,yes,yes,,,,,,,,,,,,,,,,,"Machine-assisted full-text mining supports extraction only; final inclusion, risk of bias, and numeric effects require author verification.",,,,,,
27993489,,10.1016/j.jphys.2016.11.007,A multifactorial intervention for frail older people is more than twice as effective among those who are compliant: complier average causal effect analysis of a randomised trial.,2017,Journal of physiotherapy,https://pubmed.ncbi.nlm.nih.gov/27993489/,community,unclear,unclear,publisher_or_library_fulltext_required,not_fulltext_mined,yes,yes,,,,yes,yes,yes,yes,,,,,,,,,,,,,,,,,"Machine-assisted full-text mining supports extraction only; final inclusion, risk of bias, and numeric effects require author verification.",,,,,,
27588891,,10.1016/j.archger.2016.08.009,Fear of falling reduced by a lay led home-based program in frail community-dwelling older adults: A randomised controlled trial.,2017,Archives of gerontology and geriatrics,https://pubmed.ncbi.nlm.nih.gov/27588891/,home,resistance;balance;nutrition;digital_home,exercise_plus_nutrition,publisher_or_library_fulltext_required,not_fulltext_mined,yes,yes,,,,yes,yes,yes,yes,,,,,,,,,,,,,,,,,"Machine-assisted full-text mining supports extraction only; final inclusion, risk of bias, and numeric effects require author verification.",,,,,,
27138245,,10.1111/ggi.12795,Effects of an integrated health education and elastic band resistance training program on physical function and muscle strength in community-dwelling elderly women: Healthy Aging and Happy Aging II study.,2017,Geriatrics & gerontology international,https://pubmed.ncbi.nlm.nih.gov/27138245/,community,resistance;digital_home,exercise_only,publisher_or_library_fulltext_required,not_fulltext_mined,yes,yes,,,,yes,yes,yes,yes,,,,,,,,,,,,,,,,,"Machine-assisted full-text mining supports extraction only; final inclusion, risk of bias, and numeric effects require author verification.",,,,,,
26947059,,10.1016/j.jamda.2016.01.019,"A Multicomponent Exercise Intervention that Reverses Frailty and Improves Cognition, Emotion, and Social Networking in the Community-Dwelling Frail Elderly: A Randomized Clinical Trial.",2016,Journal of the American Medical Directors Association,https://pubmed.ncbi.nlm.nih.gov/26947059/,primary_care,resistance;aerobic_walking;multicomponent_exercise;nutrition,exercise_plus_nutrition,publisher_or_library_fulltext_required,not_fulltext_mined,yes,yes,,,,yes,yes,yes,yes,,,,,,,,,,,,,,,,,"Machine-assisted full-text mining supports extraction only; final inclusion, risk of bias, and numeric effects require author verification.",,,,,,
27032052,,10.14283/jfa.2015.49,Nutrition and Frailty: A Review of Clinical Intervention Studies.,2015,The Journal of frailty & aging,https://pubmed.ncbi.nlm.nih.gov/27032052/,unclear,resistance;aerobic_walking;nutrition,exercise_plus_nutrition,publisher_or_library_fulltext_required,not_fulltext_mined,yes,yes,,,,yes,yes,yes,yes,,,,,,,,,,,,,,,,,"Machine-assisted full-text mining supports extraction only; final inclusion, risk of bias, and numeric effects require author verification.",,,,,,
26663424,,10.1111/jgs.13834,Cost-Effectiveness of a Chronic Care Model for Frail Older Adults in Primary Care: Economic Evaluation Alongside a Stepped-Wedge Cluster-Randomized Trial.,2015,Journal of the American Geriatrics Society,https://pubmed.ncbi.nlm.nih.gov/26663424/,primary_care,multidomain,multidomain,publisher_or_library_fulltext_required,not_fulltext_mined,yes,yes,,,,yes,yes,yes,yes,,,,,,,,,,,,,,,,,"Machine-assisted full-text mining supports extraction only; final inclusion, risk of bias, and numeric effects require author verification.",,,,,,
26159634,,10.1016/j.amjmed.2015.06.017,"Nutritional, Physical, Cognitive, and Combination Interventions and Frailty Reversal Among Older Adults: A Randomized Controlled Trial.",2015,The American journal of medicine,https://pubmed.ncbi.nlm.nih.gov/26159634/,community,resistance;balance;nutrition;digital_home,exercise_plus_nutrition,publisher_or_library_fulltext_required,not_fulltext_mined,yes,yes,,,,yes,yes,yes,yes,,,,,,,,,,,,,,,,,"Machine-assisted full-text mining supports extraction only; final inclusion, risk of bias, and numeric effects require author verification.",,,,,,
25659620,,10.1016/j.jamda.2014.12.005,Effects of a combined physical training and nutrition intervention on physical performance and health-related quality of life in prefrail older women living in the community: a randomized controlled trial.,2015,Journal of the American Medical Directors Association,https://pubmed.ncbi.nlm.nih.gov/25659620/,community,resistance;balance;aerobic_walking;multicomponent_exercise;nutrition;digital_home,exercise_plus_nutrition,publisher_or_library_fulltext_required,not_fulltext_mined,yes,yes,,,,yes,yes,yes,yes,,,,,,,,,,,,,,,,,"Machine-assisted full-text mining supports extraction only; final inclusion, risk of bias, and numeric effects require author verification.",,,,,,
27049906,,10.14283/jfa.2014.13,Predicting the Efficacy of Protein-Energy Supplementation in Frail Older Adults Living in Community.,2014,The Journal of frailty & aging,https://pubmed.ncbi.nlm.nih.gov/27049906/,community,nutrition,nutrition_only,publisher_or_library_fulltext_required,not_fulltext_mined,yes,yes,,,,yes,yes,yes,yes,,,,,,,,,,,,,,,,,"Machine-assisted full-text mining supports extraction only; final inclusion, risk of bias, and numeric effects require author verification.",,,,,,
24381025,,10.1093/ageing/aft204,"Effect of a multifactorial, interdisciplinary intervention on risk factors for falls and fall rate in frail older people: a randomised controlled trial.",2014,Age and ageing,https://pubmed.ncbi.nlm.nih.gov/24381025/,community,resistance;balance,exercise_only,publisher_or_library_fulltext_required,not_fulltext_mined,yes,yes,,,,yes,yes,yes,yes,,,,,,,,,,,,,,,,,"Machine-assisted full-text mining supports extraction only; final inclusion, risk of bias, and numeric effects require author verification.",,,,,,
23906550,,10.1093/geront/gnt078,Physical function and fear of falling 2 years after the health-promoting randomized controlled trial: elderly persons in the risk zone.,2014,The Gerontologist,https://pubmed.ncbi.nlm.nih.gov/23906550/,community,balance;aerobic_walking,exercise_only,publisher_or_library_fulltext_required,not_fulltext_mined,yes,yes,,,,yes,yes,yes,yes,,,,,,,,,,,,,,,,,"Machine-assisted full-text mining supports extraction only; final inclusion, risk of bias, and numeric effects require author verification.",,,,,,
23740589,,10.1007/s40520-013-0048-3,The effect of functional circuit training on self-reported fear of falling and health status in a group of physically frail older individuals: a randomized controlled trial.,2013,Aging clinical and experimental research,https://pubmed.ncbi.nlm.nih.gov/23740589/,community,resistance;balance,exercise_only,publisher_or_library_fulltext_required,not_fulltext_mined,yes,yes,,,,yes,yes,yes,yes,,,,,,,,,,,,,,,,,"Machine-assisted full-text mining supports extraction only; final inclusion, risk of bias, and numeric effects require author verification.",,,,,,
23429407,,10.1097/MCO.0b013e32835f503f,Intentional weight loss in older adults: useful or wasting disease generating strategy?,2013,Current opinion in clinical nutrition and metabolic care,https://pubmed.ncbi.nlm.nih.gov/23429407/,unclear,resistance;aerobic_walking;nutrition;digital_home,exercise_plus_nutrition,publisher_or_library_fulltext_required,not_fulltext_mined,yes,yes,,,,yes,yes,yes,yes,,,,,,,,,,,,,,,,,"Machine-assisted full-text mining supports extraction only; final inclusion, risk of bias, and numeric effects require author verification.",,,,,,
22879453,,10.1093/gerona/gls167,Preventive effect of protein-energy supplementation on the functional decline of frail older adults with low socioeconomic status: a community-based randomized controlled study.,2013,"The journals of gerontology. Series A, Biological sciences and medical sciences",https://pubmed.ncbi.nlm.nih.gov/22879453/,community,resistance;nutrition,exercise_plus_nutrition,publisher_or_library_fulltext_required,not_fulltext_mined,yes,yes,,,,yes,yes,yes,yes,,,,,,,,,,,,,,,,,"Machine-assisted full-text mining supports extraction only; final inclusion, risk of bias, and numeric effects require author verification.",,,,,,
22744992,,10.1002/rnj.25,Wii-hab for pre-frail older adults.,2012,Rehabilitation nursing : the official journal of the Association of Rehabilitation Nurses,https://pubmed.ncbi.nlm.nih.gov/22744992/,community,balance;digital_home,exercise_only,publisher_or_library_fulltext_required,not_fulltext_mined,yes,yes,,,,yes,yes,yes,yes,,,,,,,,,,,,,,,,,"Machine-assisted full-text mining supports extraction only; final inclusion, risk of bias, and numeric effects require author verification.",,,,,,
20956842,,10.1123/japa.18.4.401,The effect of functional circuit training on physical frailty in frail older adults: a randomized controlled trial.,2010,Journal of aging and physical activity,https://pubmed.ncbi.nlm.nih.gov/20956842/,community,resistance;balance,exercise_only,publisher_or_library_fulltext_required,not_fulltext_mined,yes,yes,,,,yes,yes,yes,yes,,,,,,,,,,,,,,,,,"Machine-assisted full-text mining supports extraction only; final inclusion, risk of bias, and numeric effects require author verification.",,,,,,
20171455,,10.1016/S0167-4943(10)70011-X,"The effectiveness of a comprehensive geriatric assessment intervention program for frailty in community-dwelling older people: a randomized, controlled trial.",2010,Archives of gerontology and geriatrics,https://pubmed.ncbi.nlm.nih.gov/20171455/,community,nutrition;digital_home;multidomain,multidomain,publisher_or_library_fulltext_required,not_fulltext_mined,yes,yes,,,,yes,yes,yes,yes,,,,,,,,,,,,,,,,,"Machine-assisted full-text mining supports extraction only; final inclusion, risk of bias, and numeric effects require author verification.",,,,,,
20044155,,10.1016/j.archger.2009.12.001,Effects of a physical training and nutritional intervention program in frail elderly people regarding habitual physical activity level and activities of daily living--a randomized controlled pilot study.,2010,Archives of gerontology and geriatrics,https://pubmed.ncbi.nlm.nih.gov/20044155/,home,aerobic_walking;nutrition;digital_home,exercise_plus_nutrition,publisher_or_library_fulltext_required,not_fulltext_mined,yes,yes,,,,yes,yes,yes,yes,,,,,,,,,,,,,,,,,"Machine-assisted full-text mining supports extraction only; final inclusion, risk of bias, and numeric effects require author verification.",,,,,,
19394017,,10.1016/j.ijnurstu.2009.03.010,Comparison of three established measures of fear of falling in community-dwelling older adults: psychometric testing.,2009,International journal of nursing studies,https://pubmed.ncbi.nlm.nih.gov/19394017/,community,balance;digital_home,exercise_only,publisher_or_library_fulltext_required,not_fulltext_mined,yes,yes,,,,yes,yes,yes,yes,,,,,,,,,,,,,,,,,"Machine-assisted full-text mining supports extraction only; final inclusion, risk of bias, and numeric effects require author verification.",,,,,,
18804874,,10.1016/j.archger.2008.05.011,Comparison of 2-year effects of once and twice weekly water exercise on activities of daily living ability of community dwelling frail elderly.,2009,Archives of gerontology and geriatrics,https://pubmed.ncbi.nlm.nih.gov/18804874/,community,resistance;aerobic_walking,exercise_only,publisher_or_library_fulltext_required,not_fulltext_mined,yes,yes,,,,yes,yes,yes,yes,,,,,,,,,,,,,,,,,"Machine-assisted full-text mining supports extraction only; final inclusion, risk of bias, and numeric effects require author verification.",,,,,,
18608400,,10.1080/09638280701817552,Comparison two-year effects of once-weekly and twice-weekly water exercise on health-related quality of life of community-dwelling frail elderly people at a day-service facility.,2009,Disability and rehabilitation,https://pubmed.ncbi.nlm.nih.gov/18608400/,community,resistance;aerobic_walking,exercise_only,publisher_or_library_fulltext_required,not_fulltext_mined,yes,yes,,,,yes,yes,yes,yes,,,,,,,,,,,,,,,,,"Machine-assisted full-text mining supports extraction only; final inclusion, risk of bias, and numeric effects require author verification.",,,,,,
18431084,,10.1007/BF03324763,Effects of a physical and nutritional intervention program for frail elderly people over age 75. A randomized controlled pilot treatment trial.,2008,Aging clinical and experimental research,https://pubmed.ncbi.nlm.nih.gov/18431084/,community,resistance;balance;aerobic_walking;nutrition,exercise_plus_nutrition,publisher_or_library_fulltext_required,not_fulltext_mined,yes,yes,,,,yes,yes,yes,yes,,,,,,,,,,,,,,,,,"Machine-assisted full-text mining supports extraction only; final inclusion, risk of bias, and numeric effects require author verification.",,,,,,
17624483,,10.2340/16501977-0080,Feasibility and effectiveness of a nurse-led community exercise programme for prevention of falls among frail elderly people: a multi-centre controlled trial.,2007,Journal of rehabilitation medicine,https://pubmed.ncbi.nlm.nih.gov/17624483/,home,balance;nutrition,exercise_plus_nutrition,publisher_or_library_fulltext_required,not_fulltext_mined,yes,yes,,,,yes,yes,yes,yes,,,,,,,,,,,,,,,,,"Machine-assisted full-text mining supports extraction only; final inclusion, risk of bias, and numeric effects require author verification.",,,,,,
16813773,,10.1016/j.apmr.2006.04.005,Effects of exercise programs on falls and mobility in frail and pre-frail older adults: A multicenter randomized controlled trial.,2006,Archives of physical medicine and rehabilitation,https://pubmed.ncbi.nlm.nih.gov/16813773/,unclear,balance;aerobic_walking;mind_body,exercise_only,publisher_or_library_fulltext_required,not_fulltext_mined,yes,yes,,,,yes,yes,yes,yes,,,,,,,,,,,,,,,,,"Machine-assisted full-text mining supports extraction only; final inclusion, risk of bias, and numeric effects require author verification.",,,,,,
16636211,,10.1001/archinte.166.8.860,Effect of weight loss and exercise on frailty in obese older adults.,2006,Archives of internal medicine,https://pubmed.ncbi.nlm.nih.gov/16636211/,unclear,resistance;balance;aerobic_walking;digital_home,exercise_only,publisher_or_library_fulltext_required,not_fulltext_mined,yes,yes,,,,yes,yes,yes,yes,,,,,,,,,,,,,,,,,"Machine-assisted full-text mining supports extraction only; final inclusion, risk of bias, and numeric effects require author verification.",,,,,,
16510864,,10.1093/gerona/61.2.184,"The influence of intense Tai Chi training on physical performance and hemodynamic outcomes in transitionally frail, older adults.",2006,"The journals of gerontology. Series A, Biological sciences and medical sciences",https://pubmed.ncbi.nlm.nih.gov/16510864/,unclear,balance;mind_body,exercise_only,publisher_or_library_fulltext_required,not_fulltext_mined,yes,yes,,,,yes,yes,yes,yes,,,,,,,,,,,,,,,,,"Machine-assisted full-text mining supports extraction only; final inclusion, risk of bias, and numeric effects require author verification.",,,,,,
15241748,,10.1016/j.apmr.2003.10.021,A prehabilitation program for the prevention of functional decline: effect on higher-level physical function.,2004,Archives of physical medicine and rehabilitation,https://pubmed.ncbi.nlm.nih.gov/15241748/,home,digital_home,digital_home_unclear_intervention,publisher_or_library_fulltext_required,not_fulltext_mined,yes,yes,,,,yes,yes,yes,yes,,,,,,,,,,,,,,,,,"Machine-assisted full-text mining supports extraction only; final inclusion, risk of bias, and numeric effects require author verification.",,,,,,
14687360,,10.1046/j.1532-5415.2003.51566.x,Selected as the best paper in the 1990s: Reducing frailty and falls in older persons: an investigation of tai chi and computerized balance training.,2003,Journal of the American Geriatrics Society,https://pubmed.ncbi.nlm.nih.gov/14687360/,community,resistance;balance;aerobic_walking;mind_body;digital_home,exercise_only,publisher_or_library_fulltext_required,not_fulltext_mined,yes,yes,,,,yes,yes,yes,yes,,,,,,,,,,,,,,,,,"Machine-assisted full-text mining supports extraction only; final inclusion, risk of bias, and numeric effects require author verification.",,,,,,
12588571,,10.1046/j.1532-5415.2003.51101.x,"A randomized, controlled trial of quadriceps resistance exercise and vitamin D in frail older people: the Frailty Interventions Trial in Elderly Subjects (FITNESS).",2003,Journal of the American Geriatrics Society,https://pubmed.ncbi.nlm.nih.gov/12588571/,home,resistance;balance;nutrition;digital_home,exercise_plus_nutrition,publisher_or_library_fulltext_required,not_fulltext_mined,yes,yes,,,,yes,yes,yes,yes,,,,,,,,,,,,,,,,,"Machine-assisted full-text mining supports extraction only; final inclusion, risk of bias, and numeric effects require author verification.",,,,,,
12448161,,,[Physical training as treatment of reduced functional ability in frail 75+ year-olds living at home. A randomized intervention study in general practice with technological assessment elements].,2002,Ugeskrift for laeger,https://pubmed.ncbi.nlm.nih.gov/12448161/,primary_care,resistance;balance;aerobic_walking;multicomponent_exercise,multicomponent_exercise,publisher_or_library_fulltext_required,not_fulltext_mined,yes,yes,,,,yes,yes,yes,yes,,,,,,,,,,,,,,,,,"Machine-assisted full-text mining supports extraction only; final inclusion, risk of bias, and numeric effects require author verification.",,,,,,
12171453,,,"Benefits of nutritional supplementation in free-living, frail, undernourished elderly people: a prospective randomized community trial.",2002,Journal of the American Dietetic Association,https://pubmed.ncbi.nlm.nih.gov/12171453/,community,resistance;nutrition;digital_home,exercise_plus_nutrition,publisher_or_library_fulltext_required,not_fulltext_mined,yes,yes,,,,yes,yes,yes,yes,,,,,,,,,,,,,,,,,"Machine-assisted full-text mining supports extraction only; final inclusion, risk of bias, and numeric effects require author verification.",,,,,,
11427784,,10.1097/00005768-200106001-00028,Exercise dose-response effects on quality of life and independent living in older adults.,2001,Medicine and science in sports and exercise,https://pubmed.ncbi.nlm.nih.gov/11427784/,unclear,resistance;aerobic_walking;digital_home,exercise_only,publisher_or_library_fulltext_required,not_fulltext_mined,yes,yes,,,,yes,yes,yes,yes,,,,,,,,,,,,,,,,,"Machine-assisted full-text mining supports extraction only; final inclusion, risk of bias, and numeric effects require author verification.",,,,,,
11387588,,10.1053/apmr.2001.23278,"Physical exercise and/or enriched foods for functional improvement in frail, independently living elderly: a randomized controlled trial.",2001,Archives of physical medicine and rehabilitation,https://pubmed.ncbi.nlm.nih.gov/11387588/,community,nutrition;digital_home,nutrition_only,publisher_or_library_fulltext_required,not_fulltext_mined,yes,yes,,,,yes,yes,yes,yes,,,,,,,,,,,,,,,,,"Machine-assisted full-text mining supports extraction only; final inclusion, risk of bias, and numeric effects require author verification.",,,,,,
10968301,,10.1111/j.1532-5415.2000.tb06894.x,Attrition in an exercise intervention: a comparison of early and later dropouts.,2000,Journal of the American Geriatrics Society,https://pubmed.ncbi.nlm.nih.gov/10968301/,community,aerobic_walking,exercise_only,publisher_or_library_fulltext_required,not_fulltext_mined,yes,yes,,,,yes,yes,yes,yes,,,,,,,,,,,,,,,,,"Machine-assisted full-text mining supports extraction only; final inclusion, risk of bias, and numeric effects require author verification.",,,,,,
10896013,,10.1053/apmr.2000.4425,Low-intensity exercise as a modifier of physical frailty in older adults.,2000,Archives of physical medicine and rehabilitation,https://pubmed.ncbi.nlm.nih.gov/10896013/,home,resistance;balance;digital_home,exercise_only,publisher_or_library_fulltext_required,not_fulltext_mined,yes,yes,,,,yes,yes,yes,yes,,,,,,,,,,,,,,,,,"Machine-assisted full-text mining supports extraction only; final inclusion, risk of bias, and numeric effects require author verification.",,,,,,
10496549,,10.1093/gerona/54.8.m428,The relation between psychometric test performance and physical performance in older adults.,1999,"The journals of gerontology. Series A, Biological sciences and medical sciences",https://pubmed.ncbi.nlm.nih.gov/10496549/,community,unclear,unclear,publisher_or_library_fulltext_required,not_fulltext_mined,yes,yes,,,,yes,yes,yes,yes,,,,,,,,,,,,,,,,,"Machine-assisted full-text mining supports extraction only; final inclusion, risk of bias, and numeric effects require author verification.",,,,,,
10462167,,10.1093/gerona/54.7.m353,Peak aerobic power is an important component of physical performance in older women.,1999,"The journals of gerontology. Series A, Biological sciences and medical sciences",https://pubmed.ncbi.nlm.nih.gov/10462167/,community,aerobic_walking,exercise_only,publisher_or_library_fulltext_required,not_fulltext_mined,yes,yes,,,,yes,yes,yes,yes,,,,,,,,,,,,,,,,,"Machine-assisted full-text mining supports extraction only; final inclusion, risk of bias, and numeric effects require author verification.",,,,,,
8617895,,10.1111/j.1532-5415.1996.tb01432.x,Reducing frailty and falls in older persons: an investigation of Tai Chi and computerized balance training. Atlanta FICSIT Group. Frailty and Injuries: Cooperative Studies of Intervention Techniques.,1996,Journal of the American Geriatrics Society,https://pubmed.ncbi.nlm.nih.gov/8617895/,community,resistance;balance;aerobic_walking;mind_body;digital_home,exercise_only,publisher_or_library_fulltext_required,not_fulltext_mined,yes,yes,,,,yes,yes,yes,yes,,,,,,,,,,,,,,,,,"Machine-assisted full-text mining supports extraction only; final inclusion, risk of bias, and numeric effects require author verification.",,,,,,
