pmcid,pmid,doi,title,year,journal,url,evidence_source_set,intervention_node_prelim,article_title_mined,first_reviewer_fulltext_decision,first_reviewer_reason,rct_signal,frailty_signal,sarcopenia_signal,older_adult_signal,intervention_signal,comparator_signal,outcome_signal,protocol_or_review_signal,disease_specific_signal,hospital_or_residential_signal,community_home_signal,detected_outcomes,randomization_snippet,intervention_snippet,comparator_snippet,results_snippet,second_reviewer_decision,consensus_decision,consensus_reason
PMC10086760,36416166.0,10.23736/s1973-9087.22.07612-2,Beneficial effects of walking-based home program for improving cardio-respiratory performance and physical activity in sarcopenic older people: a randomized controlled trial.,2022.0,,https://europepmc.org/article/MED/36416166,expanded_accessible_search,exercise_plus_nutrition,Beneficial effects of walking-based home program for improving cardio-respiratory performance and physical activity in sarcopenic older people: a randomized controlled trial,secondary_sarcopenia_verify,Sarcopenia/vulnerability RCT; frailty-primary status requires verification,yes,no,yes,yes,yes,yes,yes,no,yes,no,yes,frailty;gait_speed;grip_strength;falls;quality_of_life;adverse_events,"73-9087.22.07612-2 7612 1 Article Beneficial effects of walking-based home program for improving cardio-respiratory performance and physical activity in sarcopenic older people: a randomized controlled trial YUENYONGCHAIWAT Kornanong 1 2 * AKEKAWATCHAI Chareeporn 3 4 1 Department of Physiotherapy, Faculty of Allied Health Sciences , Thammasat University , Bangkok , Th","h a reduced risk of sarcopenia. Additionally, the World Health Organization 2020 guidelines recommend 150 minutes/week of moderate-intensity or 75 minutes/week of vigorous PA plus resistance exercise twice a week. An increase in walking steps/day also enhances PA. AIM The study explored the benefits of a pedometer-based walking program plus a resistance exercise progr","er 12 weeks. The intervention group was required to wear a pedometer and walk 7 500 steps/day for 5 days/week and perform the TheraBand resistance exercise twice a week, while the control group continued their routine daily activities. Respiratory muscle strength, functional capacity ( i.e. , 6-minute walk test), and PA were assessed before and after the 12-week program.","RESULTS Sixty older individuals with sarcopenia aged ≥60 years were enrolled; however, a total of 57 older adults (28 in the invention group and 29 in the control group) completed the study. Inspiratory muscle strength, functional capacity, and PA increased between and within groups after the 12-week program (all P<0.05). Furthermore, muscle strength and physical performance improved in the intervention group after the 12-week program but not in the control group.
Results Sixty community-dwelling older adults with sarcopenia agreed to participate, and 57 participants completed the 12-week intervention program. Of the three participants who did not complete the study, two had knee pain due to walking and one did not want to participate in the study. Therefore, 28 and 29 older adults in the intervention and control groups, respectively, were analyzed ( Figure 1 ). No statistically significant differences were observed between the intervention and control groups including comorbidities (P>0.05) ( Table I ). Baseline steps/day were defined as sedentary PA (accumulating <5000 steps/day) 30 or basal activity (<2500 steps/day) 31 in both the intervention and control groups (P>0.05). Figure 1 —Flow diagram showing the study recruitment process. Table I — Baselines characterize data. Total (N.=60) Mean (SD) Intervention group (N.=30) Mean (SD) Control group (N.=30) Mean (SD) 95% CI P value Sex 1.364* 0.382 Female (%) 44 (73.33) 20 (33.33) 24 (40.00) Male (%) 16 (26.67) 10 (16.67) 6 (10.00) Age (years) 70.58 (6.10) 69.23 (6.71) 71.93 (5.19) -5.80 to 0.40 0.086 Comorbidities Diabetes mellitus (%) 1.491* 0.360 Underlying of diabetes mellitus 14 (23.33) 5 (8.33) 9 (15.00) No history of diabetes mellitus 46 (76.67) 25 (41.67) 21 (35.00) Dyslipidemia (%) 0.000* 1.000 Underlying of dys",,,
PMC10097015,37049448.0,10.3390/nu15071607,The Impact of Nutrition and Oral Function Exercise on among Community-Dwelling Older People.,2023.0,Nutrients,https://pubmed.ncbi.nlm.nih.gov/37049448/,original_high_confidence,nutrition_only,The Impact of Nutrition and Oral Function Exercise on among Community-Dwelling Older People,defer_second_reviewer,Comparator not clearly confirmed from mined fields,yes,yes,no,yes,yes,no,yes,no,yes,no,yes,frailty;grip_strength;quality_of_life;adverse_events,"and nutritional status at the baseline. The participants involved in the study were 26 community-dwelling older people with low TP, <30 kPa, aged ≥65 years, who were enrolled in a randomized controlled trial for a month in Itoshima City, Fukuoka, Japan. Oral and physical functions and body composition were measured at the baseline and at follow-up. Two-way analysis of",2072-6643 Multidisciplinary Digital Publishing Institute (MDPI) PMC10097015 PMC10097015.1 10097015 10097015 37049448 10.3390/nu15071607 nutrients-15-01607 1 Article The Impact of Nutrition and Oral Function Exercise on among Community-Dwelling Older People Tani Asuka 1 https://orcid.org/0000-0003-1512-1270 Mizutani Shinsuke 1 2 * https://orcid.org/0000-0001-8944-153,,"3. Results 3.1. Participant’s Characteristics Figure 1 shows the flowchart of this study. Initially, 78 individuals with low tongue pressure (<30 kPa) were invited to participate in the study, of which 28 consented to participate in the study. However, two participants dropped out before the baseline evaluation because of personal reasons. The participant age ranged from 75 to 81 years, with a mean of 74.0 ± 3.7 years. As shown in Table 2 , the 26 participants were distributed into 13 in the tablet-based group (five men and eight women; mean ± SD age, 74.1 ± 3.8 years) and 13 in the paper-based group (eight men and five women; 73.9 ± 3.6 years) at the baseline. The baseline examination results of the two groups were compared. No significant difference was found between the tablet- and paper-based groups in all physical and oral categories at the baseline. 3.2. Intervention Effect Table 3 shows the results of the two-way analysis of variance comparing the tablet- and paper-based groups at the baseline and after intervention. The items showing interaction (intervention × between groups) included muscle mass ( p = 0.024), skeletal muscle mass ( p = 0.029), and SMI ( p = 0.032). No difference was detected in the pattern of change of interaction for any other item, which indicated that the trend of change was similar between the groups. Moreover, no significant difference was observed between the two groups, that is, the tablet group and the paper-based group, either at the baseline or at follow-up. The items in which the main effects of the intervention were observed included weight ( p = 0.003), BMI ( p = 0.004), maximum masticatory performance ( p = 0.010), maximum tongue pressure ( p = 0.035), and ODK /pa/ and /ka/ ( p = 0.009 and 0.017, respectively). 3.3. Nutrient Inta",,,
PMC10100027,36426763.0,10.1111/ggi.14511,"Adherence, safety and potential effectiveness of a home-based Radio-Taiso exercise program in older adults with frailty: A pilot randomized controlled trial.",2023.0,Geriatrics & gerontology international,https://pubmed.ncbi.nlm.nih.gov/36426763/,original_high_confidence,digital_home_unclear_intervention,"Adherence, safety and potential effectiveness of a home‐based Radio‐Taiso exercise program in older adults with frailty: A pilot randomized controlled trial",exclude,Protocol/review signal in full-text-mined fields,yes,yes,no,yes,yes,yes,yes,yes,yes,yes,yes,frailty;sppb;adl;falls;quality_of_life;adherence;adverse_events,"ticles: Epidemiology, Clinical Practice and Health Adherence, safety and potential effectiveness of a home‐based Radio‐Taiso exercise program in older adults with frailty: A pilot randomized controlled trial Feasibility study of Radio‐Taiso Y Osuka et al. Osuka Yosuke https://orcid.org/0000-0002-5744-1961 1 osuka@tmig.or.jp Sasai Hiroyuki 1 Kojima Narumi https://orcid",".1111/ggi.14511 GGI14511 1 Original Article Original Articles: Epidemiology, Clinical Practice and Health Adherence, safety and potential effectiveness of a home‐based Radio‐Taiso exercise program in older adults with frailty: A pilot randomized controlled trial Feasibility study of Radio‐Taiso Y Osuka et al. Osuka Yosuke https://orcid.org/0000-0002-5744-1961 1 osuk",zed controlled trial included community‐dwelling Jolder Japanese adults with frailty and pre‐frailty. Fifty‐eight eligible participants were randomly allocated to intervention and control groups. Intervention participants performed 3–5‐min sessions of Radio‐Taiso one to four times per day for 12 weeks. Feasibility criteria were set at practice and retention rates of ≥75%,"Results Both practice (83%) and retention rates (100%) met the predetermined feasibility criteria. Eleven adverse events were reported but were supposedly unrelated to the intervention. In the intention‐to‐treat analysis, there was no clinically significant difference in the change in SPPB score between groups (−0.4 points, 95% confidence interval [CI], −1.2, 0.3); however, the intervention group scored higher in the mental component of HR‐QoL than did the control group (3.4 points, 95% CI: −1.1, 7.8).
Results Enrollment Figure 1 shows the study flow. During October 2020, 902 older adults participated in the comprehensive geriatric survey. Of these, 514 participants who met the pre‐frailty or frailty criteria received the invitation letter. In total, 186 individuals who met all the eligibility criteria volunteered to participate, among which 60 were randomly selected and sent a baseline assessment invitation. Fifty‐eight older adults participated in the baseline assessment and were randomly assigned to two groups. No participants withdrew from the intervention or were lost to follow‐up. Figure 1 Flow diagram of the study. Baseline characteristics Table 2 shows the baseline characteristics of participants. The median age was 77 years (interquartile range, 73–80). Overall, 84.5% were women; 10.3% were older adults with frailty; and the median SPPB score at baseline assessment for all participants was 6 points (interquartile range, 5–8). Table 2 Characteristics of the study participants Characteristics Intervention group Control group N = 29 N = 29 Age, years 77 [72, 82] 77 [74, 79] Sex, women 25 (86.2) 24 (82.8) Hypertension, yes 16 (55.2) 7 (24.1) Heart disease, yes 9 (31.0) 2 (6.9) Diabetes, yes 8 (27.6) 4 (13.8) Hyperlipidemia, yes 13 (44.8) 8 (27.6) Osteoporosis, yes ",,,
PMC10146965,37111195.0,10.3390/nu15081976,"Efficacy of Dietary Intervention with Group Activities on Dietary Intakes, Frailty Status, and Working Memory: A Cluster-Randomized Controlled Trial in Community Strongholds.",2023.0,,https://europepmc.org/article/MED/37111195,expanded_accessible_search,nutrition_only,"Efficacy of Dietary Intervention with Group Activities on Dietary Intakes, Frailty Status, and Working Memory: A Cluster-Randomized Controlled Trial in Community Strongholds",exclude,Protocol/review signal in full-text-mined fields,yes,yes,no,yes,yes,yes,yes,yes,yes,no,yes,frailty;gait_speed;grip_strength;adl;quality_of_life;adherence;adverse_events,"5 37111195 10.3390/nu15081976 nutrients-15-01976 1 Article Efficacy of Dietary Intervention with Group Activities on Dietary Intakes, Frailty Status, and Working Memory: A Cluster-Randomized Controlled Trial in Community Strongholds https://orcid.org/0000-0001-5743-0253 Wu Szu-Yun Methodology Formal analysis Investigation Data curation Writing – original draft Writing","6643 Multidisciplinary Digital Publishing Institute (MDPI) PMC10146965 PMC10146965.1 10146965 10146965 37111195 10.3390/nu15081976 nutrients-15-01976 1 Article Efficacy of Dietary Intervention with Group Activities on Dietary Intakes, Frailty Status, and Working Memory: A Cluster-Randomized Controlled Trial in Community Strongholds https://orcid.org/0000-0001-5743-0253","the study, and 211 subjects completed the baseline assessment and received intervention. The number of subjects in the community centers were 18, 20, 21,14, 21, 14, and 16 for the control group, and 11, 15, 14, 17, 17, and 13 for the intervention group. 2.4. Study Design The study was a cluster-randomized, single-blind, and parallel controlled trial that consisted of a 3","3. Results Among the 211 participants, 201 participated in the intervention and completed post-intervention measurement, and 187 further completed the 6-month follow-up measurement ( Figure 1 ). During the intervention period, the attendance rates of the control and the nutrition group were 86.8% and 79.8%, respectively. 3.1. Baseline Characteristics The baseline characteristics and habitual dietary intakes of the participants are presented in Table 1 and Table 2 , respectively. The study population was primarily women (76.3%) with some self-reported comorbidities, mean age at mid-70th, and mean body mass index (BMI) near 24. The sex distribution, self-reported comorbidity, GDS-SF score, and distribution of frailty components were not significantly different between the two groups. However, the nutrition group was significantly older (by 2 years), with fewer participants who had been educated for more than 6 years (by 17%), and with higher mean BMI values (by 1 unit), poorer working memories (both forward and reverse digit span by less than 1 digit), and lowered number cancellation task scores (by 3 scores). However, the differences of magnitude are small in general. The mean energy intake was 1368 ± 26.5 Kcal, and the distributions of energy from carbohydrates, proteins, and fat were 57.6%, 14.7%, and 27.7%, respectively, with no significant difference between the two groups. In terms of the six food groups, significantly lower intakes of non-refined grains and roots (by 0.25 bowls) and dairy (by 0.13 servings) were observed in the nutrition group. 3.2. Effect of Nutrition Education Program on Dietary Intakes Figure 2 depicts the trends of dietary intakes from baseline to the end of follow-up. The results of the intervention effects on dietary intakes are summarized in",,,
PMC10230140,37357328.0,10.1007/s12603-023-1928-7,"Impact of Exercise and Cognitive Stimulation Therapy on Physical Function, Cognition and Muscle Mass in Pre-Frail Older Adults in the Primary Care Setting: A Cluster Randomized Controlled Trial.",2023.0,"The journal of nutrition, health & aging",https://pubmed.ncbi.nlm.nih.gov/37357328/,original_high_confidence,exercise_plus_nutrition,"Impact of Exercise and Cognitive Stimulation Therapy on Physical Function, Cognition and Muscle Mass in Pre-Frail Older Adults in the Primary Care Setting: A Cluster Randomized Controlled Trial",include_secondary_setting,Frailty RCT but setting likely hospital/residential or mixed,yes,yes,yes,yes,yes,yes,yes,no,yes,yes,yes,frailty;gait_speed;sppb;grip_strength;adl;falls;quality_of_life;adherence;adverse_events,"inal Research Impact of Exercise and Cognitive Stimulation Therapy on Physical Function, Cognition and Muscle Mass in Pre-Frail Older Adults in the Primary Care Setting: A Cluster Randomized Controlled Trial Tan L. F. 1 Chan Y. H. 2 Seetharaman S. 1 Denishkrshna A. 2 Au L. 3 Kwek S. C. 4 Chen M. Z. 5 Ng S. E. 5 Hui R. J. Y. 4 Merchant Reshma A. reshmaa@nuhs.edu.sg 2 5","pmc J Nutr Health Aging J Nutr Health Aging 3814 phenaturepg The Journal of Nutrition, Health & Aging 1279-7707 1760-4788 pmc-is-collection-domain yes pmc-collection-title Springer Nature - PMC COVID-19 Collection PMC10230140 PMC10230140.1 10230140 10230140 3735732","nths exercise (Ex) versus complementary effect of 3 months of cognitive stimulation therapy (CST) to 6 months of Ex (Ex+CST) on physical function, muscle mass and cognition versus control group at 3, 6 and 12 months ii) inflammatory biomarkers such as Interleukin-6 (IL-6) and Tumor Necrosis Factor Alpha (TNF-α). Design Cluster randomised control trial. Setting & Interven","Results Data from 190 participants was analysed at 3 months (111 control, 37 Ex and 41 Ex+CST). At 3 months, significant improvement in cognition was seen only in the Ex+CST group whereas improvements in depression, gait speed, SPPB and 5x-STS were seen in both the Ex and Ex+CST groups. At 6 months, the Ex+CST group improved in cognition and depression whereas improvement in frailty and muscle mass indices were seen in both the interventions groups. At 12 months, both the interventions groups had better perceived health, gait speed and less decline in muscle mass compared with control groups. Both the Ex and Ex+CST had significant association with TNF-α at 3 months (β −2.71 (95% CI −4.80–−0.62); p = 0.012 and β −1.74 (95% CI −3.43–−0.06); p = 0.043 respectively).
Results A total of 324 participants were initially enrolled in the study just before the Covid-19 pandemic with 187 allocated to the control group and 137 to the intervention groups (Ex = 80; Ex + CST = 57). Full data for analysis was available for 190 participants at 3 months (112 control, 37 Ex and 41 Ex + CST), 140 at 6 months (95 control, 26 Ex and 19 Ex + CST) and 173 at 12 months (122 control, 26 Ex and 25 Ex + CST) (Figure 1 ). The intervention study was conducted during the peak of COVID-19 pandemic with multiple lockdowns resulting in significant numbers withdrawing consent after enrolment or lost to follow-up. Some participants missed 3- and 6-month assessments due to COVID-19 measures. The median adherence was 75% for Ex+CST and 67% for Ex group. There was no significant difference between the participants who dropped out before the 3 months evaluation and those who continued except for falls risk which was adjusted for in the final analysis (supplementary Table 1). There were significant differences",,,
PMC10273765,37328797.0,10.1186/s12877-023-04080-0,Effects of an individualised exercise programme plus Behavioural Change Enhancement (BCE) strategies for managing fatigue in frail older adults: a cluster randomised controlled trial.,2023.0,BMC geriatrics,https://pubmed.ncbi.nlm.nih.gov/37328797/,original_high_confidence,unclear,Effects of an individualised exercise programme plus Behavioural Change Enhancement (BCE) strategies for managing fatigue in frail older adults: a cluster randomised controlled trial,include_secondary_disease_specific,Frailty RCT but disease-specific population,yes,yes,no,yes,yes,yes,yes,no,yes,no,yes,frailty;gait_speed;grip_strength;falls;quality_of_life;adherence,-04080-0 4080 1 Research Effects of an individualised exercise programme plus Behavioural Change Enhancement (BCE) strategies for managing fatigue in frail older adults: a cluster randomised controlled trial Liu Justina Y. W. justina.liu@polyu.edu.hk 1 2 Yin Yue-Heng 1 Kor Patrick P. K. 1 Kwan Rick Y. C. 1 Lee Paul H. 3 Chien Wai Tong 4 Siu Parco M. 5 Hill Keith D. 6,tr BMC Geriatr 33 bmcgeri BMC Geriatrics 1471-2318 BMC PMC10273765 PMC10273765.1 10273765 10273765 37328797 10.1186/s12877-023-04080-0 4080 1 Research Effects of an individualised exercise programme plus Behavioural Change Enhancement (BCE) strategies for managing fatigue in frail older adults: a cluster randomised controlled trial Liu Justina Y. W. justina.liu@poly,"to either: the COMB group ( n = 64), receiving 16 weeks of exercise training plus the BCE programme; the EXER group ( n = 65), receiving exercise training and health talks; or the control group ( n = 55), receiving only health talks. Fatigue was assessed using the Multi-dimensional Fatigue Inventory (range: 20 to 100, with higher scores indicating higher fatigue levels)","Results The GEE analyses showed significant interaction (time x group) between the COMB and control groups immediately ( p < 0.001), 6 months ( p < 0.001), and 12 months ( p < 0.001) post-intervention. Comparing the COMB and EXER groups, there was a significant interaction immediately ( p = 0.013) and at 12 months post-intervention ( p = 0.007). However, no significant difference was seen between the EXER group and control group at any time point.
Results Characteristics of the participants The recruitment period started during the period of social unrest that began in June 2019. The turmoil continued with the outbreak of the COVID-19 pandemic in the beginning of 2020. The resulting social distancing/ quarantine policy and lockdowns acted as a severe drag on the project, and individuals expressed concerns about participating in the study. A total of 184 participants from 21 community centres were recruited between January 2018 and April 2020 and allocated into either the COMB, EXER, or control groups (COMB: n = 64, EXER: n = 65, control: n = 55) based on cluster randomisation at a ratio of 1:1:1. Both situations had made recruitment and retention of participants far more difficult than would otherwise have been the case. Therefore, the sample size was only about 64.6% of the sample size calculated in the proposal. The attrition rates were 14.1%, 18.5%, and 14.5% at T1 (immediately post-intervention), increasing to 28.1%, 32.3%, and 41.8% at T3 (at the 12-month follow-up) in the COMB, EXER, and control groups (see Fig. 2 ). The attrition rates of the participants at T3 were higher than the estimated attrition rate of 20% in the calculation of sample size. Fig. 2 CONSORT flow diagram of the subject recruitment and study procedure The demographic and clinical characteristi",,,
PMC10376679,37508325.0,10.3390/biology12070892,A Narrative Review of Non-Pharmacological Strategies for Managing Sarcopenia in Older Adults with Cardiovascular and Metabolic Diseases.,2023.0,,https://europepmc.org/article/MED/37508325,expanded_accessible_search,exercise_plus_nutrition,A Narrative Review of Non-Pharmacological Strategies for Managing Sarcopenia in Older Adults with Cardiovascular and Metabolic Diseases,secondary_sarcopenia_verify,Sarcopenia/vulnerability RCT; frailty-primary status requires verification,yes,no,yes,yes,yes,yes,yes,no,yes,no,no,frailty;gait_speed;grip_strength;falls;quality_of_life;adherence;adverse_events,"hat integrate behavioural science are explored to enhance the uptake and sustainability of behaviour-based sarcopenia interventions. Future research should prioritise high-quality randomized controlled trials to refine exercise and nutritional interventions and investigate the incorporation of behavioural science into routine practices. Ultimately, a comprehensive and","by/4.0/ ). Simple Summary This article explores the relationship between sarcopenia, cardiovascular disease and metabolic diseases. The authors suggest non-drug treatments such as exercise, dietary modifications and behavioural interventions as potential strategies to help older adults manage these conditions. This review highlights the importance of combining stren","oves lower and upper extremity muscle strength, peak oxygen uptake and 6-min walking distance, without any detrimental effects on the left ventricular parameters, when compared to usual care or an AT intervention [ 152 ]. Hence, RT may serve as a feasible strategy for improving physical function and quality of life in CHF patients who might not have the ability or wil",,,,
PMC10432158,37593214.0,10.7762/cnr.2023.12.3.184,Muscle Mass Changes After Daily Consumption of Protein Mix Supplemented With Vitamin D in Adults Over 50 Years of Age: Subgroup Analysis According to the Serum 25(OH)D Levels of a Randomized Controlled Trial.,2023.0,,https://europepmc.org/article/MED/37593214,expanded_accessible_search,nutrition_only,Muscle Mass Changes After Daily Consumption of Protein Mix Supplemented With Vitamin D in Adults Over 50 Years of Age: Subgroup Analysis According to the Serum 25(OH)D Levels of a Randomized Controlled Trial,secondary_sarcopenia_verify,Sarcopenia/vulnerability RCT; frailty-primary status requires verification,yes,no,yes,yes,yes,yes,yes,no,yes,yes,no,frailty;gait_speed;sppb;grip_strength;falls;quality_of_life;adherence,Muscle Mass Changes After Daily Consumption of Protein Mix Supplemented With Vitamin D in Adults Over 50 Years of Age: Subgroup Analysis According to the Serum 25(OH)D Levels of a Randomized Controlled Trial https://orcid.org/0000-0002-5835-9169 Kang Yeji 1 https://orcid.org/0000-0003-1478-4363 Kim Namhee 1 https://orcid.org/0000-0001-8484-4750 Lee Yunhwan 2 https://o,pmc Clin Nutr Res Clin Nutr Res 2007 cnr CNR Clinical Nutrition Research 2287-3732 2287-3740 Korean Society of Clinical Nutrition PMC10432158 PMC10432158.1 10432158 10432158 37593214 10.7762/cnr.2023.12.3.184 1 Original Article Muscle Mass Cha,"nefitted the most in terms of improvement in muscle health. A 12-week randomized clinical trial of 120 healthy adults (aged 50 to 80) assigned to an intervention group (n = 60) or control group (n = 60) were analyzed. Subjects in the intervention group received, twice per day, a protein supplement containing (per serving) 800 IU of vitamin D, 20 g of protein (3 g of tota","RESULTS Baseline characteristics of participants There was no significant difference (p = 0.53 and p = 0.62, respectively) in the proportions of males and females in the intervention and control in the insufficient and sufficient groups. Data for body composition, muscle function, and complete blood count ( Table 1 ) did not significantly differ between the intervention and control in the insufficient and sufficient groups. However, the age of the participants was significantly different between groups in the sufficient group (62.4 ± 7 years for the intervention group and 58.5 ± 6 years for the control group, p = 0.02). The eGFR data are not presented because all participants had levels greater than 60 mL/min/1.73 m 2 both before and after the study. Table 1 Baseline characteristics of subjects Characteristics Insufficient group (n = 46) Sufficient group (n = 65) Control (n = 23) Intervention (n = 23) p value Control (n = 34) Intervention (n = 31) p value Age 59.5 ± 5 59 ± 6 0.86 58.5 ± 6 62.4 ± 7 0.02 * Sex 0.53 0.62 Men (%) 6 (26.1) 8 (34.8) 8 (23.5) 9 (29.0) Women (%) 17 (73.9) 15 (65.2) 26 (76.5) 22 (71.0) Weight (kg) 62 ± 7 63 ± 8 0.54 60 ± 6 60.7 ± 8.5 0.81 Height (cm) 160 ± 6 161 ± 8 0.75 161 ± 6 159 ± 7 0.42 BMI (kg/m 2 ) 23.9 ± 1.6 24 ± 1.8 0.50 23 ± 1.9 23.7 ± 2 0.34 DXA Muscle mass ASM (kg) 16.7 ± 3 17 ± 3.8 0.68 16.8 ± 3 17 ± 4 0.79 ASM/wt (kg/kg, %) 27 ± 3 27 ± 3 0.99 27.8 ± 3 27.8 ± 3 0.96 ASMI (kg/m 2 ) 6 ± 0.8 6 ± 0.8 0.79 6 ± 0.8 6 ± 1 0.44 ASM/BMI (kg/[kg/m 2 ]) 0.7 ± 0.1 0.7 ± 0.1 0.79 0.7 ± 0.1 0.7 ± 0.1 0.76 Visceral adipose tissue VAT volume (cm 3 ) 860 ± 350 1,005 ± 575 0.30 809 ± 436 831.7 ± 416 0.83 VAT mass (g) 812 ± 331 980.9 ± 510 0.19 763 ± 411.7 784 ± 392 0.83 BIA SMM (kg) 23 ± 3.7 23.7 ± 5 0.73 23 ± 4 23.8 ± 4 0.85 SMM/Wt (kg/kg, %) 37.7 ±",,,
PMC10513027,37743924.0,10.3389/fnut.2023.1176523,"""We want more"": perspectives of sarcopenic older women on the feasibility of high-intensity progressive resistance exercises and a whey-protein nutrition intervention.",2023.0,,https://europepmc.org/article/MED/37743924,expanded_accessible_search,exercise_plus_nutrition,“We want more”: perspectives of sarcopenic older women on the feasibility of high-intensity progressive resistance exercises and a whey-protein nutrition intervention,defer_second_reviewer,Comparator not clearly confirmed from mined fields,yes,no,yes,yes,yes,no,yes,no,no,no,yes,frailty;sppb;grip_strength;falls;quality_of_life;adherence;adverse_events,"with accepted academic practice. No use, distribution or reproduction is permitted which does not comply with these terms. This qualitative study is nested within a 12-week pilot randomized-controlled, two-arm trial involving high-intensity progressive resistance training (PRT) or PRT with a multi-nutrient, whey-protein supplementation (PRT+WP) in sarcopenic older ad",pmc Front Nutr Front Nutr 2731 fnut Front. Nutr. Frontiers in Nutrition 2296-861X Frontiers Media SA PMC10513027 PMC10513027.1 10513027 10513027 37743924 10.3389/fnut.2023.1176523 1 Nutrition Clinical Trial “We want more”: perspectives of sarcopenic o,,"3. Results 3.1. Study participants, attrition, and adherence A total of 320 older adults were screened for this study, of whom 18 were identified as having possible sarcopenia (one man). Two participants (husband and wife) withdrew from the PRT group after citing personal concerns about attending measures and exercise intervention sessions. Notably, 16 women were randomly allocated to the PRT+WP ( n = 8) or PRT ( n = 8) groups. The recruitment and randomization process is displayed in Figure 1 based on the CONSORT extension to randomized pilot study guidelines ( 28 ). Figure 1 Flow diagram of participants through the study. Participants were community-dwelling, Malay women, aged (mean ± SD) 66.0 ± 3.1 years (range 61–72). Characteristics of the participants by PRT+WP and PRT group are displayed in Table 1 . There were no significant differences between groups at baseline for all the measures, indicating randomization was achieved. Table 1 Baseline characteristics (mean ± SD) in the progressive resistance training (PRT) plus whey protein supplementation (PRT+WP) and PRT only groups. Variables PRT+WP PRT n 8 8 Age (years) 66.6 ± 4.0 65.5 ± 1.9 Height (cm) 154.8 ± 5.8 151.6 ± 6.2 Weight (kg) 62.4 ± 10.0 55.9 ± 8.5 Body mass index (kg/m 2 ) 26.4 ± 4.6 24.5 ± 4.3 Systolic blood pressure (mmHg) 126.0 ± 18.3 134.3 ± 17.8 Diastolic blood pressure (mmHg) 73.5 ± 11.5 71.9 ± 6.7 Resting heart rate (bpm) 78.6 ± 7.4 71.1 ± 11.1 Overall, 16 (100%) participants completed the intervention and the post-intervention measurements. We recorded that the participants had 90% adherence to the prescribed exercises and supplement intake throughout the intervention period. There were no reported adverse events from either the exercise or nutrition supplement. 3.2. Prevalence of sarcopenia At bas",,,
PMC10560881,37818088.0,10.3389/fendo.2023.1189192,High blood galectin-3 level associated with risk of frailty in aging.,2023.0,,https://europepmc.org/article/MED/37818088,expanded_accessible_search,nutrition_only,High blood galectin-3 level associated with risk of frailty in aging,exclude,Protocol/review signal in full-text-mined fields,no,yes,yes,yes,yes,yes,yes,yes,yes,no,yes,frailty;gait_speed;grip_strength;falls;adverse_events,,"rail participants, and 26.00 ± 5.87 ng/mL in non-frail individuals ( p < 0.001). Significant positive correlations between serum Gal-3 level and FP score, SARC-F score, C-reactive protein (CRP), interleukin-6, etc., were observed. In addition, the KEGG pathway and GO enrichment analyses showed that 265 DEGs in PBMCs of frail participants were mainly related to infl","36 ). Recently, a meta-analysis including 53 cross-sectional studies represented that there were higher CRP, IL-6, and TNF-α levels in older adults with frailty compared with the control group, consistent with our results ( 51 ). From this perspective, the elevated serum levels of inflammatory factors CRP, IL-6, IL-1, IL-17, TNF-α, and IFN-γ may reflect an endophenotypi","Results Participants’ mean age was 72.04 ± 7.05 years. In total, 21.48% were frail and 36.91% were pre-frail. The mean serum Gal-3 concentration was 46.34 ± 17.99 ng/mL in frail participants, 32.30 ± 8.14 ng/mL in pre-frail participants, and 26.00 ± 5.87 ng/mL in non-frail individuals ( p < 0.001). Significant positive correlations between serum Gal-3 level and FP score, SARC-F score, C-reactive protein (CRP), interleukin-6, etc., were observed. In addition, the KEGG pathway and GO enrichment analyses showed that 265 DEGs in PBMCs of frail participants were mainly related to inflammatory response, translation, RNA binding, protein binding, ribosome, and primary immunodeficiency. LGALS3 was identified as the overlapping gene between frailty-related DEGs and aging-related DEGs. The elevated serum Gal-3 concentration in the in vivo model of frailty was consistent with the results in participants.
3 Results 3.1 Characteristics of patients A total of 149 patients (68 men and 81 women) were included according to the inclusion and exclusion criteria. The average age of all patients was 72.04 ± 7.05 years, and the average Fried phenotype score was 1.0. Among the patients, 21.48% were frail, 36.91% were pre-frail, and 41.61% were non-frail. The baseline characteristics of participants among the three groups are shown in Table 1 . The results showed that there were significant differences in BMI ( p = 0.023), grip strength ( p < 0.001), walking speed ( p < 0.001), CCI ( p = 0.043), SARC-F score ( p < 0.001), MNA score ( p = 0.008), and Barthel index ( p < 0.001) among the groups. According to the post-hoc test, the grip strength ( p = 0.013), MNA score ( p = 0.022), and Barthel index ( p < 0.001) in the frail group exhibited a statistical decrease compared to those in the pre-fra",,,
PMC10644445,37957601.0,10.1186/s12877-023-04292-4,Impact on physical function of the +AGIL Barcelona program in community-dwelling older adults with cognitive impairment: an interventional cohort study.,2023.0,,https://europepmc.org/article/MED/37957601,expanded_accessible_search,multidomain,Impact on physical function of the +AGIL Barcelona program in community-dwelling older adults with cognitive impairment: an interventional cohort study,defer_second_reviewer,Comparator not clearly confirmed from mined fields,yes,yes,no,yes,yes,no,yes,no,no,no,yes,frailty;gait_speed;sppb;adl;falls;adherence,"ent as part of the CGA in daily clinical practice, especially in older persons with CI. List of abbreviations CI Cognitive impairment PE Physical exercise PA Physical activity RTC Randomized control trial CGA Comprehensive Geriatric Assessment GFST Gerontopôle Frailty Screening Tool MEP Multicomponent exercise program SPPB Short Physical Performance Battery GS Gait sp",445 37957601 10.1186/s12877-023-04292-4 4292 1 Research Impact on physical function of the +AGIL Barcelona program in community-dwelling older adults with cognitive impairment: an interventional cohort study Arnal Cristina cristinarcar@gmail.com 1 2 Pérez L Monica 1 Soto Luís 1 Herrero Álvaro Casas 3 4 5 Ars Joan 1 2 Baró Sonia 1 6 Díaz Francisco 7 Abilla Araceli 7 Enfe,,"Results 194 participants were included (82 with CI, based on previous diagnosis or the Mini-COG screening tool), 68% women, mean age 81.6 (SD = 5.8) yo. Participants were mostly independent in Activities of Daily Living (mean Barthel = 92.4, SD = 11.1). The physical activity program showed high adherence (87.6% attended ≥ 75% sessions). At three months, there was a clinically and statistically significant improvement in the Short Physical Performance Battery (SPPB) and its subcomponents in the whole sample and after stratification for CI [CI group improvements: SPPB = 1.1 (SD = 1.8) points, gait speed (GS) = 0.05 (SD = 0.13) m/s, Chair stand test (CST)=-2.6 (SD = 11.4) s. Non-CI group improvements: SPPB = 1.6 (SD = 1.8) points, GS = 0.08 (SD = 0.13) m/s, CST=-6.4 (SD = 12.1) seg]. SPPB and gait speed remained stable at six months in the study sample and subgroups. CI had no significant impact on SPPB or GS improvements.
Results Of the 342 people screened, 270 (78.9%) were invited and accepted to participate in the program. Reasons for non-participation of the 72 (21%) remaining candidates were diverse (15 refused to participate, 24 due to medical conditions, 26 due to logistical personal problems to attend, and 7 due to severe physical dependence). Among the participants, 76 did not attend the 3-month follow-up (30 due to COVID-19 lockdown restrictions, 23 due to medical events, 12 refused to undergo the follow-up visit after correctly completing ≥ 75% of physical activity sessions without any incident event, 10 did not complete the program and did not attend the follow-up visit despite the absence of medical complications, and one died) and were excluded, resulting in a sample of 194 participants, 82 in the CI group and 112 in the reference group. Baseline characterist",,,
PMC10690129,38046443.0,10.22540/jfsf-08-221,A Narrative Review of the Utilisation of the SHARE Frailty Instruments (SHARE-FI and SHARE-FI75+) in the Literature.,2023.0,,https://europepmc.org/article/MED/38046443,expanded_accessible_search,nutrition_only,A Narrative Review of the Utilisation of the SHARE Frailty Instruments (SHARE-FI and SHARE-FI75+) in the Literature,exclude,Protocol/review signal in full-text-mined fields,yes,yes,no,yes,yes,yes,yes,yes,no,yes,yes,frailty;gait_speed;sppb;grip_strength;falls;quality_of_life,"luded articles were categorised into four themes: epidemiological studies (prevalence and associated factors); associations with geriatric syndromes, diseases and health outcomes; randomised clinical trials (RCTs); and expert consensus and practice guidelines. Of 529 articles screened (446 citing SHARE-FI and 83 citing SHARE-FI75+), 64 (12.1%) were included. Sixteen (","were RCTs; and 3 (4.7%) were expert consensus or practice guidelines. Frailty was associated with older age; female sex; higher morbidity; lower education; social isolation; worse nutrition and mobility; rheumatological, cardiovascular, and endocrine diseases; and greater healthcare utilisation and mortality. SHARE-FI was used in RCTs as entry criterion, controlling","hysical activity and education program for pre-frail adults aged 65 years or more with chronic pain attending a primary healthcare centre in Spain (17 in intervention group, 15 in control group). Frailty was measured at baseline, after the intervention (T1) and after 3 months (T2) using SHARE-FI, and there were significant improvements in the SHARE-FI continuous score in","Results Of 529 articles screened (446 citing SHARE-FI and 83 citing SHARE-FI75+), 64 (12.1%) were included in the narrative review. Sixteen (25.0%) were epidemiological and 35 (54.7%) principally described associations, with some overlap between those two types of studies; 10 (15.6%) were RCTs; and 3 (4.7%) were expert consensus or practice guidelines. The flowchart of included studies is shown in Figure 1 . The highlights of the included articles are represented in Figure 2 and narrated below. Figure 1 Flowchart of included studies. Figure 2 Summary of the narrative review. Epidemiology Prevalence A large systematic review and meta-analysis reviewing 62 papers (representing 68 unique datasets) and completed in 22 European countries found that SHARE-FI was the second most frequently used tool (after the original Fried’s frailty phenotype) in the community setting (17.6% of studies), with studies carried out in Austria, France, Germany, Greece, Italy, Spain, The Netherlands, Belgium, Ireland, Norway, and Poland[ 11 ]. The pooled average frailty prevalence in the community setting by SHARE-FI was 18% (95% CI 13-25%), similar to the overall pooled estimate of the meta-analysis which was 18% (95% CI 15-21%) and 17% (95% CI 13-21%) when the analysis was limited to high-quality studies[ 11 ], but higher than the pooled average frailty prevalence by Fried’s phenotype which was 10% (95% CI 8-11%). Manfredi et al. found that countries in the north of Europe had lower frailty prevalences[ 12 ]. Some studies used SHARE-FI to measure the prevalence of frailty outside its originally intended community-based setting, resulting in higher frailty proportions compared to community-based samples. For example, in a study of 662 volunteers from 28 nursing homes in Belgium, the authors repo",,,
PMC10713395,38032288.0,10.18632/aging.205254,"Enhanced serum levels of tumor necrosis factor-α, interleukin-1β, and -6 in sarcopenia: alleviation through exercise and nutrition intervention.",2023.0,,https://europepmc.org/article/MED/38032288,expanded_accessible_search,nutrition_only,"Enhanced serum levels of tumor necrosis factor-α, interleukin-1β, and -6 in sarcopenia: alleviation through exercise and nutrition intervention",secondary_sarcopenia_verify,Sarcopenia/vulnerability RCT; frailty-primary status requires verification,yes,no,yes,yes,yes,yes,yes,no,yes,no,yes,frailty;grip_strength;falls;quality_of_life;adherence;adverse_events,"atory cytokines in sarcopenic patients and evaluate the effects of exercise and nutritional support interventions on these cytokine levels. Methods: In this post-hoc analysis of a randomized controlled trial (RCT), 57 individuals with sarcopenia from the RCT and 57 non-sarcopenic participants from the same geriatric community cohort that did not participate in the RCT","10713395 38032288 10.18632/aging.205254 205254 205254 1 Research Paper Enhanced serum levels of tumor necrosis factor-α, interleukin-1β, and -6 in sarcopenia: alleviation through exercise and nutrition intervention Chang Ke-Vin 1 2 3 Wu Wei-Ting 1 2 Chen Yu-Hsin 2 Chen Lan-Rong 2 Hsu Wei-Hsiang 4 Lin Yun-Lian 4 5 Han Der-Sheng 1 2 1 Department of Physical Medicine","x below 7.40 kg/m 2 for men and below 5.14 kg/m 2 for women. Low muscle strength was defined as grip strength below 30 kg for men and below 20 kg for women. On the other hand, the control group comprised of older adults without low muscle mass and low muscle strength. Exercise intervention for sarcopenic patients As a post-hoc analysis of an RCT [ 21 ] aimed to examine t","RESULTS Participant recruitment The sarcopenic participants were identified from a geriatric community cohort attending annual health examinations (n = 597). Sixty-six sarcopenic patients were initially invited to join a RCT comparing early vs. delayed combined nutrition and exercise intervention for sarcopenia. Fifty-eight patients were willing to join the RCT with cytokine and other relevant parameters measured at baseline. One patient in the delayed intervention group was lost at the 1st follow-up, resulting in a dropout rate of 1.7% (1/58). A total of 57 sarcopenic patients with available cytokine data before and after intervention were analyzed along with 57 gender- and sex-matched participants without sarcopenia identified from the same geriatric community cohort ( Figure 1 ). Baseline comparison between sarcopenic patients and controls The sarcopenic group exhibited significantly lower body weight ( p <0.001), body mass index ( p <0.001), grip strength ( p =0.006), and skeletal muscle mass index ( p <0.001) compared to the control group ( Table 1 ). Furthermore, the sarcopenic patients had higher levels of TNF-α ( p =0007), IL-1β ( p <0.001) and IL-6 ( p <0.001). There was no significant difference in IL-15 between participants with and those without sarcopenia ( p =0.345) ( Figure 2 ). Furthermore, in relation to the baseline values of pro-inflammatory markers in both the sarcopenic cases and controls, there was a negative correlation between TNF-α and skeletal muscle mass index (r = -0.26, p = 0.005), as well as grip strength (r = -0.24, p = 0.011). Additionally, IL-6 exhibited a negative association with skeletal muscle mass index (r = -0.27, p = 0.003) ( Figures 3 , 4 ). The area under curve of the ROC analysis to discriminate participants with and those with",,,
PMC10720710,38098822.0,10.3389/fpubh.2023.1267666,"Effects of an educational intervention on frailty status, physical function, physical activity, sleep patterns, and nutritional status of older adults with frailty or pre-frailty: the FRAGSALUD study.",2023.0,,https://europepmc.org/article/MED/38098822,expanded_accessible_search,nutrition_only,"Effects of an educational intervention on frailty status, physical function, physical activity, sleep patterns, and nutritional status of older adults with frailty or pre-frailty: the FRAGSALUD study",include_primary_accessible,Community/home/primary-care frailty RCT confirmed by mined full-text fields,yes,yes,no,yes,yes,yes,yes,no,no,no,yes,frailty;gait_speed;sppb;grip_strength;quality_of_life;adherence;adverse_events,"ical function, physical activity, sleep patterns, and nutritional status in community-dwelling older adults with at least 1 Fried’s frailty criteria. Methods A 6-month multicentre randomized controlled trial was conducted from March 2022 to February 2023 in 14 health centres located in Cadiz and Malaga, Spain. The educational intervention consisted of 4 group sessions","lic Health 2296-2565 Frontiers Media SA PMC10720710 PMC10720710.1 10720710 10720710 38098822 10.3389/fpubh.2023.1267666 1 Public Health Original Research Effects of an educational intervention on frailty status, physical function, physical activity, sleep patterns, and nutritional status of older adults with frailty or pre-frailty: the FRAGSALUD study Casals Cristina 1","ed a significant group-time interaction in the physical function evaluated with a large effect on Short Physical Performance Battery score (η2p = 0.179, −0.1 [−1.2–1.0] points for control group vs. 1.0 [0.0–3.0] points for educational group, p < 0.001), and an effect on the 4-meter gait test ((η2p = 0.122, 0.5 [0.1–0.0] s for control group vs. –0.4 [−0.5– −0.3] s for edu","Results The results showed a significant group-time interaction in the physical function evaluated with a large effect on Short Physical Performance Battery score (η2p = 0.179, −0.1 [−1.2–1.0] points for control group vs. 1.0 [0.0–3.0] points for educational group, p < 0.001), and an effect on the 4-meter gait test ((η2p = 0.122, 0.5 [0.1–0.0] s for control group vs. –0.4 [−0.5– −0.3] s for educational group, p < 0.001), and the 5-repetition sit-to-stand test (η2p = 0.136, 1.0 [0.0–1.2] s for control group vs. −4.3 [−7.0– −2.3] for educational group, p < 0.001). Additionally, the use of accelerometers to assess physical activity, inactivity, and sleep patterns revealed a significant small effect in the number of awakenings at night ((η2p = 0.040, 1.1 [−0.5–3.4] awakenings for control group vs. 0.0 [−2.2–0.0] awakenings for educational group, p = 0.009). The findings also highlighted a significant medium effect regarding malnutrition risk, which was assessed using the Mini-Nutritional Assessment score (η2p = 0.088, −0.7 [−2.3–1.5] points for control group vs. 1.5 [−0.5–3.0] points for educational group, p < 0.001).
3 Results Table 1 displays the sociodemographic and medical characteristics of our participants. It’s noteworthy that the intervention group had a higher proportion of women, was characterized by older age, and exhibited a higher level of education. Due to these differences, we have decided to include these variables as covariates in the forthcoming analysis. Table 2 presents the frailty characteristics of the study participants. In the baseline assessment, the intervention group exhibited lower scores on Fried’s criteria and a higher number of pre-frail participants compared to the control group. Additionally, a larger proportion of participants in the contro",,,
PMC10725933,38111605.0,10.3389/fnut.2023.1284497,Medium-chain triglycerides (8:0 and 10:0) increase muscle mass and function in frail older adults: a combined data analysis of clinical trials.,2023.0,Frontiers in nutrition,https://pubmed.ncbi.nlm.nih.gov/38111605/,original_high_confidence,exercise_plus_nutrition,Medium-chain triglycerides (8:0 and 10:0) increase muscle mass and function in frail older adults: a combined data analysis of clinical trials,include_secondary_setting,Frailty RCT but setting likely hospital/residential or mixed,yes,yes,no,yes,yes,yes,yes,no,no,yes,no,frailty;gait_speed;grip_strength;adl;falls,"ng home and required special care from a helper. They were selected by the application of the exclusion criteria before enrollment as described previously ( 3–5 ). All trials were randomized, controlled (negative or positive control), single-blinded (or double-blinded for some measurements), and parallel-group trials. Each trial had a different purpose, group, and int",pmc Front Nutr Front Nutr 2731 fnut Front. Nutr. Frontiers in Nutrition 2296-861X Frontiers Media SA PMC10725933 PMC10725933.1 10725933 10725933 38111605 10.3389/fnut.2023.1284497 1 Nutrition Original Research Medium-chain triglycerides (8:0 and 10:0),"onths. Irrespective of ingestion at breakfast or dinnertime, supplementation with 6 g MCTs/day for 1.5 months increased muscle mass and function from baseline. However, a negative control group (i.e., the LCT group) was not set because the number of participants was insufficient. 2.2 Ethical approval These clinical trials were approved by the Human Ethics Committee of Sh","Results MCT supplementation for 3 months increased muscle function relative to LCT supplementation with and without an L-leucine (1.2 g) and vitamin D (cholecalciferol, 20 μg)-enriched supplement. In a combined data analysis ( n = 29 in MCTs, n = 27 in LCTs), relative to supplementation with 6 g LCTs/day, supplementation with 6 g MCTs/day at dinner for 3 months significantly increased body weight (adjusted mean change from baseline: MCTs 1.2 vs. LCTs 0.2 kg, p = 0.023), right arm muscle area (MCTs 1.4 vs. LCTs-0.7 cm 2 , p = 0.002), left calf circumference ( p = 0.015), right-hand grip strength (MCTs 1.6 vs. LCTs 0.3 kg, p = 0.017), right knee extension time ( p = 0.021), left knee extension time ( p = 0.034), walking speed ( p = 0.002), and number of iterations in leg open and close test ( p < 0.001) and decreased right triceps skinfold thickness ( p = 0.016).
3 Results 3.1 Comparison of MCT supplementation with (Trial 1) and without (Trial 2) the LD supplement To examine the impact of MCTs relative to LCTs, the LD + MCT group was compared with the LD + LCT group (Trial 1), and the MCT group was compared with the LCT group (Trial 2). The data from Trial 3 were neither compared nor combined with others because there was no negative control group (LCT) and the intervention period was 1.5 months (the others were 3 months) ( Table 1 ). Representative results are presented here. 3.1.1 MCT supplementation did not alter right AC, decreased right TSF, and increased right AMA compared with LCT supplementation The mean adjusted changes in the right AC, TSF, and calculated AMA are shown in Figure 1 . The differences in changes in the groups in right AC were nonsignificant in Trial 1 (ANCOVA, p = 0.34) and in Trial 2 (fixed effect of the group, p = 0.16) ( Figure 1A ). The differe",,,
PMC10751415,37875291.0,10.1002/jcsm.13359,Dose-response effects of resistance training on physical function in frail older Chinese adults: A randomized controlled trial.,2023.0,,https://europepmc.org/article/MED/37875291,expanded_accessible_search,exercise_only,Dose–response effects of resistance training on physical function in frail older Chinese adults: A randomized controlled trial,defer_second_reviewer,Comparator not clearly confirmed from mined fields,yes,yes,no,yes,yes,no,yes,no,no,yes,no,frailty;falls;quality_of_life;adherence;adverse_events,0.1002/jcsm.13359 JCSM13359 JCSM-D-22-00540 1 Original Article Original Articles Dose–response effects of resistance training on physical function in frail older Chinese adults: A randomized controlled trial Resistance training in frail older adults X. Lai et al . Lai Xiaoxing https://orcid.org/0000-0002-1479-6957 1 laixx86@163.com Zhu Hongwei 1 Wu Zhao 1 Chen Baoyu 2,991 2190-6009 Wiley PMC10751415 PMC10751415.1 10751415 10751415 37875291 10.1002/jcsm.13359 JCSM13359 JCSM-D-22-00540 1 Original Article Original Articles Dose–response effects of resistance training on physical function in frail older Chinese adults: A randomized controlled trial Resistance training in frail older adults X. Lai et al . Lai Xiaoxing https://orcid.org/,,"Results A total of 161 participants completed the exercise intervention. There were no significant differences in age, sex, height, body weight and body mass index among the seven groups. The exercise volume of resistance training showed linear relationships with muscle strength of the lower limbs, 30sSTST and 6MWT results and a non‐linear relationship with 8‐FUGT. Resistance training intensity was found to have a linear relationship with muscle strength of the lower limbs and 6MWT and non‐linear relationships with 30sSTST and 8‐FUGT. The mixed linear model analysis revealed that the lower limb muscle strength differed significantly before and during the intervention (W = 8571.5, P adj < 0.001), before and after the intervention (W = 6968, P adj = 0.001) and during and after the intervention (W = 2834.5, P adj < 0.001); that the 6MWT performance differed during and after the intervention (W = 3184, P adj < 0.001); and that the 30sSTST was different between before and during the intervention (W = 2350.5, P adj = 0.012) and between during and after the intervention (W = 2290.5, P adj = 0.045).
Results A total of 161 older adults who met the inclusion criteria were enrolled in this study. The participants were randomized into six intervention groups and the routine care group, with 23 subjects per group ( Figure 1 ). None of the participants dropped out during the intervention. There were no significant differences in age, sex, height, body weight, BMI, 30sSTST, 6MWT and 8‐FUGT performances among the seven groups ( P > 0.05; Table 2 ). Figure 1 Flow chart of study participant. Table 2 Comparison of the basic characteristics Groups ( n = 23 per group) Age (years) Height (cm) Weight (kg) 6MWT 30sSTST 8‐FUGT Body mass index (kg/m 2 ) Sex (m) (number of sit to stand) (s) M, n ",,,
PMC10755068,37379030.0,10.1097/lvt.0000000000000198,"A randomized, controlled, prehabilitation intervention to maximize early recovery (PRIMER) in liver transplantation.",2024.0,,https://europepmc.org/article/MED/37379030,expanded_accessible_search,nutrition_only,"A Randomized, Controlled, Prehabilitation Intervention to Maximize Early Recovery (PRIMER) in Liver Transplantation",include_secondary_setting,Frailty RCT but setting likely hospital/residential or mixed,yes,yes,yes,yes,yes,yes,yes,no,yes,yes,no,frailty;sppb;grip_strength;falls;quality_of_life;adherence;adverse_events,"-collection-title NIHPA Author Manuscripts PMC10755068 PMC10755068.319 10755068 10755068 NIHMS1911697 37379030 10.1097/LVT.0000000000000198 NIHMS1911697 NIHPA1911697 319 Article A Randomized, Controlled, Prehabilitation Intervention to Maximize Early Recovery (PRIMER) in Liver Transplantation Serper Marina MD, MS 1 2 Jones Lauren S 3 Clement Thomas 1 Reddy Rajender K","ts PMC10755068 PMC10755068.319 10755068 10755068 NIHMS1911697 37379030 10.1097/LVT.0000000000000198 NIHMS1911697 NIHPA1911697 319 Article A Randomized, Controlled, Prehabilitation Intervention to Maximize Early Recovery (PRIMER) in Liver Transplantation Serper Marina MD, MS 1 2 Jones Lauren S 3 Clement Thomas 1 Reddy Rajender K 1 Reese Peter P 1 2 3 1 Division of Gastro",h the principles of fair use under the copyright law. Background and Aims: Frailty and impaired functional status are associated with adverse outcomes on the liver transplant (LT) waitlist and after transplantation. Prehabilitation prior to LT has rarely been tested. We conducted a two-arm patient randomized pilot trial to evaluate the feasibility and efficacy of a,"Results: Mean age was 61, 47% were female, median MELD-Na was 13. One third were frail or pre-frail by the liver frailty index (LFI), 40% had impaired mobility by SPPB, nearly 40% had sarcopenia by bioimpedance PhA, 23% had prior falls, and 53% had diabetes. Study retention was 27/30 (90%; 2 unenrolled from intervention, 1 lost to follow-up in control arm). Self-reported adherence to exercise during weekly check-ins was about 50%; most common barriers were fatigue, weather, liver-related symptoms. End of study step counts were nearly 1000 steps higher for intervention vs. control: adjusted difference 997, 95% CI 147–1847; p=0.02. On average, the intervention group achieved daily step targets 51% of the time.
RESULTS Recruitment and Retention The study enrollment details are shown in Figure 1 . A total of 284 patients were assessed for eligibility and 150 were potentially eligible and were contacted via telephone or in person. A total of 33 participants underwent the screening visit; 2 did not meet any at risk criteria for frailty, impaired physical function or malnutrition and 1 did not like the device. A total of 30 participants were randomized (n=20, intervention, n=10 control). The retention rate was 27/30 (90%); one participant in the control arm was lost to follow-up and 2 unenrolled from the intervention arm. The intervention was paused and later restarted among 5 participants due to hospitalizations. Baseline Characteristics Table 1 shows baseline participant characteristics in total and by study arm. The mean age was 61 (SD 7.4) years, 53% of participants were male, 27 (90%) were White and 3 (10%) were Black; the majority were married. The mean MELD-Na score was 13 (SD) with 37% of the patients on the active LT waitlist and the rest completed evaluation but had ",,,
PMC10776124,37698149.0,10.1111/acel.13986,Holistic frailty prevention: The promise of movement-based mind-body therapies.,2024.0,,https://europepmc.org/article/MED/37698149,expanded_accessible_search,mind_body,Holistic frailty prevention: The promise of movement‐based mind–body therapies,exclude,Protocol/review signal in full-text-mined fields,yes,yes,yes,yes,yes,yes,yes,yes,yes,yes,no,frailty;gait_speed;sppb;grip_strength;falls;quality_of_life;adherence;adverse_events,"ical practices, such as meditation, breath regulation, and relaxation. There is emerging evidence that mind–body therapies may impact certain hallmarks of aging. In a review of 26 randomized controlled trials (RCTs) of yoga, tai chi, qi gong, or meditation, there was decreased expression of inflammation‐related genes and reduced signaling through the proinflammatory t","esult in physiologic decline of most body systems. This may culminate in frailty, a state of decreased reserve. Because frailty is a state of multisystem dysregulation, multimodal interventions may be necessary to mitigate and prevent progression rather than interventions targeting a single system. Movement‐based mind–body therapies, such as tai chi and yoga, are promis","timed up and go test [TUG]), as well as reduced number of falls and fear of falling among older adults with frailty or sarcopenia in the tai chi intervention group compared to the control group (Huang et al., 2022 ). Eight studies from this systematic review and other high‐quality RCTs identified from PubMed search performed in January 2023 (“tai chi” [AND] “frailty”) ar",,,,
PMC10824033,38267219.0,10.1136/fmch-2023-002410,Utility of Goal Attainment Scaling (GAS) in evaluating a multicomponent exercise programme for community-dwelling pre-frail older adults.,2024.0,,https://europepmc.org/article/MED/38267219,expanded_accessible_search,multicomponent_exercise,Utility of Goal Attainment Scaling (GAS) in evaluating a multicomponent exercise programme for community-dwelling pre-frail older adults,include_secondary_setting,Frailty RCT but setting likely hospital/residential or mixed,yes,yes,no,yes,yes,yes,yes,no,yes,yes,yes,frailty;falls;quality_of_life;adherence;adverse_events,"s to describe how the GAS goals were set according to the ICF domains. Methods Design This study is part of a larger research project of an exercise intervention, a parallel group randomised controlled trial with repeated measures to determine the effect of a 24-week exercise programme on community-dwelling pre-frail older adults. The trial was conducted from 1 July 2",up PMC10824033 PMC10824033.1 10824033 10824033 38267219 10.1136/fmch-2023-002410 fmch-2023-002410 1 Original Research 1506 Utility of Goal Attainment Scaling (GAS) in evaluating a multicomponent exercise programme for community-dwelling pre-frail older adults Fang Juan 1 2 http://orcid.org/0000-0002-9308-7648 Ren Jianping 1 Wang Jinjing 1 Qiu Xiantao 1 Zhang Shiyan 1 Yuan,"participate in a controlled trial. The intervention group engaged in multicomponent exercise three times a week, once at a community health service location and twice at home. The control group received advice on physical activity but did not have supervised exercise. Participants in both groups selected individualised GAS goals from 23 goals developed based on ICF by fo","Results The study included 144 participants, 72 in the exercise group and 72 in the control group. The top three individualised goals for all participants were vestibular functions (53.5%), pain management (43.1%) and lifting and carrying objects (31.9%). Both groups saw a significant increase in GAS scores at week 8 and week 24 of the intervention (p<0.05), but the exercise group showed a more significant improvement (p<0.05). The participants living alone were associated with lower postintervention improvements in the GAS scores. In contrast, the participants who were using a smartphone were likely to get higher postintervention improvements in the GAS scores.
Results Attendance A total of 220 community-dwelling older adults were screened. Among them, 144 were enrolled in the trial and randomly allocated to the control group (n=72) or exercise group (n=72). Five participants in the control and six in the exercise group were lost to the follow-up. The reasons for the loss of follow-up were surgery (n=1), hospitalisation (n=3), removal from the community (n=2) and unwillingness to continue participation (n=5). The participants' general characteristics are described according to groups in table 2 . Participants were between 60 and 85 years, 94 (65.3%) were women and all were assessed with pre-frailty. In the exercise group, the mean age of participants was 73.96 (7.20) years; 45 (62.5%) were women and 27 (37.5%) were men. On average, the percentage of attendance in the exercise group was 86%, ranging from 60% to 100%. Table 2 Demographics and characteristics of participants Variable Exercise group (n=72) Control group (n=72) T/Z/χ 2 P value Age (years, x ¯ ± s ) 73.96±7.20 72.92±6.36 0.92 0.359 Gender Male (%) 27 (37.5) 23 (31.9) 0.49 0.484 Female (%) 45 (62.5) 49 (68.1)",,,
PMC10826892,37458963.0,10.1007/s40520-023-02504-w,Tai Chi versus health education as a frailty intervention for community-dwelling older adults with hypertension.,2023.0,,https://europepmc.org/article/MED/37458963,expanded_accessible_search,mind_body,Tai Chi versus Health Education as a Frailty Intervention for Community-Dwelling Older Adults with Hypertension.,include_primary_accessible,Community/home/primary-care frailty RCT confirmed by mined full-text fields,yes,yes,no,yes,yes,yes,yes,no,no,no,yes,frailty;adl;falls;quality_of_life;adherence;adverse_events,"oup Tai Chi (TC) practice improved frailty relative to Healthy Aging Practice-centered Education (HAP-E) classes in older adults with hypertension. Methods Secondary analysis of a randomized controlled trial in San Diego County, USA, of 167 community-dwelling individuals aged ≥60 yrs (70% female; 72.1±7.5 yrs), defined as non-frail (66%) or frail (34%) based on 53-ite",yes pmc-collection-title NIHPA Author Manuscripts PMC10826892 PMC10826892.1 10826892 10826892 NIHMS1942184 37458963 10.1007/s40520-023-02504-w NIHMS1942184 NIHPA1942184 1 Article Tai Chi versus Health Education as a Frailty Intervention for Community-Dwelling Older Adults with Hypertension. Kohn Jordan N. Ph.D. 1 2 * Lobo Judith D. Ph.D. 3 * Troyer Emily A. M.D. 3,"r CONSORT diagram and complete study inclusion and exclusion criteria. 2.2. Behavioral Interventions Participants attended either 12-week, 120-min/week of TC or HAP-E classes as a comparator, administered in groups of 5 to 12 persons. TC sessions were two, 60-min per week whereas HAP-E was one, 120-min weekly session. Individual attendance was calculated as a proporti","Results One hundred thirty-one participants completed post-intervention assessments. Frailty decreased pre-to-post intervention in the TC (ΔFI=−0.016, d =−0.39, −0.75–−0.03), but not the HAP-E arm (ΔFI=−0.009, d =−0.13, −0.52–0.27), despite no significant group differences between the TC and HAP-E arms ( d =−0.11, −0.46–0.23). Furthermore, greater odds of improved FI were observed for frail participants in the TC (OR=3.84, 1.14–14.9), but not the HAP-E (OR=1.34, 0.39–4.56) arm. Subgroup analysis indicated treatment effects in TC were attributed to frail participants (frail: ΔFI=−0.035, d =−0.68, −1.26–−0.08; non-frail: ΔFI=−0.005, d =−0.19, −0.59–0.22), which was not the case in the HAP-E arm (frail: ΔFI=−0.017, d =−0.23, −0.81–0.35; non-frail: ΔFI=−0.003, d =−0.07, −0.47–0.33). Frail participants were no more likely to drop-out of the study than non-frail (71% vs. 69% retained).
3. RESULTS 3.1. Participant characteristics and intervention attendance Baseline sociodemographic and clinical characteristics of the study population are summarized in Table 1 . A total of 182 adults aged 60–93 were randomly assigned to 12 weeks of either TC or HAP-E ( Supplemental Figure 1 ). Altogether, 167 participants (70% female; age: 72.1±7.5 yrs) completed pre-intervention (T1) assessments (see Methods ). All but eleven participants who completed T1 assessments attended at least 1 class ( N =156; HAP-E: N =75; TC: N =81), and 131 participants completed post-intervention (T2) assessments sufficient to compute FI at T2 (HAP-E: N =62; TC: N =69). Participants who attended ≥1 class but did not complete T2 assessments (HAP-E: N =13; TC: N =12) did not differ from those who completed T2 by FI, or by age, sex, race, marital status, education, MoCA score, SBP, DBP, or BMI. Attendance in the TC ",,,
PMC10847829,38297472.0,10.20463/pan.2023.0033,Effects of resistance training and protein supplementation interventions on muscle volume and muscle function: sex differences in humans.,2023.0,,https://europepmc.org/article/MED/38297472,expanded_accessible_search,exercise_plus_nutrition,Effects of resistance training and protein supplementation interventions on muscle volume and muscle function: sex differences in humans,secondary_sarcopenia_verify,Sarcopenia/vulnerability RCT; frailty-primary status requires verification,yes,no,yes,yes,yes,yes,yes,no,no,no,no,frailty;gait_speed;grip_strength;falls;quality_of_life;adverse_events,"nonclinical studies that assessed the effects of RT in older adults with sarcopenia; these studies were published between 1990 and 2023. Cross-sectional and double-blind studies (randomized controlled trials, RCTs) were examined in this review. [Results] The effects of parallel intervention with RT and protein supplementation on muscle volume and physical function we",pmc Phys Act Nutr Phys Act Nutr 3922 pactn PAN Physical Activity and Nutrition 2733-7545 Korean Society for Exercise Nutrition PMC10847829 PMC10847829.1 10847829 10847829 38297472 10.20463/pan.2023.0033 pan-2023-0033 1 Review Article Effects of resistance tr,"H Jung Y Kreider R Lim K Effects of whey protein supplementation prior to, and following, resistance exercise on body composition and training responses: a randomized doubleblind placebo-controlled study J Exerc Nutrition Biochem 2019 23 34 44 10.20463/jenb.2019.0015 PMC6651693 31337204 17 Morton RW Murphy KT McKellar SR Schoenfeld BJ Henselmans M Helms E Aragon A","[Results] The effects of parallel intervention with RT and protein supplementation on muscle volume and physical function were found to differ according to sex. Both males and females had improvements in muscle strength, muscle mass, and physical function after RT and protein supplementation; however, many studies found a greater increase in muscle volume and function in males than in females. Such difference may be due to differences in physiological characteristics between males and females.
RESULTS AND DISCUSSION Effects of RT and Protein Supplementation on Muscle Strength: Sex Differences Several studies found a strong correlation between muscle strength and sarcopenia. In patients with sarcopenia, muscle mass decreases at a rate of approximately 1% per year while muscle strength decreases at a relatively faster rate [ 25 ]. Decreased muscle strength is a strong predictor of physical injury and diseases in humans [ 26 ]. RT has a positive impact on improving muscle function, muscle mass, and bone health, and preventing musculoskeletal and metabolic diseases to maintain and improve an individual’s quality of life. RT is a type of exercise that provides various health benefits, especially in elderly people [ 27 , 28 ]. Therefore, maintaining and increasing muscle strength via RT are important for improving muscle function and preventing physical injury and disease [ 29 , 30 ]. A nutritional Intervention is an important strategy for improving and maintaining muscle strength, muscle mass, and muscle function [ 31 , 32 ]. According to a previous study, the combination of RT and protein supplementation increased muscle protein synthesis to a greater extent than RT [ 33 ]. In older adults, protein supplementation has been demonstrated to increase overall lean body mass and",,,
PMC10851592,38326734.0,10.1186/s12877-024-04736-5,Effects of high-intensity training on fatty infiltration in paraspinal muscles in elderly males with osteosarcopenia - the randomized controlled FrOST study.,2024.0,,https://europepmc.org/article/MED/38326734,expanded_accessible_search,exercise_only,Effects of high-intensity training on fatty infiltration in paraspinal muscles in elderly males with osteosarcopenia – the randomized controlled FrOST study,include_primary_accessible,Community/home/primary-care frailty RCT confirmed by mined full-text fields,yes,yes,yes,yes,yes,yes,yes,no,no,no,yes,frailty;grip_strength;falls;quality_of_life;adherence,1592 38326734 10.1186/s12877-024-04736-5 4736 1 Research Effects of high-intensity training on fatty infiltration in paraspinal muscles in elderly males with osteosarcopenia – the randomized controlled FrOST study http://orcid.org/0000-0002-0840-9420 Kircher Kaja kaja.kk.kircher@fau.de 1 2 3 Chaudry Oliver 2 Nagel Armin M. 3 Ghasemikaram Mansour 1 Uder Michael 3 Jakob,"ta from the randomised controlled FrOST trial, which enrolled community-dwelling osteosarcopenic men aged > 72 years randomly allocated to 16 months of twice-weekly high-intensity resistance training (HIRT) or a non-training control group. MR Dixon imaging was used to quantify the effects of HIRT on muscle fat infiltration in the paraspinal muscles, determined as chan",", which enrolled community-dwelling osteosarcopenic men aged > 72 years randomly allocated to 16 months of twice-weekly high-intensity resistance training (HIRT) or a non-training control group. MR Dixon imaging was used to quantify the effects of HIRT on muscle fat infiltration in the paraspinal muscles, determined as changes in muscle tissue, fat faction and intermuscu","Results After 16 months of intervention, 15 men from the HIRT and 16 men from the CG were included in the MRI analysis. In summary, no positive effects on the fat infiltration of the erector spinae and psoas major muscles were observed.
Results Baseline characteristics are shown in Table 1 . Apart from protein intake prior to supplementation, there were no significant differences between the two study groups at baseline [ 2 ]. As shown in Fig. 2 , 15 HIRT men (71%) and 16 CG men (73%) with MR data were included in the statistical analysis [ 19 ]. The attendance rate of the HIRT group was very high (95 ± 5%). In parallel, compliance with whey-protein, calcium and Vit-D supplementation, which was monitored by telephone calls, delivery logs and personal interviews, showed an overlap of 82% (calcium) to 94% (protein) between the prescribed doses and the amount of supplements taken by the participants. No adverse effects or injuries were observed during the training sessions. Biweekly telephone calls revealed no changes in physical activity or exercise in the CG. At the same time, no changes in parameters (e.g. diseases, medication, and lifestyle) that could have confounded our results were identified through the follow-up questionnaires or personal interviews. Table 1 Baseline characteristics of exercise and control groups Variable HIRT ( n = 21) CG ( n = 22) p Age [years] 77.8 ± 3.6 79.2 ± 4.7 .262 BMD Lumbar Spine [mg/cm 2 ] 1.054 ± .142 0.987 ± .115 .140 BMD Femoral Neck [mg/cm 2 ] 0.894 ± .084 0.869 ± .094 .364 Body Mass Index [kg/m 2 ] 25.0 ± 3.0 24.5 ± 1.9 .515 Calcium Intake (mg/d) f 802 ± 226 833 ± 282 .636 Energy Intake [MJ/d] e 8.84 ± 1.71 9.39 ± 2.42 .407 Exercise per week [min] 59 ± 56 46 ± 52 .780 Fat intake [g/d] 88.4 ± 33.5 81.1 ± 21.6 .208 LLFDI [Index] c 1.",,,
PMC10900082,38349721.0,10.2196/49322,The Effect of Web-Based Culinary Medicine to Enhance Protein Intake on Muscle Quality in Older Adults: Randomized Controlled Trial.,2024.0,,https://europepmc.org/article/MED/38349721,expanded_accessible_search,exercise_plus_nutrition,The Effect of Web-Based Culinary Medicine to Enhance Protein Intake on Muscle Quality in Older Adults: Randomized Controlled Trial,secondary_sarcopenia_verify,Sarcopenia/vulnerability RCT; frailty-primary status requires verification,yes,no,yes,yes,yes,yes,no,no,yes,no,no,frailty;grip_strength;falls;quality_of_life;adherence;adverse_events,2 10900082 38349721 10.2196/49322 v8i1e49322 1 Original Paper Original Paper The Effect of Web-Based Culinary Medicine to Enhance Protein Intake on Muscle Quality in Older Adults: Randomized Controlled Trial Mavragani Amaryllis Shankar Padmini Shalaby Mohammed Nader Salas-Groves Emily PhD 1 https://orcid.org/0000-0003-4192-1415 Alcorn Michelle PhD 2 https://orcid.org/,ublications Inc. PMC10900082 PMC10900082.1 10900082 10900082 38349721 10.2196/49322 v8i1e49322 1 Original Paper Original Paper The Effect of Web-Based Culinary Medicine to Enhance Protein Intake on Muscle Quality in Older Adults: Randomized Controlled Trial Mavragani Amaryllis Shankar Padmini Shalaby Mohammed Nader Salas-Groves Emily PhD 1 https://orcid.org/0000-00,"ts’ muscle strength and mass. Methods A 16-week, single-center, parallel-group, randomized controlled trial was conducted to compare a web-based CM intervention group (CMG) with a control group (CG) while monitoring each group’s muscle strength, muscle mass, and physical activity for muscle quality. The CMG received weekly web-based cooking demonstrations and biweekly nu","Results No between-group difference in muscle mass ( P =.88) and strength (dominant P =.92 and nondominant P =.72) change from the prestudy visit was detected. No statistically significant difference in protein intake was seen between the groups ( P =.50). A nonsignificant time-by-intervention interaction was observed for daily protein intake ( P =.08). However, a statistically significant time effect was observed ( P ≤.001). Post hoc testing showed that daily protein intake was significantly higher at weeks 1 to 16 versus week 0 ( P <.05). At week 16, the intake was 16.9 (95% CI 5.77-27.97) g higher than that at the prestudy visit.
Results Study Population In total, 64 participants expressed interest in the study. Of these, 8 (13%) were excluded during web-based or telephone screening due to failing to meet the inclusion criteria or losing contact. A total of 56 participants were eligible for inclusion and were randomized: 29 to the CMG and 27 to the CG. A total of 25 participants in the CMG, compared with 24 in the CG, completed the 16-week weekly questionnaires and both study visits. Of the eligible 56 participants, 7 (13%) withdrew or dropped out before the completion of the study. Of the 7 participants, 6 (86%) dropped out due to medical reasons unrelated to the study, and 1 participant (14%) dropped out due to family reasons. Of the 56 participants, 2 (4%) participants had to be excluded from the data analysis because 1 participant had bariatric surgery during the study and the other completed less than 50% of their weekly questionnaires. Therefore, a total of 49 participants were included for the data analysis (CMG: 24/29, 83%; CG: 23/27, 85%). See the CONSORT (Consolidated Standards of Reporting Trials) study flow diagram ( Figure 1 ) for the study details. Figu",,,
PMC10946144,38500043.0,10.1186/s12877-024-04860-2,Effects of oral oligopeptide preparation and exercise intervention in older people with sarcopenia: a randomized controlled trial.,2024.0,,https://europepmc.org/article/MED/38500043,expanded_accessible_search,exercise_plus_nutrition,Effects of oral oligopeptide preparation and exercise intervention in older people with sarcopenia: a randomized controlled trial,secondary_sarcopenia_verify,Sarcopenia/vulnerability RCT; frailty-primary status requires verification,yes,no,yes,yes,yes,yes,yes,no,yes,no,yes,frailty;gait_speed;grip_strength;falls;quality_of_life;adherence;adverse_events,46144.1 10946144 10946144 38500043 10.1186/s12877-024-04860-2 4860 1 Research Effects of oral oligopeptide preparation and exercise intervention in older people with sarcopenia: a randomized controlled trial Liao Xinyi 1 2 Cheng Daomei 3 Li Jingjing 1 Zhu Lin 4 Zhang Suqiong 5 Jing Xiaofan stephy1024@163.com 1 Shi Lei 271927115@qq.com 1 1 grid.412901.f 0000 0004 1770,3 bmcgeri BMC Geriatrics 1471-2318 BMC PMC10946144 PMC10946144.1 10946144 10946144 38500043 10.1186/s12877-024-04860-2 4860 1 Research Effects of oral oligopeptide preparation and exercise intervention in older people with sarcopenia: a randomized controlled trial Liao Xinyi 1 2 Cheng Daomei 3 Li Jingjing 1 Zhu Lin 4 Zhang Suqiong 5 Jing Xiaofan stephy1024@163.com 1,ion preparation. The exercise group ( n = 50) received exercise intervention. The combined group ( n = 52) received both oral nutrition preparation and exercise interventions. The control group ( n = 59) only received individualized nutrition education. The nutrition preparation can provide energy 185kcal and protein 24.2g per day. The exercise intervention including war,"Results A total of 159 subjects completed the study. Compared with baseline, the left grip strength and 6-m walking speed of the subjects in nutrition group increased significantly after the intervention, and the grip strength of both hands in exercise group and combined group increased significantly. The body weight of the subjects in nutrition group, exercise group and combined group increased significantly after intervention, but no increase in soft lean mass (SLM) and skeletal muscle mass (SMM) was observed in any of the four groups. The fat-free mass (FFM) of the legs of the control group, exercise group and nutrition group decreased after intervention, and only the FFM of the legs of the combined group maintained the level before the intervention.
Results Baseline and demographic data A total of 159 subjects completed the study and were included in the statistical analysis. There was no significant difference in the average age, sex, disease history or MNA-SF score among groups, but the right hand grip strength of the nutrition group was significantly higher than that of the control group and exercise group (Table 1 ). Table 1 Demographic characteristics and baseline data of subjects Control group( n = 46) Exercise group( n = 35) Nutrition group( n = 48) Combined group( n = 30) P value Age(years)[ \documentclass[12pt]{minimal} \usepackage{amsmath} \usepackage{wasysym} \usepackage{amsfonts} \usepackage{amssymb} \usepackage{amsbsy} \usepackage{mathrsfs} \usepackage{upgreek} \setlength{\oddsidemargin}{-69pt} \begin{document}$$\overline{{\varvec{x}} }$$\end{document} x ¯ (s)] 73.21(4.98) 72.04(5.02) 72.68(5.59) 70.52(3.30) 0.209 Gender(female%) 22(47.8%) 19(54.3%) 23(47.9%) 14(46.7%) 0.918 Baseline data[ \documentclass[12pt]{minimal} \usepackage{amsmath} \usepackage{w",,,
PMC11062244,38694984.0,10.3389/fpubh.2024.1373910,"A 12-week multicomponent exercise program enhances frailty by increasing robustness, improves physical performance, and preserves muscle mass in older adults with HIV: MOVIhNG study.",2024.0,,https://europepmc.org/article/MED/38694984,expanded_accessible_search,multicomponent_exercise,"A 12-week multicomponent exercise program enhances frailty by increasing robustness, improves physical performance, and preserves muscle mass in older adults with HIV: MOVIhNG study",include_secondary_setting,Frailty RCT but setting likely hospital/residential or mixed,yes,yes,no,yes,yes,yes,yes,no,yes,yes,yes,frailty;gait_speed;sppb;grip_strength;falls;quality_of_life;adherence;adverse_events,"ut it is potentially reversible ( 8 ). Exercise, notably a MEP, is the only intervention that has been able to prove the reversion of frailty in the overall population ( 6 ), in a randomized controlled trial in one out of three frail patients (31.4%) ( 9 ). No data are available regarding exercise as treatment for frailty in OAWH. Data concerning exercise and HIV are","Frontiers in Public Health 2296-2565 Frontiers Media SA PMC11062244 PMC11062244.1 11062244 11062244 38694984 10.3389/fpubh.2024.1373910 1 Public Health Original Research A 12-week multicomponent exercise program enhances frailty by increasing robustness, improves physical performance, and preserves muscle mass in older adults with HIV: MOVIhNG study Brañas Fátima 1 2 3 *","s with HIV (OAWH) since exercise can reverse frailty in the older population overall, but there is no data for OAWH. Methods A prospective longitudinal study with intervention and control group was designed. Sedentary adults 50 or over with and without HIV were included. The intervention was a 12-week home-based MEP. Dependent variables were frailty (frailty phenotype),","Results 40 OAWH and 20 OA without HIV. The median age was 56.5 years. 23.3% were women. The prevalence of frailty was 6.6% with no frail HIV-negative participants. Three of the four frail HIV-participants transitioned two (50%) from frail to prefrail and one (25%) to robust after the MEP. In participants with an adherence ≥50%, physical performance was significantly improved [basal vs. 12 week]: upper extremity strength [13 (13–15) vs. 16 (15–19), p = 0.0001], lower extremity strength [13 (11–16) vs. 15 (13–16), p = 0.004], aerobic endurance [62 (55–71) vs. 66 (58–80), p = 0.005]. Participants with low adherence experienced a significant worsening in ASMI [8.35 (7.44–9.26) vs. 7.09 (6.08–8.62), p = 0.03].
3 Results Sixty participants were included, 40 were OAWH and the controls were 20 older adults without HIV. The median age was 56.5 years, 23.3% were women, and half of them lived alone. Table 1 shows the baseline characteristics of all participants by HIV status and by the adherence to the MEP. Participants had a median of 3 (1–4) comorbidities, and good physical function. The prevalence of frailty was 6.6% with no frail participant in the HIV-negative group. The prevalence of falls was 21.6% with no differences according to the HIV status. All participants with HIV were virologically controlled, had a median of 19.7 (12–29.9) years with HIV, and injection drugs use was the route of HIV acquisition in 12.5%. Half of them were on CDC stage A and 22% on CDC stage C. Adherence to the MEP was described as poor (<50%) by 16 participants (26.6%), and good (>50%) by 35 participants (58%). We considered that the missing participants, nine (15%), had bad adherence <50%; therefore, 58.3% of the overall participants, 52.5% of the OAWH, and 70% of the OA without HIV had good adhe",,,
PMC11102744,38765795.0,10.2147/cia.s455736,Non-Pharmacological Strategies for Managing Sarcopenia in Chronic Diseases.,2024.0,,https://europepmc.org/article/MED/38765795,expanded_accessible_search,exercise_plus_nutrition,Non-Pharmacological Strategies for Managing Sarcopenia in Chronic Diseases,secondary_sarcopenia_verify,Sarcopenia/vulnerability RCT; frailty-primary status requires verification,yes,no,yes,yes,yes,yes,yes,no,no,no,no,frailty;gait_speed;grip_strength;falls;quality_of_life;adherence;adverse_events,"ates exercise, nutrition, and multidisciplinary interventions, which have the potential to promote health in the elderly population. Future research should prioritize high-quality randomized controlled trials and utilize wearable devices, smartphone applications, and other advanced surveillance methods to investigate the most effective intervention strategies for sarc",pmc Clin Interv Aging Clin Interv Aging 502 clinintag cia Clinical Interventions in Aging 1176-9092 1178-1998 Dove Press PMC11102744 PMC11102744.1 11102744 11102744 38765795 10.2147/CIA.S455736 455736 1 Review Non-Pharmacological Strategies for Managing Sarco,". 29 After the intervention, the grip strength of these patients increased by 9%, the walking speed increased by 5%, and the quality of life score increased by 13% compared to the control group. Although there were no significant changes in skeletal muscle mass index (SMI), improvements in muscle and physical function still helped patients live independently and reduce t",,,,
PMC11116259,38780837.0,10.1007/s40520-024-02775-x,Prevention at home in older persons with (pre-)frailty: analysis of participants' recruitment and characteristics of the randomized controlled PromeTheus trial.,2024.0,,https://europepmc.org/article/MED/38780837,expanded_accessible_search,digital_home_unclear_intervention,Prevention at home in older persons with (pre-)frailty: analysis of participants’ recruitment and characteristics of the randomized controlled PromeTheus trial,exclude,Protocol/review signal in full-text-mined fields,yes,yes,no,yes,yes,yes,yes,yes,no,no,yes,frailty;gait_speed;sppb;grip_strength;adl;falls;quality_of_life;adverse_events,8780837 10.1007/s40520-024-02775-x 2775 1 Original Article Prevention at home in older persons with (pre-)frailty: analysis of participants’ recruitment and characteristics of the randomized controlled PromeTheus trial Fleiner Tim tim.fleiner@uni-ulm.de 1 2 Nerz Corinna 3 Denkinger Michael 1 2 Bauer Jürgen M. 4 Grüneberg Christian 5 Dams Judith 6 Schäufele Martina 7 B,"cs of the randomized controlled PromeTheus trial 36 1 23 9 2024 195 Aging Clinical and Experimental Research PMC11420246 39312093 Background The “PromeTheus” trial is evaluating a home-based, multifactorial, interdisciplinary prevention program for community-dwelling (pre-)frail older adults. These individuals often suffer from reduced participation, which can complic","86/1741-7015-11-65 23497404 10.1186/1741-7015-11-65 PMC3751685 9. Fairhall N Sherrington C Kurrle SE Economic evaluation of a multifactorial, interdisciplinary intervention versus usual care to reduce frailty in frail older people J Am Med Dir Assoc 2015 16 41 48 10.1016/j.jamda.2014.07.006 25239014 Fairhall N, Sherrington C, Kurrle SE et al (2015) Economic evaluation","Results A total of 385 participants (mean age = 81.2, SD 5.9 years; women: n = 283, 73.5%) were enrolled, of which 60 (16%) were recruited by GPs and 325 (84%) through direct recruitment. Participants recruited via GPs had significantly higher subjective frailty levels (CFS), were more often physically frail (Fried Frailty Phenotype), and showed lower physical capacity (Short Physical Performance Battery), participation (disability component of the short version of the Late-Life Function and Disability Instrument), and life-space mobility (Life-Space Assessment) compared to those recruited via the direct approach ( p = 0.002–0.026). Costs per randomized participant were 94€ for the GP recruitment strategy and €213 for the direct recruitment strategy.
Results Due to the COVID-19 pandemic, the recruitment process was very challenging and only 385 (96.3%) of the initial target of 400 participants could be recruited into the study, despite the implementation of the secondary direct recruitment strategy and the extension of the recruitment period from 12 to 18 months. For the GP recruitment strategy, 87 (14.3%) of the 609 potential GPs at the different study sites signed the supplemental contract and participated in the study. Approximately half of these ( n = 47, 54.0%) and an additional 3 non-registered GPs referred 95 potential participants to the study after a positive eligibility assessment (Fig. 1 ). Fig. 1 Flowchart of the GP recruitment strategy The direct recruitment strategy yielded 406 potential participants after eligibility assessment by their GPs (Fig. 2 ). Of the total 501 eligible individuals, 105 (21.0%) were excluded after the telephone screening. The most common reason for exclusion in the direct recruitment was the ability to walk ≥ 800m (59.7%), while pa",,,
PMC11137894,38816804.0,10.1186/s12877-024-05084-0,Sustainability of exercise-induced benefits on circulating MicroRNAs and physical fitness in community-dwelling older adults: a randomized controlled trial with follow up.,2024.0,,https://europepmc.org/article/MED/38816804,expanded_accessible_search,exercise_only,Sustainability of exercise-induced benefits on circulating MicroRNAs and physical fitness in community-dwelling older adults: a randomized controlled trial with follow up,secondary_sarcopenia_verify,Sarcopenia/vulnerability RCT; frailty-primary status requires verification,yes,no,yes,yes,yes,yes,yes,no,yes,yes,yes,frailty;gait_speed;grip_strength;quality_of_life;adherence,38816804 10.1186/s12877-024-05084-0 5084 1 Research Sustainability of exercise-induced benefits on circulating MicroRNAs and physical fitness in community-dwelling older adults: a randomized controlled trial with follow up Huang Li-Yuan 1 2 Lim Ai Yin 3 Hsu Chih-Chin 4 5 Tsai Yun-Fang 2 6 Fu Tieh-Cheng 5 Shyu Yu-Chiao 4 Peng Sheng-Chiao 3 Wang Jong-Shyan s5492@mail.cg,c BMC Geriatr BMC Geriatr 33 bmcgeri BMC Geriatrics 1471-2318 BMC PMC11137894 PMC11137894.1 11137894 11137894 38816804 10.1186/s12877-024-05084-0 5084 1 Research Sustainability of exercise-induced benefits on circulating MicroRNAs and physical fitness in community-dwelling older adults: a randomized controlled trial with follow up Huang Li-Yuan 1 2 Lim Ai Yin 3 Hsu,"g effect of miRNAs on training-induced fitness changes. Methods This controlled trial recruited 58 community-dwelling older adults and randomized them into exercise group (EX) and control group (CON). EX received 8-week supervised moderate intensity cycling training 3x/week. C-miR expression (c-miR-21, c-miR-126, c-miR-146a, c-miR-222), physical fitness (body composition","Results Exercise significantly improved body fat and cardiorespiratory fitness in older people while maintaining muscle mass and strength, and augmented expression of c-miR-126, c-miR-146a, and c-miR-222 for up to 16 weeks post-training. Notably, older people in EX had substantially higher daily step counts than CON throughout the study even after the active training period. However, CMA revealed no significant indirect effect but a potential mediating effect of c-miR-21, but not the rest, onto the body composition, cardiorespiratory fitness, and lower limb strength.
Results Figure 1 shows the study flow from initial recruitment to final analysis. A total of 5,549 community residents in the Cohort study were screened, in which 1,554 people met the inclusion criteria but 1,494 people were subsequently excluded, resulted in 60 people being eligible for the study. The participants were randomly assigned to either EX or CON. Two participants in the EX withdrew before the exercise program started. Hence, the final number of participants was 28 in the EX and 30 in the CON. Fig. 1 Flow Diagram of Selected Participants. ACSM, American College of Sports Medicine; COPD, chronic obstructive pulmonary disease; DJD, degenerative joint disorder; DM, diabetes mellitus; eGFR, estimated glomerular filtration rate; F/M, female/male; MI, myocardial infarction; MICT. moderate-intensity continuous training; MMSE, mini-mental status examination; stp/d, step per day; WS, walking speed Table 1 shows the baseline characteristics of all participants and the physical fitness parameters at three timepoints, respectively. Both groups have no significant difference in mean age, gender distribution, BMI, comorbidities, current medication, and physical fitness. Table 1 Baseline characteristics of part",,,
PMC11142616,38820432.0,10.1371/journal.pone.0301926,"Outcomes of the LEAP feasibility trial-A low-threshold, exercise programme with protein supplementation to target frailty and poor physical functioning in people experiencing homelessness and addiction issues.",2024.0,,https://europepmc.org/article/MED/38820432,expanded_accessible_search,exercise_plus_nutrition,"Outcomes of the LEAP feasibility trial—A low-threshold, exercise programme with protein supplementation to target frailty and poor physical functioning in people experiencing homelessness and addiction issues",defer_second_reviewer,Eligibility plausible but frailty/setting classification needs second review,yes,yes,no,yes,yes,yes,yes,no,no,no,no,frailty;sppb;grip_strength;falls;adherence;adverse_events,"d well in practice. Targeted programmes, focussing on recruitment of older people and females should be more closely evaluated. Future studies should be fully powered and employ a randomised controlled study to extensively evaluate effectiveness, although this may be challenging to implement in practice. Conclusion This study was the first of its kind to focus on exer",16 11142616 38820432 10.1371/journal.pone.0301926 PONE-D-23-19270 1 Research Article Medicine and Health Sciences Public and Occupational Health Physical Activity Physical Fitness Exercise Medicine and Health Sciences Sports and Exercise Medicine Exercise Biology and Life Sciences Sports Science Sports and Exercise Medicine Exercise Medicine and Health Sciences Clin,"change. While the rolling nature of that programme built in flexibility–those starting later had limited opportunity to make changes. Limitations of this study were the lack of a control group and small sample size. A post-factum sample size calculation was conducted on the statistical package R, based on an expected adherence of 60%, a minimal acceptable adherence of 4","Results Thirty-one participants were recruited mean (SD) age 45(16) years. There was a recruitment rate of a median (IQR) of 2(1–3) new participants per week. The retention rate was 45% (n = 14) to the main recruitment site. Adherence to the exercise sessions and nutritional intervention was 90% and 100% respectively. Three adverse events were recorded during 74 interventions over the 16-week programme. The acceptability of the programme was highlighted in participant feedback. Characteristics of frequent returners (≥50%) were older age, female, more stably housed and more stable in addiction. The programme did not induce any changes in effectiveness outcomes.
Results Thirty-two participants were recruited ( Fig 1 ). Thirty-one participants completed the initial assessment and participated in at least one exercise session. The demographic characteristics of participants are shown in Table 4 . 10.1371/journal.pone.0301926.g001 Fig 1 Flow diagram of participants through the study. 10.1371/journal.pone.0301926.t004 Table 4 Demographic characteristics of participants (n = 31). Variable N % Sex Male 20 64.5 Female 11 35.48 Transgender 1 3.2 Living arrangements Hostel accommodation 15 48.38 Rough sleeping 3 9.6 With family/friends 2 6.45 Hotel /B&B 2 6.45 Council apartment/house 9 29 History of substance use * Substance abuse disorder 14 45 Alcohol abuse disorder 6 19.35 No reported history of substance use 12 38.7 Self-reported mental health issues 19 61 *Substance abuse disorder; includes drug/alcohol abuse Primary outcomes Seventy-four exercise sessions were delivered in total. Twenty-six participants, mean (SD) age 45(16) years, were recruited from the main day-service centre. Five females participated from the satellite female-only centre. Recruitment rate The median (IQ",,,
PMC11145092,38835618.0,10.22540/jfsf-09-089,The Feasibilty of the Motor Control Home Ergonomics Elderlies' Prevention of Falls (McHeELP) Programme in Patients with Sarcopenia: A Pilot Study.,2024.0,,https://europepmc.org/article/MED/38835618,expanded_accessible_search,multicomponent_exercise,The Feasibilty of the Motor Control Home Ergonomics Elderlies’ Prevention of Falls (McHeELP) Programme in Patients with Sarcopenia: A Pilot Study,secondary_sarcopenia_verify,Sarcopenia/vulnerability RCT; frailty-primary status requires verification,yes,no,yes,yes,yes,yes,yes,no,no,no,yes,frailty;grip_strength;adl;falls;quality_of_life;adherence;adverse_events,"implement the programme in clinical practice. The McHeELP programme positively affects functionality, balance and fear of falling. Thus, it seems feasible to conduct a full-scale randomised controlled trial. Ergonomics Exercises Falls Motor control Sarcopenia pmc-status-qastatus 0 pmc-status-live yes pmc-status-embargo no pmc-status-released yes pmc-prop-open-access","r of participants that showed engagement with the programme; adherence rates; data loss in questionnaires and secondary outcome measures; any adverse events, related or not to the intervention programme. All participants received a home-based motor control exercise programme combined with an ergonomic home modification for 12 weeks. Secondary outcome measures included H","ust be mentioned. Firstly, the limited number of patients with sarcopenia enrolled in the study and the lack of a comparison group. Ιt would be interesting in the future through a control group to investigate factors such as fear of falling. Further research is needed in larger patient samples in order to understand the effects of this targeted exercise program on variou","Results: Twelve participants, (74.9±5 years), completed the pilot study. Significant differences were recorded before and after the programme on participants’ functionality ( p < 0.001), balance ( p < 0.05) and fear of falling ( p < 0.001).
Results Feasibility and accessibility outcomes Recruitment and Participants characteristics 18 patients were recruited and 6 declined to participate. Twelve participants (recruitment rate 66.7%), 4 men and 8 women with a mean age of 74.9±5 years, completed the study. No dropouts were recorded. Participants’ characteristics at baseline are shown in Table 2 . Table 2 Participants’ characteristics. Characteristics Mean and SD Age (years) 74.9±5 BMI 26.3±4.8 Drugs (number) 4.1±1.1 Comorbidities (number) 4.3±1.2 Number and percentage Smoking Yes 2 (16.7%) Previous falls Yes 9 (75%) BMI: Body mass Index Based on the results of the handgrip test, TUG and the BIA measurements, 10 participants were categorized as having sarcopenia and two as having severe sarcopenia. ΜMSE scores for all participants were between 28–30. Adherence Records from the participants’ exercise diaries were used for adherence. Six participants (50%) showed 100% engagement with the McHeELP programme using diaries documentation (adherence). The other 6 showed 75% adherence rate; showing high adherence . Data Loss in Questionnaires and Tests; Time Taken There were not any missing data on the outcome measures. Assessment of secondary outcomes took approximately 50-60 min. All the assessments were performed in one contact. Adverse Events There were no adverse events associated with the McHeELP programme. No falls were reported as being related to the time period of the intervention. Secondary outcomes Patients with sarcopenia had significant improvement in 3 out of 5 variab",,,
PMC11308463,39118187.0,10.1186/s12986-024-00838-4,"Effects of cheese ingestion on muscle mass and strength in possible sarcopenia women: an open-label, parallel-group study.",2024.0,,https://europepmc.org/article/MED/39118187,expanded_accessible_search,exercise_plus_nutrition,"Effects of cheese ingestion on muscle mass and strength in possible sarcopenia women: an open-label, parallel-group study",secondary_sarcopenia_verify,Sarcopenia/vulnerability RCT; frailty-primary status requires verification,yes,no,yes,yes,yes,yes,yes,no,yes,yes,yes,gait_speed;sppb;grip_strength;falls;quality_of_life;adherence,"o have improvements in markers of sarcopenia in healthy elders. However, the potential effects of cheese in individuals with possible sarcopenia remain unknown. Method This 90-day randomized controlled trial (RCT) included 68 women aged 60–80 years with possible sarcopenia in China, who were randomly assigned to three groups: Control group (CG), Original cheese group",pmc Nutr Metab (Lond) Nutr Metab (Lond) 272 nutrmeta Nutrition & Metabolism 1743-7075 BMC PMC11308463 PMC11308463.1 11308463 11308463 39118187 10.1186/s12986-024-00838-4 838 1 Research Effects of cheese ingestion on muscle mass and strength i,"ain unknown. Method This 90-day randomized controlled trial (RCT) included 68 women aged 60–80 years with possible sarcopenia in China, who were randomly assigned to three groups: Control group (CG), Original cheese group (OG: 9.0 g protein; 322.8 mg calcium), and Golden cheese group (GG: 12.7 g protein; 802.1 mg calcium). OG and GG were instructed to consume their habit","Result At the end of the trial, the primary outcome, changes of Skeletal Muscle Mass Index (SMI) were found to be higher in OG (0.18 ± 0.02 kg/m 2 ) and GG (0.14 ± 0.02 kg/m 2 ) compared to CG (0.09 ± 0.02 kg/m 2 ). The secondary outcome, changes of handgrip strength were higher in GG (1.82 ± 4.16 kg) than CG (-0.61 ± 3.78 kg). There were no significant differences in makers for muscle function between three groups ( P > 0.05). In the self-comparison, Creatinine/Cystatin C significantly increased in both OG and GG. In addition, OG had a significant increase in changes of free and total carnitine compared to CG.
Result Recruitment and study population Initially, 150 potential patients were screened for enrollment, but only 81 met the inclusion and exclusion criteria and were subsequently randomized. The participant flow diagram was presented in Fig. 1 . Thirteen participants withdrew from the study for personal reasons, refusal to continue participation, or hospitalization. Consequently, a total of sixty-eight subjects completed the full 90-day intervention period (CG: 21 subjects; OG: 25 subjects; GG: 22 subjects), and only sixty-four consented to provide blood samples (CG: 21 subjects; OG: 23 subjects; GG: 20 subjects). In the analysis, we used the data from 68 participants (sample set 1) to examine relative changes in markers of sarcopenia and diet. For the analysis of changes in serum biomarkers, as well as indicators for blood lipid and glucose, we utilized data from 64 participants (sample set 2). Fig. 1 Study flowchart Baseline characteristics The mean age of participants was 71.57 ± 5.08 years. 50% of participants were illiterate, 45.6% had completed primary school education, and only 4.4% had completed middle/high school education. Table 3 presented the baseline",,,
PMC11314642,39123834.0,10.3390/s24154788,A Digital Platform for Home-Based Exercise Prescription for Older People with Sarcopenia.,2024.0,,https://europepmc.org/article/MED/39123834,expanded_accessible_search,multicomponent_exercise,A Digital Platform for Home-Based Exercise Prescription for Older People with Sarcopenia,exclude,Protocol/review signal in full-text-mined fields,yes,no,yes,yes,yes,yes,yes,yes,yes,yes,yes,frailty;grip_strength;falls;quality_of_life;adherence;adverse_events,"and wearable devices that provide digital solutions to improve healthcare delivery. We developed a digital platform to support the GYM (Grow Your Muscle) study, an ongoing 48-week randomized, controlled trial on reduction of sarcopenia through a home-based, app-monitored physical exercise intervention. The GYM platform consists of a smartphone application including th",8220 Multidisciplinary Digital Publishing Institute (MDPI) PMC11314642 PMC11314642.1 11314642 11314642 39123834 10.3390/s24154788 sensors-24-04788 1 Article A Digital Platform for Home-Based Exercise Prescription for Older People with Sarcopenia https://orcid.org/0000-0002-5589-7957 Bonato Matteo Conceptualization Methodology Investigation Data curation Writing – orig,"ter-generated blocked randomization list, to either the experimental group (EG), where they receive the exercise prescription delivered by the GYM platform, or to the non-exercise control group (CG). Participants of both groups receive a booklet containing general advice on the benefits of physical activity following the recommendations of the American College of Sport M","3. Results 3.1. Current Status of Study Enrolment and Adherence to the Protocol One hundred and ninety-six subjects are planned to participate to the study. Of these, 157 (80%) have been enrolled so far: 28/157 (18%) have dropped out during the study, 38 have completed the W48 study and 91 are still on study. Overall, 64 EG participants have used the GYM application. The median training adherence during the 48-week training protocol was assessed in the 38 EG participants who completed the study through the data collected in the GYM website, as described in the Methods section and illustrated in Figure 3 . Median adherence was 83% (IQR 40–93%), and for each participant the output data on HR mean, HR min, HR max, and training time were consistent with the expected exercise intensity and duration based on the input program. 3.2. Technical Issues Related to the Use of the GYM Platform We encountered one main technical issue related to the GYM application, which presented with the API level 33 update (released on 1 November 2023) for the Google Play Console. Following the upgrade, participants using Android could no longer find the GYM application on the Google Play Store. To solve this problem, we updated the user experience, security, and performance of the Android platform, thus enabling Android participants to download the GYM application by sending a link or a QR code. While waiting for the issue to be fixed, the participants using Android received a hard copy training program together with a diary, to register the time and duration of the training sessions. However, a more severe consequence of the API level 33 update concerned the connection of the Polar H9 device to the HR band, because Polar did not update the API of their devices to the new Google-imposed standards",,,
PMC11358125,39211745.0,10.3389/fragi.2024.1376825,"Underweight, overweight, and weight change in older family caregivers and their care recipients: longitudinal evidence from a randomized controlled trial.",2024.0,Frontiers in aging,https://pubmed.ncbi.nlm.nih.gov/39211745/,original_high_confidence,nutrition_only,"Underweight, overweight, and weight change in older family caregivers and their care recipients: longitudinal evidence from a randomized controlled trial",include_secondary_setting,Frailty RCT but setting likely hospital/residential or mixed,yes,yes,no,yes,yes,yes,yes,no,yes,yes,no,frailty;sppb;grip_strength;adl;falls;quality_of_life;adherence;adverse_events,"389/fragi.2024.1376825 1376825 1 Aging Clinical Trial Underweight, overweight, and weight change in older family caregivers and their care recipients: longitudinal evidence from a randomized controlled trial Koponen et al. 10.3389/fragi.2024.1376825 Koponen Sohvi 1 * Nykänen Irma 1 Savela Roosa-Maria 2 Välimäki Tarja 2 Suominen Anna Liisa 3 4 Schwab Ursula 1 5 1 Insti",".3389/fragi.2024.1376825 Koponen Sohvi 1 * Nykänen Irma 1 Savela Roosa-Maria 2 Välimäki Tarja 2 Suominen Anna Liisa 3 4 Schwab Ursula 1 5 1 Institute of Public Health and Clinical Nutrition , School of Medicine , University of Eastern Finland , Kuopio , Finland 2 INVEST Research Flagship Centre , University of Turku , Turku , Finland 3 Department of Nursing Science ,","s, Mini Nutritional Assessment scores, physical function, and number of teeth. During the 6-month intervention, there were no differences in weight change between intervention and control groups for both caregivers and care recipients. Factors significantly associated ( p < 0.05) with weight loss included female sex for both caregivers and care recipients, and frailty fo","3 Results A total of 113 family caregivers and 107 care recipients were included in the analysis. The dropout rates during the intervention were 9.6% for family caregivers and 10.8% for care recipients ( Figure 1 ). Due to the COVID-19 pandemic, the study nurse conducted the 6-month visit for 42 family caregivers and 37 care recipients ( Koponen et al., 2022 ). Additionally, the clinical nutritionist conducted a 24-h dietary recall for 15 (13.3%) family caregivers at the baseline and 12 (10.6%) family caregivers at the 6-month time point. 3.1 Baseline characteristics No differences in baseline characteristics were observed between the groups ( Table 1 ; Supplementary Table 1 ; Koponen et al., 2022 ). Among the entire study population of family caregivers (n = 113), 73.5% were females, with a mean age of 74.3 (SD 7.1). Family caregivers’ households’ mean net income was 3,136 (SD 932) €/month, and their mean years of education was 11.0 (SD 3.3). The primary chronic diseases observed in family caregivers were rheumatoid arthritis or another connective tissue disease (37.5%) and diabetes, primarily type 2 (19.5%) ( Supplementary Table 1 ; Koponen et al., 2022 ). Additionally, 36.3% of family caregivers were classified as overweight (BMI >29 kg/m 2 ), while 18.6% were underweight ( Table 1 ). According to MNA, 79.6% of family caregivers were well-nourished (≥24 scores), and 20.4% were at risk of malnutrition (17–23.5 scores) ( Supplementary Table 1 ; Koponen et al., 2022 ). Moreover, 71.7% of family caregivers were identified as frail ( Table 1 ). Notably, frailty was also prevalent among overweight family caregivers, with 68.3% exhibiting frailty status (not in Table). The mean number of teeth among family caregivers was 17.0 (SD 9.7), 44.2% used removable dentures ( Table ",,,
PMC11395640,39272196.0,10.1186/s13063-024-08413-1,A multicomponent personalized prevention program in the primary care setting: a randomized clinical trial in older people with noncommunicable chronic diseases (Primacare_P3 study).,2024.0,,https://europepmc.org/article/MED/39272196,expanded_accessible_search,multidomain,A multicomponent personalized prevention program in the primary care setting: a randomized clinical trial in older people with noncommunicable chronic diseases (Primacare_P3 study),exclude,Protocol/review signal in full-text-mined fields,yes,yes,no,yes,yes,yes,yes,yes,no,yes,yes,frailty;adl;quality_of_life;adherence,C11395640 PMC11395640.1 11395640 11395640 39272196 10.1186/s13063-024-08413-1 8413 1 Study Protocol A multicomponent personalized prevention program in the primary care setting: a randomized clinical trial in older people with noncommunicable chronic diseases (Primacare_P3 study) Pilotto Alberto 1 3 http://orcid.org/0000-0002-3973-5843 Barbagelata Marina marina.barbag,pmc Trials Trials 388 trials Trials 1745-6215 BMC PMC11395640 PMC11395640.1 11395640 11395640 39272196 10.1186/s13063-024-08413-1 8413 1 Study Protocol A multicomponent personalized prevention program in the primary care setting: a randomized clinical trial in older people with noncommunicable chronic diseases (Primacare_P3 study) Pilotto Alberto,"terials and methods In this randomized clinical trial (RCT), 1216 older adults recruited by 33 general practitioners (GPs) will be randomly allocated to intervention group (IG) or usual care control group (CG). The IG will receive a multicomponent PPP developed on the findings of the CGA-based Multidimensional Prognostic Index short-form (Brief-MPI), including structu","Expected results The CGA-based PPP might reduce unplanned hospitalization rates and potentially institutionalization rates, emergency department (ED) and unplanned GP visits, and mortality. Further outcomes explored in the IG will be the adherence to PPP, resilience, health-related quality of life, and multidimensional frailty as assessed by the Brief-MPI.
Expected results The PrimaCare_P3 study is designed to investigate the effectiveness of a standardized PPP based on CGA approach among older people with NCDs in a primary care setting. As primary outcome, we expected to observe a significant lower rate of unplanned hospitalizations over 12 months among subjects undergoing PPP intervention compared to those in the CG. Secondary outcomes will be the rates of the following: (1) a composite outcome including admissions to ED, hospitalizations, and institutionalizations; (2) unplanned visits to the GP; (3) mortality (see Table 2 ). The following outcomes will also be considered in the IG: (1) adherence to the PPP, (2) health-related quality of life, (3) levels of resilience, (4) personal satisfaction with the program. Table 2 Primary and secondary outcomes of PrimaCare_P3 study related to the intervention group and control group Primary outcomes at 12 months Secondary outcomes at 12 months Exploratory outcomes Intervention group • Unplanned hospitalization rate • Adherence to the PPP • PGWB-S • RS-14 • ED, hospital ward, long-term care facilities admission rate • Unplanned GPs visits • Mortality rate • Lactate, NAD/NADH, products of lipo-peroxidation, TNF-α, IL-1β, IL-6, IL-8 • Oral microbiome changes Control group • Unplanned hospitalization rate • ED, hospital ward, long-term care facilities admission rate • Unplanned GPs visits • Mortality rate Moreover, the study will ",,,
PMC11397451,39275303.0,10.3390/nu16172988,Oral Protein Supplements Might Improve Nutritional Status and Quality of Life in Elderly Patients after Standard Pancreatic Resection.,2024.0,,https://europepmc.org/article/MED/39275303,expanded_accessible_search,exercise_plus_nutrition,Oral Protein Supplements Might Improve Nutritional Status and Quality of Life in Elderly Patients after Standard Pancreatic Resection,secondary_sarcopenia_verify,Sarcopenia/vulnerability RCT; frailty-primary status requires verification,yes,no,yes,yes,yes,yes,yes,no,yes,yes,yes,frailty;gait_speed;quality_of_life;adherence;adverse_events,"also a decrease in protease secretion, leading to impaired protein digestion and absorption. This increases the risk of malnutrition and creates a dual burden of sarcopenia. This randomized, double-blind, placebo-controlled trial examined the impact of protein supplements on the nutritional status and quality of life (QoL) of elderly patients after PPPD and DP surger",Nutrients 2072-6643 Multidisciplinary Digital Publishing Institute (MDPI) PMC11397451 PMC11397451.1 11397451 11397451 39275303 10.3390/nu16172988 nutrients-16-02988 1 Article Oral Protein Supplements Might Improve Nutritional Status and Quality of Life in Elderly Patients after Standard Pancreatic Resection https://orcid.org/0000-0001-8419-8605 Lee Na Rae 1 † Hwang,"se secretion, leading to impaired protein digestion and absorption. This increases the risk of malnutrition and creates a dual burden of sarcopenia. This randomized, double-blind, placebo-controlled trial examined the impact of protein supplements on the nutritional status and quality of life (QoL) of elderly patients after PPPD and DP surgeries. For six weeks, the","3. Results Among the subjects, 18 had been diagnosed with pancreatic cancer, 14 with bile duct cancer, and 9 with other cancers. Thirty-one subjects had undergone pylorus-preserving pancreaticoduodenectomy (PPPD) and 10 patients had undergone distal pancreatectomy (DP). There were no statistically significant differences in terms of gender, age, height, weight, BMI, or PG-SGA between the two groups. No significant differences were found in the baseline characteristics of the two groups in the high-compliance segment, either ( Table 1 ). 3.1. Evaluation of Nutritional Status ( Figure 2 ) The patients’ nutritional status (PG-SGA grade) at each time point of their visits is presented in Figure 2 . In the CG, 16 patients (70%) had good nutritional status before surgery and 7 patients (30%) had moderate malnutrition. Meanwhile, there were 12 patients (67%) in the PG with good nutritional status and 6 patients (33%) with moderate malnutrition. At the time of discharge, 4 patients (17%) in the CG and 5 patients (28%) in the PG were in good nutritional status, whereas 19 patients (83%) in the CG and 13 patients (72%) in the PG were evaluated as moderately malnourished. The proportion of moderately malnourished patients increased in both groups at the time of discharge and at the time of outpatient visits compared to pre-surgery, but there was no statistically significant difference between the two groups. In both the CG and the PG, the PG-SGA score increased at each time point compared to pre-surgery, but there was no statistically significant difference between the two groups. At the time of discharge (DC), the PG-SGA score was nine or higher for both the PG (9.7 ± 0.9) and the CG (9.6 ± 0.8), indicating that intensive nutritional management and intervention by a clinical diet",,,
PMC11411904,39300347.0,10.1186/s12877-024-05351-0,Hybrid model of care for older persons for improvement of frailty index-a community-based interventional study in an urban setting.,2024.0,,https://europepmc.org/article/MED/39300347,expanded_accessible_search,multidomain,Hybrid model of care for older persons for improvement of frailty index—a community-based interventional study in an urban setting,include_primary_accessible,Community/home/primary-care frailty RCT confirmed by mined full-text fields,yes,yes,no,yes,yes,yes,yes,no,no,no,yes,frailty;gait_speed;sppb;adl;falls;quality_of_life;adherence;adverse_events,"016. p. 82–7. 3. Li CM Chen CY Li CY Wang WD Wu SC The effectiveness of a comprehensive geriatric assessment intervention program for frailty in community-dwelling older people: a randomized, controlled trial Arch Gerontol Geriatr 2010 50 Suppl 1 S39 42 10.1016/S0167-4943(10)70011-X 20171455 Li CM, Chen CY, Li CY, Wang WD, Wu SC. The effectiveness of a comprehensive g",11904 PMC11411904.1 11411904 11411904 39300347 10.1186/s12877-024-05351-0 5351 1 Research Hybrid model of care for older persons for improvement of frailty index—a community-based interventional study in an urban setting Baskaran T B Pritish 1 2 Raghav Pankaja raghavpankaja3@gmail.com drpankajaraghav@gmail.com 1 Naveen Kikkeri Hanumantha Setty 1 1 https://ror.org/05e15a,"le and SPPB scores were used to measure the outcomes. Results 128 older persons and their primary caregivers were recruited. Median age was 70 and 67 years in the intervention and control group respectively, with majority being males. The median frailty index at baseline was 0.36 in both the groups, with improvement in intervention group (0.20) and worsening in control g","Results 128 older persons and their primary caregivers were recruited. Median age was 70 and 67 years in the intervention and control group respectively, with majority being males. The median frailty index at baseline was 0.36 in both the groups, with improvement in intervention group (0.20) and worsening in control group (0.44) at end-line. From the DID analysis, a reduction of 0.19 points of frailty index was observed (even after adjustment for co-variates) in the intervention group, as compared to the control group. Also, it was observed that age and gender of the old person, their per capita income and the family support played an interactive effect in improvement of the frailty index. There was a significant difference in SPPB scores as well, between the groups [5 (1) in CG vs. 7 (2) in IG, p < 0.001].
Results A total of 128 elderly participants and their primary caregivers were recruited after initial screening for eligibility. Baseline assessment was done in the residences of the eligible participants for three months for 63 persons in the intervention group and 65 in the control group. Intervention to the participants were delivered over a period of six months, with compliance being ensured through telephonic reminders, and wherever required, the elderly in both the groups were tele-consulted and appropriate referrals were made. The follow-up assessment was done for a period of three months after the intervention period. Three in the intervention group and two older persons in the control group had expired, and two more in the control group had moved out of town even before the intervention period. So they were completely excluded from the study. Following the intervention period, follow-up assessment was done among 57 participants in the intervention group and ",,,
PMC11425022,39259959.0,10.2196/57809,Effects of Virtual Reality Motor-Cognitive Training for Older People With Cognitive Frailty: Multicentered Randomized Controlled Trial.,2024.0,,https://europepmc.org/article/MED/39259959,expanded_accessible_search,exercise_only,Effects of Virtual Reality Motor-Cognitive Training for Older People With Cognitive Frailty: Multicentered Randomized Controlled Trial,include_secondary_disease_specific,Frailty RCT but disease-specific population,yes,yes,no,yes,yes,yes,yes,no,yes,no,yes,frailty;gait_speed;adl;falls;quality_of_life;adherence,25022 39259959 10.2196/57809 v26i1e57809 1 Original Paper Original Paper Effects of Virtual Reality Motor-Cognitive Training for Older People With Cognitive Frailty: Multicentered Randomized Controlled Trial Puladi Behrus Levine Defne Bezabih Alemitu Kerminen Hanna Kwan Rick Yiu Cho PhD https://orcid.org/0000-0002-4332-780X 1 School of Nursing Tung Wah College 31 Wyli,"dult community centers. Eligible participants were aged ≥60 years, were community dwelling, lived with cognitive frailty, had no dementia, and were not mobility restricted. In the intervention group, participants received VRMCT led by interventionists with 16 one-hour training sessions delivered twice per week for 8 weeks. In the control group, participants received the","mobility restricted. In the intervention group, participants received VRMCT led by interventionists with 16 one-hour training sessions delivered twice per week for 8 weeks. In the control group, participants received the usual care provided by the older adult community centers that the investigators did not interfere with. The primary outcome was global cognitive functio","Results In total, 293 eligible participants enrolled in the study. The mean age of the participants was 74.5 (SD 6.8) years. Most participants were female (229/293, 78.2%), had completed primary education (152/293, 52.1%), were married (167/293, 57.2%), lived with friends (127/293, 43.3%), and had no VR experience (232/293, 79.5%). In the intervention group, 81.6% (119/146) of participants attended >80% (13/16, 81%) of the total number of sessions. A negligible number of participants experienced VR sickness symptoms (1/146, 0.7% to 5/146, 3%). VRMCT was effective in promoting global cognitive function (interaction effect: P =.03), marginally promoting executive function (interaction effect: P =.07), and reducing frailty (interaction effect: P =.03). The effects were not statistically significant on other outcomes.
Results Participant Flow This study was conducted from January 2021 to April 2023. As shown in Figure 3 , a total of 561 participants were assessed for eligibility. In total, 47.8% (268/561) of the participants were excluded because they did not fulfill the eligibility criteria. No eligible participants declined to participate. A total of 293 eligible participants were randomly allocated to the 2 groups: 146 (49.8%) were allocated to the intervention group, and 147 (50.2%) were allocated to the control group. In the intervention group, 4.8% (7/146) of the participants did not receive the allocated intervention, defined as attending 0 training sessions. A total of 81.6% (119/146) of the participants attended ≥81% (13/16) of the expected sessions, 5.9% of the participants attended 50% (8/16) to 75% (12/16) of the expected sessions, and 12.5% of the participants attended 0% to 44% (7/16) of the expected sessions. In the control group, all 147 participants receive",,,
PMC11443903,39354527.0,10.1186/s13063-024-08490-2,"A single-center, double-blind, randomized, placebo-controlled, two-arm study to evaluate the safety and efficacy of once-weekly sirolimus (rapamycin) on muscle strength and endurance in older adults following a 13-week exercise program.",2024.0,Trials,https://pubmed.ncbi.nlm.nih.gov/39354527/,original_high_confidence,exercise_only,"A single-center, double-blind, randomized, placebo-controlled, two-arm study to evaluate the safety and efficacy of once-weekly sirolimus (rapamycin) on muscle strength and endurance in older adults following a 13-week exercise program",exclude,Protocol/review signal in full-text-mined fields,yes,yes,no,yes,yes,yes,yes,yes,no,no,no,frailty;gait_speed;grip_strength;quality_of_life;adherence;adverse_events,"Trials Trials 388 trials Trials 1745-6215 BMC PMC11443903 PMC11443903.1 11443903 11443903 39354527 10.1186/s13063-024-08490-2 8490 1 Study Protocol A single-center, double-blind, randomized, placebo-controlled, two-arm study to evaluate the safety and efficacy of once-weekly sirolimus (rapamycin) on muscle strength and endurance in older adults following a 13-week ex","ed, placebo-controlled, two-arm study to evaluate the safety and efficacy of once-weekly sirolimus (rapamycin) on muscle strength and endurance in older adults following a 13-week exercise program http://orcid.org/0000-0003-1004-2039 Stanfield Brad brad@drstanfield.com 1 2 Kaeberlein Matt 3 4 Leroux Brian 4 5 Jones Julie 6 Lucas Ruth 6 Arroll Bruce 7 1 https://ror.o","ls 388 trials Trials 1745-6215 BMC PMC11443903 PMC11443903.1 11443903 11443903 39354527 10.1186/s13063-024-08490-2 8490 1 Study Protocol A single-center, double-blind, randomized, placebo-controlled, two-arm study to evaluate the safety and efficacy of once-weekly sirolimus (rapamycin) on muscle strength and endurance in older adults following a 13-week exercise pr",,,,
PMC11446726,39169398.0,10.1002/jcsm.13567,Novel metabolic and lipidomic biomarkers of sarcopenia.,2024.0,,https://europepmc.org/article/MED/39169398,expanded_accessible_search,exercise_plus_nutrition,Novel metabolic and lipidomic biomarkers of sarcopenia,exclude,Protocol/review signal in full-text-mined fields,yes,no,yes,yes,yes,yes,yes,yes,yes,yes,yes,frailty;gait_speed;grip_strength;falls,cators of RTNS in older sarcopenic adults. Methods Older individuals diagnosed with sarcopenia through routine health checkups at a community hospital were recruited for a 12‐week randomized controlled trial focusing on RTNS. Plasma metabolomic and lipidomic profiles of 45 patients with sarcopenia and 47 matched controls were analysed using 1 H‐nuclear magnetic resona,provided the original work is properly cited. Abstract Background The pathophysiology of sarcopenia is complex and multifactorial and has not been fully elucidated. The impact of resistance training and nutritional support (RTNS) on metabolomics and lipodomics in older adults with sarcopenia remains uncertain. This study aimed to explore potential biomarkers of sarco,"nia and 47 matched controls were analysed using 1 H‐nuclear magnetic resonance ( 1 H‐NMR) and liquid chromatography‐mass spectrometer (LC–MS). Results At baseline, the patient and control groups had similar age, sex, and height distribution. The patient group had significantly lower weight, BMI, grip strength, gait speed, skeletal muscle index, lean mass of both the uppe","Results At baseline, the patient and control groups had similar age, sex, and height distribution. The patient group had significantly lower weight, BMI, grip strength, gait speed, skeletal muscle index, lean mass of both the upper and lower limbs, and lower limb bone mass. There was a significant difference in 12 metabolites between the control and patient groups. They are isoleucine (patient/control fold change [FC] = 0.86 ± 0.04, P = 0.0005), carnitine (FC = 1.05 ± 0.01, P = 0.0110), 1‐methylhistamine/3‐methylhistamine (FC = 1.24 ± 0.14, P = 0.0039), creatinine (FC = 0.71 ± 0.04, P < 0.0001), carnosine (FC = 0.71 ± 0.04, P = 0.0007), ureidopropionic acid (FC = 0.61 ± 0.10, P = 0.0107), uric acid (FC = 0.88 ± 0.03, P = 0.0083), PC (18:2/20:0) (FC = 0.69 ± 0.03, P = 0.0010), PC (20:2/18:0) (FC = 0.70 ± 0.06, P = 0.0014), PC (18:1/20:1) (FC = 0.74 ± 0.05, P = 0.0015), PI 32:1 (FC = 4.72 ± 0.17, P = 0.0006), and PI 34:3 (FC = 1.88 ± 0.13, P = 0.0003). Among them, carnitine, 1‐methylhistamine/3‐methylhistamine, creatinine, ureidopropionic acid, uric acid, PI 32:1, and PI 34:3 were first identified. Notably, PI 32:1 had highest diagnostic accuracy (0.938) for sarcopenia. 1‐Methylhistamine/3‐methylhistamine, carnosine, PC (18:2/20:0), PI 32:1, and PI 34:3 levels were not different from the control group after RTNS. These metabolites are involved in amino acid metabolism, lipid metabolism, and the PI3K‐AKT/mTOR signalling pathway through the ingenuity pathway analysis.
Results Untargeted metabolomic and lipidomic profiling of plasma from sarcopenic patients The study was conducted over a period of 6 months, from March to September, 2018. Of the 66 individuals diagnosed with sarcopenia during the annual geriatric examination, 58 agreed to participate and provided informed con",,,
PMC11465814,39390362.0,10.1186/s11556-024-00363-6,Effectiveness of community-based Baduanjin exercise intervention for older adults with varying frailty status: a randomized controlled trial.,2024.0,European review of aging and physical activity : official journal of the European Group for Research into Elderly and Physical Activity,https://pubmed.ncbi.nlm.nih.gov/39390362/,original_high_confidence,exercise_only,Effectiveness of community-based Baduanjin exercise intervention for older adults with varying frailty status: a randomized controlled trial,include_secondary_disease_specific,Frailty RCT but disease-specific population,yes,yes,no,yes,yes,yes,yes,no,yes,no,yes,frailty;gait_speed;grip_strength;adl;falls;quality_of_life;adherence;adverse_events,1465814 39390362 10.1186/s11556-024-00363-6 363 1 Research Article Effectiveness of community-based Baduanjin exercise intervention for older adults with varying frailty status: a randomized controlled trial Tou Nien Xiang tou.nien.xiang@geri.com.sg 1 Goh Siew Fong 1 Harding Susana 2 Tsao Mary Ann 2 Ng Tze Pin 1 http://orcid.org/0000-0002-7853-4112 Wee Shiou-Liang wee,Activity 1813-7253 1861-6909 BMC PMC11465814 PMC11465814.1 11465814 11465814 39390362 10.1186/s11556-024-00363-6 363 1 Research Article Effectiveness of community-based Baduanjin exercise intervention for older adults with varying frailty status: a randomized controlled trial Tou Nien Xiang tou.nien.xiang@geri.com.sg 1 Goh Siew Fong 1 Harding Susana 2 Tsao Mary Ann,"ling and vital exhaustion showing the most significant changes. Therefore, BDJ has the potential to improve specific phenotypic components of frailty [ 1 ]. However, the lack of a control group limits the ability to determine the effects of BDJ among frail older adults. To date, there is a lack of randomized controlled trials to evaluate BDJ training in this specific old","Results Overall, there were no statistically significant differences in all outcome measures between CG and IG at 4-month follow-up. However, in exploratory compliance analysis, a statistically significant group x time interaction was found for vital exhaustion (B = -3.65, 95% CI [-7.13, -0.16], p = .047) among participants with at least 75% attendance. In post-hoc within-group comparisons, IG showed improved vital exhaustion by 4.31 points (95% CI [1.41, 7.20], d = 0.60). The average participant attendance rate was 81.3%. No major adverse events occurred, and all participants reported positive experiences with the exercise intervention.
Results Participant characteristics Four batches of older adults were recruited through Tsao Foundation with community partners from three senior activity centers. Amongst the 69 older adults referred to the study, seven did not meet the inclusion criteria, one was deemed unsuitable by a medical doctor, and four declined to participate. 57 participants enrolled in the study and were randomized into either the CG ( n = 28) or IG ( n = 29). Seven participants dropped out from the study due to lack of interest ( n = 2), conflict in schedule with other personal commitments ( n = 3), and unrelated medical conditions ( n = 2). A total of 56 participants with available baseline data were included in the final analysis sample. Figure 1 showed the participant flow. Fig. 1 Study flow diagram Table 1 showed the baseline demographic characteristics of both CG and IG. The participants were mostly women aged 72.8 (6.9) years. There were no statistically significant differences in demographic characteristics or outcome measures between IG and CG. Table 1 Baseline characteristics of participants in both CG and IG Control Group ( n = 27) Intervention Gr",,,
PMC11523852,39478450.0,10.1186/s12877-024-05464-6,Combining motivational and exercise intervention components to reverse pre-frailty and promote self-efficacy among community-dwelling pre-frail older adults: a randomized controlled trial.,2024.0,BMC geriatrics,https://pubmed.ncbi.nlm.nih.gov/39478450/,original_high_confidence,multicomponent_exercise,Combining motivational and exercise intervention components to reverse pre-frailty and promote self-efficacy among community-dwelling pre-frail older adults: a randomized controlled trial,include_primary_accessible,Community/home/primary-care frailty RCT confirmed by mined full-text fields,yes,yes,no,yes,yes,yes,yes,no,no,no,yes,frailty;gait_speed;grip_strength;falls;quality_of_life;adherence;adverse_events,4-6 5464 1 Research Combining motivational and exercise intervention components to reverse pre-frailty and promote self-efficacy among community-dwelling pre-frail older adults: a randomized controlled trial Fang Juan 1 2 Ren Jianping jpren2016@163.com 1 4 Wang Jinjing 1 Qiu Xiantao 1 Zhang Shiyan 1 Yuan Shuang 1 Wu Liangfeng 1 Xie Lin 3 1 https://ror.org/014v1mr15 gr,iatr BMC Geriatr 33 bmcgeri BMC Geriatrics 1471-2318 BMC PMC11523852 PMC11523852.1 11523852 11523852 39478450 10.1186/s12877-024-05464-6 5464 1 Research Combining motivational and exercise intervention components to reverse pre-frailty and promote self-efficacy among community-dwelling pre-frail older adults: a randomized controlled trial Fang Juan 1 2 Ren Jianping,"ntion group performed exercise three times a week for 24 weeks, once at a community health service station instructed by two researchers and two times at home. Participants in the control group were given one-time advice on physical activity. The assessor was the only one blinded. The primary outcome was the reversal rate of pre-frailty. The secondary outcomes included s","Results One hundred and forty-four participants were randomized into two groups ( n = 72 in the intervention group and n = 72 in the control group) and analyzed. After 24 weeks, the proportion of pre-frailty was significantly lower in the intervention group than in control (31.8% versus 74.6%, P < 0.001). The absolute risk reduction was 42.8% [95% CI, 25.1–57.1]. In the 8th week and the 24th week, the frailty score of the intervention group was significantly lower than that of the control group. There were significant improvements in self-efficacy at week 2, week 8, and week 24. In weeks 8 and 24, participants in the intervention group reported a higher quality of life than the control group. There were no exercise-related injuries or falls among the participants.
Results Participants’ demographic and clinical characteristics A total of 220 community-dwelling older adults were screened. Among them, 144 were enrolled in the trial and randomly allocated to the control group ( n = 72) or intervention group ( n = 72). Five participants in the control and six in the intervention group were lost to the follow-up. Figure 2 shows the study flow diagram. There were no exercise-related injuries or falls among the participants. There were 72 sessions for each participant in the intervention group; the attendance ranged from 43 to 72 times, averaging 62. The attendance rate was tracked using on-site check-in (researcher-reported) and exercise logs(self-reported). Participants were between 60 and 85 years old, 94 (65.3%) were female, and all were assessed with pre-frailty with a mean Fried score of 1.58 ± 0.50. In the intervention group, the mean age of participants was 73.96 (7.20) years; 45 (62.5%) were female. Baseline sample characteristics for intervention and control groups ar",,,
PMC11584377,39583027.0,10.7224/1537-2073.2023-085,Cognitive Function in Frail Older Adults With Multiple Sclerosis: An Exploratory Study Using Secondary Data Analysis.,2024.0,,https://europepmc.org/article/MED/39583027,expanded_accessible_search,multicomponent_exercise,Cognitive Function in Frail Older Adults With Multiple Sclerosis: An Exploratory Study Using Secondary Data Analysis,defer_second_reviewer,Comparator not clearly confirmed from mined fields,yes,yes,no,yes,yes,no,yes,no,no,no,yes,frailty;sppb,emergent. This study explores cognitive function in older adults with MS as a function of frailty status. METHODS: This cross-sectional study used baseline data from a feasibility randomized controlled trial of a home-based exercise program for older adults with MS. Frailty was verified using performance scores from the Short Physical Performance Battery (SPPB) and cu,"ba International Academy for Sport Studies, Tsukuba, Japan Department of Kinesiology and Physical Education. Northern Illinois University, DeKalb, IL Department of Kinesiology and Nutrition. University of Illinois at Chicago, Chicago, IL Correspondence: Emerson Sebastião, PhD, 338 Freer Hall, Department of Kinesiology and Community Health, University of Illinois Urba",,"RESULTS: Data from 26 older adults with MS (≥60 years) were analyzed. The majority of the participants were women, and over 85% of the sample had the relapsing-remitting form of MS. Participants reported a mean of more than 20 years of disease and a moderate level of disability (Expanded Disability Status Scale score = 4). Nearly 58% of the sample was classified as frail based on SPPB scores. Univariate analysis demonstrated that frail older adults performed significantly worse ( P < .05) on all 3 BICAMS tests. However, after controlling for age and disability level, only visuospatial memory remained significant between frailty groups ( P = .043).",,,
PMC11587998,39621937.0,10.2196/58175,Quantifying the Enhancement of Sarcopenic Skeletal Muscle Preservation Through a Hybrid Exercise Program: Randomized Controlled Trial.,2024.0,,https://europepmc.org/article/MED/39621937,expanded_accessible_search,multicomponent_exercise,Quantifying the Enhancement of Sarcopenic Skeletal Muscle Preservation Through a Hybrid Exercise Program: Randomized Controlled Trial,secondary_sarcopenia_verify,Sarcopenia/vulnerability RCT; frailty-primary status requires verification,yes,no,yes,yes,yes,yes,yes,no,no,yes,no,frailty;gait_speed;grip_strength;adl;falls;quality_of_life;adverse_events,e Rehabilitation Aging with Chronic Disease Aging in Place Original Paper Quantifying the Enhancement of Sarcopenic Skeletal Muscle Preservation Through a Hybrid Exercise Program: Randomized Controlled Trial https://orcid.org/0000-0002-3454-9929 Guo Hongzhi MA 1 * https://orcid.org/0009-0005-7114-6263 Cao Jianwei MA 2 * https://orcid.org/0000-0002-0522-2644 He Shichun,lications Inc. PMC11587998 PMC11587998.1 11587998 11587998 39621937 10.2196/58175 58175 1 Physical Activity for Older People Artificial Intelligence Medical Imaging Innovations in Exercise Rehabilitation Aging with Chronic Disease Aging in Place Original Paper Quantifying the Enhancement of Sarcopenic Skeletal Muscle Preservation Through a Hybrid Exercise Program: R,"trial and were randomized into 3 intervention groups, namely the tai chi exercise and strength training hybrid group (TCSG; n=33), the strength training group (STG; n=30), and the control group (n=30). Abdominal computed tomography was used to evaluate the skeletal muscle mass at the third lumbar (L3) vertebra. Analysis of demographic characteristics of participants at b","Results A significant interaction effect was found in skeletal muscle density at the L3 vertebra, skeletal muscle area at the L3 vertebra (L3 SMA), grip strength, muscle fat infiltration, and relative skeletal muscle mass index (all P values were <.05). Grip strength, relative skeletal muscle mass index, and L3 SMA were significantly improved after the intervention for participants in the TCSG and STG (all P values were <.05). After post hoc tests, we found that participants in the TCSG experienced a better effect on L3 SMA than those in the STG and participants in the control group. The LightGBM classification model had the greatest performance in accuracy (88.4%), recall score (74%), and F 1 -score (76.1%).
Results Overview A total of 164 individuals were recruited ( Figure 3 ); however, only 106 (48 females and 58 males) were found to meet the inclusion and exclusion criteria. Finally, 93 (50 females and 43 males) participants finished the research. Dropping out of the training (n=8) and being unable to continue due to illness (n=5) were the reasons for not finishing the program. The demographic characteristics of the participants at baseline are summarized in Table 2 . Figure 3. CONSORT flow diagram. CG: control group; CONSORT: Consolidated Standards of Reporting Trials; STG: strength training group; TCSG: tai chi exercise and strength training hybrid group. Table 2. Demographic features of the participants at baseline. Items TCSG a (n=33) STG b (n=30) CG c (n=30) P value Gender, n male: 14; female: 19 male: 13; female: 17 male: 16; female: 14 .64 Age (years), mean (SD) 66.94 (4.42) 66.87 (3.84) 65.42 (3.97) .34 BMI (kg/m 2 ), mean (SD) 23.23 (2.06) 22.8 (3.18) 21.93 (2.86) .79 a TCSG: tai chi exercise and strength training hybrid group. b STG: strength training gro",,,
PMC11614458,39652737.0,10.1519/jsc.0000000000004941,A 24-Week Combined Resistance and Balance Training Program Improves Physical Function in Older Adults: A Randomized Controlled Trial.,2025.0,,https://europepmc.org/article/MED/39652737,expanded_accessible_search,exercise_only,A 24-Week Combined Resistance and Balance Training Program Improves Physical Function in Older Adults: A Randomized Controlled Trial,defer_second_reviewer,Eligibility plausible but frailty/setting classification needs second review,yes,no,no,yes,yes,yes,no,no,no,no,yes,frailty;gait_speed;grip_strength;adl;falls;adherence;adverse_events,39652737 10.1519/JSC.0000000000004941 JSCR-08-20684 1 3 Original Research A 24-Week Combined Resistance and Balance Training Program Improves Physical Function in Older Adults: A Randomized Controlled Trial https://orcid.org/0000-0001-8595-6164 Jiang Guiping 1 2 jiangguiping2022@163.com Tan Xiaohuan 2 2641091434@qq.com Zou Jiling 3 zoujiling1@163.com Wu Xueping 2 1 S,mc-collection-title Lippincott Open Access PMC11614458 PMC11614458.1 11614458 11614458 39652737 10.1519/JSC.0000000000004941 JSCR-08-20684 1 3 Original Research A 24-Week Combined Resistance and Balance Training Program Improves Physical Function in Older Adults: A Randomized Controlled Trial https://orcid.org/0000-0001-8595-6164 Jiang Guiping 1 2 jiangguiping2022@163,"andomly assigned to an RT ( n = 22), RBT ( n = 22), or control ( n = 21) group. The exercise intervention consisted of RT or RBT for 45 minutes, 3 times per week for 24 weeks. The control group engaged in no exercise training. The compliance rates were 93% in the RT group and 92% in the RBT group. No training-related adverse effect was observed. In the RT and RBT groups,","Results Dropouts and Attendance Figure 1 shows subject recruitment and group assignments for the entire trial. In total, 78 older adults who met the inclusion criteria were recruited. Four of them did not sign the informed consent form, and 8 of them did not have the time required to complete the training. Thus, 66 people participated in this study. They were randomly assigned to the RT, RBT, and control groups, with 22 individuals in each group. Figure 1. Flow diagram of study subjects in the resistance training (RT) only, combined resistance and balance training (RBT), and control groups. A total of 65 subjects completed the study. One older adult in the control group was excluded at week 7 of the study because of also participating in regular exercise. Subjects in the RT and RBT groups completed 67 and 66 of the 72 training sessions, respectively, within 24 weeks, with compliance rates of 93 and 92%, respectively. No adverse events were observed in either intervention group during the experimental period. Between-Group Tests At baseline, there were no differences in physical function tests between the groups ( p > 0.05). After the interventions, the between-group tests for the changes in the TUG test and CST results were significant ( p < 0.05). The post hoc tests showed that the values for the RT group ( p < 0.05) and the RBT ( p < 0.05) were higher than those for the control group and that values for the RBT group were higher than those for the RT group ( p < 0.05; Figure 2 ). The between-group tests for the changes in spirometry, MWS, and ACT were also statistically significant ( p < 0.05). The post hoc tests showed that the values for the RT group and for the RBT group were higher than those for the control group (both p < 0.05). The between-group test for change",,,
PMC11616483,39635500.0,10.2147/dmso.s493903,Development and Validation of a Risk Prediction Model for Sarcopenia in Chinese Older Patients with Type 2 Diabetes Mellitus.,2024.0,,https://europepmc.org/article/MED/39635500,expanded_accessible_search,nutrition_only,Development and Validation of a Risk Prediction Model for Sarcopenia in Chinese Older Patients with Type 2 Diabetes Mellitus,exclude,Randomized design not confirmed in mined full-text fields,no,no,yes,yes,yes,no,no,no,yes,yes,no,frailty;gait_speed;grip_strength;falls;quality_of_life,,"%) had sarcopenia. Nine best-matching factors, including age, body mass index (BMI), diabetic duration, glycated hemoglobin A1c (HbA1c), 25 (OH)Vitamin D, nephropathy, neuropathy, nutrition status, and osteoporosis were selected to construct the nomogram prediction model. The AUC values for training and validation sets were 0.800 (95% CI = 0.773–0.828) and 0.796 (95%",,"Results 571 out of 1434 participants (39.8%) had sarcopenia. Nine best-matching factors, including age, body mass index (BMI), diabetic duration, glycated hemoglobin A1c (HbA1c), 25 (OH)Vitamin D, nephropathy, neuropathy, nutrition status, and osteoporosis were selected to construct the nomogram prediction model. The AUC values for training and validation sets were 0.800 (95% CI = 0.773–0.828) and 0.796 (95% CI = 0.755–0.838), respectively. Furthermore, the agreement between predicted and actual clinical probability of sarcopenia was demonstrated by calibration curves, the Hosmer-Lemeshow test ( P > 0.05), and DCA.
Results Baseline Characteristics Among the 1434 participants with T2DM, the prevalence of sarcopenia was found to be 39.8% (571/1434). The cohort consisted of 752 females (52.4%) and 682 males (47.6%), with an average age of 68.23 ± 6.44 years, ranging from 60 to 91. Detailed demographic and clinical information were summarized in Table 1 . Several variables, including age ( P < 0.001), BMI ( P < 0.001), gender ( P < 0.001), physical activity ( P = 0.018), nutrition status ( P = 0.001), sleep quality ( P = 0.004), T2DM duration ( P < 0.001), anemia ( P = 0.003), osteoporosis ( P < 0.001), diabetic retinopathy ( P = 0.031), neuropathy ( P < 0.001), nephropathy ( P < 0.001), angiopathy ( P = 0.008), TC ( P = 0.012), HbA1c ( P < 0.001), Cys-C ( P = 0.020), VitD ( P < 0.001), and DBP ( P = 0.005), showed statistically significant differences between T2DM patients with or without sarcopenia ( Table 1 ). After randomly splitting the data into the training (n = 1006) and validation (n = 428) sets, comparisons between the two sets were presented in Supplementary Table 1 . No statistically significant differences were found between the two sets (all P > 0.05). Table 1",,,
PMC11634493,39276001.0,10.1002/jcsm.13600,High-Intensity Interval Training Mitigates Sarcopenia and Suppresses the Myoblast Senescence Regulator EEF1E1.,2024.0,,https://europepmc.org/article/MED/39276001,expanded_accessible_search,nutrition_only,High‐Intensity Interval Training Mitigates Sarcopenia and Suppresses the Myoblast Senescence Regulator EEF1E1,secondary_sarcopenia_verify,Sarcopenia/vulnerability RCT; frailty-primary status requires verification,yes,no,yes,yes,yes,yes,yes,no,no,no,no,frailty;grip_strength;quality_of_life;adherence,aimed to investigate the efficacy of high‐intensity interval training (HIIT) over moderate‐intensity continuous training (MICT) in ameliorating sarcopenia. Methods We conducted a randomized crossover trial to evaluate plasma proteomic reactions to acute HIIT (four 4‐min high‐intensity intervals at 70% maximal capacity alternating with 4 min at 30%) versus MICT (const,"commons.org/licenses/by/4.0/ License, which permits use, distribution and reproduction in any medium, provided the original work is properly cited. ABSTRACT Background The optimal exercise regimen for alleviating sarcopenia remains uncertain. This study aimed to investigate the efficacy of high‐intensity interval training (HIIT) over moderate‐intensity continuous tr","by the Medicine Animal Welfare Committee. Thirty‐two male C57BL/6J mice were purchased from a certified Laboratory Animal Center. Eight 3‐month‐old mice were assigned to the young control group and subjected to sedentary conditions (young). The 24 20‐month‐old aged mice were randomly divided into the following groups ( n = 8 per group): sedentary (A‐Sed), MICT (A‐MICT) a","Results The crossover trial, including 10 sedentary adults (32 years old, IQR 31–32) demonstrated significant alterations in the abundance of 21 plasma proteins after HIIT compared with MICT. In the paired case–control study of 84 older adults (84 years old, IQR 69–81; 52% female), EEF1E1 was significantly increased in those with sarcopenia compared to those without (14.68 [95%CI, 2.02–27.34] pg/mL, p = 0.03) and was associated with skeletal muscle index ( R 2 = 0.51, p < 0.001) and hand grip strength ( R 2 = 0.54, p < 0.001). In the preclinical study, aged mice exhibited higher EEF1E1 mRNA and protein levels in skeletal muscle compared to young mice, accompanied by a lower muscle mass and strength, increased cellular senescence and protein degradation markers and reduced muscle differentiation efficiency (all p < 0.05). HIIT reduced EEF1E1 expression and mitigated age‐related muscle decline and atrophy in aged mice more effectively than MICT. Notably, EEF1E1 downregulation via siRNA significantly counteracted D‐galactose‐induced myoblast senescence as evidenced by reduced markers of muscle protein degradation and improved muscle differentiation efficiency (all p < 0.05). Conversely, treatments that increased EEF1E1 levels accelerated the senescence process ( p < 0.05). Further exploration indicated that the decrease in EEF1E1 was associated with increased SIRT1 level and enhanced autophagy.
3 Results 3.1 The HIIT‐Specific Responder EEF1E1 Was Associated With Sarcopenia in Older Adults Given that HIIT induces greater skeletal muscle mass in older patients with myocardial infarction than MICT [ 10 , 11 ], we evaluated specific physiological responses in sedentary adults (Figure S1 ) and identified distinct circulating blood factors that may influence these responses usin",,,
PMC11643836,39683377.0,10.3390/nu16233982,An Investigation of the Risk Factors Related to Frailty in Older Adults Receiving Home Care Services.,2024.0,,https://europepmc.org/article/MED/39683377,expanded_accessible_search,nutrition_only,An Investigation of the Risk Factors Related to Frailty in Older Adults Receiving Home Care Services,exclude,Randomized design not confirmed in mined full-text fields,no,yes,no,yes,yes,no,yes,no,no,no,no,frailty;gait_speed;grip_strength;adl;falls;quality_of_life;adherence;adverse_events,,"imed to explore the key factors that have a statistically significant impact on the frailty of this vulnerable population. (2) Methods: This study represents the first phase of an intervention trial involving individuals aged 65 and over who received primary healthcare services and resided in the municipality of Archanes-Asterousia in Crete, Greece. Frailty was assessed",,"3. Results 3.1. Demographic Profile of Participants A total of 730 older people aged 65–96 years (mean = 76.83, standard deviation (SD) = 6.68) were included in this study. Their age differed according to their frailty status, with older participants more frequently presenting frailty ( Figure 1 ). In all, 68.5% of the sample were female, and 97.9% were of Greek origin. Among the participants, 40.8% lived alone, while 59.2% reported cohabitating with another person; 7.9% had had a fall in the last month; while 9.7% were confined to their home, 28.9% were semi-confined, and 61.4% were not confined. Their demographic characteristics are presented in detail elsewhere [ 24 ]. The frailty status analysis revealed 14.8% (108) to be frail, 34.1% (249) to be pre-frail, and 51.1% (373) to be non-frail. The frail patients were older, had a worse financial status, were more often widowed/divorced or unmarried, lived alone, had had falls in the last month, and were homebound ( Table 1 ). 3.2. Factors Linked to Frailty in Older Adults Analyses were performed to explore the relationship between frailty and factors such as nutritional status, oral health, mental health, comorbidities, functional independence, and quality of life. Statistically significant differences were found in all variables under examination ( p < 0.001); more specifically, differences were found in all stages of vulnerability, i.e., between all categories. More specifically, in the Charlson Comorbidity Index (CCI), higher scores were observed among the vulnerable (M ± SD = 6.54 ± 1.42) compared to both the pre-vulnerable (M ± SD = 5.18 ± 1.51) and the non-vulnerable (M ± SD = 4.37 ± 1.60). The differences between the pre-vulnerable and non-vulnerable were also statistically significant. Inverse conclusions emerge",,,
PMC11657734,39696545.0,10.1186/s40001-024-02185-9,Prevalence and associated body composition factors of sarcopenia in community-dwelling older adults.,2024.0,,https://europepmc.org/article/MED/39696545,expanded_accessible_search,exercise_plus_nutrition,Prevalence and associated body composition factors of sarcopenia in community-dwelling older adults,exclude,Protocol/review signal in full-text-mined fields,no,no,yes,yes,yes,no,no,yes,no,yes,yes,gait_speed;sppb;grip_strength;falls;quality_of_life,,"ang Boshi 1 Nong Chenyu 1 Zhang Jiayu 1 Deng Lihua 2 Li Wei 2 Zhang Xue 1 Liu Peng liupeng20230604@163.com 1 1 https://ror.org/035adwg89 grid.411634.5 0000 0004 0632 4559 Clinical Nutrition Department, Peking University People’s Hospital, Beijing, China 2 https://ror.org/035adwg89 grid.411634.5 0000 0004 0632 4559 Geriatric Medicine Unit, Peking University People’s H",,"Results The study found that the overall prevalence of sarcopenia was 8.3%. Sex ( p < 0.001) and body mass index (BMI p < 0.001) were determined to have a significant association with the occurrence of sarcopenia. The adjusted analyses demonstrated that with each standard deviation increase in fat-free mass index (OR = 0.02 (0.01–0.05), of 95%), skeletal muscle mass (OR = 0.17 (0.12–0.25), of 95%), and other body composition indicators (including total body water 0.26 (0.2–0.35), intracellular water 0.1 (0.06–0.17), protein 0.01 (0–0.02), soft lean mass 0.35 (0.28–0.44), BMI 0.58 (0.51–0.67), body cell mass 0.21 (0.15–0.29), OR < 0.60, of 95%), the risk of sarcopenia decreased by more than 40%. Certain straightforwardly accessible anthropometric indices such as upper arm circumference (correlation coefficient 0.94 (0.9–0.97), 0.97 (0.95–1), 1.01 (0.99–1.03), respectively, of 95%), waist circumference (0.94(0.92–0.96), 1.01 (0.99–1.03), 1.02 (1–1.03), of 95%), hip circumference (0.93 (0.9–0.96), 0.99 (0.97–1.02), 1.02 (1–1.04), of 95%), waist-to-hip ratio (0.93 (0.87–1), 1.04 (1–1.08), 1 (0.97–1.03), of 95%), body fat percentage (1 (0.98–1.02), 1.02(1–1.04), 1.01 (0.99–1.02), of 95%), and phase angle (0.91 (0.89–0.93), 0.96 (0.94–0.98), 0.99 (0.98–1), of 95%) exhibited substantial correlation with skeletal muscle index, muscle strength or physical performance. However, no noteworthy link between sarcopenia and most variables associated with physical function was discovered.
Results Our investigation revealed that sarcopenia is significantly associated with age, gender, and BMI. Moreover, we discovered that the phase angle acts as a protective factor for both physical function and muscle strength. In addition, we found that upper arm circumference is a risk-reducing facto",,,
PMC11677392,39771028.0,10.3390/nu16244407,"Obesity and Metabolic Disease Impair the Anabolic Response to Protein Supplementation and Resistance Exercise: A Retrospective Analysis of a Randomized Clinical Trial with Implications for Aging, Sarcopenic Obesity, and Weight Management.",2024.0,,https://europepmc.org/article/MED/39771028,expanded_accessible_search,exercise_plus_nutrition,"Obesity and Metabolic Disease Impair the Anabolic Response to Protein Supplementation and Resistance Exercise: A Retrospective Analysis of a Randomized Clinical Trial with Implications for Aging, Sarcopenic Obesity, and Weight Management",secondary_sarcopenia_verify,Sarcopenia/vulnerability RCT; frailty-primary status requires verification,yes,no,yes,yes,yes,yes,no,no,no,no,yes,frailty;gait_speed;sppb;grip_strength;falls;quality_of_life;adherence;adverse_events,"u16244407 nutrients-16-04407 1 Article Obesity and Metabolic Disease Impair the Anabolic Response to Protein Supplementation and Resistance Exercise: A Retrospective Analysis of a Randomized Clinical Trial with Implications for Aging, Sarcopenic Obesity, and Weight Management https://orcid.org/0000-0001-5656-5578 Nilsson Mats I. Methodology Validation Formal analysis","Institute (MDPI) PMC11677392 PMC11677392.1 11677392 11677392 39771028 10.3390/nu16244407 nutrients-16-04407 1 Article Obesity and Metabolic Disease Impair the Anabolic Response to Protein Supplementation and Resistance Exercise: A Retrospective Analysis of a Randomized Clinical Trial with Implications for Aging, Sarcopenic Obesity, and Weight Management https://orc","2 ]), we aimed to identify predictors of the adaptive response to home-based resistance exercise (HBRE; 3 days/week), daily physical activity (PA; walking), and protein-based MIS (Placebo; collagen peptides + safflower oil or Muscle 5; whey/casein + creatine + vitamin D 3 + calcium + fish oil) in a cohort of free-living, older males, including a subgroup of obese,","3. Results 3.1. Retrospective Analysis 1: Predictors of the Adaptive Response to HBRE + PA + MIS Polytherapy In prediction model 1, known causes of anabolic resistance (chronological age, obesity, physical inactivity, and kidney dysfunction) and other putative predictors of the adaptive response (daily protein intake and treatment compliance) were included in the full model ( Table 1 and Table S1 ). Independent variables were then gradually eliminated by backward stepwise regression and collinearity testing ( Table S3 ). Overall, baseline obesity provided the best fit, with pre-intervention BMI being a moderate-to-strong negative predictor of the Δ% improvements in ASM (r = −0.36, p = 0.043), ASMI (r = −0.38, p = 0.030), TLM/BW (r = −0.67, p < 0.001), and TLM/BMI (r = −0.56, p = 0.001) ( Figure 3 ). While baseline protein intake was a moderate-to-strong positive predictor of gains in TLM/BW (r = 0.57, p = 0.001) and TLM/BMI (r = 0.39, p = 0.025), it did not improve the overall fit of the model. In the next model, diagnostic criteria for metabolic syndrome (MetS; obesity, dyslipidemia, dysglycemia, and hypertension), other metabolic risk factors (systemic inflammation), and a ‘global risk index’ for MetS (i.e., total risk factors) were included in the full model ( Table 2 and Table S2 ). Redundant variables were removed by collinearity testing ( Table S4 ), and the best fit was determined by backward stepwise regression. The Global MetS Risk Index provided the best overall fit being a moderate-to-strong negative predictor of the Δ% gains in lean mass (TLM, r = −0.45, p = 0.010; ASM, r = −0.40, p = 0.023), allometric lean mass (ASMI, r = −0.45, p = 0.011; TLM/BW, r = −0.53, p = 0.002; TLM/BMI, r = −0.37, p = 0.037) and lean mass/body fat indices (TLM/%BF, r = −0.40, p = 0",,,
PMC11703011,39742890.0,10.1080/07853890.2024.2446699,Effects of multidomain lifestyle intervention on frailty among older men and women - a secondary analysis of a randomized clinical trial.,2025.0,,https://europepmc.org/article/MED/39742890,expanded_accessible_search,multidomain,Effects of multidomain lifestyle intervention on frailty among older men and women – a secondary analysis of a randomized clinical trial,defer_second_reviewer,Eligibility plausible but frailty/setting classification needs second review,yes,yes,no,yes,yes,yes,yes,no,no,no,no,frailty;gait_speed;grip_strength;falls;quality_of_life;adverse_events,2024.2446699 2446699 1 Version of Record Research Article Geriatrics Effects of multidomain lifestyle intervention on frailty among older men and women – a secondary analysis of a randomized clinical trial L. Saarela et al. Saarela Laura a b Lehtisalo Jenni c d Ngandu Tiia c e https://orcid.org/0000-0003-4610-1184 Kyrönlahti Saila c f Havulinna Satu a Strandberg Timo,Francis PMC11703011 PMC11703011.1 11703011 11703011 39742890 10.1080/07853890.2024.2446699 2446699 1 Version of Record Research Article Geriatrics Effects of multidomain lifestyle intervention on frailty among older men and women – a secondary analysis of a randomized clinical trial L. Saarela et al. Saarela Laura a b Lehtisalo Jenni c d Ngandu Tiia c e https://orcid.or,"n with the intervention. Pre-frail or frail men in the intervention group had higher probability of being non-frail after the intervention (44%) than pre-frail or frail men in the control group (30%) ( p = 0.040). Among men, the intervention was especially beneficial in terms of increasing physical activity. Among women, multidomain lifestyle intervention did not affect","Results We observed a favorable trend in reversing frailty among older men with the intervention. Pre-frail or frail men in the intervention group had higher probability of being non-frail after the intervention (44%) than pre-frail or frail men in the control group (30%) ( p = 0.040). Among men, the intervention was especially beneficial in terms of increasing physical activity. Among women, multidomain lifestyle intervention did not affect the frailty status.
Results At baseline, the mean age of the participants was 68.9 (SD 4.7) and 47% were women. Out of 1259 participants, 1176 (93%) had baseline frailty definition available ( Figure 1 ). Of them 358 persons (28%) were pre-frail or frail (including 349 pre-frail and 9 frail persons). Those with pre-frailty or frailty had higher BMI and more chronic diseases than the non-frail group at baseline ( Table 2 ). Those with missing information on frailty at baseline ( n = 83, 7%) were more often women (59% of those with missing data, p = 0.019) but otherwise they were not different from those with available frailty status. Table 2. Baseline characteristics of the FINGER study population by baseline frailty status. a Characteristic Information available ( n ) Non-frail ( n = 818) Prefrail or frail ( n = 358) p -Value c Women ( n , %) 1176 367 (44.9%) 171 (47.8%) 0.358 Age (years) 1176 68.6 (4.6) 69.1 (4.8) 0.104 Education (years) 1175 10.0 (3.5) 9.9 (3.4) 0.680 Body mass index, (kg/m 2 ) 1173 27.7 (4.3) 29.5 (5.3) <0.001 Sum of chronic diseases b 1139 <0.001 None, ( n , %) 167 (21.0%) 34 (9.9%) . One ( n , %) 251 (31.6%) 76 (22.9%) Two ( n , %) 192 (24.2%) 111 (32.3%) Three or more ( n , %) 185 (23.3%) 123 (35.8%) Intervention group ( n , %) 1176 404 (49.4%) 186 (52.0%) 0.418 a Data are given as number (percentage) or mean ",,,
PMC11734348,39815171.0,10.1186/s12877-024-05539-4,Continuous high-soy protein soymilk intake affects ordinary walking speed in the Japanese pre-frail and frail elderly: a randomized controlled trial.,2025.0,,https://europepmc.org/article/MED/39815171,expanded_accessible_search,exercise_plus_nutrition,Continuous high-soy protein soymilk intake affects ordinary walking speed in the Japanese pre-frail and frail elderly: a randomized controlled trial,defer_second_reviewer,Eligibility plausible but frailty/setting classification needs second review,yes,yes,no,yes,yes,yes,yes,no,no,no,no,frailty;gait_speed;grip_strength;adverse_events,734348 39815171 10.1186/s12877-024-05539-4 5539 1 Research Continuous high-soy protein soymilk intake affects ordinary walking speed in the Japanese pre-frail and frail elderly: a randomized controlled trial Sato Nene 1 Terashima Yuji 1 Sugawara Makoto makoto.sugawara@marusanai.co.jp 1 Unno Ryoichi 1 Asao Hiroaki 1 Iwasaki Mitsuhiro 1 Watanabe Tomoyuki 2 Uno Tomoko 2,BMC Geriatr BMC Geriatr 33 bmcgeri BMC Geriatrics 1471-2318 BMC PMC11734348 PMC11734348.1 11734348 11734348 39815171 10.1186/s12877-024-05539-4 5539 1 Research Continuous high-soy protein soymilk intake affects ordinary walking speed in the Japanese pre-frail and frail elderly: a randomized controlled trial Sato Nene 1 Terashima Yuji 1 Sugawara Makoto makoto.sugawa,"as conducted among the Japanese pre-frail and frail elderly. Methods Japanese pre-frail and frail elderly participants ( n = 73) were randomly assigned to the high-soy protein and control groups, who then ingested soymilk containing 14.5 g/200 ml and 3.2 g/200 ml of soy protein, respectively. Before and after the 12-week intervention, walking speed, skeletal muscle mass,","Results For the final analysis of the entire cohort ( n = 70), there were no significant differences in the endpoints between the two groups. In the subgroup analysis, among participants with a walking speed of at least 1 m/s ( n = 35, P = 0.012) and at least 5,000 steps/day before intervention ( n = 27, P = 0.0083), the variation in walking speed after the 12-week intervention was significantly higher in the high-soy protein group than in the control group. Estimated protein intake was also significantly higher in the high-soy protein group than in the control group after the intervention. Regarding physical activity and dietary intake, no significant differences were observed between the groups before or after the intervention.
Results Figure 1 shows that 70 of the 73 subjects were included in the final analysis, excluding 3 subjects who dropped out for personal reasons. Fig. 1 Flow chart of subject participation in the study The average age of the subjects in the final analysis was 72.0 ± 4.9 years in the high-soy protein group and 71.6 ± 5.1 years in the control group. There were no significant differences in background data between the two groups, as shown in Table 1 . Table 1 Baseline characteristics of elderly participants Notably, the change in walking speed after 12 weeks of intervention in the high-soy protein group was increased, but no significant difference was observed between the two groups. In the subgroup with a pre-intervention walking speed of 1.0 m/s or greater ( n = 35), a significant increase in walking speed was observed in the high-soy protein group ( n = 17) compared with the control group ( n = 18) ( P = 0.012), as shown in Table 2 ; Fig. 2 . Fig. 2 Changes in walking speed and step counts during the 12-week intervention. ( A ) Analysis of all ",,,
PMC11743497,39834460.0,10.3389/fnut.2024.1498674,"Shatavari supplementation during eight weeks of resistance training increases training load, enhances skeletal muscle contractility and alters the skeletal muscle proteome in older women.",2024.0,,https://europepmc.org/article/MED/39834460,expanded_accessible_search,exercise_plus_nutrition,"Shatavari supplementation during eight weeks of resistance training increases training load, enhances skeletal muscle contractility and alters the skeletal muscle proteome in older women",defer_second_reviewer,Eligibility plausible but frailty/setting classification needs second review,yes,no,no,yes,yes,yes,no,no,no,no,no,grip_strength;adherence;adverse_events,"rsely impacts skeletal muscle function. However, mechanistic insights are limited and the effects of shatavari on muscle function require further characterization. Methods In this randomized, double-blind trial, 17 young (23 ± 5 yr) and 22 older (63 ± 5 yr) women completed an 8-week leg resistance training programme. They consumed either a placebo or shatavari (1000 m",pmc Front Nutr Front Nutr 2731 fnut Front. Nutr. Frontiers in Nutrition 2296-861X Frontiers Media SA PMC11743497 PMC11743497.1 11743497 11743497 39834460 10.3389/fnut.2024.1498674 1 Nutrition Original Research Shatavari supplementation during eight we,". Methods In this randomized, double-blind trial, 17 young (23 ± 5 yr) and 22 older (63 ± 5 yr) women completed an 8-week leg resistance training programme. They consumed either a placebo or shatavari (1000 mg/d, equivalent to 26,500 mg/d fresh weight) supplement throughout. Pre and post training, measures of leg strength, neuromuscular function and vastus laterali","Results Shatavari supplementation increased 8-week training load in older women (leg press repetitions completed, p = 0.049, η p 2 = 0.198; maximum weight lifted each week, p = 0.03, η p 2 = 0.386; ANCOVA). There was no effect of shatavari on muscle strength post-training. VL half relaxation time was shortened post-training in older women supplemented with shatavari (post-training change: shatavari −11.74 ± 11.93%, placebo 0.42 ± 14.73%, p = 0.021; ANCOVA). Shatavari supplementation diminished the expression of extracellular matrix proteins in both cohorts. Expression of proteins related to striated muscle contraction, transcription and translation were decreased by shatavari supplementation in older women.
3 Results 3.1 Adherence, compliance, and adverse events Older women were fully compliant with their supplementation regime throughout the 8-week training period. Compliance in younger women was 97 ± 3%. Participants reported no serious adverse events during the study. One participant missed four out of 16 training sessions over the 8-week period. The mean training compliance was 93 ± 7% in younger women and 96 ± 6% in older women. 3.2 Training load, muscle strength and fiber size In the older population, there was a significant main effect of supplementation on the number of LP repetitions completed per week across the training period ( F (1,18) = 4.438, p = 0.049, η p 2 = 0.198, intercept ≤ 0.001, covariate ≤ 0.001; Figure 2A ); there was no significant effect of shatavari supplementation on the number of KE repetitions completed ( F (1,19) = 1.259, p = 0.286, η p 2 = 0.62, intercept ≤ 0.001, covariate ≤ 0.001; Figure 2B ). FIGURE 2 Mean repetitions completed each week for leg press [LP; (A,C) ] and knee extension [KE; (B , D) ], in older (A,B) and younger (C , D) p",,,
PMC11775826,39549282.0,10.1093/gerona/glae279,Associations Between Deficit Accumulation Frailty and Baseline Markers of Lifestyle in the U.S. POINTER Trial.,2025.0,,https://europepmc.org/article/MED/39549282,expanded_accessible_search,multidomain,Associations Between Deficit Accumulation Frailty and Baseline Markers of Lifestyle in the U.S. POINTER Trial,defer_second_reviewer,Comparator not clearly confirmed from mined fields,yes,yes,no,yes,yes,no,yes,no,no,no,no,frailty,"ocioeconomic status, with scores potentially ranging from 0 to 100 ( 19 , 20 ). Markers of Behavioral Domains Targeted by U.S. POINTER Interventions U.S. POINTER participants were randomly assigned with equal probability to 1 of 2 multidomain lifestyle interventions that featured either a self-guided or a structured approach to behavioral change ( 17 ). Both interventions we","d Geriatric Medicine, Department of Internal Medicine, Wake Forest University School of Medicine , Winston-Salem, North Carolina , USA Tangney Christy C PhD Department of Clinical Nutrition, Rush University Medical Center , Chicago, Illinois , USA Crivelli Lucia PhD Department of Cognitive Neurology , Fleni, Buenos Aires , Argentina Snyder Heather M PhD Department of",,"Results The 25th, 50th, and 75th percentiles of the frailty index score distribution were 0.153, 0.189, and 0.235. Higher frailty scores tended to occur among individuals who were older, male, and living in areas of greater deprivation (all p < .001). They were also associated with poorer self-reported diet, less physical activity, and higher Framingham risk scores (all p < .001). Associations were diffusely distributed among the frailty component domains, indicating that no individual domain was dominating associations.
Results Figure 1 portrays the distribution of FI scores, which, as expected, is right-skewed with relatively fewer high scores. The 25th, 50th, and 75th percentiles were 0.153, 0.189, and 0.232, respectively. Figure 1. Distribution of deficit accumulation frailty scores (49 components) at baseline for the 2111 U.S.POINTER participants. Table 1 describes how mean FI scores varied across sociodemographic groups. FI scores tended to be greater among men, older participants, and those residing in areas with the greatest levels of deprivation. As also seen in Table 1 , there was variability in FI scores among the cohorts recruited in the 5 geographical areas, with relatively higher scores among those recruited by the North Carolina and Houston sites. Supplementary Figure 1 provides more granularity in the association that FI scores had with chronological age. The overall correlation between FI scores and age was r = 0.26 ( p < .001). Table 1. Characteristics of the U.S. POINTER Cohort at Baseline and Mean Deficit Accumulation Frailty Index Scores Among Subgroups Characteristic Mean ( SD ) Frailty Score p -Value a Sex Female ( N = 1 453) 0.154 (0.062) <.001 Male ( N = 658) 0.173 (0.059) Age, years 60–64 ( N = 622) 0.177 (0.057) 65–69 ( N = 586) 0.189 (0.059) ",,,
PMC11784424,39890154.0,10.1136/bmjopen-2024-086642,Understanding how older people with mild frailty engage with behaviour change to support their independence: a qualitative study.,2025.0,,https://europepmc.org/article/MED/39890154,expanded_accessible_search,digital_home_unclear_intervention,Understanding how older people with mild frailty engage with behaviour change to support their independence: a qualitative study,defer_second_reviewer,Comparator not clearly confirmed from mined fields,yes,yes,no,yes,yes,no,yes,no,yes,yes,yes,frailty;adl;falls;adverse_events,"r people with mild frailty, workers delivering the service and stakeholders. Methods Semistructured interviews were conducted between July 2022 and May 2023 with participants in a randomised controlled trial (‘HomeHealth’) of a 6-month, home-based, personalised goal setting intervention, based around the Capability-Opportunity-Motivation-Behaviour model. We purposivel","e and stakeholders. Methods Semistructured interviews were conducted between July 2022 and May 2023 with participants in a randomised controlled trial (‘HomeHealth’) of a 6-month, home-based, personalised goal setting intervention, based around the Capability-Opportunity-Motivation-Behaviour model. We purposively sampled older participants receiving the service (n=49)",,"Results Key themes included frailty symptoms and adapting/compensating for these, self-efficacy and beliefs about capacity or need for change, familiarity with goal-setting processes and health-related knowledge, accessibility of services and outdoor environments, and enabling social support. Participants were empowered to change behaviours with support, where personalised meaningful goals were set. These were maintained where they led to a tangible outcome and had increased self-efficacy; however, new health challenges and lack of intrinsic motivation could be barriers.
Results Participant characteristics Of 84 participants approached for an interview, 14 declined to participate (with reasons including not wanting to take part in interviews, not having anything to add or not being the right time), and 16 did not respond. Fifty-four expressed an interest, of whom six were not interviewed for different reasons (eg, died, illness/hospitalisation, contact was lost, public transport strikes). One additional participant contacted the research team without an invitation, expressing interest in taking part in an interview, and was also interviewed. Thus, 49 interviews were conducted with HomeHealth participants. Interviews with HomeHealth participants (n=49) were mostly conducted face-to-face (n=43) at participants’ home, with four conducted over the phone and two via video-conferencing. Most trial participant interviews were conducted on a one-to-one basis (n=46), with three dyadic interviews with participants who chose to have their carer present. In total, 29 interviews were completed after the 12-month follow-up window period (−2 to +4 weeks of the date 12 months from randomisation), six interviews during the 12-month follow-up window period and 14 interviews before the 12",,,
PMC11786508,39871464.0,10.12659/MSM.947105,Effects of Remote Exercise on Physical Function in Pre-Frail Older Adults: A Randomized Controlled Trial.,2025.0,Medical science monitor : international medical journal of experimental and clinical research,https://pubmed.ncbi.nlm.nih.gov/39871464/,original_high_confidence,exercise_only,Effects of Remote Exercise on Physical Function in Pre-Frail Older Adults: A Randomized Controlled Trial,defer_second_reviewer,Eligibility plausible but frailty/setting classification needs second review,yes,yes,no,yes,yes,yes,yes,no,no,no,no,frailty;gait_speed;grip_strength;adl;falls;quality_of_life;adherence;adverse_events,"c. PMC11786508 PMC11786508.1 11786508 11786508 39871464 10.12659/MSM.947105 947105 1 Clinical Research Effects of Remote Exercise on Physical Function in Pre-Frail Older Adults: A Randomized Controlled Trial Lee Kyeongjin A B C D E F G Department of Physical Therapy, Kyungdong University, Gangwon, South Korea Corresponding Author: Kyeongjin Lee, e-mail: kjlee@kduniv.a","234-1010 1643-3750 International Scientific Information, Inc. PMC11786508 PMC11786508.1 11786508 11786508 39871464 10.12659/MSM.947105 947105 1 Clinical Research Effects of Remote Exercise on Physical Function in Pre-Frail Older Adults: A Randomized Controlled Trial Lee Kyeongjin A B C D E F G Department of Physical Therapy, Kyungdong University, Gangwon, South Kore","l older adults aged 65 years and above were recruited, and randomly assigned to 3 groups: the remote exercise group (REG, n=30), the in-person exercise group (IPEG, n=30), and the control group (CG, n=30). The REG and IPEG groups underwent identical exercise, including balance, strength, and gait training, conducted twice weekly for 8 weeks. The REG received live, real-t","Results Both the REG and IPEG groups demonstrated significant improvements in balance, gait ability, lower-limb strength, and fall efficacy compared to the CG ( P <0.05). No significant differences were found between the REG and IPEG groups across all outcome measures, indicating that remote exercise were as effective as in-person sessions.
Results Table 1 summarizes the baseline characteristics of the study participants. The groups were homogeneous with no significant differences in demographic and baseline characteristics across the 3 groups. Table 2 presents the changes in balance ability, lower-limb strength, gait ability, and fall efficacy before and after the intervention. For balance ability, significant improvements were observed across all 3 groups for the TUG following the intervention ( P <0.05). However, no significant differences in pre-post changes were detected between the REG and IPEG groups. Both groups demonstrated significant improvements compared to the CG ( P <0.05). Significant improvements were noted in both REG and IPEG ( P <0.05) for the BBS and ABC tests, while the CG exhibited no significant changes. Analysis of pre-post changes indicated no significant differences between REG and IPEG, yet significant differences were observed when compared to the CG ( p <0.05). For lower-limb strength, significant improvements were observed in both the FTSTS and 30SCS tests for REG and IPEG following the intervention ( P <0.05). In contrast, no significant changes were noted in the CG. Regarding pre-post changes, FTSTS revealed significant differences across all 3 groups ( P <0.05), indicating improvements in lower-limb strength for each group, with varying degrees of change. In contrast, for 30SCS, there were no significant differences between REG and IPEG,",,,
PMC11795675,39907488.0,10.1093/ageing/afaf017,Effects of osteoporosis treatment and multicomponent integrated care on intrinsic capacity and happiness among rural community-dwelling older adults: the Healthy Longevity and Ageing in Place (HOPE) randomised controlled trial.,2025.0,,https://europepmc.org/article/MED/39907488,expanded_accessible_search,nutrition_only,Effects of osteoporosis treatment and multicomponent integrated care on intrinsic capacity and happiness among rural community-dwelling older adults: the Healthy Longevity and Ageing in Place (HOPE) randomised controlled trial,secondary_sarcopenia_verify,Sarcopenia/vulnerability RCT; frailty-primary status requires verification,yes,no,yes,yes,yes,yes,yes,no,yes,yes,yes,frailty;sppb;grip_strength;falls;quality_of_life;adverse_events,"osis treatment and multicomponent integrated care on intrinsic capacity and happiness among rural community-dwelling older adults: the Healthy Longevity and Ageing in Place (HOPE) randomised controlled trial Chang Ya-Hui Emergency Department, Shuang Ho Hospital, Taipei Medical University, New Taipei City, Taiwan Graduate Institute of Injury Prevention and Control, Col",iversity Press PMC11795675 PMC11795675.1 11795675 11795675 39907488 10.1093/ageing/afaf017 afaf017 1 Clinical Trial AcademicSubjects/MED00280 Effects of osteoporosis treatment and multicomponent integrated care on intrinsic capacity and happiness among rural community-dwelling older adults: the Healthy Longevity and Ageing in Place (HOPE) randomised controlled trial Chang,"0 were enrolled from September 2021 to April 2022 and randomly assigned by community level to one of three groups: multicomponent integrated care (MIC), osteoporosis care (OC) and usual care (UC). MIC included osteoporosis, sarcopenia and polypharmacy care, along with exercise and nutritional support. OC was a resource-conservative, focusing on osteoporosis screening","Results 567 residents were recruited from 30 congregate meal service centres. Mean IC score increased across all the groups, though the happiness score decreased. Compared to UC, the MIC group exhibited a significantly greater improvement in IC scores (adjusted estimate = 0.30, standard error (SE) = 0.11, P = .01), whereas OC did not show significant effects. Smaller reductions in happiness scores were observed in both the MIC (adjusted estimate = 1.46, SE = 0.48, P = .003) and OC groups (adjusted estimate = 0.95, SE = 0.48, P = .05).
Results A total of 567 eligible older adults were recruited during the enrolment phase between September 2021 and April 2022 ( Appendix Figure 3 ). Overall, 178 participants were randomised into the MIC group, 201 into the OC group, and 188 into the UC group ( Table 1 ). Of these, 528 (93%) completed the 12-month assessment, while 7% were lost to follow-up 12 months after the initial intervention. Table 1 Baseline characteristics ( n = 567). UC ( n = 188) MIC ( n = 178) OC ( n = 201) P -value n % n % n % Sex Male 35 18.62 44 23.40 28 14.89 .0275 Female 153 81.38 134 71.28 173 92.02 Age (years) 50–69 41 21.81 56 31.46 62 30.85 .2211 70–79 90 47.87 74 41·57 81 40.30 80+ 57 30.32 48 26·97 58 28.86 Mean/SD 75.61 8.53 74.07 8.91 74.45 8.39 .2620 Body mass index Mean/SD 24·33 3.83 24.70 3.29 25.05 3.87 .1560 Educational status Non-literate 64 34.04 42 23.60 51 25.37 .0545 Primary school 124 65.96 136 76.40 150 74.63 Income <USD 330 No 52 27.66 66 37.08 66 32.84 .1556 Yes 136 72.34 112 62.92 135 67.16 Living alone No 146 77.66 144 80.90 161 80.10 .7228 Yes 42 22.34 34 19.10 40 19.90 Comorbidity Hypertension 92 48.94 97 54.49 101 50.25 .5404 Diabetes 38 20.21 46 25.84 47 23.38 .4394 Hyperlipidaemia 18 9.57 19 10.67 34 16.92 .0708 Hepatitis B 11 5.",,,
PMC11802700,39913030.0,10.1007/s40520-025-02935-7,Effects of 12-month physical and cognitive training on sarcopenia determinants in older adults: a subgroup analysis of a randomised clinical trial.,2025.0,,https://europepmc.org/article/MED/39913030,expanded_accessible_search,exercise_only,Effects of 12-month physical and cognitive training on sarcopenia determinants in older adults: a subgroup analysis of a randomised clinical trial,secondary_sarcopenia_verify,Sarcopenia/vulnerability RCT; frailty-primary status requires verification,yes,no,yes,yes,yes,yes,yes,no,yes,no,yes,frailty;gait_speed;grip_strength;falls;quality_of_life;adherence;adverse_events,802700 39913030 10.1007/s40520-025-02935-7 2935 1 Research Effects of 12-month physical and cognitive training on sarcopenia determinants in older adults: a subgroup analysis of a randomised clinical trial http://orcid.org/0000-0003-1260-5050 Hämäläinen Onni Oskari onni.o.hamalainen@jyu.fi 1 2 http://orcid.org/0000-0002-8367-4304 Savikangas Tiina Marketta 1 2 http://o,"ts ( N = 314, mean age 74.5 ± 3.8 years, 60% women) who did not meet physical activity guidelines were randomized to PTCT and PT groups. PT for both groups included supervised and home-based multicomponent physical training. Cognitive training (CT) included computer-based exercises for executive functioning. Sarcopenia was determined according to the European Working","ation about healthy ageing. In the SPRINTT -study grip strength and lean mass decreased during the 36-month period, but the decrease was less in the intervention group than in the control group [ 41 ]. In this study adherence to the 12-month training was relatively high and the attrition rate was low, which was also seen in the SPRINTT study [ 41 ]. Important finding was","Results Compared to PT, PTCT had no additive effect on strength, muscle mass, or walking speed in participants with or without sarcopenia. In pooled data (PT + PTCT) change in the grip strength was greater in sarcopenia ( n = 49) group compared to non-sarcopenia ( n = 264) group (interaction, p =.014). Both groups improved knee extension strength, and walking speed, but no statistically significant difference between the groups were observed. Muscle mass did not change in either group.
Results A total of 314 participants (60% women, mean age 74.5 ± 3.8 years) participated in the study and 286 participants (91%) participated in the post-intervention measurements. There were 28 and 21 participants with sarcopenia in the PTCT ( n = 155) and PT ( n = 159) groups, respectively. The sarcopenia and non-sarcopenia groups in the PTCT and PT groups improved in grip strength, knee extension strength, and walking speed, and there were no statistically significant differences between the PTCT and PT groups. No changes in ASMI were observed in any group (see supplementary file). In the pooled data, baseline characteristics and training adherence for both the sarcopenia and non-sarcopenia groups and differences between groups are shown in Table 1 . Participants in sarcopenia group ( n = 49) were slightly older and had higher fat percent. In all participants, adherence to supervised resistance and walking training was 72 ± 24% and 59 ± 31%, respectively. Participants performed home-based exercise on average 1.4 ± 0.9 times per week and the amount of walking was on average 195 ± 145 min per week. Training adherence was similar between the sarcopenia and non-sarcopenia groups. Baseline values for sarcopenia determinants for the sarcopenia and non-sarcopenia groups are shown in Table 2 . ",,,
PMC11820567,39940276.0,10.3390/nu17030418,Effects of a Hypocaloric Diet Plus Resistance Training with and Without Amino Acids in Older Participants with Dynapenic Obesity: A Randomized Clinical Trial.,2025.0,,https://europepmc.org/article/MED/39940276,expanded_accessible_search,exercise_plus_nutrition,Effects of a Hypocaloric Diet Plus Resistance Training with and Without Amino Acids in Older Participants with Dynapenic Obesity: A Randomized Clinical Trial,secondary_sarcopenia_verify,Sarcopenia/vulnerability RCT; frailty-primary status requires verification,yes,no,yes,yes,yes,yes,yes,no,yes,yes,no,frailty;gait_speed;sppb;grip_strength;falls;adherence;adverse_events,10.3390/nu17030418 nutrients-17-00418 1 Article Effects of a Hypocaloric Diet Plus Resistance Training with and Without Amino Acids in Older Participants with Dynapenic Obesity: A Randomized Clinical Trial https://orcid.org/0000-0001-9802-2301 Muollo Valentina Methodology Formal analysis Data curation Writing – original draft 1 † https://orcid.org/0000-0002-5472-1175,plinary Digital Publishing Institute (MDPI) PMC11820567 PMC11820567.1 11820567 11820567 39940276 10.3390/nu17030418 nutrients-17-00418 1 Article Effects of a Hypocaloric Diet Plus Resistance Training with and Without Amino Acids in Older Participants with Dynapenic Obesity: A Randomized Clinical Trial https://orcid.org/0000-0001-9802-2301 Muollo Valentina Methodology,"utcomes (particularly physical performance and muscle strength) that may not reach statistical significance, particularly in small studies [ 29 ]. 2.7. Supplements (Amino Acids or Placebo) Participants were randomly assigned to one of two double-blind groups: one group received an isocaloric product containing maltodextrins (placebo), while the other group received","3. Results 3.1. Characteristics of Participants and Training Compliance The anthropometric and clinical characteristics of participants in the two intervention groups, RT and RT+EAAs, are presented in Table 1 . No significant differences were observed in the two groups at baseline ( p > 0.05). In particular, sex and the prevalence of sarcopenia were similarly distributed between the two groups. No difference in the prevalence of diabetes and hypertension was also observed. Participants who completed the intervention showed a high adherence with an average attendance rate of 86% (RT: 85.9 ± 8.9%, 95%CI [81.6–90.3]; RT+EAAs: 85.5 ± 9.1%, 95%CI [81.3–89.7]), with no differences between the two groups ( p = 0.879, in tables). 3.2. Changes in Anthropometric, Body Composition, and Functional Tests No differences were found in anthropometric, body composition, and functional tests between the two groups at baseline ( Table 1 ). After the 5-month intervention, the ANCOVA showed no significant differences between interventions for the examined variables ( Table 2 ). In particular, compared to baseline, both groups reduced body weight, BMI, waist circumference, and arm and leg fat mass ( p < 0.05). Conversely, lean mass showed a slight non-significant decrease in the RT group and was preserved in the RT+EAA group; no changes were observed in ALM, whilst ALM/BMI improved in both groups. Only two participants transitioned from dynapenic to non-dynapenic obesity (one in each group). Sarcopenic obesity decreased from 31.3% to 25% in the RT group and from 55.6% to 50% in the RT+EAA group, resulting in an overall reduction of 5.5 percentage points. Regarding the functional tests, both groups improved in the chair stand, the SPPB total score, and the HGS, even after adjustment for body ",,,
PMC11820900,39940334.0,10.3390/nu17030478,The Dietary Inflammatory Index and Sarcopenia in Older Adults in Four Chinese Provinces: A Cross-Sectional Study.,2025.0,,https://europepmc.org/article/MED/39940334,expanded_accessible_search,exercise_plus_nutrition,The Dietary Inflammatory Index and Sarcopenia in Older Adults in Four Chinese Provinces: A Cross-Sectional Study,exclude,Randomized design not confirmed in mined full-text fields,no,no,yes,yes,yes,no,yes,no,yes,no,no,frailty;gait_speed;grip_strength;falls;quality_of_life;adverse_events,,"0000-0003-2332-7500 Song Pengkun Conceptualization Software Formal analysis Writing – review & editing 1 2 * Beberashvili Ilia Academic Editor 1 Department of Elderly and Clinical Nutrition, National Institute for Nutrition and Health, Chinese Center for Diseases Control and Prevention, 27 Nanwei Road, Xicheng District, Beijing 100050, China; prc052100@163.com (R.P.)",,"3. Results 3.1. Characteristics of the Subjects This study included a total of 993 subjects, 57% of whom were female, with a mean age of 71.2 ± 5.1 years. The prevalence of sarcopenia diagnosed according to AWGS 2019 criteria was 20.2%, and the characteristics of subjects grouped according to the sarcopenia status are shown in Table 1 . The mean Dietary Inflammatory Index score was 0.99 ± 0.1, with a higher score being observed in the sarcopenia group (1.37 ± 1.63) compared to the non-sarcopenia group (0.90 ± 1.75). Significant differences were found between subjects with and without sarcopenia in terms of age group, BMI, central obesity status and physical activity. The prevalence of sarcopenia was higher in older age groups and lower among those with sufficient weekly hours of moderate to high-intensity physical activity ( p < 0.05). There were significant differences in gender, age group, alcohol consumption, BMI group and physical activity among subjects in different Dietary Inflammatory Index score groups ( p < 0.05). The results are presented in Table S1 of the Supplementary Materials . 3.2. Food Consumption of Four DII Groups The food consumption of the participants grouped by DII score is shown in Table 2 . Participants were categorized into four groups based on DII score quartiles: Q1 (−3.51 to −0.20), Q2 (−0.19 to 1.25), Q3 (1.25 to 2.32) and Q4 (2.32 to 4.63). The study’s findings indicated that significant differences in the consumption of food groups, except for livestock meats, were observed among all DII groups ( p < 0.05). In the highest quartile of DII scores, the consumption of all food groups except animal oils was significantly lower than in the lowest quartile. In contrast, consumption of animal oils was significantly higher in the highest DII quart",,,
PMC11839239,39971333.0,10.1002/jcsm.13729,Plant and Animal Protein Intake and Transitions From Multimorbidity to Frailty and Mortality in Older Adults.,2025.0,,https://europepmc.org/article/MED/39971333,expanded_accessible_search,exercise_plus_nutrition,Plant and Animal Protein Intake and Transitions From Multimorbidity to Frailty and Mortality in Older Adults,exclude,Randomized design not confirmed in mined full-text fields,no,yes,no,yes,yes,no,yes,no,no,yes,yes,frailty;gait_speed;grip_strength;quality_of_life;adherence;adverse_events,,le 2190-5991 2190-6009 Wiley PMC11839239 PMC11839239.1 11839239 11839239 39971333 10.1002/jcsm.13729 JCSM13729 JCSM-D-24-00265 1 Original Article Original Article Plant and Animal Protein Intake and Transitions From Multimorbidity to Frailty and Mortality in Older Adults Vázquez‐Fernández Aitana https://orcid.org/0000-0003-4146-2888 1 Caballero Francisco F. 1 felix,,"Results Mean consumption of protein was 90.2 (standard deviation [SD]: 26.8) g/day, which represents 18.7% of the total energy intake and 1.23 (0.39) g per kg of body weight per day. Plant protein represented 6.16% of the energy intake, while animal protein represented 12.5%. During a median follow‐up of 12.9 (range: 11.7–13.9) years, we documented 196 incident cases of frailty and 490 deaths; of these mortality cases, 83 individuals died after a frailty diagnosis. Higher intake of total protein was associated with decreased risk of frailty (hazard ratio [HR] for tertile 3 vs. tertile 1: 0.66; 95% confidence interval [CI]: 0.45, 0.96; p trend: 0.03). In multistate models, higher fish protein intake decreased the risk in the progression from multimorbidity to frailty (HR per 1‐SD increment: 0.81 [95% CI: 0.68, 0.97]), and higher plant protein decreased the risk of progressing from multimorbidity to mortality (0.86 [0.75, 0.98]). In the progression from frailty to mortality, estimates for total, plant and animal protein showed increased risk (HR for 1 SD increment in total protein: 1.38 [1.05, 1.81]; HR for plant protein: 1.29 [1.01, 1.67]; HR for animal protein: 1.41 [1.04, 1.92]). No significant associations were found between meat protein and dairy protein in any transition.
3 Results Mean age of the participants with multimorbidity was 69.7 (SD 6.62) years. The average number of chronic conditions was 3.10 (1.28), with 40.9% participants having 2 diseases, 28.3% having 3 diseases and 30.8% having 4 diseases or more. Baseline characteristics of the study participants across tertiles of different sources of protein intake are shown in Table 1 . For total protein intake, individuals in the highest tertile were more often women, in comparison with those in the lowest tert",,,
PMC11855813,39997521.0,10.3390/geriatrics10010022,Effects of Twelve Weeks of Square Stepping Exercises on Physical and Cognitive Function and Plasma Content of SMP30: A Randomised Control Trial.,2025.0,,https://europepmc.org/article/MED/39997521,expanded_accessible_search,multicomponent_exercise,Effects of Twelve Weeks of Square Stepping Exercises on Physical and Cognitive Function and Plasma Content of SMP30: A Randomised Control Trial,include_secondary_disease_specific,Frailty RCT but disease-specific population,yes,yes,no,yes,yes,yes,yes,no,yes,no,no,frailty;gait_speed;adl;falls;quality_of_life;adherence;adverse_events,521 10.3390/geriatrics10010022 geriatrics-10-00022 1 Article Effects of Twelve Weeks of Square Stepping Exercises on Physical and Cognitive Function and Plasma Content of SMP30: A Randomised Control Trial https://orcid.org/0000-0001-7977-6837 Franco-García Juan Manuel 1 https://orcid.org/0000-0002-4054-9132 Pérez-Gómez Jorge 1 https://orcid.org/0000-0002-7239-960X Cas,ublishing Institute (MDPI) PMC11855813 PMC11855813.1 11855813 11855813 39997521 10.3390/geriatrics10010022 geriatrics-10-00022 1 Article Effects of Twelve Weeks of Square Stepping Exercises on Physical and Cognitive Function and Plasma Content of SMP30: A Randomised Control Trial https://orcid.org/0000-0001-7977-6837 Franco-García Juan Manuel 1 https://orcid.org/000,"30 levels for the prevention of falls in older adults. Methods: A randomised controlled trial was designed with 44 participants assigned to an experimental group (SSE group) and a control group. The SSE group performed SSE sessions twice a week for three months, with a follow-up in the fourth month. The assessments of physical function included tests such as the Four-Squ","3. Results In the present study, all participants assigned to the SSE group attended at least 85% of the scheduled sessions of the training protocol. This level of compliance ensures adequate exposure to the intervention programme, which is fundamental to the validity of the results obtained for the variables analysed. The results showed no significant differences between the two groups in any of the characteristics assessed at baseline (see Table 3 ), as well as in the EEG and SMP30 variables. The repeated-measures ANOVA outcomes showed group x time interactions in the FSST ( p = 0.001; F = 7.47), BW test ( p < 0.001; F = 13.61), BWD test ( p = 0.002; F = 6.98), 6 min walk test ( p = 0.003; F = 6.26), FES-I ( p = 0.004; F = 5.97), and FRI-21 ( p = 0.002; F = 6.71). However, no interactions were observed for the TUG, dual-task TUG, imagined TUG, 30S, 30SI, 30SD, EEG and SMP30 variables ( p > 0.05). 3.1. Dynamic Balance and Agility Figure 1 shows the pairwise within- and between-group comparisons between the different moments for the balance tests. Significant differences were observed between pre-test and post-test values for the FSST ( p < 0.001) in the SSE group, whereas no differences were found in the control group ( p > 0.05). Similar results were reported when comparing post-test with follow-up, where the SSE group showed significant differences in their FSST times ( p = 0.035), in contrast to the control group, which reported no significant changes ( p > 0.05). However, no differences were found between pre-test and follow-up in any group ( p > 0.05). Furthermore, no differences were observed in any group for the TUG, TUGD and TUGI tests ( p > 0.05). Between the groups, the SSE group showed significantly better performance in the FSST at the post-test measurement",,,
PMC11858716,40005003.0,10.3390/nu17040675,"Personalized Diet With or Without Physical Exercise Improves Nutritional Status, Muscle Strength, Physical Performance, and Quality of Life in Malnourished Older Adults: A Prospective Randomized Controlled Study.",2025.0,,https://europepmc.org/article/MED/40005003,expanded_accessible_search,exercise_plus_nutrition,"Personalized Diet With or Without Physical Exercise Improves Nutritional Status, Muscle Strength, Physical Performance, and Quality of Life in Malnourished Older Adults: A Prospective Randomized Controlled Study",include_secondary_setting,Frailty RCT but setting likely hospital/residential or mixed,yes,yes,yes,yes,yes,yes,yes,no,yes,yes,yes,frailty;gait_speed;grip_strength;falls;quality_of_life;adherence;adverse_events,"onalized Diet With or Without Physical Exercise Improves Nutritional Status, Muscle Strength, Physical Performance, and Quality of Life in Malnourished Older Adults: A Prospective Randomized Controlled Study https://orcid.org/0000-0003-4128-8533 Arıcı Huzeyfe Conceptualization Investigation Resources Data curation Writing – original draft 1 * Tor Yavuz Burak Writing –","Digital Publishing Institute (MDPI) PMC11858716 PMC11858716.1 11858716 11858716 40005003 10.3390/nu17040675 nutrients-17-00675 1 Article Personalized Diet With or Without Physical Exercise Improves Nutritional Status, Muscle Strength, Physical Performance, and Quality of Life in Malnourished Older Adults: A Prospective Randomized Controlled Study https://orcid.org/0","owing disorders, receiving enteral or parenteral nutritional support, and having acute medical problems. Patients eligible for the study ( n = 20) were randomized to the study and control groups according to their dates of admission. While not the most robust form of randomization, using admission dates helped to avoid selection bias by ensuring that all eligible patient","3. Results A total of 20 malnourished patients aged 65 and above were included in the study (mean age: 71.8 ± 5.4 years; 11 males). The characteristics of the patients are provided in Table 1 . The PD and PDE groups did not show any significant differences in terms of gender, age, chronic diseases, or nutritional status ( Table 1 ). The initial MNA-SF scores showed 60% MN and 40% MN risks in both groups ( Table 1 ). After 12 weeks of intervention, the mean BMI of the patients increased from 25.9 kg/m 2 to 27.6 kg/m 2 in the PD group, and 29.2 kg/m 2 to 30.1 kg/m 2 in the PDE group ( Table 2 ). According to the MNA-SF test results, 70% of the patients in both groups showed improvements in their nutritional statuses in the 4th week, which were 100% in the 12th week, and all of the patients from both groups showed MNA-SF scores ≥ 12 at the end of the study. The median MNA–SF scores of the patients in the PD and PDE groups were increased from 7.1 to 13, and 7.7 to 13.5, respectively ( Table 2 ). The HGS measurements of the patients were low in 90% of the patients in both groups. They were significantly increased at the end of the study (mean values: 20.9 kg to 27.5 kg in the PD group, and 20.3 kg to 27.3 kg in the PDE group). The mean ASMI was increased from 7.7 kg/m 2 to 8.4 kg/m 2 in the PD group, and 8.5 kg/m 2 to 8.6 kg/m 2 in the PDE group, but these differences did not reach statistical significance. According to the EWGSOP2 cut-offs, only two patients in the PD group had confirmed sarcopenia during admission, while their 12 th -week measurements showed improvement with a personalized diet ( Table 2 ). The mean TUG test results of the patients in the PD and PDE groups were 13.6 ± 2.9 and 15.0 ± 4.9 s, respectively. After 12 weeks of intervention, they were significant",,,
PMC11906324,40093878.0,10.3389/fnut.2025.1486482,Dietary protein requirements of older adults with sarcopenia determined by the indicator amino acid oxidation technology.,2025.0,,https://europepmc.org/article/MED/40093878,expanded_accessible_search,nutrition_only,Dietary protein requirements of older adults with sarcopenia determined by the indicator amino acid oxidation technology,include_secondary_disease_specific,Frailty RCT but disease-specific population,yes,yes,yes,yes,yes,yes,yes,no,yes,no,no,frailty;gait_speed;grip_strength;falls;quality_of_life;adverse_events,"itamin and mineral tablet (Centrum; Wyeth Consumer Health Care) supplement daily for the duration of all studies. On the study day, after a 12-h fast, participants were completely randomized to consume 1 of 7 dietary protein intakes [0.1, 0.3, 0.6, 0.9, 1.2, 1.5, and 1.8 g/(kg·d)], with a 1-week period between doses. All participants consumed 8 hourly isocaloric meals",pmc Front Nutr Front Nutr 2731 fnut Front. Nutr. Frontiers in Nutrition 2296-861X Frontiers Media SA PMC11906324 PMC11906324.1 11906324 11906324 40093878 10.3389/fnut.2025.1486482 1 Nutrition Original Research Dietary protein requirements of older adu,"Park Y Choi JE Hwang HS . Protein supplementation improves muscle mass and physical performance in undernourished prefrail and frail elderly subjects: a randomized, double-blind, placebo-controlled trial . Am J Clin Nutr. ( 2018 ) 108 : 1026 – 33 . 10.1093/ajcn/nqy214 30475969 39. Dent E Wright ORL Woo J Hoogendijk EO . Malnutrition in older adults . Lancet. ( 202","Results The mean estimated average requirement (EAR) and recommended nutrient intake (RNI) of protein for older adults with sarcopenia were 1.21 (95% CI: 0.95, 1.46) and 1.54 (95% CI: 1.13, 1.95) g/(kg·d), respectively.
3 Results 3.1 Subject characteristics Twelve participants with sarcopenia were recruited to participate. However, three participants withdrew from the study due to personal issues. We adopted the AWGS 2019 recommended diagnostic algorithm ( 3 ), of which five were diagnosed with sarcopenia and four with severe sarcopenia. ASM measurements were performed weekly to better monitor the subject's muscle mass. Subject characteristics are presented in Table 2 . Their ages ranged from 66 to 81 year, and BMIs (in kg/m 2 ) ranged from 18.5 to 25.3. Each subject was randomly assigned to receive a concentration of 0.1, 0.3, 0.6, 0.9, 1.2, 1.5, and 1.8 g protein/kg body weight. Six participated in 7 separate study days, and three participated in 5 study days; thus, nine older people were studied for a total of 57 isotope tracer IAAO studies. There were no significant differences in body weights, ASMI and FFM of subjects at different doses of dietary protein in Supplementary Table S1 . Table 2 Subject characteristics of older adults with sarcopenia. a Variable Subject sex Male ( n = 4) Female ( n = 5) Age, year 73.3 ± 5.9 75.4 ± 4.6 Weight, kg 55.1 ± 6.0 49.6 ± 4.9 Height, cm 164.4 ± 5.7 150.8 ± 7.4 BMI, kg/m 2 20.3 ± 1.2 21.9 ± 2.6 REE, kcal/d 1290 ± 79 1180 ± 79 FFM, kg 42.6 ± 4.5 32.0 ± 2.0 %Fat 23.6 ± 4.2 35.8 ± 7.4 Diagnosis of sarcopenia Handgrip strength, kg 27.5 ± 2.8 12.2 ± 2.2 6-m walk, m/s 1.2 ± 0.1 1.1 ± 0.1 5-time chair stand test, s 12.0 ± 5.1 14.2 ± 3.2 ASMI, kg/m 2 6.4 ± 0.4 5.2 ± 0.3 a Results are expressed as means ± SDs. ASMI, appendicular skeletal ",,,
PMC11929174,40121486.0,10.1186/s13102-025-01105-6,Psychophysiological effects of a supervised home-based resistance band exercise program in pre-frail older patients with type 2 diabetes mellitus: a randomized controlled trial.,2025.0,,https://europepmc.org/article/MED/40121486,expanded_accessible_search,multicomponent_exercise,Psychophysiological effects of a supervised home-based resistance band exercise program in pre-frail older patients with type 2 diabetes mellitus: a randomized controlled trial,include_secondary_setting,Frailty RCT but setting likely hospital/residential or mixed,yes,yes,no,yes,yes,yes,yes,no,yes,yes,yes,frailty;gait_speed;grip_strength;falls;quality_of_life;adherence;adverse_events,02-025-01105-6 1105 1 Research Psychophysiological effects of a supervised home-based resistance band exercise program in pre-frail older patients with type 2 diabetes mellitus: a randomized controlled trial Hu Lin 1 Feng Haixia 2 Han Jing 1 Han Qing 1 Zhang Yumin zhangym11889@njmu.edu.cn 3 1 https://ror.org/01k3hq685 grid.452290.8 0000 0004 1760 6316 Department of En,dicine and Rehabilitation 2052-1847 BMC PMC11929174 PMC11929174.1 11929174 11929174 40121486 10.1186/s13102-025-01105-6 1105 1 Research Psychophysiological effects of a supervised home-based resistance band exercise program in pre-frail older patients with type 2 diabetes mellitus: a randomized controlled trial Hu Lin 1 Feng Haixia 2 Han Jing 1 Han Qing 1 Zhang Yumin,"elastic band exercise in pre-frail older T2DM patients in China. Methods A total of 100 participants were included and randomly divided into intervention group (IG) ( n = 50) and control group (CG) ( n = 50). The CG received a routine care, while the IG received an extra home-based elastic band training under online and offline supervisions sustaining 12-weeks. The glyc","Results The average age of the participants were 66.01 ± 4.76 with 55% male and average BMI 24.75 ± 3.51 kg/m 2 . The clinical characteristics of the two groups were comparable. After 12 weeks’ training, muscle mass of the limbs ( P < 0.05), physical function indicators including grip strength, chair stands (both P < 0.05), walking time ( P < 0.01), HbA1c ( P < 0.05), frailty score ( P < 0.05), subjective sleep quality ( P < 0.05), total DSQL scores ( P < 0.01) and the depressive status ( P < 0.01) improved significantly in IG when compared with CG.
Results Clinical characteristics of the participants As shown in Table 1 , there were no significant differences in average age, sex, WHR, duration of DM, BMI, comorbidity, drinking and smoking history between IG and CG. Basal SBP and DBP levels were also similar. The indicators of liver and kidney function and metabolic indicators including FPG, PPG, FCP, PCP, TC, TG, HDL-C, LDL-C and HbA1c were comparable between two groups. Table 1 Baseline characteristics Characteristic IG ( n = 50) CG ( n = 50) P value Normal range Age (years) 65.50 ± 4.5 66.52 ± 5.0 0.287 - Sex (male, %) 28 (56%) 27 (54%) 0.841 - WHR (U) 0.95 ± 0.08 0.94 ± 0.07 0.794 - BMI (kg/m 2 ) 25.17 ± 3.30 24.3 ± 3.68 0.227 - DM duration (years) 9.04 ± 8.21 9.36 ± 7.62 0.840 - Comorbidity 0.216 - n = 1 (%) 31 (62%) 23 (46%) - n = 2 (%) 13 (26%) 21 (42%) - n ≥ 3 (%) 6 (12%) 6 (12%) - Smokers (%) 33(66%) 36(72%) 0.385 - Drinkers (%) 33(66%) 37(74%) 0.519 - SBP (mmHg) 130.9 ± 20.75 131.2 ± 19.27 0.940 - DBP (mmHg) 72.8 ± 10.77 72.7 ± 13.53 0.974 - ALT (U/L) 22.4 ± 15.04 19.7 ± 14.58 0.357 9–50 AST (U/L) 19.12 ± 6.40 18.32 ± 7.12 0.556 15–40 BUN (pmol/L) 6.78 ± 1.89 6.54 ± 1.95 0.549 3.6–9.5 Cr (umol/L) 68.88 ± 19.34 72.32 ± 24.07 0.433 57–111 FPG (mmol/L) 10.98 ± 5.",,,
PMC11931766,40128713.0,10.1186/s12877-025-05859-z,"Accuracy of tongue strength, endurance, and pressure using Iowa oral performance instrument and predictors of dysphagia in community-dwelling older adults: a cross-sectional study.",2025.0,,https://europepmc.org/article/MED/40128713,expanded_accessible_search,exercise_plus_nutrition,"Accuracy of tongue strength, endurance, and pressure using Iowa oral performance instrument and predictors of dysphagia in community-dwelling older adults: a cross-sectional study",exclude,Protocol/review signal in full-text-mined fields,yes,yes,no,yes,yes,no,yes,yes,yes,yes,yes,frailty;adl;quality_of_life,"10.1007/s00455-013-9451-3 37. Lin CJ Lee YS Hsu CF Liu SJ Li JY Ho YL Effects of tongue strengthening exercises on tongue muscle strength: a systematic review and meta-analysis of randomized controlled trials Sci Rep 2022 12 10438 10.1038/s41598-022-14335-2 35729179 PMC9213467 Lin CJ, Lee YS, Hsu CF, Liu SJ, Li JY, Ho YL, et al. Effects of tongue strengthening exercis","rtment of Nursing, Fu Jen Catholic University Hospital, Fu Jen Catholic University, New Taipei City, Taiwan 5 https://ror.org/05031qk94 grid.412896.0 0000 0000 9337 0481 School of Nutrition and Health Sciences, College of Nutrition, Taipei Medical University, Taipei, Taiwan 6 https://ror.org/007h4qe29 grid.278244.f 0000 0004 0638 9360 Department of Nursing, Tri-Servi",,"Results The cohort consisted of 85 older adults with mean age of 83.25 years (SD 6.76), of which 64 (75.3%) were female. The prevalence of OD using EAT-10 was 8.3%. Tongue strength demonstrated better diagnostic accuracy using anterior tongue strength (ATS): cut-off: 37.5 kPa (AUC: 0.79, Se: 0.86, and Sp: 0.65) and posterior tongue strength: cut-off: 31.5 kPa (AUC: 0.73, Se: 0.71, and Sp: 0.79). Tongue endurance demonstrated better diagnostic accuracy using anterior endurance target second (ATE-Target Sec): cut-off: 2.4 (AUC: 0.96, Se: 0.86, and Sp: 0.90), PTE-Target Sec: cut-off: 1.7 (AUC: 0.93, Se: 0.86, and Sp: 0.83), ATE-Target Max with cut-off: 34.4 kPa (AUC 0.81, Se = 0.86, and Sp = 0.64), and PTE-Target Max with cut-off: 29.5 kPa (AUC: 0.77, Se = 0.86, and Sp = 0.69). Tongue pressure revealed limited diagnostic accuracy using saliva swallowing pressure with cut-off: 23.3 kPa (AUC: 0.60) and effortful swallowing pressure with cut-off: 28.5 kPa (AUC: 0.62). Significant predictors for OD were frailty (3.02, 95%CI: 1.56–5.88), age (1.17, 95%CI: 1.01–1.35), nutritional status (0.72, 95%CI: 0.57–0.92), ATS (0.86, 95%CI: 0.77–0.97), ATE-Target Max (0.90, 95%CI: 0.84–0.97), PTE-Target Max (0.92, 95%CI: 0.86–0.99), ADL (0.91), IADL (0.67), and depression (1.32).
Results Demographic characteristics and prevalence of OD in older adults A total of 85 community-dwelling older adults were recruited into this study. The Prevalence of OD was 8.3% for the EAT-10 (score ≥ 3, n = 7). The tongue pressure measurement of the IOPI revealed that the mean anterior tongue strength (ATS), posterior tongue strength (PTS), anterior and posterior tongue endurance target second (ATE-Target and PTE-Target Sec), and anterior and posterior tongue endurance target maximum (ATE-Target Max and PTE-T",,,
PMC11932192,40126288.0,10.3390/geriatrics10020038,Validation of the Italian Version of the Rapid Geriatric Assessment in Community-Dwelling Older Adults.,2025.0,,https://europepmc.org/article/MED/40126288,expanded_accessible_search,multidomain_exercise_nutrition,Validation of the Italian Version of the Rapid Geriatric Assessment in Community-Dwelling Older Adults,exclude,Randomized design not confirmed in mined full-text fields,no,yes,yes,yes,yes,no,yes,no,yes,yes,yes,frailty;grip_strength;adl;falls;quality_of_life;adverse_events,,"l practitioner offices in Genoa (Italy), between January and June 2019. The RGA includes the Simple FRAIL Questionnaire Screening Tool, SARC-F Screening for Sarcopenia, Simplified Nutritional Assessment Questionnaire (SNAQ), and Rapid Cognitive Screening (RCS). These were validated against gold-standard tools: the Abbreviated Comprehensive Geriatric Assessment (aCGA)",,"3. Results 3.1. Cohort Characteristics The patients’ clinical characteristics are illustrated in Table 1 . The mean age of patients was 73 years (SD = 6.6), with a predominance of the female sex 71 (71%), a median multimorbidity of 3 (IQR = 2, 4), and a median drug use of 2 drugs (IQR = 1, 4). 3.2. Reliability and Validity of the RGA Cronbach’s alpha of the RGA tool was 0.59 (95% CI 0.45, 0.72). Analysis of the correlation matrix showed significant correlations between the FRAIL, SARC-F, and RCS subitems (r ranging from 0.71 to 0.78), while a poorer correlation was observed for the SNAQ subitem (r = 0.40). The RGA tool demonstrated satisfactory concurrent validity when correlated with the gold standards. Namely, a significative correlation between RGA and aCGA (rho = 0.34, p -value = 0.001) was found, as well as between RGA and MPI (rho = 0.49, p -value < 0.001). These associations remained statistically significant in linear models adjusted for age and sex ( p -values of 0.027 for aCGA and 0.002 for MPI) ( Table 2 ). The RGA tool demonstrated strong discriminant validity, with a significant Spearman’s correlation between each RGA subitem and the corresponding reference tool. Namely, the FRAIL subitem was compared to the TUG test for frailty screening, the SARC-F tool was compared to the HG strength test to screen for sarcopenia, the SNAQ tool was compared to BMI for anorexia, and the RCS tool was compared to MMSE to screen for cognitive impairment ( Table 3 ). Table 4 illustrates the convergent and divergent validity between the RGA tool compared with aCGA and MPI, as well as patient clinical variables. Age, the Gijón scale, number of falls, number of geriatric syndromes, Handgrip strength for sarcopenia screening, physical performance (TUG), and physical exercise show",,,
PMC11946402,40137789.0,10.3390/sports13030065,"Effectiveness of Home-Based Stretching and Strengthening Training for Improving Flexibility, Strength, and Physical Function in Older Adults with Leg Tightness and/or Suspected Sarcopenia.",2025.0,,https://europepmc.org/article/MED/40137789,expanded_accessible_search,exercise_only,"Effectiveness of Home-Based Stretching and Strengthening Training for Improving Flexibility, Strength, and Physical Function in Older Adults with Leg Tightness and/or Suspected Sarcopenia",exclude,Protocol/review signal in full-text-mined fields,yes,no,yes,yes,yes,yes,yes,yes,yes,no,yes,grip_strength;falls;quality_of_life;adherence;adverse_events,"ents has been demonstrated in a previous study [ 19 ]. Participants in the groups with matched conditions (muscle tightness, muscle weakness, and both tightness and weakness) were randomly assigned to one of the subtypes of exercise intervention corresponding to each condition. Randomization was achieved using sequentially numbered, opaque, and sealed envelopes. The exercise","5-4663 Multidisciplinary Digital Publishing Institute (MDPI) PMC11946402 PMC11946402.1 11946402 11946402 40137789 10.3390/sports13030065 sports-13-00065 1 Article Effectiveness of Home-Based Stretching and Strengthening Training for Improving Flexibility, Strength, and Physical Function in Older Adults with Leg Tightness and/or Suspected Sarcopenia https://orcid.org/0",. 2024 61 479 490 10.1016/j.gerinurse.2024.12.018 39733629 16. Sanchez-Lastra M.A. Molina A.J. Martin V. Fernández-Villa T. Cancela J.M. Ayan C. Is Stretching Exercise An Adequate Control Group in Clinical Trials Aimed at Improving Physical Fitness and Function of Older Adults? A Systematic Review and Meta-Analysis J. Aging Phys. Act. 2020 28 889 910 10.1123/japa.2019-02,"3. Results Compliance with training session attendance is illustrated in Figure 1 . The baseline characteristics of the participants are detailed in Table 1 . The RE and ECC groups had a lower proportion of men than the remaining groups ( p < 0.001). Moreover, the participants in the SS group had a larger body mass than the RE and ECC groups ( p = 0.013), and the participants in the SS and DS groups were taller than those in the ECC group ( p = 0.04). In addition, the pre-intervention values for handgrip strength and SLR amplitude, the two indices used in selection for weakness and allocation into groups, exhibited substantial differences across the six groups, and resulted in different male/female (M/F) representation in each group. 3.1. Differences Between Groups at Baseline The thickness of the BF muscle in the SS group was larger than that of the CON group ( p = 0.034). Moreover, the resting and lengthened FLs of the BF muscle were greater in the RE group than in the CON group ( p < 0.01). Furthermore, the FL of the MG in the SS group was greater than that in the CON group ( p < 0.05). Participants with possible sarcopenia (i.e., those in the RE and ECC groups) exhibited a greater KF MTU compliance than those in the SS and DS groups ( p < 0.05). In addition, there were differences among the groups regarding the normalized MIVC of the KE and KF muscles when adjusted for body mass, with the DS group exhibiting greater muscle strength than the RE group ( p < 0.05). These differences were likely due to different representations of genders between groups. 3.2. Responses to Interventions Body mass remained consistent across all groups throughout the study. Using an ITT approach with a mixed ANOVA, a substantial change in the results of the TUG test was observed over time ",,,
PMC11950627,40131764.0,10.1097/tp.0000000000005263,Home-based LIver FrailTy Intervention (LIFT) in Transplant Candidates: A Feasibility Study.,2025.0,,https://europepmc.org/article/MED/40131764,expanded_accessible_search,multicomponent_exercise,Home-based LIver FrailTy Intervention (LIFT) in Transplant Candidates: A Feasibility Study,include_secondary_disease_specific,Frailty RCT but disease-specific population,yes,yes,no,yes,yes,yes,yes,no,yes,no,yes,frailty;gait_speed;grip_strength;falls;quality_of_life;adherence;adverse_events,"ased frailty intervention is feasible. The intervention led to significant improvement in frailty, which was not seen in the retrospective control group. Future studies, including randomized-controlled trials, are necessary to further assess the efficacy of the intervention and also determine its impact on downstream clinical outcomes. pmc-status-qastatus 0 pmc-status","yes pmc-collection-title NIHPA Author Manuscripts PMC11950627 PMC11950627.1 11950627 11950627 NIHMS2025371 40131764 10.1097/TP.0000000000005263 NIHMS2025371 NIHPA2025371 1 Article Home-based LIver FrailTy Intervention (LIFT) in Transplant Candidates: A Feasibility Study http://orcid.org/0000-0002-6278-1370 Thuluvath Avesh J. MD, MS 1 2 Polineni Praneet MD 1 Morrissey","ext mining. It may also be used consistent with the principles of fair use under the copyright law. Background: Frailty is prevalent in end-stage liver disease and predicts higher waitlist and post-transplant mortality. Despite frailty’s association with poor clinical outcomes, evidence-based interventions to reverse frailty remain scarce. Methods: In this pilot stu","Results: Fifty-four patients (mean 57.2 [±9.9] years, 59% male) enrolled in the study, with a mean MELD-Na 16.9 (±5.8) (70% decompensated). The mean baseline liver frailty index (LFI) was 3.59 (±0.60). The mean follow-up time was 259 (±190) days and mean change in LFI at the end of the intervention was −0.11 (3.59 vs. 3.48, p=0.05), representing clinically meaningful improvement in frailty previously associated with increased survival. In comparison, the retrospective control group, which had similar demographics and clinical characteristics as the intervention group, did not show a significant change in LFI (3.97 vs. 3.91, p=0.57). Fifty-six percent of patients were adherent (fully or partially) to recommended levels of exercise and adherence rates declined from one to three months after enrollment, underscoring the need to maintain patient engagement in exercise.
3. RESULTS A total of 81 liver transplant candidates consented for the study ( Figure 3 ). Of these patients, 54 subjects completed baseline PT assessment, downloaded the smartphone exercise application and initiated exercises (fully completing study enrollment). Four patients did not present to their baseline PT assessment after consenting via telephone, 17 completed baseline PT assessment but did not download the smartphone application and 6 were deemed to not be transplant candidates within 1 week of consent and excluded from the study per protocol. The mean follow-up time was 259 (SD ± 190) days. Baseline clinical characteristics of the 54 patients who fully enrolled in the study are shown in Table 1 . The mean age of participants was 57.2 (SD ± 9.9) years, 32 (59.3%) were male and the mean BMI was 28.9 (± 5.9) kg/m 2 . The most common etiologies of cirrhosis were alcohol-associated liver disease (ALD) in",,,
PMC11954231,40158095.0,10.1186/s12877-025-05858-0,Cross-sectional assessment of the Tinetti performance-oriented mobility tool for screening physical frailty syndrome in older adults.,2025.0,,https://europepmc.org/article/MED/40158095,expanded_accessible_search,exercise_only,Cross-sectional assessment of the Tinetti performance-oriented mobility tool for screening physical frailty syndrome in older adults,exclude,Protocol/review signal in full-text-mined fields,yes,yes,no,yes,yes,no,yes,yes,yes,yes,yes,frailty;gait_speed;sppb;grip_strength;falls;quality_of_life;adverse_events,"specific interventions—such as tailored exercise programs, nutritional support, and multi-component approaches—would offer valuable strategies for preventing and managing frailty. Randomized controlled trials could provide robust evidence for these interventions. Additionally, exploring the genetic and molecular underpinnings of the PFF–PFS relationship may identify n","382-1728 Mohammadi Haniyeh 6 http://orcid.org/0000-0001-6019-8205 Hosseinzadeh Mahdi Metti@ssrc.ac.ir 7 1 https://ror.org/013cdqc34 grid.411354.6 0000 0001 0097 6984 Department of Exercise Physiology, Faculty of Sport Sciences, Alzahra University, Tehran, Iran 2 https://ror.org/01n8x4993 grid.88832.39 0000 0001 2289 6301 Polytechnic Institute of Coimbra, Applied Res",,"Results Frail participants exhibited significantly lower scores in various PFF tests, including the Tinetti balance, walking, and total score components, physical activity levels (PAL), mean hand grip strength (MGS), 30-s arm curl (30 s-AC), 30 s-chair stand (30 s-CS), Standing Stork Balance (SSB), and back stretch (BST) tests ( p < 0.001). Frail individuals also had lower levels of education, shorter stature, and higher BMI compared to non-frail/pre-frail participants, highlighting broader vulnerabilities. Logistic regression analyses showed that all PFF tests, including Tinetti balance and walking components, MGS, 30 s-AC, 30 s-CS, were significant protective factors against FS. However, ROC curve analysis revealed optimal cutoff points for PFS identification, with PAL and MGS demonstrating the highest sensitivity and specificity for predicting PFS. The all components of Tinetti scale also proved to be strong predictors of FS.
Results The data presented in Table 1 summarizes the general characteristics of paricipants. Significant differences were observed between these groups in sociodemographic, anthropometric, medical history, and PFF variables. Frail individuals were older than non-frail/pre-frail individuals, and had lower educational levels ( p = 0.001). Adittionally, frail participants had a significantly lower height ( p = 0.008) and higher BMI ( p = 0.027) compared to the non-frail/pre-frail subgroup. Regarding medical history, frail individuals had a higher incidence of falling ( p = 0.001). Participants in the frail subgroup exhibited significantly worse PFF indicators in all variables ( p < 0.001). In terms of PFS indicators, frail participants exhibited lower performance on the all tests ( p = 0.001). Effect size calculations indicated medium to large diff",,,
PMC11956726,40165996.0,10.2147/dddt.s507033,Therapeutics for Sarcopenia and Functional Disabilities in Older Adults: A Review of Phase 4 Clinical Trials.,2025.0,,https://europepmc.org/article/MED/40165996,expanded_accessible_search,exercise_plus_nutrition,Therapeutics for Sarcopenia and Functional Disabilities in Older Adults: A Review of Phase 4 Clinical Trials,include_secondary_disease_specific,Frailty RCT but disease-specific population,yes,yes,yes,yes,yes,yes,yes,no,yes,no,no,frailty;sppb;grip_strength;adl;falls;quality_of_life;adverse_events,"ature, which suggests that testosterone replacement therapy significantly enhances muscle strength, lean body mass, and bone mineral density in hypogonadal men, as demonstrated in randomized controlled trials and meta-analyses evaluating its anabolic effects on musculoskeletal health. 49–51 Levothyroxine addresses hypothyroidism, improving metabolic regulation, while",ge sarcopenia can improve not only muscle health but also the overall functional capacity of individuals at risk of developing disabilities. This review focuses on the therapeutic interventions evaluated in phase 4 clinical trials to address sarcopenia and its associated disabilities in older adults. Objective To review and summarize the therapeutic agents tested in pha,e Drug: Olimel N12 Malnutrition Drug: Glucose IV Sarcopenia Hemodialysis Complication Frailty Drug: Transdermal testosterone gel (Testogel 1%) Sarcopenia Drug: Matched transdermal placebo gel Obesity Drug: Pioglitazone Overweight With Indications for Weight Loss Behavioral: Resistance exercise training to maximize muscle power Behavioral: Hypocaloric diet Drug: Pla,"Results Several therapeutic agents, including whey protein powder, eldecalcitol, testosterone enanthate, and Denosumab, have been tested in Phase 4 trials for their ability to enhance muscle mass and function in older adults with sarcopenia. Allopurinol and Pioglitazone were also studied for their potential to improve muscle metabolism, while Medrol (Methylprednisolone) and Levothyroxine offered supportive effects in inflammatory and metabolic disorders that exacerbate muscle loss. Moreover, combination therapies, such as nutritional supplementation with HMB and vitamin D, showed promise in improving muscle function. These interventions demonstrated varying degrees of efficacy in improving muscle strength, reducing physical disability, and enhancing overall functional capacity in older adults.
Results The analysis of clinical trials related to sarcopenia, as obtained from ClinicalTrials.gov, provides valuable insights into the range of interventions aimed at preventing muscle degradation and disability. The reviewed trials varied in recruitment status, with most being completed or actively recruiting. The distribution of these studies is summarized in Table 1 . Table 1 Distribution of Studies by Status and Phase, Summarizing the Number of Studies Completed, Recruiting, or Withdrawn in Each Clinical Trial Phase Study Status Phases Count Active not recruiting Phase 4 2 Completed Phase 4 8 Not yet recruiting Phase 4 1 Recruiting Phase 4 2 Terminated Phase 4 2 Unknown Phase 4 4 Withdrawn Phase 4 1 A variety of conditions were targeted in these trials, with interventions ranging from behavioral modifications, such as resistance training, to pharmacological treatments, including testosterone and vitamin D analogs. Table 2 presents the frequency of conditions studied and their",,,
PMC11970005,40181306.0,10.1186/s12889-025-22453-5,A graded personalized exercise program's effect on muscle and body fat: randomized controlled trial.,2025.0,,https://europepmc.org/article/MED/40181306,expanded_accessible_search,multicomponent_exercise,A graded personalized exercise program’s effect on muscle and body fat: randomized controlled trial,defer_second_reviewer,Eligibility plausible but frailty/setting classification needs second review,yes,no,no,yes,yes,yes,no,no,no,no,no,frailty;grip_strength;falls;adherence;adverse_events,1-2458 BMC PMC11970005 PMC11970005.1 11970005 11970005 40181306 10.1186/s12889-025-22453-5 22453 1 Research A graded personalized exercise program’s effect on muscle and body fat: randomized controlled trial Son Jung Yeon 1 2 Jung Jiyun 3 Son Jung Eun 1 Park Sang Gyu 1 Park Eo Jin 1 Lee Junga 4 http://orcid.org/0000-0003-4513-2560 Yoo Seung Don kidlife@khu.ac.kr 1 5 1,h BMC Public Health 63 bmcph BMC Public Health 1471-2458 BMC PMC11970005 PMC11970005.1 11970005 11970005 40181306 10.1186/s12889-025-22453-5 22453 1 Research A graded personalized exercise program’s effect on muscle and body fat: randomized controlled trial Son Jung Yeon 1 2 Jung Jiyun 3 Son Jung Eun 1 Park Sang Gyu 1 Park Eo Jin 1 Lee Junga 4 http://orcid.org/0000-,mately 20 participants per age group) in a parallel-group randomized controlled trial. Intervention Participants were assigned using age-stratified randomization to a treatment or control group. Participants were categorized into three levels according to weekly physical activity measured by the Global Physical Activity Questionnaire and physical activity guidelines for,"Results Among 64 participants who had completed the program, 33 (51.5%) participated in the exercise program. The exercise program significantly increased abdominal muscle thickness ( p < 0.01), reduced body fat percentage ( p = 0.02) and waist circumference ( p = 0.01), and positively affected various physical fitness indicators.
Results Table 3 summarizes the baseline characteristics of the treatment ( n = 33) and control ( n = 31) groups. More than half of the participants were women, and the median age was 54 years (range, 45–61 years), regardless of participation in the exercise program. Most participants were non-smokers and non-alcohol drinkers, with statistically similar characteristics between the groups. We compared muscle and fat characteristics depending on exercise and found increased muscle thickness in the treatment group (Table 4 ). The abdominal muscle thickness represented by external oblique increased by 0.42 mm in the treatment group but decreased by 0.31 mm in the control group ( p < 0.01). In addition, the thickness of the left rectus femoris increased by 0.56 mm in the treatment group and decreased by 0.59 mm in the control group, with a significant difference between the groups ( p < 0.01) (Table 4 ). Table 3 Descriptive characteristics of the treatment and control groups Variable Treatment ( n = 33) Control ( n = 31) p -value Sex, n (%) 0.171 Male 4 (12.1) 9 (29.0) Female 29 (87.9) 22 (71.0) Age, median (range) 54.0 (45.0–61.0) 54.0 (45.5–61.0) 0.830 Smoking, n (%) 1.000 Yes 1 (3.0) 1 (3.2) No 32 (97.0) 30 (96.8) Drinking, n (%) 0.885 Yes 9 (27.3) 7 (22.6) No 24 (72.7) 24 (77.4) Our exercise program did not change BMI or lean body mass but was effective in reducing BFP and waist circumference (Table 5 ). The treatment group had an average decrea",,,
PMC11976811,40192885.0,10.1007/s40520-025-03011-w,Effects of a multicomponent training and a detraining period on cognitive and functional performance of older adults at risk of frailty.,2025.0,,https://europepmc.org/article/MED/40192885,expanded_accessible_search,multicomponent_exercise,Effects of a multicomponent training and a detraining period on cognitive and functional performance of older adults at risk of frailty,include_secondary_setting,Frailty RCT but setting likely hospital/residential or mixed,yes,yes,no,yes,yes,yes,yes,no,yes,yes,yes,frailty;gait_speed;sppb;grip_strength;adl;falls;quality_of_life;adherence;adverse_events,"reference point and contributes to the existing body of evidence with a clear and replicable model. Strengths and limitations Several limitations warrant mention. Firstly, the non-randomized study design, while intended to minimize participant dropout and maintain consistency throughout the study, led to fewer participants completing all three main assessments, partic",7 1720-8319 pmc-is-collection-domain yes pmc-collection-title Springer PMC11976811 PMC11976811.1 11976811 11976811 40192885 10.1007/s40520-025-03011-w 3011 1 Research Effects of a multicomponent training and a detraining period on cognitive and functional performance of older adults at risk of frailty Moradell Ana 1 2 3 Iguacel Isabel 1 3 4 5 6 Navarrete-Villanueva David,"s in pre-frail and frail older adults. Methods A total of 108 pre-frail and frail adults aged 65 and older participated in the study. They were assigned by convenience to either a control group (CG) or an intervention group (IG). The IG underwent a 6-month MCT followed by a 4-month detraining period. Assessments included a DT test, the Timed Up and Go (TUG) test, the Min","Results Significant group-by-time interactions were observed for the DT test ( p < 0.05). The IG showed improved DT performance after the 6-month MCT (4.0, 95% CI: 2.2 to 5.7 s), followed by a decline after the detraining period (-1.1, 95% CI: -2.1 to -0.2 s). However, performance after detraining remained higher than at baseline (2.9, 95% CI: 1.0 to 4.6 s, p < 0.05). No statistically significant changes were observed in the CG. Additionally, no significant effects were found for MMSE scores or daily activity questionnaires.
Results The main characteristics of the sample are detailed in Table 2 . The sample consisted of 108 subjects with a mean age of 80.6 ± 5.9 years, predominantly females (71.3% of the total sample). The present sample were divided into a CG (initially consisting of 55 subjects) and IG (initially consisting of 53 subjects). The minimum attendance registered was 65% of the training sessions. Initially, only Barthel Index showed significant differences at the beginning of the study ( p < 0.05), showing a higher score for the individuals of the IG. Cognitive assessment and functional capacity were similar between both groups at baseline ( p > 0.05). Table 2 Descriptive characteristics of the sample Whole sample ( n = 108) CG ( n = 55) IG ( n = 53) p -value Age, mean (SD), years 80.6 (5.9) 80.3 (5.7) 81.0(6.1) 0.565 Sex, n(%) 0.236 Females 77 (71.3) 42 (76.4) 35 (66.0) Males 31 (28.7) 13 (23.6) 18 (34.0) BMI, mean (SD), kg/m 2 29.8 (5.61) 29.2 (6.1) 30.3 (5.1) 0.379 Barthel Index mean (SD), points 94.8 (8.5) 93.1 (10.5) 96.6 (5.2) 0.037 L-B, mean (SD), points 10.4(4.3) 10.6(4.3) 10.2(4.3) 0.686 SPPB, mean (SD), points 7.4 (1.5) 7.4 (1.6) 7.5(1.5) 0.856 Prefrail, n(%) 78 (72.2) 40 (72.7) 38 (71.7) Frail, n(%) 30 (27.8) 15 (27.3) 15 (28.3) MNA, mean (SD), p",,,
PMC11981931,39580545.0,10.1038/s41430-024-01547-0,Effect of individually tailored nutritional counseling on frailty status in older adults with protein-energy malnutrition or risk of it: an intervention study among home care clients.,2025.0,European journal of clinical nutrition,https://pubmed.ncbi.nlm.nih.gov/39580545/,original_high_confidence,multidomain,Effect of individually tailored nutritional counseling on frailty status in older adults with protein-energy malnutrition or risk of it: an intervention study among home care clients,include_secondary_disease_specific,Frailty RCT but disease-specific population,yes,yes,no,yes,yes,yes,yes,no,yes,no,no,frailty;gait_speed;adl;falls;quality_of_life,"etary counseling on frailty status among home care clients with PEM or its risk aged 75 or older with a follow-up of six months. Methods This intervention study is part of the non-randomized population-based Nutrition, Oral Health and Medication (NutOrMed) study in Finland. The frailty was assessed using the abbreviated Comprehensive Geriatric Assessment (aCGA) and in",pmc Eur J Clin Nutr Eur J Clin Nutr 981 npgopen European Journal of Clinical Nutrition 0954-3007 1476-5640 pmc-is-collection-domain yes pmc-collection-title Nature Portfolio PMC11981931 PMC11981931.1 11981931 11981931 39580545 10.1038/s41430-024-01547-0 1547 1 Artic,"domains: cognitive status (MMSE), functional status (ADL, IADL) and depression (GDS-15). The study population consisted of persons with PEM or its risk (intervention group n = 90, control group n = 55). PEM or its risk was defined by MNA score <24 and/or plasma albumin <35 g/l. Registered nutritionist gave individually tailored nutritional counseling for participants at","Results The mean age was 83.9 in the intervention and 84.3 in the control group. At the baseline frailty prevalence was 74.4% ( n = 67) and after six-month 61.1% ( n = 55) in the intervention group and, respectively 74.5% ( n = 41) and 80.0% ( n = 44) in the control group. The intervention decreased significantly ( p < 0.001) the prevalence of frailty in the intervention group, while it increased in the control group.
Results The study involved participants with a mean age of 83.9 years, with 72.2% of them being female in the intervention group, and 84.3 years and 63.6% in the control group respectively (Table 1 ). The intervention group had more years of education and a greater intake of energy (kJ/kg/d) and protein (g/kg/day), as well as more frequent excessive polypharmacy and strokes, and lower FCI and cognition compared to the control group. After the intervention, the intervention group had a higher MNA score and less PEM or its risk, as well as a greater intake of energy (kJ/kg/d) and protein (g/kg/day), and more participants were able to walk 400 meters compared to the control group. Table 1 Characteristics of participants with protein-energy malnutrition (PEM) at baseline and the change in nutritional status and functional ability after 6 months of follow-up in the intervention and control group. Intervention group n = 90 Control group n = 55 P -value Intervention group n = 90 6 mo Control group n = 55 6 mo P -value Demographic Female, n (%) 65 (72.2) 35 (63.6) 0.278 Age, mean (SD) 83.9 (5.1) 84.3 (5.4) 0.669 Living alone, n (%) 55 (61.1) 36 (65.5) 0.658 Education, year (SD) 9.3 (4.1) 6.9 (1.8) <0.001 Nutritional status MNA, mean (SD) 21.5 (2.1) 21.6 (2.5) 0.804 25.8 (2.6) 23.8 (3.0) <0.001 ≤23.5, n (%) 88 (97.8) 53 (96.4) 0.614 15 (16.7) 20 (36.3) 0.011 Protei",,,
PMC12014770,39775747.0,10.1007/s41999-024-01133-4,Feasibility within-subject RCT of neuromuscular electrical stimulation; an Intervention to Maintain and improve neuroMuscular function during period of Immobility (IMMI).,2025.0,,https://europepmc.org/article/MED/39775747,expanded_accessible_search,exercise_only,Feasibility within-subject RCT of neuromuscular electrical stimulation; an Intervention to Maintain and improve neuroMuscular function during period of Immobility (IMMI),defer_second_reviewer,Comparator not clearly confirmed from mined fields,yes,yes,no,yes,yes,no,yes,no,no,yes,yes,frailty;grip_strength;adl;quality_of_life;adherence;adverse_events,"atients. Message Neuromuscular electrical stimulation should be considered as a supplementary intervention rather than a substitute, with the findings offering insights for future randomised clinical trial design, essential before NMES becomes routine in clinical care. Supplementary Information The online version contains supplementary material available at 10.1007/s4",er PMC12014770 PMC12014770.1 12014770 12014770 39775747 10.1007/s41999-024-01133-4 1133 1 Research Paper Feasibility within-subject RCT of neuromuscular electrical stimulation; an Intervention to Maintain and improve neuroMuscular function during period of Immobility (IMMI) http://orcid.org/0000-0002-4281-7700 Alqurashi Helal B. dpt.helal@hotmail.com 1 2 3 http://orcid.,,"Findings The implementation of neuromuscular electrical stimulation is feasible in a small fraction of fragility fracture patients.
Results Overall, 1052 patients were identified, of whom 113 (11%) were eligible, and 29 (3%) were recruited (median Clinical Frailty Score 3, median Barthel ADL score 93/100). The recruitment rate was 0.45/week in phase 1 and 0.9/week in phase 2. Fifty-three percent achieved the target of 24 NMES sessions. However, 5/29 withdrew due to intolerance of NMES. Leg muscle strength improved in both treated and untreated legs, with marginally greater improvement observed in the tibialis anterior of treated legs.
Results Recruitment Twenty-nine participants were recruited. Figure 1 shows the overall recruitment results. Supplementary Figs. 1 and 2 (Supplementary data) summarise recruitment in the two recruitment phases. Fig. 1 Overall recruitment flow diagram Over the 42-week recruitment period, 1052 patients with fragility fractures were identified: 113/1052 (11%) were eligible but only 29 (3%) were recruited. The recruitment rate in the second, 22-week, recruitment phase (20/625, 3%, 0.9 recruits/week) was twice that in the first (20-week) recruitment phase (9/427, 2%, 0.45 recruits/week). Fifty-one patients with fragility fractures were identified from rehabilitation facilities, of whom 13 (25%) were eligible but only 4 (8%) were recruited, partly due to intermittent closure of these facilities due to COVID and infection control procedures. The major reason why recruitment rates were higher in the second recruitment phase was that anticipated short lengths of hospital stay did not preclude enrolment in the study because we provided home-based NMES after discharge. The main reasons why potential participants were ineligible were cognitive impairm",,,
PMC12070610,40361174.0,10.1186/s13195-025-01722-w,"The cost effectiveness of a multidomain intervention on physical, cognitive, vascular, dietary and psychosocial outcomes among community dwelling older adults with cognitive frailty in Malaysia: The AGELESS Trial.",2025.0,,https://europepmc.org/article/MED/40361174,expanded_accessible_search,multidomain,"The cost effectiveness of a multidomain intervention on physical, cognitive, vascular, dietary and psychosocial outcomes among community dwelling older adults with cognitive frailty in Malaysia: The AGELESS Trial",exclude,Protocol/review signal in full-text-mined fields,yes,yes,no,yes,yes,yes,yes,yes,yes,no,yes,frailty;gait_speed;sppb;grip_strength;quality_of_life;adherence,"ention’s impact on cognitive, physical, vascular, dietary, and psychosocial outcomes, along with its cost-effectiveness, in a Low-Middle-Income Country (LMIC). Methods The AGELESS randomized controlled trial recruited 106 older adults (above 60 years) from Klang Valley, Malaysia, with (pre)-CF (≥ 1 Fried’s criteria and Clinical Dementia Rating scale = 0.5). Participan","lzheimer's Research & Therapy 1758-9193 BMC PMC12070610 PMC12070610.1 12070610 12070610 40361174 10.1186/s13195-025-01722-w 1722 1 Research The cost effectiveness of a multidomain intervention on physical, cognitive, vascular, dietary and psychosocial outcomes among community dwelling older adults with cognitive frailty in Malaysia: The AGELESS Trial Ponvel Pavapriya 1","rticipants were randomly assigned to a 24-month multidomain intervention (physical activity, cognitive training, nutritional and psychological counselling, cardiovascular care) or control group (educational module). Primary outcomes, assessed at baseline, 12 and 24 months, included the modified Neuropsychological Tests Battery (mNTB) and physical performance measures. In","Results The trial occurred during the COVID-19 pandemic. Despite a 50% dropout rate, adherence among remaining participants was over 50% for all intervention components (range 53%-91%). The intervention led to significant improvements in selected parameters of cognitive function, physical performance, anthropometry, and dietary patterns (for all parameters, p < 0.05 for interaction time*group in repeat-measures ANOVA). The cost per participant was RM 1592.74 (≈USD 355.05) in the multidomain arm, and RM 488.21 (≈USD 108.83) in the control arm. The ICER computation indicated the 2-min step test as the most cost-effective measure (ICER RM 149.19 ≈USD33.26).
Results Recruitment A total of 957 community-dwelling older adults from urban ( n = 764) and rural ( n = 193) areas were screened for eligibility across Klang Valley and Seremban, respectively. However, only participants screened in urban area in Klang Valley proceeded with the intervention trial due to commuting restrictions to rural areas at that time. Among the 764 individuals screened in Klang Valley, 650 completed the screening process, of whom 275 met the eligibility criteria for CF. Ultimately, 106 participants (36.1%) consented to participate in the trial (Fig. 4 ). The majority were classified as pre-CF ( n = 91, 85.9%), while the remaining 15 participants (14.1%) met the criteria for CF. People were randomly assigned to either intervention ( n = 53) or control group ( n = 53). Throughout the 24-month intervention period, an average of 50% participants dropped out from the trial due to various reasons, such as health issues and medical appointments ( n = 10), loss of contact ( n = 15), personal commitments ( n = 7), relocated ( n = 6), family did not grant permission ( n = 1), work commitments ( n = 3) and with",,,
PMC12082056,40310677.0,10.2196/65213,Multihealth Promotion Programs on Physical Health and Quality of Life in Older Adults: Quasi-Experimental Study.,2025.0,,https://europepmc.org/article/MED/40310677,expanded_accessible_search,nutrition_only,Multihealth Promotion Programs on Physical Health and Quality of Life in Older Adults: Quasi-Experimental Study,exclude,Protocol/review signal in full-text-mined fields,yes,yes,no,yes,yes,yes,yes,yes,yes,no,no,frailty;gait_speed;grip_strength;falls;quality_of_life;adherence;adverse_events,"exercise interventions, particularly in practical applications and comprehensive outcome assessments [ 4 , 5 , 7 ]. Specifically, Frost et al [ 7 ] conducted a meta-analysis of 7 randomized controlled trials (RCTs), of which only one combined exercise with nutritional interventions. This study found that strength training supplemented with protein significantly impro","on, a link to the original publication on https://www.i-jmr.org/ , as well as this copyright and license information must be included. Background Physical activity and appropriate nutrition are essential for older adults. Improving physical health and quality of life can lead to healthy aging. Objective This study aims to investigate the long-term effects of multihea","tarily from a pharmacy in central Taiwan between April 2021 and February 2023. Participants were divided into an experimental group receiving a multihealth promotion program and a control group with no specific intervention. The study measured frailty, nutritional status, well-being, and quality of life using standardized tools such as the Clinical Frailty Scale (CFS), M","Results A total of 112 participants were recruited. There were 64 (57.1%) in the experimental group and 48 (42.9%) in the control group. The experimental group exhibited significantly better quality of life (EQ-5D index) at weeks 12 ( β =–.59; P =.01) and 24 ( β =–.44; P =.04) compared to the control group. The experimental group muscle mass significantly increased at weeks 24 ( β =4.29; P <.01) and 36 ( β =3.03; P =.01). Upper limb strength improved significantly at weeks 12 ( β =3.4; P =.04) and 36 ( β =5; P =.01), while core strength showed significant gains at weeks 12 ( β =4.43; P =.01) and 36 ( β =6.99; P <.01). Lower limb strength increased significantly only at week 12 ( β =4.15; P =.01). Overall physical performance improved significantly at weeks 12 ( β =5.47; P <.01), 24 ( β =5.17; P <.01), and 36 ( β =8.79; P <.01).
Results In this study, after excluding ineligible participants and those who dropped out, a total of 112 older adults (64 in the experimental group and 48 in the control group) completed the study, with 15.8% and 18.6% attrition rates, respectively ( Figure 1 ). Most participants were female (67%), with an average BMI of 24.5 (3.6) kg/m². Overall, 23.2% (26/112) of the participants lived alone; the average frailty score was 2.2 (SD 0.9). Baseline characteristics showed good homogeneity between the 2 groups. As of February 2023, we have recruited 152 participants ( Table 1 ). Table 2 reveals average baseline BMI in the control group as 24.13 (SD 3.89) kg/m², which slightly decreased to 24.06 (SD 3.63) kg/m² at week 36. Frailty scores rose from 2.31 to 2.45, while the average well-being scores improved from 38.21 (SD 5.42) to 38.59 (SD 5.45). Quality-of-life scores showed improvement, decreasing from an average of 5.50 (SD 1.07) to 5.35 (SD 0.90). ",,,
PMC12083042,40380085.0,10.1186/s12877-025-06018-0,Study on the current status and influencing factors of physical activity in pre-frail rural empty-nest older adults.,2025.0,,https://europepmc.org/article/MED/40380085,expanded_accessible_search,exercise_plus_nutrition,Study on the current status and influencing factors of physical activity in pre-frail rural empty-nest older adults,exclude,Protocol/review signal in full-text-mined fields,yes,yes,no,yes,yes,no,yes,yes,yes,yes,yes,frailty;gait_speed;grip_strength;falls;quality_of_life;adherence;adverse_events,"physical activity to improve functional capacity and minimise adverse events in acutely hospitalised older adults: a systematic review with dose-response network meta-analysis of randomised controlled trials Br J Sports Med 2023 57 19 1272 8 10.1136/bjsports-2022-106409 37536984 Gallardo-Gómez D, Del Pozo-Cruz J, Pedder H, Alfonso-Rosa RM, Álvarez-Barbosa F, Noetel M","cted among pre-frail rural empty-nest older adults in Chaoyang County, Liaoning Province. The survey included a demographic information form, a lifestyle behavior questionnaire, a nutrition risk assessment scale, and a physical activity scale for the older adults. Results A total of 522 pre-frail older adults were included in this study. The median score for physical",,"Results A total of 522 pre-frail older adults were included in this study. The median score for physical activity was 162.5 (109.0, 229.0), with walking (98.5%) and household physical activities (85.8%) being the predominant forms of activity. Logistic regression analysis revealed that the presence of hypertension ( OR = 1.537), coronary heart disease ( OR = 1.490), respiratory diseases ( OR = 1.534), osteoarthritis ( OR = 1.726), and malnutrition ( OR = 1.637) were independent risk factors for low physical activity levels in pre-frail rural empty-nest older adults ( P < 0.05).
Results Profile of participants A total of 522 pre-frail rural empty-nest older adults were included in this study. The mean age was 71 (66, 76) years, with a mean BMI of 24.3 (23.1, 25.5) kg/m². Sociodemographic characteristics, health status, and lifestyle behaviors of the participants are summarized in Table 1 . Income Level Criteria: Income was categorized based on the participants’ monthly per capita household income. The two groups were: Low income: Monthly per capita income less than 5000 yuan. High income: Monthly per capita income equal to or greater than 5000 yuan. Physical Activity Level Criteria: Physical activity levels were classified into two categories based on the participants’ total physical activity scores and participation in different activity dimensions. The groups were as follows: High activity level group: Participants who reported engaging in higher levels of physical activity, including regular participation in light, moderate, and heavy household activities, as well as occupational physical activity. The group also demonstrated a greater engagement in leisure activities such as walking and moderate-to-high intensity exercises. Low activity level group: Participants who ",,,
PMC12092390,40400914.0,10.3389/fnagi.2025.1581892,Multi-pathway blood biomarkers to target and monitor multidimensional prevention of cognitive and functional decline (nested in the IN-TeMPO study framed within the world-wide FINGERS network).,2025.0,,https://europepmc.org/article/MED/40400914,expanded_accessible_search,multidomain,Multi-pathway blood biomarkers to target and monitor multidimensional prevention of cognitive and functional decline (nested in the IN-TeMPO study framed within the world-wide FINGERS network),include_primary_accessible,Community/home/primary-care frailty RCT confirmed by mined full-text fields,yes,yes,yes,yes,yes,yes,yes,no,no,no,yes,frailty;gait_speed;quality_of_life;adherence,"ging represents a major challenge. To date, multidimensional approaches seem to be effective in reducing or delaying the onset of age-related diseases. Objectives The multicentric randomized controlled trial IN-TeMPO (ItaliaN study with Tailored Multidomain interventions to Prevent functional and cognitive decline in community-dwelling Older adults, ClinicalTrials.gov","o be effective in reducing or delaying the onset of age-related diseases. Objectives The multicentric randomized controlled trial IN-TeMPO (ItaliaN study with Tailored Multidomain interventions to Prevent functional and cognitive decline in community-dwelling Older adults, ClinicalTrials.gov ID NCT06248723 ), framed within the World-Wide FINGERS network, aims to verify","rm omega 3 polyunsaturated fatty acid supplementation with or without multidomain intervention on cognitive function in elderly adults with memory complaints (MAPT): a randomised, placebo-controlled trial . Lancet Neurol. 16 , 377 – 389 . doi: 10.1016/S1474-4422(17)30040-6 , PMID: 28359749 Annaratone L. De Palma G. Bonizzi G. Sapino A. Botti G. Berrino E. . ( 2021",,,,
PMC12094531,40367490.0,10.2196/65636,"Frailty, Fitness, and Quality of Life Outcomes of a Healthy and Productive Aging Program (GrandMove) for Older Adults With Frailty or Prefrailty: Cluster Randomized Controlled Trial.",2025.0,JMIR aging,https://pubmed.ncbi.nlm.nih.gov/40367490/,original_high_confidence,multidomain,"Frailty, Fitness, and Quality of Life Outcomes of a Healthy and Productive Aging Program (GrandMove) for Older Adults With Frailty or Prefrailty: Cluster Randomized Controlled Trial",exclude,Protocol/review signal in full-text-mined fields,yes,yes,no,yes,yes,yes,yes,yes,no,no,yes,frailty;sppb;grip_strength;adl;quality_of_life;adherence;adverse_events,"g in Place Original Paper Frailty, Fitness, and Quality of Life Outcomes of a Healthy and Productive Aging Program (GrandMove) for Older Adults With Frailty or Prefrailty: Cluster Randomized Controlled Trial https://orcid.org/0000-0002-4160-1713 Tang Jennifer Yee Man PhD 1 https://orcid.org/0000-0003-4261-3414 Luo Hao PhD 2 3 https://orcid.org/0000-0001-6712-6466 Tse","oo , Waterloo , ON , Canada 3 Department of Social Work and Social Administration , The University of Hong Kong, Hong Kong , Pok Fu Lam , China (Hong Kong) 4 Centre for Sports and Exercise, The University of Hong Kong, Hong Kong , Pok Fu Lam , China (Hong Kong) 5 Department of Brain Sciences , Imperial College London , London , United Kingdom 6 School of Nursing , T","n, which enabled us to examine how these physical activity interventions and their sequence might influence frailty outcomes. Although lifestyle education was initially added as a comparator intervention, our findings have demonstrated that the 18-month intervention combining lifestyle education and physical interventions is a viable strategy to address frailty and is","Results At 6, 12, and 18 months, 346, 305, and 264 participants completed the frailty assessment, respectively. At 6 months, 100 of 346 participants (28.9%) were robust. A-R-E and R-A-E were no better than E-R-A as the active control in addressing frailty over the first 6 months (A-R-E: interaction coefficient 0.07, 95% CI −0.35 to 0.49, P =.68; R-A-E: interaction coefficient −0.02, 95% CI −0.42 to 0.38, P =.90). Compared to lifestyle education, resistance training and aerobic training over the first 6 months were associated with greater improvement in fitness measures of grip strength for the left hand (A-R-E: interaction coefficient 2.99, 95% CI 0.76 to 5.23, P =.009; R-A-E: interaction coefficient 2.21, 95% CI 0.63 to 4.36, P =.04) and right hand (A-R-E: interaction coefficient 3.75, 95% CI 1.54 to 5.97, P =.001; R-A-E: interaction coefficient 2.29, 95% CI 0.16 to 4.42, P =.04) and arm curl test (A-R-E: interaction coefficient 1.42, 95% CI 0.39 to 2.46, P =.007; R-A-E: interaction coefficient 1.11, 95% CI 0.12 to 2.11, P =.03). The sequence of exercise interventions (R-A-E vs A-R-E) did not make a difference in primary outcomes at 12 months, but the R-A-E group showed better quality of life (interaction coefficient 4.50, 95% CI 0.12 to 8.88, P =.008). Improved frailty outcomes were maintained by the end of the study, but the change in overall physical activity level was limited.
Results Sample Characteristics In total, 723 potential participants were assessed for eligibility, of whom 390 (53.9%) were randomized ( Figure 1 ). Of the 390 participants included in the study, 132 (33.8%) were assigned to the E-R-A group, 124 (31.8%) to A-R-E, and 134 (34.4%) to R-A-E. Figure 1. Study flow chart. All participants were analyzed in repeated measures mixed-effect regression m",,,
PMC12107726,40426064.0,10.1186/s12877-025-06060-y,Prevalence of sarcopenia and its association with frailty and malnutrition among older patients with sepsis-a cross-sectional study in the emergency department.,2025.0,,https://europepmc.org/article/MED/40426064,expanded_accessible_search,nutrition_only,Prevalence of sarcopenia and its association with frailty and malnutrition among older patients with sepsis-a cross-sectional study in the emergency department,exclude,Randomized design not confirmed in mined full-text fields,no,yes,yes,yes,yes,no,yes,no,no,yes,no,frailty;grip_strength;falls,,rics 1471-2318 BMC PMC12107726 PMC12107726.1 12107726 12107726 40426064 10.1186/s12877-025-06060-y 6060 1 Research Prevalence of sarcopenia and its association with frailty and malnutrition among older patients with sepsis-a cross-sectional study in the emergency department Li Qiujing 1 Shang Na 2 Gao Qian 1 Guo Shubin shubin007@yeah.net 2 Yang Tiecheng ytc3953@bjsjt,,"Results A total of 602 patients (332 men; median age, 78 years; median body mass index, 23.1 kg/m 2 ) were included. Sarcopenia, frailty, and malnutrition were present in 36.2%, 58.0%, and 34.6% of the patients, respectively. Of the 602 patients, 414 (68.8%) had at least one geriatric syndrome, 253 (42.0%) had at least two simultaneously. The SMI correlated negatively with the CFS score and positively with the MNA-SF score (all p < 0.001). The CFS (adjusted odds ratio [OR] = 1.384 per 1-point increase, p < 0.001) and MNA-SF (adjusted OR = 0.887 per 1-point increase, p = 0.002) scores were independently associated with sarcopenia. Frailty (adjusted OR = 3.816, p = 0.003), being at risk of malnutrition (adjusted OR = 2.466, p = 0.001), and being malnourished (adjusted OR = 2.477, p = 0.002) were independently associated with sarcopenia.
Results Demographics, clinical characteristics, and geriatric syndromes The demographics and clinical characteristics in the groups with and without sarcopenia are listed in Table 1 . A total of 602 older patients with sepsis (218 with and 384 without sarcopenia) were included. The median age of the participants was 78 (IQR, 16) years, 332 (55.1%) were men, and the median BMI was 23.1 (IQR, 4.6) kg/m 2 . Compared with the patients without sarcopenia, the patients in the sarcopenia group were older (median age, 74 vs. 84 years, p < 0.001); had a lower BMI (median, 24.0 vs. 21.9 kg/m 2 , p < 0.001), biceps circumference (median, 26.0 vs. 23.0 cm, p < 0.001), waist circumference (median, 97.6 vs. 86.7 cm, p < 0.001), calf circumference (median, 32.0 vs. 28.0 cm, p < 0.001), and albumin level (median, 36.9 vs. 34.9 g/L, p < 0.001); and had a higher number of hospitalizations in the past year (median, 1 vs. 1, p = 0.030), as well as a higher pr",,,
PMC12125811,40450377.0,10.1186/s41043-025-00942-y,Diet-induced inflammation and its association with sarcopenia in an Iranian population: a case-control study.,2025.0,,https://europepmc.org/article/MED/40450377,expanded_accessible_search,nutrition_only,Diet-induced inflammation and its association with sarcopenia in an Iranian population: a case-control study,exclude,Protocol/review signal in full-text-mined fields,yes,no,yes,yes,yes,yes,yes,yes,yes,no,no,frailty;gait_speed;grip_strength;falls;quality_of_life;adherence;adverse_events,"3248 35788119 71. Lim MT Pan BJ Toh DWK Sutanto CN Kim JE Animal protein versus plant protein in supporting lean mass and muscle strength: a systematic review and meta-analysis of randomized controlled trials Nutrients 2021 13 2 661 10.3390/nu13020661 33670701 PMC7926405 Lim MT, Pan BJ, Toh DWK, Sutanto CN, Kim JE. Animal protein versus plant protein in supporting lea","pmc J Health Popul Nutr J Health Popul Nutr 780 jhpn Journal of Health, Population, and Nutrition 1606-0997 2072-1315 BMC PMC12125811 PMC12125811.1 12125811 12125811 40450377 10.1186/s41043-025-00942-y 942 1 Research Diet-induced inflammation and its association with sarcopeni","ia in an Iranian population. Methods In the present study, 80 participants with sarcopenia were included in the case group, and 80 non-sarcopenia participants were included in the control group, matched by gender. Sarcopenia was diagnosed according to the Asian Working Group on Sarcopenia (AWGS) guidelines. Additionally, dietary data obtained from a food frequency questi","Results In the crude model, the odds of sarcopenia were significantly higher for each unit increase in DIS and DII scores (DIS: odds ratio (OR) = 1.221, 95% confidence interval (CI): 1.128–1.322; DII: OR = 1.271, 95% CI: 1.041–1.553). After adjusting for age, energy, and protein intake, higher odds of sarcopenia were observed for each unit increase in DIS score (OR = 1.129, 95% CI: 1.004–1.268). Similarly, higher odds of sarcopenia were seen for each unit increase in DII score after adjusting for potential confounders (OR = 1.269, 95% CI: 1.032–1.561).
Results The mean values of age (p-value = 0.001), BMI (p-value < 0.001), muscle strength (p-value < 0.001), SMI (p-value < 0.001), and GS (p-value = 0.007) differed significantly between the case and control groups. Furthermore, the median scores of DIS (p-value < 0.001) and DII (p-value = 0.005) were significantly higher in the case group. In terms of nutrient intake, the case group had significantly higher intakes of total fat (p-value = 0.003), MUFAs (p-value < 0.001), PUFAs (p-value = 0.001), omega-6 (p-value = 0.005), vitamin E (p-value = 0.024), and selenium (p-value = 0.001). Conversely, intakes of total energy (p-value < 0.001), carbohydrate (p-value = 0.018), vitamin B 6 (p-value = 0.002), vitamin B 9 (p-value = 0.002), beta-carotene (p-value < 0.001), vitamin A (p-value < 0.001), vitamin C (p-value = 0.001), and onion (p-value = 0.015) were significantly lower in the case group compared to the control group (Table 1 ). Table 1 The study population characteristics between the sarcopenic and healthy populations Variables Case ( n = 80) Control ( n = 80) P -value Age (years) 1 70.0 (67.0–75.0) 68.0 (65.0–71.0) 0.001 BMI (kg/m 2 ) 2 24.5 ± 4.1 29.2 ± 3.8 < 0.001 Muscle strength (kg) 1 16.0 (11.0-21.7) 50.8 (41.0-65.",,,
PMC12134776,40464208.0,10.1002/jcsm.13832,Serum C-Terminal Agrin Fragment With Acute and Long-Term Exercise and Angiotensin II Type I Receptor Blockade.,2025.0,,https://europepmc.org/article/MED/40464208,expanded_accessible_search,exercise_plus_nutrition,Serum C‐Terminal Agrin Fragment With Acute and Long‐Term Exercise and Angiotensin II Type I Receptor Blockade,secondary_sarcopenia_verify,Sarcopenia/vulnerability RCT; frailty-primary status requires verification,yes,no,yes,yes,yes,yes,no,no,yes,no,no,frailty,"ype I receptor blocker (losartan (LOS)) supplementation, on serum CAF levels in healthy older men. Methods Eighty‐three healthy, normotensive older men were enrolled in one of two randomized placebo (PLA) controlled trials. 1EX: 25 participants (EX ± LOS), with a mean age of 70 ± 7 years, had blood drawn before and after (4.5 h, Days 1, 4 and 7) a single bout of unila",PMC12134776.1 12134776 12134776 40464208 10.1002/jcsm.13832 JCSM13832 JCSM-D-24-00972 1 Original Article Original Article Serum C‐Terminal Agrin Fragment With Acute and Long‐Term Exercise and Angiotensin II Type I Receptor Blockade Soendenbroe Casper https://orcid.org/0000-0002-6579-5700 1 2 casper.soendenbroe@regionh.dk Heisterberg Mette F. 1 2 Andersen Jesper L.,"tor blocker (losartan (LOS)) supplementation, on serum CAF levels in healthy older men. Methods Eighty‐three healthy, normotensive older men were enrolled in one of two randomized placebo (PLA) controlled trials. 1EX: 25 participants (EX ± LOS), with a mean age of 70 ± 7 years, had blood drawn before and after (4.5 h, Days 1, 4 and 7) a single bout of unilateral he","Results At baseline, CAF showed weak correlations with age and leg lean mass (both R 2 = 0.07, p < 0.05). With 48EX, specific force increased in both EX groups (LOS‐EX + PLA‐EX) by 13%–14% at 8 weeks and 14%–17% at 16 weeks ( p < 0.0001), with no change in LOS‐SED ( p > 0.05), confirming the efficacy of the 48EX program. Serum CAF increased in LOS‐EX and LOS‐SED by 4%–7% at 8 weeks and 7%–9% at 16 weeks ( p < 0.005) respectively, with no change in PLA‐EX ( p > 0.05). 1EX reduced CAF by 8% 1 day postexercise ( p < 0.05), with no correlation to circulating creatine kinase levels ( p > 0.05), a marker of muscle damage.
3 Results 3.1 Participant Characteristics Participant characteristics are provided in Table 1 . There were no significant differences in any variable between participants in 1EX and 48EX, nor between the groups within 1EX or within 48EX. Systolic and diastolic blood pressures were lowered at the group level in groups that received LOS [ 39 , 40 ]. TABLE 1 Participant characterization in acute and long‐term study. Data shown has means and standard deviations with ranges. Abbreviations: 1RM, one‐repetition maximum; BMI, body mass index; MVC, maximal voluntary contraction. Acute Long term LOS‐EX ( n = 12) PLA‐EX ( n = 13) All ( n = 25) LOS‐SED ( n = 20) LOS‐EX ( n = 20) PLA‐EX (n = 18) All ( n = 58) Mean ± SD Range Mean ± SD Range Mean ± SD Range Mean ± SD Range Mean ± SD Range Mean ± SD Range Mean ± SD Range Age (year) 69 ± 4 66–78 71 ± 9 64–90 70 ± 7 64–90 72 ± 6 66–85 71 ± 4 66–83 72 ± 6 65–83 72 ± 5 65–85 Height (cm) 182 ± 5 172–189 177 ± 4 172–184 180 ± 5 172–189 179 ± 7 161–190 179 ± 6 163–191 178 ± 8 162–188 178 ± 7 161–191 Weight (kg) 86 ± 7 74–97 79 ± 11 67–98 82 ± 10 67–98 83 ± 11 62–102 86 ± 10 69–108 83 ± 12 57–98 84 ± 11 57–108 BMI (kg/m 2 ) 26 ± 2",,,
PMC12179572,40471669.0,10.2196/69259,"Outdoor Exercise Facility-Based Integrative Mobile Health Intervention to Support Physical Activity, Mental Well-Being, and Exercise Self-Efficacy Among Older Adults With Prefrailty and Frailty in Hong Kong: Pilot Feasibility Randomized Controlled Trial Study.",2025.0,JMIR mHealth and uHealth,https://pubmed.ncbi.nlm.nih.gov/40471669/,original_high_confidence,digital_home_unclear_intervention,"Outdoor Exercise Facility–Based Integrative Mobile Health Intervention to Support Physical Activity, Mental Well-Being, and Exercise Self-Efficacy Among Older Adults With Prefrailty and Frailty in Hong Kong: Pilot Feasibility Randomized Controlled Trial Study",include_secondary_setting,Frailty RCT but setting likely hospital/residential or mixed,yes,yes,no,yes,yes,yes,yes,no,yes,yes,yes,frailty;adl;falls;quality_of_life;adherence;adverse_events,"bile Health Intervention to Support Physical Activity, Mental Well-Being, and Exercise Self-Efficacy Among Older Adults With Prefrailty and Frailty in Hong Kong: Pilot Feasibility Randomized Controlled Trial Study Badicu Georgian Samuel Adebero Liang IanJu Lee Janet Lok Chun PhD https://orcid.org/0000-0001-8447-6855 1 2 3 Department of Rehabilitation Sciences The Hong","MU JMIR mHealth and uHealth 2291-5222 JMIR Publications Inc. PMC12179572 PMC12179572.1 12179572 12179572 40471669 10.2196/69259 v13i1e69259 1 Original Paper Original Paper Outdoor Exercise Facility–Based Integrative Mobile Health Intervention to Support Physical Activity, Mental Well-Being, and Exercise Self-Efficacy Among Older Adults With Prefrailty and Frailty in","tion group (n=19), which received 4 weekly educational workshops at a university and a mobile app to support their use of outdoor exercise facilities in their neighborhood, or the control group (n=19), which received 4 weekly health education workshops with exercise experiential sessions tailored for older adults with frailty. To assess the acceptability of the intervent","Results The mean age of the participants was 71.8 (SD 9.34) years, and 24 out of 34 (71%) were female. As many as 34 participants out of 38 (89%) completed the study (18/19 in the control group and 16/19 in the intervention group). Workshop attendance rates were very high in both groups (intervention group, 63/68, 93%, and control group, 72/76, 95%). Self-reported adherence to the unsupervised outdoor practical sessions and engagement with the app was over 65% (36/51, 71%, and 35/51, 69%, in the intervention group. Two adverse events were reported in the intervention group, and none in the control group. As hypothesized, secondary outcome analyses showed that both groups increased their PA levels immediately after the intervention; however, only the intervention group maintained this increase at the 3-month follow-up. Additionally, favorable changes in mental well-being and exercise self-efficacy were observed in the intervention group. Feasibility and acceptability data also highlighted areas for improvement that should be addressed before a larger trial.
Results Demographic and Other Characteristics of the Participants The demographic and health characteristics of the participants are presented in Table 1 . No significant differences ( P <.05 in all cases; see Table 1 for the complete P values) were observed between groups at baseline, except for the incidence of falls in the past 6 months ( P =.04). Additionally, due to attrition occurring immediately after group allocation, there was an imbalance in gender distribution between the groups. To enhance the robustness of the results, both gender and incidence of falls were included as covariates in the statistical analyses. Table 1 Demographic characteristics of the participants. Characteristics Total, n (%) Interventio",,,
PMC12179999,39954533.0,10.1016/j.jnha.2025.100512,Long-term frailty and physical performance transitions in older people with type-2 diabetes. The MIDFRAIL randomized clinical study.,2025.0,,https://europepmc.org/article/MED/39954533,expanded_accessible_search,exercise_plus_nutrition,Long-term frailty and physical performance transitions in older people with type-2 diabetes. The MIDFRAIL randomized clinical study,include_secondary_disease_specific,Frailty RCT but disease-specific population,yes,yes,no,yes,yes,yes,yes,no,yes,no,yes,frailty;gait_speed;sppb;grip_strength;adl;falls;quality_of_life;adverse_events,0.1016/j.jnha.2025.100512 S1279-7707(25)00035-1 100512 1 Original Article Long-term frailty and physical performance transitions in older people with type-2 diabetes. The MIDFRAIL randomized clinical study Laosa Olga a b Topinkova Eva c Bourdel-Marchasson Isabelle d Vellas Bruno e Izquierdo Mikel f Paolisso Giusseppe g Hardman Timothy h Zeyfang Andrej i Pedraza Laura,"pmc J Nutr Health Aging J Nutr Health Aging 4760 jnha The Journal of Nutrition, Health & Aging 1279-7707 1760-4788 Elsevier PMC12179999 PMC12179999.1 12179999 12179999 39954533 10.1016/j.jnha.2025.100512 S1279-7707(25)00035-1 100512 1 Original Article Long-t","nths were randomly allocated by trial site (cluster) to intervention IG (16-weeks resistance exercise program, nutritional-educational sessions, optimization of diabetes care), or usual care group (UCG). Frailty status was assessed by the Fried Frailty Phenotype criteria at baseline and final visit. Functional status was assessed by the SPPB in every visit. We used mu","Results Mean age was 77.7 (SD 5.54), 47% were male, 32.9% frail and 67.1% prefrail. The probability of improving the frailty status and decreasing the number of Fried’s frailty criteria was higher in the IG than in the UCG (OR 2.6, 95%CI 1.3–5.4; p = 0.009 and OR 1.9; 95%CI 1.1−3.1; p = 0.02, respectively). IG participants more frequently improved ≥1 point in SPPB score (OR 1.85; 95%CI 1.09–3.12; p = 0.022). These benefits were mainly accounted for the prefrail participants.
3 Results MIDFRAIL recruitment lasted from December 2014 to February 2016. A cohort of 298 subjects from 35 clusters and 5 countries (90 from Spain, 70 from Czech rep, 19 from Italy, 91 from France, and 28 from Germany) were included in this analysis. The average cluster size was 9.51 participants (range 7–18; SD 4.15). From them, 187 subjects had been randomized to UCG and 111 to IG (Fig. 1S supplementary). Two hundred and eighty-nine (289) subjects provided frailty data after ≥18 months of follow-up and 298 were evaluated for the SPPB test. Participant baseline characteristics in 298 subjects included are shown in Table 1 . Mean age was 77.70 ± 5.54 and 140 (46.98%) were men. Subjects were highly comorbid; hypertension was the most prevalent comorbidity (around 86%). Ninety-eight subjects (33%) were frail. Both groups were well-balanced, except for the prevalence of frailty and SPPB. Frailty was more prevalent in IG than in UCG (43.2 vs 26.7%) and SPPB was slightly lower in IG than in UCG (8.59 vs 9.20). Table 1 Baseline characteristics in subjects with more than 18 months of follow-up. Table 1 Intervention (IG) N = 111 Usual Care (UCG) N = 187 Total N = 298 Male n (%) 42 (37.8) 98 (52.4) 140 (47) Age – Mean (SD) 78.1 (6.2) 77.4 (5.1) 77.7 (5.5) Number of years in education Mean (SD) 10.2 (4.6) 9.",,,
PMC12183939,39855890.0,10.1016/j.tjfa.2024.100005,"Age Self Care-Resilience, a medical group visit program targeting pre-frailty: A mixed methods pilot clinical trial.",2025.0,,https://europepmc.org/article/MED/39855890,expanded_accessible_search,multidomain,"Age Self Care-Resilience, a medical group visit program targeting pre-frailty: A mixed methods pilot clinical trial",defer_second_reviewer,Comparator not clearly confirmed from mined fields,yes,yes,no,yes,yes,no,yes,no,no,no,yes,frailty;gait_speed;sppb;grip_strength;adl;falls;quality_of_life;adherence;adverse_events,and acceptable to pre- to mildly frail older adults. Next steps include evaluating the efficacy of Age Self Care-Resilience for preventing frailty progression with a fully powered randomized controlled trial. Keywords Frailty Pre-frailty Medical group visits Shared medical appointments Geriatrics pmc-status-qastatus 0 pmc-status-live yes pmc-status-embargo no pmc-stat,"is is an open access article under the CC BY-NC-ND license (http://creativecommons.org/licenses/by-nc-nd/4.0/). Background Pre-frailty is highly prevalent and multimodal lifestyle interventions are effective for preventing transition to frailty. However, little is known about the potential for medical group visits (MGV) to prevent frailty progression. Objectives To asse",,"Results A priori feasibility criteria were met for recruitment, with 15 (48 %) of those screened (31) meeting eligibility criteria, 11 (35 %) enrolling (mean age 74.5 yrs), and recruitment completed in less than one month. The nine participants who completed the study attended a mean of 7.2 of 8 sessions and completed 100 % of baseline and follow-up study measures; participants completed 58 % of the home practice log. Themes from participant interviews included: (1) mixed reactions to the recruitment term “pre-frailty;” (2) finding group participation as meaningful and empowering; and (3) perception that the program positively changed attitudes and lifestyle behaviors.
3 Results 3.1 Feasibility and acceptability Recruitment and retention. A total of 61 people expressed interest in the study, primarily from the research recruitment website and clinician referral. Of 31 screened for eligibility, 15 were eligible (48 %); the primary reason for exclusion was robust health status (FRAIL score 0). Twelve participants indicated interest in the study, eleven provided informed consent, and two withdrew during the study due to schedule changes. See Fig. 2 for CONSORT diagram. Fig. 2 CONSORT diagram of single-arm pilot study of Age Self Care-Resilience, a medical group visit intervention for pre-frailty (n = 11). Fig 2 In the enrolled participants (n = 11), mean age was 74.5 (range 64-83) with mean FRAIL score 1.45 and an average of 6.2 comorbidities. Participants were 72.7 % female, 81.8 % White, 9.1 % Hispanic, 45.4 % married, and mostly college graduates (81.8 %). All but one participant had an annual household income of <$100,000. Most lived alone (72.7 %) in the community ( Table 1 ). Two participants withdrew during the study, and the remaining nine participants are designat",,,
PMC12188645,40567995.0,10.3389/fpubh.2025.1498606,Effects of physical fitness using a Kinect system for pre-frail community-dwelling older adults.,2025.0,,https://europepmc.org/article/MED/40567995,expanded_accessible_search,multicomponent_exercise,Effects of physical fitness using a Kinect system for pre-frail community-dwelling older adults,include_primary_accessible,Community/home/primary-care frailty RCT confirmed by mined full-text fields,yes,yes,no,yes,yes,yes,yes,no,no,yes,yes,frailty;grip_strength;falls;quality_of_life;adverse_events,"se using video in pre-frail community-dwelling older adults. Methods The study adopted an assessor-blinded experimental design. Sixty participants enrolled in the study. They were randomly assigned into an experimental group ( n = 30) and control group ( n = 30). The experimental group received aerobic dance exercise using Kinect system 30 mins/session, three sessions/week f",tribution or reproduction is permitted which does not comply with these terms. Purpose The study aimed to examine and compare the effects on physical fitness between aerobic dance exercise using Kinect system and aerobic dance exercise using video in pre-frail community-dwelling older adults. Methods The study adopted an assessor-blinded experimental design. Sixty p,". Methods The study adopted an assessor-blinded experimental design. Sixty participants enrolled in the study. They were randomly assigned into an experimental group ( n = 30) and control group ( n = 30). The experimental group received aerobic dance exercise using Kinect system 30 mins/session, three sessions/week for 8 weeks. The control group received aerobic dance ex","Results Both the experimental and control groups showed improvement in 30 Second Chair Stand Test (30CST) and 6-minute walk tests (6MWT) at 0–8 weeks and at 0–12 weeks. But the experimental group presented significantly more improvement than control group at 0–8 weeks in 30CST and at 0–12 weeks in 6MWT. The experimental group also exhibited significant improvement in Quality-of-Life Questionnaire by World Health Organization scores at 0–8 and 0–12 weeks. A significant difference in Behavior Regulation in Exercise Questionnaire-2 (BREQ-2) scores was also noted in the experimental group at 0–12 weeks ( p < 0.008).
3 Results 3.1 Participants' basic information Figure 1 showed the study flow. Initially 65 older adults participated in the study and randomly assigned to the experimental group or control group. But finally 60 participants finished the training session and all the measurements. Table 1 presents the basic characteristics of the participants. No significant differences of the basic characteristics or baseline measurements were observed between groups. The comparisons of the physical fitness outcome measures at weeks 0, 8, and 12 within groups and between groups were presented in Table 2 . Table 1 Descriptive characteristics of the pre-frail community-dwelling older adults. Kinect intervention group ( N = 30) Control group ( N = 30) p -Value Age (year) 69.10 ± 5.76 68.70 ± 4.31 0.762 Sex Female 25 (83.3%) 24 (80.0%) 0.111 Male 5 (16.7%) 6 (20.0%) Height (cm) 156.73 ± 7.15 157.80 ± 6.69 0.563 Weight (kg) 58.26 ± 9.25 60.27 ± 12.55 0.484 Number of falls (time/year) 0.37 ± 0.76 0.15 ± 0.40 0.176 BMI 23.78 ± 3.24 24.06 ± 4.60 0.789 Education level High school or above 19 (63.3%) 15 (50.0%) 0.297 Under junior high school 11 (36.7%) 15 (50.0%) Living status Live with fa",,,
PMC12211464,40597001.0,10.1186/s12912-025-03372-7,The effect of community health nurse-led multi-faceted group-based frailty prevention program for older adults: a multi-site pretest-posttest design.,2025.0,,https://europepmc.org/article/MED/40597001,expanded_accessible_search,digital_home_unclear_intervention,The effect of community health nurse-led multi-faceted group-based frailty prevention program for older adults: a multi-site pretest-posttest design,include_secondary_setting,Frailty RCT but setting likely hospital/residential or mixed,yes,yes,no,yes,yes,yes,yes,no,yes,yes,yes,frailty;gait_speed;grip_strength;adl;falls;quality_of_life;adverse_events,"r only 8 weeks, making it difficult to assess long-term effects and the influence of seasonal changes. Therefore, further long-term studies with stronger research designs, such as randomized controlled trials (RCTs), and a larger number of participants from diverse regions are needed, with efforts to implement blinded outcome assessments to ensure more objective data",st design. Community dwelling older adults (≥ 65 years) were recruited from 13 counties using convenience sampling ( N = 92). The 8-week program consisting of health education and exercise sessions was conducted by two per community health nurses with groups of 5 to 10 participants per county. Results This study included 92 participants (mean age: 76.98 ± 5.43); 89.,"71, p -value < 0.001). Among metabolic health indicators, only blood sugar levels showed significant improvement (χ²=8.95, p -value < 0.001). Conclusions Although the absence of a control group limits the ability to draw direct causal inferences, improvements in health-related outcomes were observed to be associated with the intervention. Community health nurse-led, mult","Results This study included 92 participants (mean age: 76.98 ± 5.43); 89.13% female. The intervention resulted in significant improvements in functional capacity, as measured by the TUG test time and grip strength (categorical) (t = 7.47, 95% CI [1.21, 2.08], p -value < 0.001; χ²=22.51, p -value < 0.001). Frailty showed significant improvements in both continuous (t = 7.17, 95% CI [1.34, 2.24], p -value < 0.001) and categorical indicators (χ²=29.71, p -value < 0.001). Among metabolic health indicators, only blood sugar levels showed significant improvement (χ²=8.95, p -value < 0.001).
Results General characteristics The study included 92 participants, with 89.13% female and 10.87% male. The average age of the participants was 76.98 years; 68.48% of the participants were 85 years or older. The average years of education was 6.76 years. Over half (58.70%) of the participants had 6 years or less of education, considering that elementary school graduation requires 6 years. Among the participants, 67.39% were living alone, and 10% were currently working. Regarding the metabolic health indicators in the pretest, 28.26% of the participants were identified as obese with a BMI of 25 kg/m2 or higher. Almost half (47.83%) of the participants had systolic blood pressure of 130 mmHg or higher, while 27.17% had diastolic blood pressure of 80 mmHg or higher. Additionally, 56.52% of the participants had a simplified blood glucose level of 140 mg/dl or higher (Table 2 ). A comparison between study completers and dropouts was conducted to assess potential attrition bias, revealing no significant differences in sociodemographic characteristics, metabolic health indicators, or functional capacity (Supplementary Table 4 ). Table 2 Characteristics of the participants in baseline ( N = 92) Va",,,
PMC12255238,40656941.0,10.7717/peerj.19659,Enhancing physical activity in older type 2 diabetic adults through remote patient monitoring: a pre-post study in Taiwan.,2025.0,,https://europepmc.org/article/MED/40656941,expanded_accessible_search,multidomain_exercise_nutrition,Enhancing physical activity in older type 2 diabetic adults through remote patient monitoring: a pre-post study in Taiwan,exclude,Protocol/review signal in full-text-mined fields,yes,yes,no,yes,yes,yes,yes,yes,yes,yes,no,frailty;gait_speed;grip_strength;adl;falls;quality_of_life;adherence,entary File . References Alshagrawi & Abidi (2023) Alshagrawi S Abidi ST 2023 Efficacy of an mHealth behavior change intervention for promoting physical activity in the workplace: randomized controlled trial Journal of Medical Internet Research 25 e44108 10.2196/44108 37103981 PMC10176147 Amagasa et al. (2021) Amagasa S Fukushima N Kikuchi H Oka K Chastin S Tudor-Lock,"evices into the diabetic pay-for-performance (P4P) program to enhance physical activity and explore associations with related health outcomes. Methods This prospective, single-arm interventional study was conducted from February to September 2023 at a medical center in central Taiwan. T2D participants in P4P who were able to use smart phone were enrolled. At baseline, c","imited, and the short follow-up period may not be adequate for acquiring a new walking habit and its long-term impact on metabolic markers such as HbA1c. Thirdly, the absence of a control group makes it difficult to determine the extent to which the observed improvement in step counts at the end of the study can be attributed to the intervention. Additionally, residual c","Results The study involved 66 participants, median age 72 years, with 24 males (36.4%) and 42 females (63.6%). Metabolic indicators showed fasting plasma glucose at 110.0 mg/dL (interquartile range, IQR: 97.0–137.5) and hemoglobin A1c at 6.1 (IQR: 5.7–7.2). Additionally, low-density lipoprotein was 86.5 mg/dL (IQR: 67.3–104.5), and triglycerides were 98.5 mg/dL (IQR: 76.8–139.8). Urine albumin-creatinine ratio was 15.3 (IQR: 7.6–84.9), and estimated glomerular filtration rate (eGFR) was 70.7 mL/min/1.73 m 2 (IQR: 48.9–78.1). Functional capacity varied, with 47.0% having low muscle strength and 92.0% showing low physical performance. 15.2% showed symptoms of depression. Malnutrition and frailty were observed in 6.1% and 13.6%, respectively. Median daily steps significantly increased from 1,560.8 (IQR: 955.9–3,301.5) in week 1 to 2,652.9 (IQR: 1,271.8–4,139.3) in the final week ( p < 0.001). Higher daily step counts were positively correlated with physical and nutritional status and negatively correlated with age, depressive symptoms, and frailty. Remote monitoring led to a significant and consistent increase in daily step counts across all tracking periods ( p < 0.001).
Results A total of 66 participants enrolled in the study and successfully completed the follow-up. Table 1 outlines the baseline characteristics of the participants, which included a median age of 72.0 years and a gender distribution of 24 (36.4%) males and 42 (63.6%) females. A primary school educational level was predominant, constituting 21 (31.8%) of the participants. The data illustrated efficient diabetes management, as evidenced by FPG at 110.0 mg/dL (IQR: 97.0–137.5) and A1C at 6.1% (IQR: 5.7−7.2). Assessments indicated well-controlled liver and kidney functions. The lipid profile portrayed effect",,,
PMC12266393,40668771.0,10.1371/journal.pone.0323759,Walking cadence as a measure of activity intensity and impact on functional capacity for prefrail and frail older adults.,2025.0,,https://europepmc.org/article/MED/40668771,expanded_accessible_search,exercise_only,Walking cadence as a measure of activity intensity and impact on functional capacity for prefrail and frail older adults,exclude,Protocol/review signal in full-text-mined fields,yes,yes,no,yes,yes,no,yes,yes,yes,no,yes,frailty;gait_speed;sppb;adl;falls,refrail and frail older adults. We performed a secondary data analysis of a walking intervention in prefrail and frail older adults living in retirement communities. Patients were randomized to Casual Speed Walking (CSW) and High-Intensity Walking (HIW) groups. Our primary outcome was improvement in 6-minute walk test distance above the minimally clinical important di,Locomotion Walking People and Places Population Groupings Age Groups Adults Elderly Medicine and Health Sciences Public and Occupational Health Physical Activity Physical Fitness Exercise Medicine and Health Sciences Sports and Exercise Medicine Exercise Biology and Life Sciences Sports Science Sports and Exercise Medicine Exercise Medicine and Health Sciences Card,,"Results A total of 215 participants were screened for eligibility from the 14 enrolled retirement communities; 165 participants enrolled, and 102 participants had complete follow-up data and were included in the analysis. Table 1 shows the baseline characteristics among the participants included in the final analysis. There were no differences between the baseline characteristics of the HIW and CSW groups other than a higher percentage of female participants in the HIW group as compared to the CSW group. Importantly there were no differences in frailty classification, as measured by a categorical or continuous measure, or any of the other performance based functional measures. 10.1371/journal.pone.0323759.t001 Table 1 Patient Characteristics and Demographics. Variables CSW (n = 56) HIW (n = 46) P-value Age 79.0 ± 8.0 78.7 ± 8.3 0.85 Gender: 0.02 Female 61 (71.8%) 71 (86.6%) Male 24 (28.2%) 11 (13.4%) Race: 0.69 White 66 (77.6%) 63 (76.8%) African American 17 (20.0%) 16 (19.5%) Non-White Hispanic 0 (0.0%) 2 (2.4%) Asian 1 (1.2%) 1 (1.2%) Other 1 (1.2%) 0 (0.0%) Highest Level of Education: 0.41 Grade school 1 (1.2%) 2 (2.4%) Some high school 4 (4.8%) 4 (4.9%) High school 10 (11.9%) 7 (8.5%) Some college 19 (22.6%) 14 (17.1%) College 19 (22.6%) 24 (29.3%) Masters or beyond 31 (36.9%) 31 (37.8%) Assistive Device: 0.27 None 30 (35.7%) 27 (32.9%) Cane 24 (28.6%) 18 (22.0%) Walker 23 (27.4%) 35 (42.7%) Scooter 1 (1.2%) 0 (0.0%) Wheelchair 0 (0.0%) 1 (1.2%) Other 6 (7.1%) 1 (1.2%) Mini-mental State Examination Total Score (SD) 28.3 ± 2.3 28.5 ± 2.4 0.68 SHARE-FI Frailty Score (SD): 2.4 ± 1.0 2.1 ± 1.1 0.120 SHARE-FI Frailty Category: 0.82 Frail 39 (45.9%) 41 (50.0%) Prefrail 46 (54.1%) 41 (50.0%) Cardiac Condition 32 (37.6%) 26 (31.7%) 0.75 High Blood Pressure 60 (71.4%) 65 (79",,,
PMC12270616,40678153.0,10.1016/j.ncrna.2025.06.003,"Serum lncRNAs NEAT1, PVT1 and H19 as novel biomarkers for sarcopenia diagnosis and treatment response.",2025.0,,https://europepmc.org/article/MED/40678153,expanded_accessible_search,unclear,"Serum lncRNAs NEAT1, PVT1 and H19 as novel biomarkers for sarcopenia diagnosis and treatment response",exclude,Protocol/review signal in full-text-mined fields,yes,yes,yes,yes,yes,yes,yes,yes,yes,yes,no,frailty;gait_speed;sppb;grip_strength;falls;quality_of_life;adverse_events,"ticipants was divided into two experiments: Trial 1, a cross-sectional study comprising 54 sarcopenic patients and 29 robust controls, both including men and women; Trial 2, a non-randomized controlled trial, where the same sarcopenic patients from Trial 1 were divided in two groups: a Control Group (CG, n = 15); and a Trained Group (TG, n = 22). RNA was extracted fro","stituto de Salud Carlos III, 28029, Madrid, Spain c AgroFood Institute of Aragon (IA2), Spain d Institute of Health Research of Aragon (IIS), Zaragoza, Spain e EXER-GENUD (Growth, Exercise, NUtrition and Development) Research Group, University of Zaragoza, 50009, Zaragoza, Spain f Faculty of Health Science, University of Zaragoza, Domingo Miral, s/n, 50009, Zaragoza","nts and 29 robust controls, both including men and women; Trial 2, a non-randomized controlled trial, where the same sarcopenic patients from Trial 1 were divided in two groups: a Control Group (CG, n = 15); and a Trained Group (TG, n = 22). RNA was extracted from serum samples for all the participants, and the expression of 6 lncRNA (PVT1, HOTAIR, MALAT1, NEAT1, GAS5, H","3 Results 3.1 Analysis of circulating lncRNAs identifies different expression between robust controls and sarcopenic patients Four of the six lncRNA studied were differentially expressed in serum samples from sarcopenic patients participanting in Trial 1 (54 sarcopenic patients; 29 robust controls) and therefore became our candidate diagnostic biomarkers ( Table 1 ). Table 1 List of differentially expressed lncRNA in serum samples from sarcopenia patients as compared to robust individuals of Trial 1 at baseline. Table 1 LncRNA ΔCT Mean of Robust Controls ΔCT Mean of Sarcopenic Patients p value Difference (Log2 Fold Change) 2^( − ΔΔCT) Mean of Robust Controls 2^( − ΔΔCT) Mean of Sarcopenic Patients SD Mean of Robust Controls SD Mean of Sarcopenic Patients PVT1 3.637 2.443 0.00652 ∗∗ 1.194 1 2.287 0.341 0.416 HOTAIR 3.598 4.3 0.12922 ns −0.702 1 0.615 0.432 0.378 MALAT1 3.355 4.116 0.11246 ns −0.761 1 0.59 0.38 0.337 GAS5 1.673 0.8504 0.00202 ∗∗ 0.822 1 1.768 0.43 0.444 NEAT1 3.628 2.131 0.00055 ∗∗∗ 1.497 1 2.822 0.337 0.347 H19 1.112 2.108 0.01427 ∗ −0.996 1 0.501 0.269 0.397 Transcription levels of PVT1, HOTAIR, MALAT1, GAS5, NEAT1 and H19 were assessed in 29 robust controls (11 men and 18 women) and 54 sarcopenic patients (15 men and 34 women) at baseline (M0: Month 0). Expression levels were evaluated by Real Time PCR and parametric Student t -test or nonparametric Mann-Whitney test were used to compare the groups, depending on their normality. Three of these 4 lncRNA showed higher expression and one was lower in sarcopenic patients ( Fig. 2 a). The upregulated lncRNAs in sarcopenic patients were PVT1 oncogene (PVT1, p = 0.00652; LOG2FC = 1.194), Growth arrest specific 5 (GAS5, p = 0.00202; LOG2FC = 0.8224) and Nuclear paraspeckle assembly transcript 1 (NEAT1, p = 0.0",,,
PMC12275622,36259579.0,10.1007/s12603-022-1843-3,Clinical Efficacy of Multidomain Interventions among Multimorbid Older People Stratified by the Status of Physio-Cognitive Declines: A Secondary Analysis from the Randomized Controlled Trial for Healthy Aging.,2022.0,,https://europepmc.org/article/MED/36259579,expanded_accessible_search,multidomain_exercise_nutrition,Clinical Efficacy of Multidomain Interventions among Multimorbid Older People Stratified by the Status of Physio-Cognitive Declines: A Secondary Analysis from the Randomized Controlled Trial for Healthy Aging,exclude,Protocol/review signal in full-text-mined fields,yes,yes,no,yes,yes,yes,yes,yes,yes,no,yes,frailty;gait_speed;grip_strength;adl;quality_of_life,riginal Research Clinical Efficacy of Multidomain Interventions among Multimorbid Older People Stratified by the Status of Physio-Cognitive Declines: A Secondary Analysis from the Randomized Controlled Trial for Healthy Aging Lee W.-J. 1 2 3 Peng L.-N. 1 2 4 Lin M.-H. 1 2 4 Lin C.-H. 5 Chen Liang-Kung lkchen2@vghtpe.gov.tw 1 2 4 6 1 Center for Healthy Longevity and Ag,"pmc J Nutr Health Aging J Nutr Health Aging 4760 jnha The Journal of Nutrition, Health & Aging 1279-7707 1760-4788 Elsevier PMC12275622 PMC12275622.1 12275622 12275622 36259579 10.1007/s12603-022-1843-3 S1279-7707(23)00417-7 1 Original Research Clinical Effi","nths; and being currently institutionalized. In TIGER study, participants were randomly assigned by a 1:1 ratio to the integrated geriatric care plus a multidomain intervention or usual care group. The intervention group attained 16-structured 2-h training sessions including physical exercise, cognitive training, diet education and chronic condition managements, and a","Results Overall, 96/340 (28.2%) of all participants have PCDS, and the integrated multidomain intervention significantly improved global cognitive performance (overall difference 1.1, 95% CI 0.4–1.8, p=0.003), and domains of concentration (overall difference 0.3, 95%CI 0.1–0.5, p=0.011), language (overall difference 0.2, 95%CI 0.1–0.3, p=0.006), abstract thinking (overall difference 0.1, 95%CI 0.0–0.3, p=0.027), and orientation(overall difference 0.2, 95%CI 0.0–0.4, p=0.013) across all timepoints among those with PCDS. Besides, interventions also significantly reduced frailty score among those with cognitive impairment no dementia (overall difference −0.3, 95%CI −0.5 − −0.1, p=0.011) and mobility impairment no disability (overall difference −0.3, 95%CI −0.4 − −0.1, p=0.004). and improved quality of life at domain of physical role limitation among those with PCDS (overall difference 5.3, 95%CI 0.3–10.4, p=0.038).
Results Of 340 eligible participants (mean age: 72.3±5.6 years), the prevalence of PCDS was 96/340 (28.2%), CIND was 50/340 (14.7%), MIND was 101/340 (29.7%) and 93/340 (27.3%) was robust. There were no significant differences between intervention and control groups except men was more dominant in the controls of robust group (Table 1 ). Participants with PCDS were older and having less education years, but similar in tobacco smoking, alcohol drinking and medical conditions compared to the robust group (Supplementary table S1). Compared to the robust group, PCDS had poorer MoCA scores, poorer frailty scores and poorer physical component summary scores (PCS) in quality of life, but similar in mental component summary score (MCS) in quality of life (Supplementary table S2 and S3). Table 1 Participant baseline characteristics Characteristics: data show mean ± SD or",,,
PMC12275761,32259186.0,10.14283/jfa.2020.13,"Multi-Component Exercise with High-Intensity, Free-Weight, Functional Resistance Training in Pre-Frail Females: A Quasi-Experimental, Pilot Study.",2020.0,The Journal of frailty & aging,https://pubmed.ncbi.nlm.nih.gov/32259186/,original_high_confidence,multicomponent_exercise,"Multi-Component Exercise with High-Intensity, Free-Weight, Functional Resistance Training in Pre-Frail Females: A Quasi-Experimental, Pilot Study",include_primary_accessible,Community/home/primary-care frailty RCT confirmed by mined full-text fields,yes,yes,no,yes,yes,yes,yes,no,no,no,yes,frailty;gait_speed;sppb;grip_strength;falls;quality_of_life;adherence;adverse_events,"ategy appears to be feasible and safe, and may also improve frailty status, functional task performance, and muscle strength. These results help calculate effect size for a future randomized controlled trial. Key words Older age resistance training muscle strength quality of life females pmc-status-qastatus 0 pmc-status-live yes pmc-status-embargo no pmc-status-releas","of Frailty & Aging 2260-1341 2273-4309 Elsevier PMC12275761 PMC12275761.1 12275761 12275761 32259186 10.14283/jfa.2020.13 S2260-1341(24)00272-X 1 Original Research Multi-Component Exercise with High-Intensity, Free-Weight, Functional Resistance Training in Pre-Frail Females: A Quasi-Experimental, Pilot Study Bray N.W. 1 Jones G.J. 1 Rush K.L. 2 Jones C.A. 3 Jakobi J","lance and flexibility exercises. The crux of the program was balance and resistance exercises, the latter utilized high-intensity, free-weight, functional resistance training. The control group maintained their usual care. Measurements 1) Feasibility and safety (dropout, adherence, and adverse event) 2) Frailty (Frailty Phenotype, Clinical Frailty Scale, and gait speed)","Results No participants dropped out of the intervention or experienced an adverse event, and adherence averaged 88.3%. The exercise group became less frail, whereas the control group became more frail. There was a significant within-group improvement in exercise participants gait speed (p ≤ 0.01, +0.24 m/sec), grip strength (p ≤ 0.01, +3.9 kg), and sit-to-stand time (p ≤ 0.01, -5.0 sec). There was a significant within-group improvement in exercise participants knee extension isometric torque (p ≤ 0.05, +7.4 Nm) and isotonic velocity (p = ≤ 0.01, +37.5 °/sec). Elbow flexion isotonic velocity significantly declined within the control group (p ≤ 0.01, -20.2 °/sec) and demonstrated a significant between-group difference (p ≤ 0.05, 40.73 °/sec) post-intervention.
Results Characteristics: Participant characteristics were similar between groups (Table 1 ). Three CON participants were removed from the analysis because they were unable to complete the post-intervention assessment at the required date due to a fall-related injury unrelated to the study (n = 2) or illness (n = 1). No EX participants dropped out or experienced an adverse event during the intervention, and intervention adherence averaged 88.3%. One EX participant completed <65% of exercise sessions (seasonal flu) and was subsequently removed from the final analysis. A shoulder injury, unrelated to the exercise program, precluded one EX participant from completing the grip strength, STS, and EF measures at week 13. Table 1 Participant characteristics (mean ± SD) Characteristics CON EX n = 8 n = 8 Age (years) 72.4 ± 5.4 72.9 ± 4.8 Height (cm) 156.4 ± 7.7 162.5 ± 4.0 Weight (kg) 67.1 ± 11.0 75.8 ± 23.3 BMI (kg/m 2 ) 27.4 ± 4.0 28.6 ± 8.5 MoCA 25.6 ± 2.6 25.0 ± 3.0 Comorbidities per Participant 1.9 ± 1.5 2.1 ± 1.2 SD = ",,,
PMC12280510,31367733.0,10.1007/s12603-019-1216-8,"Positive Effects of ""Textured Lunches"" Gatherings and Oral Exercises Combined with Physical Exercises on Oral and Physical Function in Older Individuals: A Cluster Randomized Controlled Trial.",2019.0,"The journal of nutrition, health & aging",https://pubmed.ncbi.nlm.nih.gov/31367733/,original_high_confidence,nutrition_only,Positive Effects of “Textured Lunches” Gatherings and Oral Exercises Combined with Physical Exercises on Oral and Physical Function in Older Individuals: A Cluster Randomized Controlled Trial,include_primary_accessible,Community/home/primary-care frailty RCT confirmed by mined full-text fields,yes,yes,yes,yes,yes,yes,yes,no,no,yes,yes,frailty;gait_speed;grip_strength;falls;quality_of_life;adherence,192-2 1 Article Positive Effects of “Textured Lunches” Gatherings and Oral Exercises Combined with Physical Exercises on Oral and Physical Function in Older Individuals: A Cluster Randomized Controlled Trial Kito N. 1 Matsuo Koichiro kmatsuo@fujita-hu.ac.jp 1 Ogawa K. 2 Izumi A. 2 Kishima M. 3 Itoda M. 4 Masuda Y. 5 1 Department of Dentistry and Oral-Maxillofacial Sur,"pmc J Nutr Health Aging J Nutr Health Aging 4760 jnha The Journal of Nutrition, Health & Aging 1279-7707 1760-4788 Elsevier PMC12280510 PMC12280510.1 12280510 12280510 31367733 10.1007/s12603-019-1216-8 S1279-7707(23)01192-2 1 Article Positive Effects of “Te","ng and Participants Eighty-six community-dwelling older adults in Daito city, Japan, were randomly assigned into control (n = 43) or intervention (n = 43) groups. Intervention The control group performed the physical exercise regimen only. The intervention group participated in a 12-week physical and oral exercise program and ate a so-called “munchy lunch” that introduce","Results A total of 113 older adults were recruited for this study and allocated into the intervention or control groups randomly according to community group (Figure 3 ). Five subjects in the control group and 12 in the intervention group withdrew from the study due to lack of interest or hospitalization. Ultimately, each 43 subjects in the control and intervention groups completed the final physical and oral assessments. Figure 3 Schematic flow diagram of participants in this randomized control trial The baseline measurements of the cohort are summarized in Table 1 . At the study onset, body fat percentage was significantly lower in the intervention group. No subject satisfied the criteria for sarcopenia. ( 25 ) As the measure for oral function, the number of teeth, occlusal force, and masticatory function were significantly higher in the intervention group at baseline. The attendance rate for the munchy lunch gatherings in the intervention group was 95.2%. The percentage of leftover lunch was 1.6 ± 4.9%. Table 1 Baseline characteristics of participants Characteristic Overall (n=86) Control (n=43) Intervention (n=43) P-value Mean SD Mean SD Mean SD Age (years) 75.6 (5.6) 76.7 (5.3) 74.4 (5.6) 0.06 Men : Women 6 : 80 2 : 41 4 : 39 Oral functions Number of teeth 18.7 (9.4) 15.3 (10.3) 22.0 (7.1) 0.001 Occlusal force (log [N]) 2.3 (0.4) 2.2 (0.4) 2.4 (0.4) 0.019 Tongue-lip motor function /pa/ (number/s) 6.1 (0.8) 6.1 (0.8) 6.2 (0.8) 0.89 /ta/ (number/s) 6.2 (0.7) 6.1 (0.7) 6.3 (0.7) 0.42 /ka/ (number/s) 5.8 (0.8) 5.7 (1.0) 5.8 (0.7) 0.69 Tongue pressure (kPa) 32.4 (8.0) 31.8 (8.6) 32.9 (7.4) 0.55 Masticatory function (mg/dL) 137.6 (48.7) 122.1 (50.6) 152.8 (42.0) 0.003 Physical properties and activities BMI (kg/m 2 ) 23.7 (3.6) 24.3 (4.1) 23.1 (3.0) 0.13 Body fat percenta",,,
PMC12283294,40704314.0,10.3389/fnut.2025.1575922,Predicting the unseen: nutritional interventions as a key to combat frailty.,2025.0,,https://europepmc.org/article/MED/40704314,expanded_accessible_search,nutrition_only,Predicting the unseen: nutritional interventions as a key to combat frailty,defer_second_reviewer,Eligibility plausible but frailty/setting classification needs second review,yes,yes,no,yes,yes,yes,yes,no,no,no,no,frailty;gait_speed;adl;falls;quality_of_life;adherence,"tein misfolding diseases. Nat Rev Mol Cell Biol. ( 2014 ) 15 : 384 – 96 . 10.1038/nrm3810 24854788 40. Ferrucci L Guralnik J Studenski S Fried L Cutler G Jr. Walston J . Designing randomized, controlled trials aimed at preventing or delaying functional decline and disability in frail, older persons: A consensus report. J Am Geriatr Soc. ( 2004 ) 52 : 625 – 34 . 10.111",pmc Front Nutr Front Nutr 2731 fnut Front. Nutr. Frontiers in Nutrition 2296-861X Frontiers Media SA PMC12283294 PMC12283294.1 12283294 12283294 40704314 10.3389/fnut.2025.1575922 1 Nutrition Original Research Predicting the unseen: nutritional interv,"oschel H Hayashi A Fernandes A Jambassi-Filho J Hevia-Larrain V de Capitani M Supplement-based nutritional strategies to tackle frailty: A multifactorial, double-blind, randomized placebo-controlled trial. Clin Nutr. ( 2021 ) 40 : 4849 – 58 . 10.1016/j.clnu.2021.06.024 34358827 88. Di Giosia P Stamerra C Giorgini P Jamialahamdi T Butler A Sahebkar A . The role of n","Results Between 2005 and 2024, 2,357 publications on frailty and nutrition status in older adults were produced by 13,080 researchers from 3,987 institutions across 88 countries. The volume of publications has shown a consistent upward trajectory over the past two decades (R 2 = 0.84), with projections indicating a continued increase, peaking at 315 publications by 2033. This sustained growth underscores the field’s significance and ongoing research interest. Early research has centered on the “home-living elderly” demographic, while current investigations have shifted focus from molecular biology, genetics, and health nursing to more clinical and medical domains. Key areas of emphasis now include nutrition and dietetics, geriatrics, oncology, and pharmacology. Emerging research hotspots involve the early identification and management of malnutrition to reduce frailty-related health risks and improve health outcomes and quality of life for older adults. Notable trends include the keywords “prediction,” “nutritional assessment MNA,” “intervention,” and “infection.”
3 Results 3.1 Annual publications and trend Analyzing publication volume and trends offers valuable insights into the academic significance and global research activity of a field ( 28 ). On November 6, 2024, a total of 2,357 publications on frailty and nutrition status in older adults were retrieved from the WoSCC database, accumulating 62,583 citations, with an average of 26.69 citations per publication, an H-index of 110, and an average document age of 4.9 years. The average document age was calculated as the mean difference between the year of data retrieval (2024) and the publication year of each included document. The 2024 data reflect publications indexed up to November 6, representing partial-year coun",,,
PMC12284115,40695991.0,10.1038/s41746-025-01873-y,A randomized controlled trial of mobile intervention using health support bubbles to prevent social frailty.,2025.0,,https://europepmc.org/article/MED/40695991,expanded_accessible_search,exercise_plus_nutrition,A randomized controlled trial of mobile intervention using health support bubbles to prevent social frailty,defer_second_reviewer,Eligibility plausible but frailty/setting classification needs second review,yes,yes,no,yes,yes,yes,yes,no,no,no,no,frailty;adl;adherence;adverse_events,Digit Med 3605 npjdigitmed NPJ Digital Medicine 2398-6352 Nature Publishing Group PMC12284115 PMC12284115.1 12284115 12284115 40695991 10.1038/s41746-025-01873-y 1873 1 Article A randomized controlled trial of mobile intervention using health support bubbles to prevent social frailty Hayashi Chisato chisato_hayashi@cnas.u-hyogo.ac.jp 1 Tanemura Nanae 2 Taniguchi Maki,l Medicine 2398-6352 Nature Publishing Group PMC12284115 PMC12284115.1 12284115 12284115 40695991 10.1038/s41746-025-01873-y 1873 1 Article A randomized controlled trial of mobile intervention using health support bubbles to prevent social frailty Hayashi Chisato chisato_hayashi@cnas.u-hyogo.ac.jp 1 Tanemura Nanae 2 Taniguchi Maki 3 Okano Tadashi 4 Toyoda Hiromitsu 5 6,nutrition management software application and a web portal. We assessed social frailty using Bunt’s framework. We enrolled 101 participants who used the application either alone (control group) or with family members (intervention group). The intervention arm showed greater improvement in social behavior and leisure activities ( p = 0.004) and the total frailty score (,"Results Study participants The median and mean ages of the 101 participants were 51.0 (range, 40–69) years and 51.68 ± 7.68 years, respectively. Of them, 59 (58.4%) were women, 83 (82.2%) were married, 7 (6.9%) were divorced, 10 (9.9%) were unmarried, and 1 (1%) had missing data. The baseline characteristics were well balanced across the arms (Table 1 ). Table 1 Baseline characteristics of the intervention groups and the control group Social frailty model framework Intervention ( n = 52) Control ( n = 49) P value General resources Mean (SD) Mean (SD) Age (years old) 52.5 (8.1) 50.9 (7.2) 0.297 Sex N (%) N (%) 0.842 Male 21 (40.4%) 21 (42.9%) Female 31 (59.6%) 28 (57.1%) Economic condition 0.646 Sufficiently or somewhat satisfied 22 (42.3%) 24 (49%) Neutral 14 (26.9%) 14 (28.6%) Somewhat not or not sufficiently satisfied 16 (30.8%) 11 (22.4%) Educational level 0.255 High schools 13 (25%) 7 (14.3%) Vocational schools and junior colleges 16 (30.8%) 12 (24.5%) Universities 16 (30.8%) 17 (34.7%) Graduate school master’s programs 7 (13.5%) 13 (26.5%) Lifestyle Mean (SD) Mean (SD) Sleeping hours (hours) 6.2 (0.9) 6.6 (1.2) 0.078 Tobacco N (%) N (%) 0.086 Smoking 2 (3.8%) 7 (14.3%) Not smoking 50 (96.2%) 42 (85.7%) Drinking alcohol 0.474 5 days or more a week 13 (25%) 18 (36.7%) 2–4 days a week 8 (15.4%) 7 (14.3%) Less than 1 day a week 31 (59.6%) 24 (49%) Eating snack 0.841 5 days or more a week 24 (46.2%) 23 (46.9%) 2–4 days a week 16 (30.8%) 17 (34.7%) Less than 1 day a week 12 (23.1%) 9 (18.4%) Eating breakfast 0.100 5 days or more a week 40 (76.9%) 44 (89.8%) 2–4 days a week 7 (13.5%) 1 (2%) Less than 1 day a week 5 (9.6%) 4 (8.2%) Exercise 0.548 Regularly and often 18 (34.6%) 16 (32.7%) Sometimes 14 (26.9%) 17 (34.7%) Rarely 14 (26.9%) 14 (28.6%) Never 6 (11.5%) 2 (4.1%) ",,,
PMC12285095,40696284.0,10.1186/s12877-025-06171-6,Application of the Fitness and Nutrition Program for Seniors (FANS) to improve Physical Activity and Kinanthropometric Measures among Community-Dwelling Older Adults living with Frailty: a Quasi-experimental Study.,2025.0,,https://europepmc.org/article/MED/40696284,expanded_accessible_search,nutrition_only,Application of the Fitness and Nutrition Program for Seniors (FANS) to improve Physical Activity and Kinanthropometric Measures among Community-Dwelling Older Adults living with Frailty: a Quasi-experimental Study,include_primary_accessible,Community/home/primary-care frailty RCT confirmed by mined full-text fields,yes,yes,no,yes,yes,yes,yes,no,no,no,yes,frailty;gait_speed;sppb;grip_strength;quality_of_life;adherence;adverse_events,"nt differences. Simultaneously, it monitored in-person course attendance, home practice implementation rates, and adverse events. Methods Study design This research employed a non-randomized experimental control group design with pre-test and post-test assessments. The 6-month FANS intervention was implemented among community-dwelling older adults living with frailty,",BMC Geriatr 33 bmcgeri BMC Geriatrics 1471-2318 BMC PMC12285095 PMC12285095.1 12285095 12285095 40696284 10.1186/s12877-025-06171-6 6171 1 Research Application of the Fitness and Nutrition Program for Seniors (FANS) to improve Physical Activity and Kinanthropometric Measures among Community-Dwelling Older Adults living with Frailty: a Quasi-experimental Study http:/,"ometric measures. Methods This quasi-experimental research involved 81 older adults from community care centers, with 43 in the experimental group receiving the FANS and 38 in the control group continuing their usual health activities. Outcome measures, evaluated using intention-to-treat analysis, included physical activity (assessed with the Short Physical Performance B","Result The intervention group exhibited significant improvements in all physical activity measures ( p < 0.001) and mid-upper arm circumference ( p < 0.001) immediately and over time. The study identified significant differences between the two groups in physical activity on the Short Physical Performance Battery, which increased by 0.66 points ( p < 0.05), Five Times Sit to Stand test, which was 1.83 s faster ( p < 0.05), Timed Up and Go test, which was 2.63 s faster ( p < 0.001), and physical activity levels, which increased by 6.47 MET/hr ( p < 0.001). Additionally, kinanthropometric measurements, such as mid-upper arm circumference, which increased by 2.28 cm ( p < 0.001), and calf circumference, which increased by 1.34 cm ( p < 0.01), also showed significant differences. Significant interactions (group × time) were observed between the FTSST ( Wald χ 2 = 5.103, p < 0.05) and PA level ( Wald χ 2 = 4.080, p < 0.05) after three months. Additionally, significant interactions were found for the TUG ( Wald χ 2 = 6.856, p < 0.01), PA level ( Wald χ 2 = 34.888, p < 0.001), MUAC ( Wald χ 2 = 19.695, p < 0.001), and CC (Wald χ 2 = 10.181, p < 0.01) after six months.
Results Homogeneity test The homogeneity testing results showed no statistically significant differences between the two groups in demographic characteristics, including date of birth, biological sex, level of education, marital status, living situation, smoking history, alcohol consumption history, and perceived economic status ( p > 0.05). Additionally, the average numbers of chronic diseases were 0.93 in the experimental group and 0.97 in the control group. Regarding frailty status, 27.90% of the experimental group were in the frailty stage, while 72.10% were in the pre-frailty stage. In the control group, 18.",,,
PMC12299642,40724490.0,10.3390/life15070986,"Home-Based Virtual Reality Exercise and Resistance Training for Enhanced Cardiorespiratory Fitness in Community-Dwelling Older People with Sarcopenia: A Randomized, Double-Blind Controlled Trial.",2025.0,,https://europepmc.org/article/MED/40724490,expanded_accessible_search,exercise_only,"Home-Based Virtual Reality Exercise and Resistance Training for Enhanced Cardiorespiratory Fitness in Community-Dwelling Older People with Sarcopenia: A Randomized, Double-Blind Controlled Trial",secondary_sarcopenia_verify,Sarcopenia/vulnerability RCT; frailty-primary status requires verification,yes,no,yes,yes,yes,yes,yes,no,yes,no,yes,frailty;gait_speed;grip_strength;falls;quality_of_life;adherence;adverse_events,"86 life-15-00986 1 Article Home-Based Virtual Reality Exercise and Resistance Training for Enhanced Cardiorespiratory Fitness in Community-Dwelling Older People with Sarcopenia: A Randomized, Double-Blind Controlled Trial Chitjamnogchai Chanakan Formal analysis Investigation Data curation Writing – original draft 1 https://orcid.org/0000-0002-2997-4904 Yuenyongchaiwat","82 life life Life 2075-1729 Multidisciplinary Digital Publishing Institute (MDPI) PMC12299642 PMC12299642.1 12299642 12299642 40724490 10.3390/life15070986 life-15-00986 1 Article Home-Based Virtual Reality Exercise and Resistance Training for Enhanced Cardiorespiratory Fitness in Community-Dwelling Older People with Sarcopenia: A Randomized, Double-Blind Controlled T","ty-dwelling older adults with sarcopenia. Subjects and Methods : In a randomized controlled trial, 53 older adults with sarcopenia were divided into a home-based VR (n = 26) and a control group (CG; n = 27). The VR program combined aerobic and resistance exercises, performed three times per week for 12 weeks, while the CG received knowledge regarding the benefit of exerc","3. Results Fifty-eight individuals were defined as having sarcopenia according to the Asian Working Group of Sarcopenia (AWGS) 2019 version. Ten participants refused to participate; hence, a total of 53 individuals were enrolled in this study. Forty-nine participants (VR, n = 23, CG, n = 26) completed the 12-week intervention period. Four participants were unavailable to complete the study: 1 from the CG, who was reallocated, and 3 from the VR group (1 was unavailable, and 2 had knee pain during the intervention program). There were no significant differences in baseline age, sex, cardiorespiratory performance between those who completed the intervention and those who did not ( p > 0.05; see Table 1 ). Therefore, an intention-to-treat analysis was performed ( Figure 2 ). Table 1 compares the participant characteristics between the VR and the CG. There were no statistically significant differences in participant characteristics between the VR and the CG regarding sex, comorbidities, age, and cardiorespiratory performance at baseline ( p > 0.005). Table 2 shows a comparison of the effects of VR on cardiorespiratory performance. There were statistically significant between-group differences in MEP F (1,51) = 10.446, p = 0.002, np 2 = 0.170) changes from the pre- to the post-12-week period, in which the VR group had higher MIP values than the CG. Compared with the baseline period, improved cardiorespiratory performance (i.e., respiratory muscle strength and functional capacity) was noted in the VR group ( p < 0.05). While statistically significant improvements in MEP (Δ13.73 cmH 2 O, p < 0.001) and 6MWT (Δ28.32 m, p < 0.001) were observed in the VR group after the 12-week intervention, the CG showed a significant decrease ( p < 0.05). Furthermore, statistically significant ",,,
PMC12316439,40749218.0,10.2196/76357,Mixed Reality-Based Physical Therapy in Older Adults With Sarcopenia: Preliminary Randomized Controlled Trial.,2025.0,JMIR serious games,https://pubmed.ncbi.nlm.nih.gov/40749218/,original_high_confidence,exercise_only,Mixed Reality–Based Physical Therapy in Older Adults With Sarcopenia: Preliminary Randomized Controlled Trial,secondary_sarcopenia_verify,Sarcopenia/vulnerability RCT; frailty-primary status requires verification,yes,yes,yes,yes,yes,yes,yes,no,no,no,no,frailty;gait_speed;grip_strength;adl;falls;quality_of_life;adherence;adverse_events,"lder People Evaluation of XR and Spatial Computing Falls Prevention in the Elderly Original Paper Mixed Reality–Based Physical Therapy in Older Adults With Sarcopenia: Preliminary Randomized Controlled Trial https://orcid.org/0009-0001-4938-9825 An Yeongsang PT, MS 1 https://orcid.org/0009-0004-1870-9832 Min Seunghwa MS 1 https://orcid.org/0000-0003-2262-8555 Park Cha","copenia in older adults is associated with reduced muscle mass and function, leading to frailty, increased fall risk, and decreased quality of life (QOL). Mixed reality (MR)–based interventions have emerged as promising tools to enhance physical therapy engagement and effectiveness through immersive, interactive environments. Objective This study aimed to investigate th","etween the groups. This finding is consistent with those of the previous studies. As previously reported, increased muscle strength (10.2%) was observed using VR compared with the control group in 30 participants with sarcopenia [ 31 ]. As previously reported, increased muscle parameters (8.8%) were observed using an augmented reality-based exercise program compared with","Results The Mr.PT group showed significantly greater improvement in quadricep muscle thickness than the CPA group ( P =.001). Within-group improvements in balance confidence (ABC scale) and daily functioning (Katz Index of Independence in Activities of Daily Living) were observed in both groups ( P <.05), though between-group differences were not statistically significant. However, the Mr.PT group demonstrated significantly greater gains in QOL as measured by 12-Item Short-Form Health Survey ( P =.02). All participants completed the intervention without dropouts or adverse events.
Results Figure 4 shows the study flow chart. Figure 4. CONSORT (Consolidated Standards of Reporting Trials) flow chart. AI: artificial intelligence; CPA: conventional physical activity; Mr.PT: Mixed Reality–Based Physical Therapy. Demographic Data Table 1 shows the demographic characteristics of the participants. Each participant completed all experimental tasks and exercises. The CPA and Mr.PT groups did not differ significantly in terms of sex, age, height, weight, or BMI ( P >.05). Table 1. Participants’ demographic characteristics (N=30). Characteristics Mr.PT a (n=15) CPA b (n=15) P value Age (years), mean (SD) 76.24 (8.7) 74.88 (9.1) .68 Sex, n (%) >.99 Male 0 (0) 0 (0) Female 15 (100) 15 (100) Height (cm), mean (SD) 153.12 (10.11) 155.88 (8.21) .31 Weight (kg), mean (SD) 54.13 (6.13) 56.27 (4.88) .45 BMI (kg/m 2 ), mean (SD) 20.11 (1.81) 20.83 (0.91) .23 a Mr.PT: Mixed Reality–Based Physical Therapy. b CPA: conventional physical activity. Quadricep Muscle Thickness and KIADL Measurements Repeated-measures ANOVA revealed a significant time effect ( P =.001) for quadricep muscle thickness and KIADL, indicating improved muscle thickness and ADL for participants. No significant difference i",,,
PMC12323141,40759914.0,10.1186/s12877-025-05895-9,"Characterizing sarcopenia and sarcopenic obesity in patients aged 65 years and over, at risk of mobility disability: a multicenter observational trial (SARA-OBS).",2025.0,,https://europepmc.org/article/MED/40759914,expanded_accessible_search,exercise_only,"Characterizing sar copenia and sarcopenic obesity in patients a ged 65 years and over, at risk of mobility disability: a multicenter obs ervational trial (SARA-OBS)",defer_second_reviewer,Comparator not clearly confirmed from mined fields,yes,no,yes,yes,yes,no,yes,no,no,no,yes,frailty;gait_speed;sppb;grip_strength;adl;falls;quality_of_life;adverse_events,"A-OBS). This study will allow a better definition of population and sub-population(s) in need of therapeutic intervention and refine the possible endpoints of upcoming therapeutic randomized controlled clinical trials. Characterization of the target population, evolution of parameters as well as exploratory subgroup analyses are presented. Methods Study design and par","ef Carole 12 Del Signore Susanna 14 15 Tourette Cendrine 12 Dioh Waly waly.dioh@biophytis.com 12 Veillet Stanislas 12 1 https://ror.org/05wvpxv85 grid.429997.8 0000 0004 1936 7531 Nutrition, Exercise Physiology, and Sarcopenia Laboratory, Jean Mayer USDA Human Nutrition Research Center on Aging, Tufts University, 711 Washington St, Boston, MA 02111 USA 2 https://ror.",,"Results Overall, the mean (± SD) change from baseline to Month 6/EOS in 400MWT GS was − 0.027 ± 0.171 m/sec ( p = 0.064). Both GS and 6MWD decreased significantly in subgroup with GS ≥ 0.8 m/sec at baseline (-0.047 ± 0.185 m/sec; p = 0.017 and − 24.01 ± 68.24 m; p = 0.001, respectively). In subgroup with SPPB = 8 at baseline, 6MWD also decreased (-36.80 ± 67.60 m; p < 0.001). We observed a significant change from baseline for 6MWD in the SO subgroup (-18.30 ± 81.95 m; p = 0.013). Neither HGS nor SarQoL changed significantly from baseline to Month 6/EOS.
Results Participant disposition A total of 868 participants were screened; 637 (73.4%) were excluded as screening failures, 231 (26.6%) were included, of whom 185 (80%) completed the trial (Fig. 1 ). The two main reasons for screening failures ( n = 637 [73.4%]) were body composition criterion (high ALM/BMI or ALM) at DEXA and physical performance criteria (SPPB > 8) ( n = 129 [20.2%], 245 [38.4%] and 235 [36.9%] for SPPB > 8, high ALM/BMI or ALM, and both, respectively) (Supp Table 1 ). The reasons for the discontinuation of 46 participants were participant withdrawal ( n = 24 [10.4%]), protocol deviation ( n = 5 [2.2%]), loss to follow ( n = 4 [1.7%]), adverse events ( n = 4 [1.7%]), physician decision ( n = 1 [0.4%]) and other reason ( n = 8 [3.5%]). Fig. 1 Participant disposition Participant demographics and baseline characteristics The mean (± SD) study duration was 6.8 ± 1.7 months. Overall, the mean age of the study population with available data ( n = 185) was 79.2 ± 7.5 year and majority of participants were women ( n = 111 [60.0%]). The participants had a mean BMI of 29.58 ± 6.98 kg/m², among them about 39% had a BMI ≥ 30 (threshold for obesity according to WHO guidelines) (Table 1 ). 78.4% (145/185 participant",,,
PMC12347130,40807152.0,10.3390/jcm14155531,"Gaming Against Frailty: Effects of Virtual Reality-Based Training on Postural Control, Mobility, and Fear of Falling Among Frail Older Adults.",2025.0,,https://europepmc.org/article/MED/40807152,expanded_accessible_search,exercise_only,"Gaming Against Frailty: Effects of Virtual Reality-Based Training on Postural Control, Mobility, and Fear of Falling Among Frail Older Adults",exclude,Protocol/review signal in full-text-mined fields,yes,yes,no,yes,yes,yes,yes,yes,no,no,yes,frailty;gait_speed;grip_strength;adl;falls;adherence;adverse_events,"d as frail or prefrail were enrolled in a four-week trial. Participants were assigned to either a VR intervention group ( n = 28) or control group ( n = 23). Participants were non-randomly assigned based on availability and preference. Outcome measures were collected at baseline and post-intervention. Primary outcomes included center of pressure (CoP) metrics—sway area, mean","ns.org/licenses/by/4.0/ ). Background/Objectives: Frailty is a prevalent geriatric syndrome associated with impaired postural control and elevated fall risk. Although conventional exercise is a core strategy for frailty management, adherence remains limited. Virtual reality (VR)-based interventions have emerged as potentially engaging alternatives, but their effects",hods: Fifty-one adults aged ≥65 years classified as frail or prefrail were enrolled in a four-week trial. Participants were assigned to either a VR intervention group ( n = 28) or control group ( n = 23). Participants were non-randomly assigned based on availability and preference. Outcome measures were collected at baseline and post-intervention. Primary outcomes includ,"3. Results A total of 51 participants were enrolled in this study, with 28 allocated to the intervention group and 23 to the control group. The mean age of participants in the intervention group was 70.68 ± 4.03 years, whereas the control group was older, with a mean age of 74.52 ± 5.06 years. Gender distribution was relatively balanced between groups, with 13 females and 15 males in the intervention group and 11 females and 12 males in the control group. A summary of the demographic and clinical characteristics of participants is provided in Table 2 . Baseline comparisons revealed statistically significant differences in several demographic variables. Participants in the control group were significantly older than those in the intervention group ( p = 0.006). Additionally, the intervention group demonstrated significantly higher values for height ( p < 0.001), weight ( p = 0.002), and BMI ( p = 0.008). However, no significant between-group differences were observed in frailty levels as measured by the Fried Frailty Phenotype ( p = 0.335). Similarly, gender distribution did not differ significantly between the two groups ( p = 1.000). Most study variables satisfied the assumptions of normality, as assessed by skewness and kurtosis values within ±1. Minor deviations were noted in a few self-reported variables, but these did not affect the overall validity of the parametric analyses. 3.1. Primary Outcomes The analyses revealed significant post-intervention between-group differences across all postural sway parameters, consistently favoring the intervention group. Figure 1 presents the mean values and standard deviations for the six CoP metrics assessed under both eyes-open and eyes-closed conditions at baseline and post-intervention. For sway area, significant post-interv",,,
PMC12378287,40423768.0,10.1007/s41999-025-01239-3,Frailty is associated with a history of falls among mobility-limited older adults-cross-sectional multivariate analysis from the BIOFRAIL study.,2025.0,,https://europepmc.org/article/MED/40423768,expanded_accessible_search,exercise_only,Frailty is associated with a history of falls among mobility-limited older adults—cross-sectional multivariate analysis from the BIOFRAIL study,exclude,Randomized design not confirmed in mined full-text fields,no,yes,yes,yes,yes,no,yes,no,no,yes,yes,frailty;gait_speed;sppb;grip_strength;falls;quality_of_life;adverse_events,,"ences, Faculty of Health and Medical Sciences, University of Copenhagen, Copenhagen, Denmark 8 https://ror.org/03nadks56 grid.17330.36 0000 0001 2173 9398 Laboratory of Sports and Nutrition Research, Riga Stradiņš University, Riga, Latvia 9 https://ror.org/03yrrjy16 grid.10825.3e 0000 0001 0728 0170 Department of Sports Sciences and Clinical Biomechanics, University",,"Findings Frailty and muscle strength were characteristics distinguishing between older adults with a history of falls and those absent of falls despite an increased risk of falling.
Results Totally, 505 mobility-limited older adults (mean age 79.7 ± 6.3 years, 64.8% females) were included. Of these, 400 (79.2%) had experienced one or more falls within the past year (fallers), while 105 (20.8%) had not experienced a fall (at risk). Patients with experienced falls were more likely to feel depressed, had reduced handgrip strength, and reduced performance in both STS tests compared to those who had not fallen. Frailty was the strongest individual parameter associated with a history of prior falls, even after adjusting for covariates such as depression and 30-s STS (aOR 3.80; 95% CI 1.70–8.50).
Results A total of 505 patients were included in the study (mean age 79.7 ± 6.3 years, 64.8% females). The characteristics of the study cohort are presented in Table 1 . Of these, 400 (79.2%) had experienced one or more falls within the past year (fallers), while 105 (20.8%) had not experienced a fall (at risk). There were no differences in the distribution of sex, age, BMI, or the prevalence of malnutrition between the two groups. Mild-to-severe depression was present in 30.4% of the total cohort. Patients who had experienced one or more falls were more likely to feel depressed than those who had not fallen within the last 12 months (fallers: 32.8% vs. at risk: 20.8%, p = 0.023). Table 1 Patient characteristics presented for the total group and according to fall status. The p-value reflects the level of statistical significance between the group of fall patients and patients at risk of falls for each variable Characteristics All patients (n = 505) Fall patients (n = 400) Risk of fall",,,
PMC12383353,40868119.0,10.3390/biomedicines13081863,Vitamin D and Sarcopenia: Implications for Muscle Health.,2025.0,,https://europepmc.org/article/MED/40868119,expanded_accessible_search,exercise_plus_nutrition,Vitamin D and Sarcopenia: Implications for Muscle Health,secondary_sarcopenia_verify,Sarcopenia/vulnerability RCT; frailty-primary status requires verification,yes,no,yes,yes,yes,yes,yes,no,yes,no,no,frailty;gait_speed;sppb;grip_strength;adl;falls;quality_of_life;adverse_events,"der adults, focusing on pathophysiological mechanisms, diagnostic criteria, clinical evidence, and preventive strategies. An integrative narrative review of observational studies, randomized controlled trials, and meta-analyses published in the last decade was conducted. The analysis incorporated international diagnostic criteria for sarcopenia (EWGSOP2, AWGS, FNIH, I","ue. Low serum 25-hydroxyvitamin D levels are consistently associated with decreased muscle strength, reduced physical performance, and increased prevalence of sarcopenia. Although interventional trials using Vit D supplementation report variable results, benefits are more evident in individuals with baseline deficiency and when combined with protein intake and resistanc","jers S.L. Effects of a vitamin D and leucine-enriched whey protein nutritional supplement on measures of sarcopenia in older adults, the PROVIDE study: A randomized, double-blind, placebo-controlled trial J. Am. Med. Dir. Assoc. 2015 16 740 747 10.1016/j.jamda.2015.05.021 26170041 113. Zhang J. Cao Z.B. Exercise: A Possibly Effective Way to Improve Vitamin D Nutrit",,,,
PMC12384908,40859523.0,10.1097/md.0000000000043976,"Effects of vitamins C and E supplementation combined with 12-week resistance training in older women with sarcopenia: A randomized, double-blind, placebo-controlled trial.",2025.0,,https://europepmc.org/article/MED/40859523,expanded_accessible_search,exercise_plus_nutrition,"Effects of vitamins C and E supplementation combined with 12-week resistance training in older women with sarcopenia: A randomized, double-blind, placebo-controlled trial",secondary_sarcopenia_verify,Sarcopenia/vulnerability RCT; frailty-primary status requires verification,yes,no,yes,yes,yes,yes,yes,no,no,yes,no,frailty;gait_speed;grip_strength;falls;quality_of_life;adherence;adverse_events,"1 3 7000 Research Article Clinical Trial/Experimental Study Effects of vitamins C and E supplementation combined with 12-week resistance training in older women with sarcopenia: A randomized, double-blind, placebo-controlled trial https://orcid.org/0009-0002-3286-7090 Liu Xu MD a b Chen Bo PhD cxh_ly@163.com b c Jin Yutian MEd 1109047367@qq.com b Zhong Feiyan MEd zfy2","08 40859523 10.1097/MD.0000000000043976 MD-D-25-06832 1 3 7000 Research Article Clinical Trial/Experimental Study Effects of vitamins C and E supplementation combined with 12-week resistance training in older women with sarcopenia: A randomized, double-blind, placebo-controlled trial https://orcid.org/0009-0002-3286-7090 Liu Xu MD a b Chen Bo PhD cxh_ly@163.com b c Ji","Clinical Trial/Experimental Study Effects of vitamins C and E supplementation combined with 12-week resistance training in older women with sarcopenia: A randomized, double-blind, placebo-controlled trial https://orcid.org/0009-0002-3286-7090 Liu Xu MD a b Chen Bo PhD cxh_ly@163.com b c Jin Yutian MEd 1109047367@qq.com b Zhong Feiyan MEd zfy20210208@163.com b Zhang","Results: After 12 weeks, muscle mass, strength, and physical performance significantly increased ( P < .05) in both the AS and PLA groups. However, the AS group had higher increases in arm lean mass (Δ = 0.96 vs 0.59 kg; P = .003, d = 0.74), skeletal muscle mass index (Δ = 0.71 vs 0.42 kg/m²; P = .004, d = 0.71), handgrip strength (Δ = 3.66 vs 1.16 kg; P = .047, d = 0.51), and knee extension strength (Δ = 2.28 vs 1.02 kg; P < .001, d = 0.89) than the PLA group. There were no differences in physical performance between the RT conditions over time. Regarding blood parameters, the AS group had increased GSH ( P < .001, d = 1.52) and GSH/GSSG ratio ( P < .001, d = 1.52), and reduced GSSG ( P < .001, d = 0.96) and malondialdehyde ( P < .001, d = 1.65) compared to the PLA group. The serum levels of IL-6 and tumor necrosis factor-alpha significantly decreased in the PLA and AS groups, but IL-6 was lower in the AS group than in the PLA group ( P < .001, d = 1.16).
3. Results 3.1. Participant characteristics A total of 60 women with sarcopenia were recruited and randomly allocated to the AS group (n = 30) and the PLA group (n = 30), with no dropouts occurring in either group during the entire intervention period, as shown in Figure 2 . The interventions were implemented with close monitoring of participants’ responses, and no adverse events were reported. All participants demonstrated 100% adherence to both the training and supplementation protocols. Baseline assessments revealed that all participants (60/60) had inadequate vitamin C levels (<50 μmol/L), while 57% (34/60) had inadequate vitamin E levels (<20 μmol/L), according to the most commonly used reference values. [ 31 , 32 ] The baseline characteristics of the participants are shown in Table 1 . No significant differences",,,
PMC12387168,40868822.0,10.3390/life15081174,"The Role of Rehabilitation Program in Managing the Triad of Sarcopenia, Obesity, and Chronic Pain.",2025.0,,https://europepmc.org/article/MED/40868822,expanded_accessible_search,nutrition_only,"The Role of Rehabilitation Program in Managing the Triad of Sarcopenia, Obesity, and Chronic Pain",secondary_sarcopenia_verify,Sarcopenia/vulnerability RCT; frailty-primary status requires verification,yes,no,yes,yes,yes,yes,yes,no,no,yes,yes,frailty;gait_speed;sppb;grip_strength;adl;falls;quality_of_life;adherence;adverse_events,"annot disentangle the specific contributions of each modality. This was a conscious decision to prioritize ecological validity and implementation feasibility. Nevertheless, future randomized factorial trials are encouraged. While this limitation is common in rehabilitation trials, its potential impact on outcome measurement must be acknowledged. Internal validity : Th","s with sarcopenic obesity and chronic pain. Methods: In this study, 82 participants were enrolled and allocated to a study group (SG, n = 40), receiving supervised rehabilitation, nutritional counseling, and supplementation, or to a control group (CG, n = 42), which did not receive rehabilitation. The final analysis included 35 patients in SG and 36 in CG. Outcomes w","In this study, 82 participants were enrolled and allocated to a study group (SG, n = 40), receiving supervised rehabilitation, nutritional counseling, and supplementation, or to a control group (CG, n = 42), which did not receive rehabilitation. The final analysis included 35 patients in SG and 36 in CG. Outcomes were assessed at baseline and six months using the Sarcope","3. Results 3.1. Baseline Patient Characteristics The baseline demographic, anthropometric, and clinical characteristics of both study and control groups are summarized in Table 3 . Overall, the groups were largely comparable, with no statistically significant differences in most numeric or categorical variables, except for weight and SarQoL, where significant differences were identified. Demographically, participants in both groups had a similar age distribution, with the study group averaging 72.66 years and the control group 72.92 years (difference: 0.26 years). Gender distribution and place of residence also showed no statistically significant differences ( p > 0.05, chi-square), confirming demographic homogeneity. Anthropometric analysis revealed that the study group had a lower average weight (81.11 kg) compared to the control group (84.14 kg; p < 0.05). However, the average height was nearly identical between the two groups, resulting in a comparable BMI, with no statistically significant differences ( p > 0.05). Body fat percentage was slightly lower in the study group (45.09%) compared to the control group (46.71%), but this difference was not significant. Functionally, both groups showed nearly identical scores in the SPPB and SMMI, indicating similar levels of physical performance and sarcopenic status at baseline. Pain assessment using NRS showed lower values in the study group (6.94) compared to the control group (8.72), while PPT scores were also lower in the study group (69.31 vs. 72.36), suggesting less perceived pain; however, these differences were not statistically significant ( p > 0.05). Regarding quality of life, measured by SarQoL, the study group reported a significantly lower score compared to the control group (mean difference = 2.77; p < 0.05).",,,
PMC12396167,40444985.0,10.1111/jgs.19552,Short- and Long-Term Effect of Multidomain Lifestyle Intervention on Frailty: Post Hoc Analysis of an RCT.,2025.0,,https://europepmc.org/article/MED/40444985,expanded_accessible_search,multidomain,Short‐ and Long‐Term Effect of Multidomain Lifestyle Intervention on Frailty: Post Hoc Analysis of an RCT,exclude,Protocol/review signal in full-text-mined fields,yes,yes,no,yes,yes,yes,yes,yes,yes,no,no,frailty;gait_speed;sppb;grip_strength,railty or frailty. Methods A total of 1259 participants (aged 60–77 years) in the Finnish Geriatric Intervention Study to Prevent Cognitive Impairment and Disability (FINGER) were randomized to a multidomain intervention group or to a regular health advice group for 2 years. Frailty was defined by modified Fried phenotype. Pre‐frail and frail participants were grouped,1 12396167 12396167 40444985 10.1111/jgs.19552 JGS19552 JAGS-0443-CI-Mar-25.R1 1 Clinical Investigation Clinical Investigation Short‐ and Long‐Term Effect of Multidomain Lifestyle Intervention on Frailty: Post Hoc Analysis of an RCT Pöyhönen Johanna https://orcid.org/0009-0003-1524-6134 1 2 johanna.poyhonen@thl.fi Roitto Hanna‐Maria 1 2 3 Lehtisalo Jenni 1 4 Levälahti E,". The prevalence of pre‐frailty/frailty at baseline and at 2, 7, and 11 years, the change in prevalence from baseline, and the difference in these changes between intervention and control groups were estimated using a mixed‐effects logistic regression model. Results The intervention reduced the risk of pre‐frailty/frailty up to 7 years. The prevalence decreased in the in","Results The intervention reduced the risk of pre‐frailty/frailty up to 7 years. The prevalence decreased in the intervention group from baseline (47%) to 2 years (42%), while it increased in the control group (45% to 49%), resulting in a −9.6‐percentage point difference in the change ( p = 0.007). After the active intervention period, the prevalence began to increase in both groups, but the difference in the change remained in favor of the intervention group at 7 years (−6.2 percentage points, p = 0.049). The beneficial effect was no longer evident at 11 years. Older age, lower protein intake, and a higher number of chronic diseases were strongly associated with pre‐frailty/frailty.
3 Results Of the 1259 participants in the FINGER study, 1201 (95%) with baseline frailty status data available were included in the analyses ( Figure S1 ). At baseline, the mean age of participants was 69.3 years, and 551 (46%) were women. Of all participants, 645 (54%) were robust, 541 (45%) pre‐frail, and 15 (1%) frail. In the analyses, pre‐frail and frail groups were combined ( n = 556, 46%). Participants who were pre‐frail/frail had a higher BMI, more chronic diseases, lower protein intake, slower gait speed, and weaker grip strength than those in the robust group (Table 1 ). Robust participants in the control group were younger than those in the intervention group ( p = 0.042). No other differences in baseline frailty subgroups were found between intervention and control groups. TABLE 1 Baseline characteristics of participants; comparison between robust and prefrail/frail groups. Characteristics N All participants ( n = 1201) Robust ( n = 645, 53.7%) Pre‐frail or frail ( n = 556, 46.3%) P ‐value Intervention group 1201 603 (50.2) 318 (49.3) 285 (51.3) 0.499 Sociodemographics and ‐econom",,,
PMC12413722,40514302.0,10.1016/j.tjpad.2025.100231,Tailoring multidomain intervention programs to reduce cognitive and physical decline in older adults: Examining rural-urban differences in a nationwide cluster-randomized controlled trial.,2025.0,,https://europepmc.org/article/MED/40514302,expanded_accessible_search,multidomain_exercise_nutrition,Tailoring multidomain intervention programs to reduce cognitive and physical decline in older adults: Examining rural-urban differences in a nationwide cluster-randomized controlled trial,exclude,Protocol/review signal in full-text-mined fields,yes,yes,no,yes,yes,yes,yes,yes,yes,no,yes,frailty;gait_speed;grip_strength;adl;quality_of_life;adherence,1 Original Article Tailoring multidomain intervention programs to reduce cognitive and physical decline in older adults: Examining rural-urban differences in a nationwide cluster-randomized controlled trial Ho Min-Yin a b Lee Wei-Ju leewju@gmail.com a c ⁎ Yen Ko-Han a d Liang Chih-Kuang ck.vghks@gmail.com a e ⁎⁎ Peng Li-Ning a d Lin Ming-Hsien a e Loh Ching-Hui a f H,2274-5807 2426-0266 Elsevier PMC12413722 PMC12413722.1 12413722 12413722 40514302 10.1016/j.tjpad.2025.100231 S2274-5807(25)00174-8 100231 1 Original Article Tailoring multidomain intervention programs to reduce cognitive and physical decline in older adults: Examining rural-urban differences in a nationwide cluster-randomized controlled trial Ho Min-Yin a b Lee Wei-Ju,"Setting Community clusters in five cities/counties across Taiwan. Participants A total of 1082 adults aged ≥65 years from 40 community clusters were randomized to intervention or control groups. Intervention The intervention group received a 12-month program including physical exercise (45 min/session), cognitive training (1 hour/session), and nutritional guidance (15 m","Results Urban participants showed significantly greater gains in visuospatial/executive function at the 12 month (rural-urban difference 0.63, 95 % CI: 0.26 -1.03), and walking speed at the 12 month (rural-urban difference 0.12 m/s, 95 % CI: 0.05 – 0.19). Rural participants demonstrated better improvements in grip strength at the 12 month (rural-urban difference -2.59 kg, 95 % CI: -3.91 - -1.27) and language function (rural-urban difference -0.38, 95 % CI: -0.68 - -0.09). Frailty reduction was more pronounced in urban areas at the 12 month (−0.21, 95 % CI: -0.38 - -0.03, p = 0.025), but showed minimal change in the rural participants.
3 Results 3.1 Demographic characteristics The study included 1082 participants, with 553 (51.1 %) from rural and 529 (48.9 %) from urban areas. The mean age was 75.1 years, with no significant difference between groups. Rural participants had lower education levels (4.9 ± 4.0 vs. 8.4 ± 4.2 years, p < 0.001) and higher rates of smoking (7.8 % vs. 2.9 %, p < 0.001). Urban participants also had better baseline physical and cognitive performance, including higher walking speeds (1.1 ± 0.3 m/s vs. 0.8 ± 0.3 m/s, p < 0.001) and MoCA scores (21.6 ± 5.5 vs. 18.8 ± 5.6, p < 0.001). ( Table 1 ) These disparities highlight key differences between rural and urban populations at baseline. Table 1 Baseline characteristics of the participant stratified by rural-urban group. Table 1 Rural ( n = 553) Urban ( n = 529) . Characteristics: data show mean ± SD [number] or number/total ( %) Total ( N = 1082) Rural ( n = 553) MDI ( n = 267) HE ( n = 286) Urban ( n = 529) MDI ( n = 282) HE ( n = 247) p-value for rural-urban difference Age (years) 75.1 ± 6.4 75.0 ± 6.1 75.0 ± 6.0 75.0 ± 6.2 75.2 ± 6.7 75.5 ± 6.7 74.9 ± 6.6 0.541 Male 339 (31.3) 202 (36.5) 73 (27.3)",,,
PMC12426612,40937507.0,10.1002/jcsm.70060,Enhancing Muscle Quality: Exploring Leucine and Whey Protein in Sarcopenic Individuals.,2025.0,,https://europepmc.org/article/MED/40937507,expanded_accessible_search,exercise_plus_nutrition,Enhancing Muscle Quality: Exploring Leucine and Whey Protein in Sarcopenic Individuals,secondary_sarcopenia_verify,Sarcopenia/vulnerability RCT; frailty-primary status requires verification,yes,no,yes,yes,yes,yes,no,no,yes,no,no,frailty;gait_speed;sppb;grip_strength;falls;quality_of_life,"prehensively analyse the current literature regarding the beneficial effects of leucine‐enriched whey protein supplementation in older adults. This article systematically reviewed randomised controlled trials, longitudinal studies, and meta‐analyses published between 2011 and 2024. The biochemical mechanisms underlying the anabolic properties of leucine, including its",0-6009 Wiley PMC12426612 PMC12426612.1 12426612 12426612 40937507 10.1002/jcsm.70060 JCSM70060 JCSM-D-24-01305 1 Review Review Enhancing Muscle Quality: Exploring Leucine and Whey Protein in Sarcopenic Individuals Ijaz Aiman 1 Ain Huma Bader Ul 1 2 huma.badar@dnsc.uol.edu.pk Tufail Tabussam 1 tabussam.tufail@dnsc.uol.edu.pk Mariam Raima 1 Noreen Sana 1 Amjad Aniqa,"oric oral nutrition supplements with whey protein–based oral nutrition versus leucine‐enriched oral nutrition in cancer patients and was a 12‐week clinically controlled trial. The control group was administered a whey protein–based nutritional supplement, and the intervention group received a leucine‐enriched oral nutritional supplement. A total of 46 patients took part","Results Findings from the reviewed studies indicate that the combined intervention of leucine‐enriched whey protein supplementation and resistance training elicits favourable outcomes regarding increased lean muscle mass, muscle strength and physical performance in older adults with sarcopenia. The potential of leucine‐enriched whey protein to mitigate muscle protein breakdown is discussed along with its potential synergistic effects with resistance exercise to optimise muscle adaptation. Future research directions, including investigations of optimal dosing regimens, long‐term sustainability and potential contraindications, are proposed to enhance the precision and applicability of this intervention strategy.",,,
PMC12430409,40944248.0,10.3390/nu17172860,Creatine Supplementation Combined with Exercise in the Prevention of Type 2 Diabetes: Effects on Insulin Resistance and Sarcopenia.,2025.0,,https://europepmc.org/article/MED/40944248,expanded_accessible_search,exercise_plus_nutrition,Creatine Supplementation Combined with Exercise in the Prevention of Type 2 Diabetes: Effects on Insulin Resistance and Sarcopenia,exclude,Protocol/review signal in full-text-mined fields,yes,no,yes,yes,yes,yes,yes,yes,yes,yes,yes,frailty;grip_strength;falls;quality_of_life;adverse_events,"icate that CrM is well tolerated in healthy and clinical populations when used at recommended doses, with no consistent evidence of adverse renal or hepatic effects. Further large randomized trials are needed to define optimal dosing, training modalities and long-term benefits for metabolic outcomes. exercise creatine type 2 diabetes insulin resistant skeletal muscle",nary Digital Publishing Institute (MDPI) PMC12430409 PMC12430409.1 12430409 12430409 40944248 10.3390/nu17172860 nutrients-17-02860 1 Review Creatine Supplementation Combined with Exercise in the Prevention of Type 2 Diabetes: Effects on Insulin Resistance and Sarcopenia https://orcid.org/0000-0002-6799-4746 Młynarska Ewelina 1 * https://orcid.org/0009-0001-6985-700,"by Amaravadi et al. The intervention group participated in a 12-week structured training program including walking and strength exercises for both upper and lower limbs, while the control group was advised to follow standard hospital care. The study group demonstrated significant improvements in metabolic outcomes, including insulin resistance, fasting, and postprandial",,,,
PMC12431197,40938877.0,10.1371/journal.pone.0323923,The impact of outdoor walking interventions on frailty among older adults with mobility limitations: Findings from the Getting Older Adults Outdoors (GO-OUT) study.,2025.0,,https://europepmc.org/article/MED/40938877,expanded_accessible_search,exercise_only,The impact of outdoor walking interventions on frailty among older adults with mobility limitations: Findings from the Getting Older Adults Outdoors (GO-OUT) study,exclude,Protocol/review signal in full-text-mined fields,yes,yes,no,yes,yes,yes,yes,yes,no,no,yes,frailty;gait_speed;grip_strength;adl;falls;quality_of_life;adherence;adverse_events,"ohorts of the Getting Older Adults Outdoors (GO-OUT) study were analyzed. After baseline evaluations, 190 participants were invited to a one-day educational workshop and were then randomized to either a 10-week supervised outdoor walk group (n = 98) or a 10-week telephone weekly reminders group (n = 92). Frailty was assessed using Fried’s frailty index at 0, 3, and 5.",Locomotion Walking People and Places Population Groupings Age Groups Adults Elderly Medicine and Health Sciences Public and Occupational Health Physical Activity Physical Fitness Exercise Medicine and Health Sciences Sports and Exercise Medicine Exercise Biology and Life Sciences Sports Science Sports and Exercise Medicine Exercise Medicine and Health Sciences Publ,"and lower extremity strength [ 27 ]. Our findings align with a recent systematic review and meta-analysis showing no significant advantage of physical activity interventions over usual care in improving frailty [ 52 ]. Several factors may shed light on this phenomenon. First and foremost, mean attendance rates differed markedly in the present study, with 63.1% for th","Results At baseline, participant mean age was 74.5 ± 7.1 years; 73% were female, 7% were frail, and 59% were pre-frail. Total frailty scores decreased, on average, by 0.13 points ( b = –0.13, 95% CI: –0.26 to –0.01; p = .036) across all participants from 0 to 3 months (immediately post-intervention). Participants were 55% less likely to progress to more severe frailty phenotypes at 3 months compared to baseline (OR=0.45; 95% CI: 0.25 to 0.81; p = .008). No significant between-group differences or long-term effects were observed.
Results Table 1 summarizes baseline characteristics of all GO-OUT participants and by intervention group. The mean age was 74.5 years (SD ± 7.1) among the pooled sample, and the majority of participants were female (73%). Forty-four percent of the participants had obtained a bachelor’s degree or higher. Individual characteristics were similar between the two intervention groups at baseline (all p -values > .05). Regarding intervention adherence, participants in the OWG attended a median of 13 sessions (interquartile range [IQR]: 7–17) out of 20. Participants in the WR group received a median of 9 reminders (IQR: 9–10) out of 10 over the 10-week intervention period. As previously reported in the main GO-OUT study results [ 27 ], the median time spent walking outdoors at baseline, 3 months, and 5.5 months was 22.56 minutes, 13.04 minutes, and 0 minutes in the OWG, respectively, and 24.00 minutes, 26.07 minutes, and 0 minutes, in the WR group, respectively. 10.1371/journal.pone.0323923.t001 Table 1 Participant characteristics at baseline by GO-OUT intervention group. Characteristic Pooled (n = 190) Outdoor walk group (n = 98) Weekly reminders (n = 92) p -value Mean ± SD/Number (%) Study site .99 Site 1 51 (27) 26 (27) 25 (27) Site 2 53 (28) 28 (29)",,,
PMC12433870,40959638.0,10.3389/fpubh.2025.1628493,Predicting fall risk among older adults in Chinese communities with advanced machine learning techniques: a retrospective study.,2025.0,,https://europepmc.org/article/MED/40959638,expanded_accessible_search,exercise_only,Predicting fall risk among older adults in Chinese communities with advanced machine learning techniques: a retrospective study,defer_second_reviewer,Comparator not clearly confirmed from mined fields,yes,yes,no,yes,yes,no,yes,no,no,yes,yes,frailty;gait_speed;sppb;grip_strength;adl;falls;quality_of_life;adherence;adverse_events,"d. Ultimately, 996 older adults were surveyed, and after data cleaning to exclude incomplete or anomalous entries, a valid sample of 977 participants was obtained. The dataset was randomized using Python and divided into training and testing sets at a ratio of 3:1. This study was approved by the Ethics Committee of Union Hospital, Tongji Medical College, Huazhong Univ","ctive prevention strategies. Research has demonstrated that employing appropriate assessment tools to evaluate fall risk in older adults can facilitate the formulation of targeted interventions aimed at reducing incidents, thereby enhancing survival rates and quality of life while alleviating healthcare burdens ( 7 , 8 ). Current predictive models for fall risk among co",,"Results Among the 977 older adults, 195 experienced falls (20.0%). ROC curve analysis showed AUC values of LR, RF, LGBM, GBDT, XGBoost, and CatBoost were, respectively, 0.8390, 0.8632, 0.8614, 0.8544, 0.8705, and 0.8719. CatBoost had the highest AUC, indicating the best predictive performance. SHapley Additive exPlanations (SHAP) analysis identified key features influencing the CatBoost model: history of falls, comorbidities, polypharmacy, sleep disorders, ADL, TUG results, frailty status, and use of assistive devices.
Results Comparison of baseline data between fall and non-fall groups The study included 977 older adults aged 60–93 years, comprising 534 females (54%) and 443 males (46%). A total of 195 participants (20%) reported experiencing falls ( Figure 1 ). Significant differences were observed between the fall and non-fall groups in terms of marital status, age, comorbidities, educational attainment, living alone, use of assistive devices, history of falls, hearing impairment, vision impairment, alcohol consumption, sleep disturbances, polypharmacy, activities of daily living (ADL), frailty status, and various physical assessments ( p < 0.05). Conversely, no significant differences were found regarding gender, household income, smoking status, body mass index (BMI), or Mini Nutritional Assessment Short-Form (MNA-SF) scores ( p > 0.05). For detailed information, refer to Tables 1 , 2 . Figure 1 Consort flow diagram. Flowchart depicting a machine learning process for a dataset. It begins with a target population of 996, which, after removing missing records, results in 977. The dataset is split into a training set (732) and a testing set (245). Various machine learning algorithms (LR, RF, LGBM, CatBoost, GBDT, XGBoost) are used for model training. Feature selection",,,
PMC12441017,40969786.0,10.3389/fmed.2025.1573384,Effect of a multicomponent intervention on institutionalization-free survival in older adults with sarcopenia: a &lt;i&gt;post-hoc&lt;/i&gt; analysis.,2025.0,,https://europepmc.org/article/MED/40969786,expanded_accessible_search,nutrition_only,Effect of a multicomponent intervention on institutionalization-free survival in older adults with sarcopenia: a post-hoc analysis,exclude,Protocol/review signal in full-text-mined fields,yes,yes,yes,yes,yes,yes,yes,yes,yes,yes,yes,frailty;gait_speed;sppb;grip_strength;falls;quality_of_life;adherence,"omponent intervention on institutionalization-free survival, physical performance, and frailty among older adults with sarcopenia. Design A post-hoc analysis of a prospective, non-randomized intervention study with 1:1 propensity score matching. Setting Community-dwelling, socioeconomically vulnerable older adults. Participants A total of 283 older adults with sarcope",nt. Med. Frontiers in Medicine 2296-858X Frontiers Media SA PMC12441017 PMC12441017.1 12441017 12441017 40969786 10.3389/fmed.2025.1573384 1 Medicine Original Research Effect of a multicomponent intervention on institutionalization-free survival in older adults with sarcopenia: a post-hoc analysis Ji Sunghwan 1 2 Lee Eunju 2 Baek Ji Yeon 2 Jang Geon Young 2 Jung Hee-Won 2,"nity-dwelling, socioeconomically vulnerable older adults. Participants A total of 283 older adults with sarcopenia were included, with 145 in the intervention group and 138 in the control group. After propensity score matching, 102 pairs were analyzed. The mean age was 77.57 years (intervention) and 77.64 years (control), with 82.4 and 81.4% females in each group, respec","Results Following propensity score matching, mortality and institutionalization occurred in 13 (12.7%) and 35 (34.3%) participants in the intervention and control groups, respectively. A significant difference in 30-months institutionalization-free survival was observed between the intervention and control groups (63.4% vs. 87.2%). The intervention group had significantly higher SPPB scores and improved gait speed at 6 months, 18 months, and 30 months. The intervention group showed a significantly lower frailty index only at 6 months but similar scores at 18 and 30 months.
3 Results 3.1 Baseline characteristics In comparing the intervention ( N = 145) and control ( N = 138) groups, the intervention group had a higher mean age (77.8 years) than the control group (76.9 years). The percentage of females was higher in the intervention group (77.2%) than in the control group (75.4%). Grip strength was lower in the intervention group (15.2 kg) than in the control group (16.7 kg). Additionally, the intervention group had a lower risk of depression (mean CES-D score 10.3 versus 11.5). The prevalence of falls in the last year was higher in the intervention group (22.1%) compared to the control group (15.2%). Furthermore, the intervention group showed a higher number of chronic conditions (1.7 versus 1.5), slower gait speed (0.62 versus 0.66 m/s), worse SPPB score (6.97 versus 7.56), and greater frailty, as indicated by higher scores on both the frailty phenotype scale (2.6 versus 2.2) and frailty index (0.28 versus 0.26) than the control group. Propensity score matching yielded 102 pairs, achieving effective balance in baseline characteristics between the two groups, as evidenced by absolute values consistently <0.1. Key variables, such as age (77.57 versus 77.64), percentage of",,,
PMC12454676,40994451.0,10.1002/fsn3.70984,Enhancing Muscle Strength and Reducing Inflammation: The Combined Effects of Hydrolyzed House Cricket Protein Supplementation and Concurrent Training in Older Women.,2025.0,,https://europepmc.org/article/MED/40994451,expanded_accessible_search,exercise_plus_nutrition,Enhancing Muscle Strength and Reducing Inflammation: The Combined Effects of Hydrolyzed House Cricket Protein Supplementation and Concurrent Training in Older Women,defer_second_reviewer,Eligibility plausible but frailty/setting classification needs second review,yes,no,no,yes,yes,yes,no,no,yes,no,yes,frailty;quality_of_life;adherence;adverse_events,"use cricket protein supplementation combined with concurrent training (CT) on muscle mass, strength, inflammation, and metabolic health in older women. In a 12‐week, double‐blind, randomized, placebo‐controlled trial, community‐dwelling older women ( n = 39) were assigned to four groups: placebo (PLA), protein supplementation alone (PRO), CT with placebo (CT), or CT w",pmc Food Sci Nutr Food Sci Nutr 2357 fsn FSN3 Food Science & Nutrition 2048-7177 Wiley PMC12454676 PMC12454676.1 12454676 12454676 40994451 10.1002/fsn3.70984 FSN370984 FSN3-2025-01-0010.R1 1 Original Article Original Article Enhancing Muscle Strengt,"protein supplementation combined with concurrent training (CT) on muscle mass, strength, inflammation, and metabolic health in older women. In a 12‐week, double‐blind, randomized, placebo‐controlled trial, community‐dwelling older women ( n = 39) were assigned to four groups: placebo (PLA), protein supplementation alone (PRO), CT with placebo (CT), or CT with prote","3 Results A total of 39 older women completed the study, with a mean age of 64.7 ± 5.5 years. At baseline, participants had an average BMI of 23.7 ± 2.9 kg/m 2 , a height of 154.0 ± 4.3 cm, and fat‐free mass (FFM) of 35.0 ± 3.4 kg. Their estimated V̇O 2 max was 25.2 ± 3.2 mL/kg/min. Muscular strength was assessed using indirect 1RM testing, yielding average values of 159.8 ± 36.0 kg for the leg press and 17.6 ± 4.0 kg for the bench press. The baseline characteristics of participants are summarized in Table 1 . No significant differences were observed between groups, indicating comparability in blood pressure, anthropometric measures, body composition, CRF, upper and lower body muscular strength, comorbidity prevalence, and medication use. Additionally, none of the participants exhibited malnutrition or cognitive impairment at baseline. TABLE 1 Participants' characteristics in the study. Total ( n = 39) PLA ( n = 9) PRO ( n = 10) CT ( n = 10) PRO + CT ( n = 10) p Age (years) 64.7 ± 5.5 64.3 ± 4.9 63.0 ± 5.5 66.0 ± 5.1 65.4 ± 6.7 0.651 HR (beats/min) 70.9 ± 8.5 72.8 ± 6.0 72.2 ± 10.0 71.4 ± 6.9 67.5 ± 10.4 0.527 SBP (mmHg) 126.6 ± 15.0 126.9 ± 16.9 124.6 ± 11.7 128.4 ± 13.9 126.6 ± 18.9 0.957 DBP (mmHg) 72.6 ± 7.3 73.6 ± 8.4 74.3 ± 6.7 73.0 ± 6.8 69.5 ± 7.4 0.481 MAP (mmHg) 90.6 ± 8.3 91.4 ± 9.8 91.1 ± 7.5 91.4 ± 9.0 88.6 ± 8.0 0.860 Height (cm) 154.0 ± 4.3 153.1 ± 5.6 153.5 ± 4.9 153.6 ± 3.0 155.8 ± 3.3 0.503 BW (kg) 56.1 ± 6.5 58.7 ± 5.7 53.7 ± 8.1 55.8 ± 5.0 56.5 ± 6.8 0.418 BMI (kg/m 2 ) 23.7 ± 2.9 25.1 ± 2.7 22.8 ± 3.5 23.7 ± 2.5 23.3 ± 2.9 0.284 FM (kg) 21.0 ± 4.9 22.2 ± 4.4 18.9 ± 5.9 21.1 ± 3.7 21.7 ± 5.3 0.464 FFM (kg) 35.0 ± 3.4 35.8 ± 3.7 35.0 ± 3.9 34.9 ± 2.7 34.5 ± 3.5 0.884 Estimated V̇O 2 max (mL/kg/min) 25.2 ± 3.2 24.2 ± 3.2 26.5 ± 3.7 25.0 ± 2.4 24.9 ± 3.",,,
PMC12462178,40993553.0,10.1186/s12877-025-06355-0,36-Week personalized resistance training improves muscle function and circulating myokines in older women with possible sarcopenic obesity: a randomized clinical trial.,2025.0,,https://europepmc.org/article/MED/40993553,expanded_accessible_search,exercise_only,36-Week personalized resistance training improves muscle function and circulating myokines in older women with possible sarcopenic obesity: a randomized clinical trial,secondary_sarcopenia_verify,Sarcopenia/vulnerability RCT; frailty-primary status requires verification,yes,no,yes,yes,yes,yes,no,no,yes,no,yes,frailty;gait_speed;sppb;grip_strength;adl;falls;adherence;adverse_events,86/s12877-025-06355-0 6355 1 Research 36-Week personalized resistance training improves muscle function and circulating myokines in older women with possible sarcopenic obesity: a randomized clinical trial Guo Xian guoxian@bsu.edu.cn 1 2 Cao Guoxia 1 Tang Yuting 1 Liu Xinyuan 1 Zhou Yanbing 3 Chen Mengmeng 1 1 https://ror.org/03w0k0x36 grid.411614.7 0000 0001 2223 539,MC Geriatr BMC Geriatr 33 bmcgeri BMC Geriatrics 1471-2318 BMC PMC12462178 PMC12462178.1 12462178 12462178 40993553 10.1186/s12877-025-06355-0 6355 1 Research 36-Week personalized resistance training improves muscle function and circulating myokines in older women with possible sarcopenic obesity: a randomized clinical trial Guo Xian guoxian@bsu.edu.cn 1 2 Cao Guoxia,"training on muscle function and serum myokines in possible sarcopenic obese older women. Methods 25 possible SO older women were randomly divided into exercise group ( n = 13) and control group ( n = 12). According to the FITT-VP principle, personalized resistance training programs were developed based on their individual health differences. The training was implemented","Results The intervention yielded significant between-group improvements in body fat percentage ( P < 0.05, Hedges’ g = 1.42), ASMI ( P < 0.01, Hedges’ g = 1.79), HGS ( P < 0.01, Hedges’ g = 1.91), 6-metre walk speed ( P < 0.01, Hedges’ g = 1.36), five times sit-to-stand performance ( P < 0.05, Hedges’ g = 1.08), and TUG ( P < 0.01, Hedges’ g = 1.20). After 36 weeks, the exercise group also showed higher IGF-1 ( P < 0.05, Hedges’ g = 1.46) and lower MSTN ( P < 0.01, Hedges’ g = 1.02) levels compared to controls.
Results Baseline characteristics Two participants from the exercise group and three from the control group were unable to complete the experiment. Consequently, the final data analysis included 12 members from the control group and 13 members from the exercise group. As indicated in Table 1 , there were no statistically significant differences in age, height, weight, or BMI between the two groups ( P > 0.05). Table 1 Baseline characteristics of participants n Age (years) Height (cm) Weight (kg) BMI(kg/m 2 ) Control group 12 67.17 ± 2.89 158.18 ± 2.42 62.21 ± 8.11 25.71 ± 2.31 Exercise group 13 65.69 ± 3.68 156.10 ± 4.10 63.58 ± 6.83 26.16 ± 2.48 Macronutrient and energy intake As shown in Table 2 , there were no significant differences in daily intake of carbohydrate ( P = 0.986), fat ( P = 0.855), protein ( P = 0.902), and total energy intake ( P = 0.370) between the two groups. Table 2 Macronutrient and energy intake before and after intervention Group Mean (SD) △ P-value Pre-intervention Post-intervention Carbohydrate (g/d) Control 169.84 ± 22.66 171.09 ± 36.18 1.25 Group = 0.197 Time = 0.866 Group×time = 0.986 Exercise 156.80 ± 31.70 157.83 ± 26.95 1.02 Fat (g/d) Control 47.65 ± 7.96 47.89 ± 12.66 0.24 Group = 0.043 Time = 0.799 Group×time = 0.855 Exercise 41",,,
PMC12479488,41035820.0,10.3389/fnagi.2025.1639245,Effects of exercise-cognitive dual-task training on cognitive frailty in older adults: a randomized controlled trial.,2025.0,Frontiers in aging neuroscience,https://pubmed.ncbi.nlm.nih.gov/41035820/,original_high_confidence,exercise_only,Effects of exercise-cognitive dual-task training on cognitive frailty in older adults: a randomized controlled trial,defer_second_reviewer,Comparator not clearly confirmed from mined fields,yes,yes,no,yes,yes,no,yes,no,no,yes,yes,frailty;gait_speed;adl;falls;quality_of_life;adherence;adverse_events,12479488 12479488 41035820 10.3389/fnagi.2025.1639245 1 Aging Neuroscience Clinical Trial Effects of exercise-cognitive dual-task training on cognitive frailty in older adults: a randomized controlled trial Lai Xiaoxing 1 * Zhu Hongwei 2 Cai Yonghua 2 Chen Baoyu 3 Li Yang 1 Du Hongdi 4 Zhang Liping 1 Wang Wenwen 1 Li Shuxian 4 Huo Xiaopeng 2 * 1 Department of Neurolo,s in Aging Neuroscience 1663-4365 Frontiers Media SA PMC12479488 PMC12479488.1 12479488 12479488 41035820 10.3389/fnagi.2025.1639245 1 Aging Neuroscience Clinical Trial Effects of exercise-cognitive dual-task training on cognitive frailty in older adults: a randomized controlled trial Lai Xiaoxing 1 * Zhu Hongwei 2 Cai Yonghua 2 Chen Baoyu 3 Li Yang 1 Du Hongdi 4 Zh,,"Results A total of 72 participants (35 males) were enrolled, including 36 individuals (mean age: 74.81 ± 8.23 years, 17 males, mean BMI: 21.38 ± 2.83 kg/m 2 ) in the dual-task training group, and 36 individuals (mean age: 76.50 ± 7.75 years, 18 males, mean BMI: 22.18 ± 2.12 kg/m 2 ) in the health education group. Participants (n = 72) were 75.66 ± 7.9 years old; 48.6% (35/72) were male and 51.4% (37/72) were female. Following the intervention, the dual-task training group exhibited significant improvements compared to the health education group in the Tilburg Frailty Index (5.14 ± 0.99 vs. 7.36 ± 1.07, p < 0.001) and Montreal Cognitive Assessment scores (27.25 ± 2.41 vs. 23.47 ± 1.87, p < 0.001). Additionally, the dual-task training group demonstrated superior outcomes in the Performance-Oriented Mobility Assessment (POMA) scores (24.64 ± 5.50 vs. 17.39 ± 4.38, p < 0.001), Time Up and Go Test (TUGT) indicators (10.66 ± 1.76 vs. 12.01 ± 2.21, p < 0.05), and cognitive load measures (all p < 0.05).
Results Baseline characteristics A total of 72 participants (35 males) were included in the study ( Figure 1 ), with 36 participants in each group (dual-task training group and health education group). No participants withdrew from the study. The mean age of participants in dual-task training group was 74.81 ± 8.23 years, while mean age of health education group was 76.50 ± 7.75 years. In the Dual-task training Group ( n = 36), there were 17 males (47.22%) and 19 females (52.78%), the mean score of Activities of Daily Living (ADL) was 72.36 ± 12.32, and the mean Body Mass Index (BMI) was 21.38 ± 2.83 kg/m 2 . In the health education group ( n = 36), there were 18 males (50.00%) and 18 females (50.00%), the mean score of ADL was 71.92 ± 10.91, and the mean BMI was 22.18 ± 2.12 kg",,,
PMC12481141,40953440.0,10.2196/77140,Machine Learning Approach for Frailty Detection in Long-Term Care Using Accelerometer-Measured Gait and Daily Physical Activity: Model Development and Validation Study.,2025.0,,https://europepmc.org/article/MED/40953440,expanded_accessible_search,exercise_plus_nutrition,Machine Learning Approach for Frailty Detection in Long-Term Care Using Accelerometer-Measured Gait and Daily Physical Activity: Model Development and Validation Study,defer_second_reviewer,Comparator not clearly confirmed from mined fields,yes,yes,no,yes,yes,no,yes,no,no,yes,yes,frailty;gait_speed;sppb;falls;adherence;adverse_events,"ined on gait and daily physical activity data derived from a single accelerometer. Methods This study is a cross-sectional secondary analysis of baseline data from a 2-arm cluster randomized controlled trial. Of the 164 individuals initially enrolled, 51 participants (age: mean 85.0, SD 9.0 years; female: n=24, 47.1%) met the inclusion criteria of completing all asses","24, 47.1%) met the inclusion criteria of completing all assessments required for this study and were included in the final analysis. Frailty status was assessed using the fatigue, resistance, ambulation, incontinence, loss of weight, nutritional approach, and help with dressing (FRAIL-NH) scale. Participants completed a 5-meter walking task while wearing a 3D accelero",,"Results The extreme gradient boosting model demonstrated the optimal performance with an accuracy of 86.3% and an area under the curve of 0.92. Explainable artificial intelligence analysis revealed that older adults with frailty exhibited more variable, complex, and asymmetric gait patterns, which were characterized by higher stride length variability, increased sample entropy, and a lower gait symmetry score.
Results Participant Characteristics Among the 164 participants recruited from 20 LTC facilities, 113 were excluded for the following reasons: aged younger than 65 years, deceased, or withdrew from participation (n=15); unwilling to wear an accelerometer or insufficient accelerometer data for daily activity (n=82); and missing accelerometer data for gait (n=16). This left 51 participants for data analysis, with their demographic characteristics summarized in Table 1 . Statistically significant differences between the nonfrail and frail groups were observed in body weight (nonfrail: mean 57.3, SD 10 kg; frail: mean 50.7, SD 9.4 kg; P =.02) and the use of walking aids ( P =.008). Table 1 Demographic characteristics of participants, mean (SD). Demographic Nonfrail (n=26) Frail (n=25) P value Age (years), mean (SD) 83.2 (10.6) 87.0 (7.0) .14 Gender, n .48 Female 11 13 Male 15 12 Height (cm), mean (SD) 159.0 (9.7) 157.2 (10.9) .52 Body weight (kg), mean (SD) 57.3 (10.0) 50.7 (9.4) .02 BMI (kg/m 2 ), mean (SD) 22.6 (3.5) 20.7 (4.0) .07 Walking aids, n .008 Independent 16 5 Use of cane 9 16 Use of walker 1 4 Model Performance Table 2 presents all performance metrics for each model and Figure 2 shows their confusion matrices to offer a detailed view of individual model performance. XGBoost demonstrated the best classification performance compared to other machine learning ",,,
PMC12483237,41026715.0,10.1371/journal.pone.0333171,Effect of short-term exercise with different programs on prevention of sarcopenia in postmenopausal women: A Quasi-Randomized Controlled Trial.,2025.0,,https://europepmc.org/article/MED/41026715,expanded_accessible_search,exercise_only,Effect of short-term exercise with different programs on prevention of sarcopenia in postmenopausal women: A Quasi-Randomized Controlled Trial,exclude,Protocol/review signal in full-text-mined fields,yes,no,yes,yes,yes,yes,yes,yes,no,no,no,frailty;gait_speed;grip_strength;adl;falls;quality_of_life;adherence,Knees Medicine and Health Sciences Anatomy Body Limbs Legs Knees Effect of short-term exercise with different programs on prevention of sarcopenia in postmenopausal women: A Quasi-Randomized Controlled Trial https://orcid.org/0009-0001-6483-7825 Pan Neng Data curation Formal analysis Investigation Methodology Validation Visualization Writing – original draft * Krasows,y Limbs Medicine and Health Sciences Clinical Medicine Signs and Symptoms Sarcopenia Medicine and Health Sciences Public and Occupational Health Physical Activity Physical Fitness Exercise Strength Training Medicine and Health Sciences Sports and Exercise Medicine Exercise Strength Training Biology and Life Sciences Sports Science Sports and Exercise Medicine Exerci,"out sarcopenia. Participants were randomly assigned to the HIIT NW group (12-week Nordic walking training, 3 × /week), the ST group (12-week strength training, 3 × /week), and the control group. The body composition was determined by using Otupole InBody 720. Test the hand grip strength with a digital hand force gauge. The strength of the extensor and flexor muscles of t","Result Compared with the control group, significant improvements were observed in parameters such as Time Up and Go (TUG) and knee joint flexor strength (KFS) in both the HIIT NW group and the ST group. In the ST group alone, significant enhancements were noted in parameters including walking speed (GS) and hand strength on the left side (HS-L). Following the intervention, the HIIT NW group exhibited a marked increase in limb lean mass, which led to a significant rise in the skeletal muscle index (SMI) (p < 0.001). However, the body fat mass (BFM) and body mass index (BMI) decreased significantly in the ST group (p < 0.001 and p = 0.005, respectively). No significant changes were observed in the control group.
3. Results 3.1. Baseline characteristics A total of 71 people participated in this study, including 23 in HIIT NW group, 24 in ST group and 24 in CG group, and there was no significant difference in distribution. No significant differences were found among groups at baseline for any variables, As shown in Table 1 . 10.1371/journal.pone.0333171.t001 Table 1 Baseline characteristics. Outcomes HIIT NW (n = 23) ST (n = 24) CG (n = 24) p Height (cm) 159.82 ± 5.88 160 ± 6.1 160.23 ± 6.78 0.974 Age (years) 69.78 ± 4.3 67.46 ± 4.24 69.46 ± 3.37 0.102 Weight (kg) 68.64 ± 9.3 66.84 ± 8.61 71.84 ± 13.01 0.255 Primary HIIT NW (n = 23) ST (n = 24) CG (n = 24) SMM (kg) 23.15 (20.97 - 24.79) 22.42 (21.18 - 23.56) 23.2 (21.93 - 25.63) 0.481 HS-R (kg) 24.67 ± 2.85 25.07 ± 4.04 26.15 ± 4.37 0.394 HS-L (kg) 24.1 (22.22 - 25.65) 24.55 (21.53 - 27.35) 25.55 (21.9 - 27.88) 0.741 GS (m/s) 1.53 (1.35 - 1.74) 1.57 (1.53 - 1.61) 1.56 (1.42 - 1.74) 0.84 SMI (kg/m 2 ) 6.69 (6.23 - 7.14) 6.49 (6.25 - 6.94) 6.59 (6.32 - 7.02) 0.815 Secondary HIIT NW (n = 23) ST (n = 24) CG (n = 24) BFM (kg) 25",,,
PMC12518088,41098785.0,10.3389/fnut.2025.1663996,The relationship between watermelon consumption and sarcopenia in an elderly general population: findings from the Tianjin chronic low-grade systemic inflammation and health study.,2025.0,,https://europepmc.org/article/MED/41098785,expanded_accessible_search,nutrition_only,The relationship between watermelon consumption and sarcopenia in an elderly general population: findings from the Tianjin chronic low-grade systemic inflammation and health study,secondary_sarcopenia_verify,Sarcopenia/vulnerability RCT; frailty-primary status requires verification,yes,no,yes,yes,yes,yes,yes,no,yes,no,yes,frailty;gait_speed;grip_strength;quality_of_life,"(IL-6) and C-reactive protein (CRP), which are implicated in muscle wasting ( 27 ). Intervention and observational studies support these mechanistic pathways in human populations. Randomized controlled trials (RCTs) have shown that L-citrulline supplementation improves muscle protein synthesis and increases lean mass in older adults, enhancing exercise performance and",pmc Front Nutr Front Nutr 2731 fnut Front. Nutr. Frontiers in Nutrition 2296-861X Frontiers Media SA PMC12518088 PMC12518088.1 12518088 12518088 41098785 10.3389/fnut.2025.1663996 1 Nutrition Original Research The relationship between watermelon consu,"aggio M . Effects of a vitamin D and leucine-enriched whey protein nutritional supplement on measures of sarcopenia in older adults, the provide study: a randomized, double-blind, placebo-controlled trial . J Am Med Dir Assoc . ( 2015 ) 16 : 740 – 7 . doi: 10.1016/j.jamda.2015.05.021 , PMID: 26170041 14. Cramer JT Cruz-Jentoft AJ Landi F Hickson M Zamboni M Pereira","Results Sarcopenia prevalence was 12.6% among participants (median age: 65.8 years). Compared to non-consumers, participants consuming watermelon ≤1 time/week had 28% lower odds of sarcopenia (odds ratio [OR] = 0.72; 95% confidence interval [CI]: 0.54–0.95), while those consuming ≥2–3 times/week had 51% lower odds (OR = 0.49; 95% CI: 0.29–0.79), showing a significant inverse dose–response relationship ( p < 0.001).
3 Results 3.1 Characteristics of participants In the present study, the prevalence of sarcopenia was 12.6% (471/3,733). Of the 3,733 participants included in the analysis, 43.7% (n = 1,630) were men. The median age was 65.8 years (IQR: 62.1–70.0 years), and the median BMI was 25.0 kg/m 2 (IQR: 22.7–27.3 kg/m 2 ). Regarding smoking status, 33.3% were current smokers, 61.3% were nonsmokers, and 5.46% were ex-smokers. PA levels showed a median of 15.8 MET-h/week. Chronic disease prevalence was substantial, with 60.4% having hypertension, 60.5% having hyperlipidemia, 22.6% having diabetes, and 8.33% having cardiovascular disease. Detailed participant characteristics are comprehensively presented in Table 1 . Table 1 Participant characteristics ( n = 3,733) a . Characteristics All Men (43.7%) Women (56.3%) No. of subjects 3,733 1,630 2,103 Age (years) 65.8 (62.1, 70.0) 66.0 (63.0, 71.0) 65.0 (62.0, 69.0) BMI (kg/m 2 ) 25.0 (22.7, 27.3) 24.6 (22.5, 26.9) 25.3 (23.0, 27.6) PA (≥23.0 MET-h/wk.) 15.8 (8.68, 28.2) 15.8 (7.42, 37.7) 15.8 (9.94, 24.7) Total energy intake (kcal/day) 1862.3 (1483.3, 2323.8) 2110.9 (1708.2, 2558.7) 1687.6 (1385.0, 2063.4) “Traditional Oriental” dietary pattern score −0.15 (−0.67, 0.49) 0.02 (−0.57, 0.75) −0.24 (−0.75, 0.32) “Fruits and sweets” dietary pattern score −0.21 (−0.62, 0.35) −0.19 (−0.68, 0.41) −0.22 (−0.58, 0.31) “Animal foods” d",,,
PMC12524544,41095572.0,10.3390/healthcare13192486,Targeted Physical Function Exercises for Frailty and Falls Management in Pre-Frail Community-Dwelling Older Adults: A Randomized Controlled Trial.,2025.0,"Healthcare (Basel, Switzerland)",https://pubmed.ncbi.nlm.nih.gov/41095572/,original_high_confidence,exercise_only,Targeted Physical Function Exercises for Frailty and Falls Management in Pre-Frail Community-Dwelling Older Adults: A Randomized Controlled Trial,include_secondary_disease_specific,Frailty RCT but disease-specific population,yes,yes,no,yes,yes,yes,yes,no,yes,no,yes,frailty;gait_speed;sppb;grip_strength;adl;falls;quality_of_life;adherence;adverse_events,5572 10.3390/healthcare13192486 healthcare-13-02486 1 Article Targeted Physical Function Exercises for Frailty and Falls Management in Pre-Frail Community-Dwelling Older Adults: A Randomized Controlled Trial https://orcid.org/0009-0009-8533-6323 Savvakis Ioannis Conceptualization Methodology Investigation Resources Data curation Writing – original draft Visualization,linary Digital Publishing Institute (MDPI) PMC12524544 PMC12524544.1 12524544 12524544 41095572 10.3390/healthcare13192486 healthcare-13-02486 1 Article Targeted Physical Function Exercises for Frailty and Falls Management in Pre-Frail Community-Dwelling Older Adults: A Randomized Controlled Trial https://orcid.org/0009-0009-8533-6323 Savvakis Ioannis Conceptualizat,g older adults. Methods: We conducted an 18-month randomized controlled trial involving 112 pre-frail community-dwelling older adults aged 65 years or older. 55 individuals in the control group (CG) and 57 in the intervention group (IG) were assessed. The IG participated in a home-based physical function exercise program. Primary outcomes included Physical Performance (S,"3. Results The baseline characteristics of the 112 participants are presented in Table 2 . Of these, 57 were randomly allocated to the intervention group and 55 to the control group. The mean age of the total sample was 79.3 years (SD = 5.5), and the majority were female (72.3%). Approximately 29.5% of participants reported living alone. The intervention and control groups were generally comparable in terms of key sociodemographic and clinical characteristics. The IG had a slightly lower mean age (78.7 ± 5.8 years) compared to the CG (79.9 ± 5.2 years), and a somewhat higher proportion of female participants (75.4% vs. 69.1%). Small differences were also noted in marital status and homebound classification, with a greater proportion of married and non-confined individuals in the IG. A higher percentage of participants in the CG reported a history of smoking. Baseline and post-intervention (6, 12, and 18 months) primary outcome data are presented in Figure 2 and Table 3 . As shown in Figure 2 , the distribution of frailty status began to diverge between the groups at 12 months (T2) and became more pronounced at 18 months (T3). At T2, 3 participants in the IG transitioned to a non-frail status, whereas in the CG, 6 participants progressed to frailty, and 1 improved to non-frail. By T3, 7 participants in the IG were classified as non-frail. In contrast, 8 participants in the CG transitioned to frailty, while just 1 maintained the non-frail status. The probability of being classified as non-frail versus pre-frail at T3 was 12.3% in the IG, compared to 2.0% in the CG. Conversely, the probability of being classified as frail versus pre-frail at T3 was 0% in the IG and 14.5% in the CG, suggesting a favorable shift in frailty status among participants who received the targeted ",,,
PMC12528339,40526339.0,10.1007/s41999-025-01247-3,Development and validation of a predictive nomogram for frailty based on thyroid function in older adults.,2025.0,,https://europepmc.org/article/MED/40526339,expanded_accessible_search,digital_home_unclear_intervention,Development and validation of a predictive nomogram for frailty based on thyroid function in older adults,defer_second_reviewer,Comparator not clearly confirmed from mined fields,yes,yes,no,yes,yes,no,yes,no,yes,yes,no,frailty;grip_strength;adverse_events,"dults with normal thyroid function. Methods A total of 767 participants aged ≥ 65 years (566 males, 73.8%) were enrolled between December 2019 and December 2023. Participants were randomly assigned to training ( n = 546) and internal validation ( n = 235) sets; an external validation cohort was recruited between December 2023 and December 2024. Frailty was assessed using the","ll assessors had backgrounds in medicine or nursing and completed standardized geriatric training prior to conducting assessments. The FRAIL score, which evaluates fatigue, muscle resistance, ambulation, illness, and weight loss, ranges from 0 to 5. It assesses frailty based on responses to five yes-or-no questions. Participants were classified as robust (0 points), p",,"Findings A lower FT3/FT4 ratio was associated with increased frailty risk. A predictive model including age, polypharmacy, MNA-SF score, grip strength, and FT3/FT4 ratio showed good performance in identifying frailty.
Results A total of 767 patients were included, with a median age of 81 years. Of these, 205 individuals (26.7%) were classified into the frailty group. The restricted cubic spline plot showed a negative correlation between the FT3/FT4 and frailty after adjusting for multiple confounding factors. Five predictors, age, polypharmacy, MNA.SF score, grip, and FT3/FT4 were incorporated to establish the model. The model performed well achieving AUC values of 0.92 and 0.80 in the development and external validation datasets, respectively. The Calibration curves and DCA results suggested that the model possesses satisfactory predictive performance.
Results Patient characteristics The development dataset comprised 767 participants, of whom 205 older adults (26.7%) were identified as frail. There were 566 male participants (73.8%), with a median age of 81 years. In the external validation dataset, a final analysis was conducted on 190 participants, revealing 58 older adults with frailty. Of the 119 male cases (62.6%), the median age was 80 years. Table 1 shows the baseline characteristics of the patients divided into four groups according to quartiles of FT3/FT4 levels. There were significant differences in age, polypharmacy, smoking history, and BMI, while there were no significant differences in gender between groups. Significant differences were found in the grip strength, MNA.SF and frail scale (all P < 0.001, Table 1 ). A comparison of the four groups showed significant differences in WBC, RBC, RGB, ALB, ALT, BUN, UA, Cr, CHOL, LDL, TG, T3, FT3, FT4, TSH, Table ",,,
PMC12538938,41120990.0,10.1186/s12877-025-06471-x,Impact of a functional gait training program as a complementary strategy to improve physical function in older adults: a randomized clinical trial.,2025.0,,https://europepmc.org/article/MED/41120990,expanded_accessible_search,exercise_only,Impact of a functional gait training program as a complementary strategy to improve physical function in older adults: a randomized clinical trial,include_secondary_disease_specific,Frailty RCT but disease-specific population,yes,yes,yes,yes,yes,yes,yes,no,yes,no,no,frailty;gait_speed;sppb;grip_strength;adl;falls;quality_of_life;adherence;adverse_events,538938 41120990 10.1186/s12877-025-06471-x 6471 1 Research Impact of a functional gait training program as a complementary strategy to improve physical function in older adults: a randomized clinical trial Alegre-Tamariz José 1 6 Sánchez-Medina Jeimmy 2 3 Runzer-Colmenares Fernando M. 4 Ávila-Rodríguez Cesar 5 Bermejo-Franco Alberto alberto.bermejo@universidadeuropea.,"g increasingly highlights the importance of muscle function, strength, and mass due to their pivotal roles in intrinsic capacity, frailty, sarcopenia, and overall health. Physical exercise remains a cornerstone strategy for enhancing these parameters. This study aimed to assess the impact of functional gait training using the sequential square mat (SSM) Fisior ® pro","ed clinical trial was conducted with older adults aged 60 years and older from the Comprehensive Senior Adult Center (CIAM) in Lima, Peru. Participants were randomly assigned to a control group (structured physical activity workshops: gymnastics, dance, swimming, and Tai Chi) or an intervention group (same workshops plus SSM Fisior ® program for 35 min, three times weekl","Results Among 47 participants (95.74% women, mean age 72.66 years), 29 (61.70%) were in the intervention group and 18 (38.30%) in the control group. Significant improvements were observed in the adjusted model (by age and sex) for the Timed Up and Go Test (B = -1.43, p = 0.002), calf circumference (B = -0.10, p = 0.001), grip strength (B = -0.05, p = 0.004), and Barthel index (B = -0.02, p = 0.001). No association was found with other variables: Short Physical Performance Battery, abdominal circumference, and Sarc-F.
Findings • Older adults who participated in the SSM Fisior® program showed significant improvements in functional mobility (Up & Go test), muscle strength (grip strength), muscle mass (calf circumference), and daily functioning (Barthel index) compared to the control group.
Results In this study, most participants were female, representing 95.74% ( n = 45), with an average age of 72.66 years and a standard deviation of 7.27. Furthermore, 61.70% of the participants ( n = 29) belonged to the intervention group, while 38.30% ( n = 18) were part of the control group. Further details can be found in Table 1 , that presents the descriptive results of the study variables. Table 1 Descriptive analysis of study variables ( n = 47) Variables n (%) Mean (Standard Deviation) Sex Female 45 (95.74) Male 2 (4.26) Use of glasses No 18 (38.30) Yes 29 (61.70) Use of hearing aids No 41 (87.23) Yes 6 (12.77) Polypharmacy No 34 (72.34) Yes 13 (27.66) Fallss No 28 (59.57) Yes 19 (40.43) Use of prosthetics No 45 (95.74) Yes 2 (4.26) Comorbidities (number) 2.31 (1.16) Age (years) 72.66 (7.27) Variation in pre-post intervention scores Timed Up and Go Test (m/s) −0.15 (1.48) Short Physical Performance Battery (points) 0.68 (1.40) Balance Test (points) 0.01 (0.72) Walking Test (point",,,
PMC12541980,41126123.0,10.1186/s12891-025-09203-9,Construction and verification of a nomogram to estimate middle-aged and older individuals' susceptibility to sarcopenia.,2025.0,,https://europepmc.org/article/MED/41126123,expanded_accessible_search,nutrition_only,Construction and verification of a nomogram to estimate middle-aged and older individuals’ susceptibility to sarcopenia,include_secondary_disease_specific,Frailty RCT but disease-specific population,yes,yes,yes,yes,yes,yes,yes,no,yes,no,no,frailty;gait_speed;grip_strength;falls;quality_of_life;adverse_events,"der Zwaluw N Verdijk LB van de Rest O de Groot LC Protein supplementation increases muscle mass gain during prolonged resistance-type exercise training in frail elderly people: a randomized, double-blind, placebo-controlled trial J Am Med Dir Assoc 2012 13 8 713 9 10.1016/j.jamda.2012.05.020 22770932 Tieland M, Dirks ML, van der Zwaluw N, Verdijk LB, van de Rest O, d","med to create and evaluate a nomogram indicating the probability that middle-aged and older adults may acquire sarcopenia. Methods In this study, data from the National Health and Nutrition Examination Survey covering 2011 to 2018 were split randomly into training and validation datasets. We then used univariate and multivariate logistic regression analysis to create","an de Rest O de Groot LC Protein supplementation increases muscle mass gain during prolonged resistance-type exercise training in frail elderly people: a randomized, double-blind, placebo-controlled trial J Am Med Dir Assoc 2012 13 8 713 9 10.1016/j.jamda.2012.05.020 22770932 Tieland M, Dirks ML, van der Zwaluw N, Verdijk LB, van de Rest O, de Groot LC, et al. Prot","Results This study encompassed 39,175 participants, with 5,342 participants in the training dataset and 2,290 participants in the validation dataset. Age, race, education, poverty income ratio, energy, protein, carbohydrate, albumin, blood uric acid, serum iron, diabetes, depression, arthritis, and leisure-time physical activity were independent risk variables for sarcopenia by multivariate logistic regression analysis. A nomogram risk prediction model was then built, and in the training and validation datasets, the model’s operating characteristic curves values were 0.720 (95% CI 0.701–0.739) and 0.705 (95% CI 0.685–0.725), respectively. The calibration curves showed high agreement between the model’s predictions and the actual results. Decision curve analysis showed that the nomogram model was beneficial across a range of probability thresholds.
Results Essential characteristics of the population 39,175 people in the NHANES database were evaluated for this study between 2011 and 2018. Individuals under the age of 35 ( n = 22,257) and those without information on their ASM and BMI ( n = 9,286) were not included. As a result, data from 7,632 participants were included in the final analysis (Fig. 1 ; Table 1 ). There were 2,290 patients in the validation set and 5,342 patients in the training set. Sarcopenia was diagnosed in 1,076 patients (20.14%) in the training dataset and 437 patients (19.08%) in the validation dataset. Regarding gout, triglycerides, and vitamin C, statistically significant variations were found between the training and validation datasets. On the other hand, no significant statistical differences ( P < 0.05) were found between the training and validation sets for any variables included in the analysis, suggesting comparability between the two groups",,,
PMC12560040,41164433.0,10.35772/ghm.2025.01026,"Research progress on intrinsic capacity in older adults: Concepts, epidemiology, assessments, influencing factors, adverse outcomes, and interventions.",2025.0,,https://europepmc.org/article/MED/41164433,expanded_accessible_search,multidomain_exercise_nutrition,"Research progress on intrinsic capacity in older adults: Concepts, epidemiology, assessments, influencing factors, adverse outcomes, and interventions",exclude,Randomized design not confirmed in mined full-text fields,no,yes,no,yes,yes,no,yes,no,no,no,no,frailty,,"41164433 10.35772/ghm.2025.01026 1 Review Research progress on intrinsic capacity in older adults: Concepts, epidemiology, assessments, influencing factors, adverse outcomes, and interventions Zhu Yu 1 Zhu Ying 1 Li Jia 1 Shi Nini 1 Li Wenyuan 1 Tang Ying 1 Hua Longchun 2 Zhang Hongyan 2 Yan Fanghong 1 3 Ma Yuxia 1 3 * 1 School of Nursing, Evidence-Based Nursing Center",,,,,
PMC12564842,41154987.0,10.3390/ijerph22101583,Clinical-Functional Vulnerability of Older Adults in Primary Care in a Brazilian Municipality: Associated Factors.,2025.0,,https://europepmc.org/article/MED/41154987,expanded_accessible_search,exercise_plus_nutrition,Clinical-Functional Vulnerability of Older Adults in Primary Care in a Brazilian Municipality: Associated Factors,exclude,Randomized design not confirmed in mined full-text fields,no,yes,yes,yes,yes,no,yes,no,yes,yes,yes,frailty;gait_speed;adl;falls;quality_of_life;adverse_events,,"alth Units in Jundiaí/SP, Brazil, in 2023. Sociodemographic data, health behaviors, and data on oral health (number of teeth; chewing: good/fair/poor), cognitive function (10-CS), nutritional status (MNA), health literacy (HLS-14), sarcopenia (SARC-F+CC) and frailty (IVCF-20) were collected. Descriptive and bivariate analyses between the outcome (CFV) and the indepen",,"3. Results A total of 212 older adults participated in this study (minimum of 45 per unit). However, one individual did not meet the inclusion criteria and was excluded, resulting in a final sample of 211 participants. There was a predominance of women (72%, n = 152), a mean age of 70.41 years (±7.45), white skin color (75.4%, n = 159), incomplete elementary education (58.3%, n = 123), and income of up to one minimum wage (39.3%, n = 83). Only 10% of the participants (n = 23) did not use medications daily, while 89.6% (n = 189) had some health problems, 45.5% (n = 96) former smokers, and 36.5% (n = 77) reported a history of COVID-19 infection. Regarding oral health variables measured by number of teeth, 78.7% of the participants (n = 166) had ≤19 teeth and 37% (n = 88) had fair/poor chewing ( Table 1 ). The data related to the IVCF-20 presented below Table 1 , are interpreted according to the original scale in three categories, in which higher scores indicate greater vulnerability or frailty. Most participants were classified as robust. The application of the IVCF-20 among older people receiving primary health care revealed a predominance of individuals aged 60 to 74 years, who generally reported good self-perceived health, independence in activities of daily living, and preserved cognitive function. Table 2 shows de IVCF-20 distribution which demonstrated a substantial proportion of participants presented depressive symptoms and mobility limitations, as well as multiple chronic conditions and the use of several medications. ( Table 2 ). Bivariate analysis of CFV identified the following variables as significant: age, skin color, marital status, education, income, medication use (divided into two categories: up to 3 medications/4 or more medications), health problems, u",,,
PMC12565208,41156209.0,10.3390/jcm14207340,Antithrombotic Therapy in the Elderly with Cardiovascular Disease: Walking the Tightrope Between Efficacy and Bleeding Risk-A Narrative Review.,2025.0,,https://europepmc.org/article/MED/41156209,expanded_accessible_search,exercise_only,Antithrombotic Therapy in the Elderly with Cardiovascular Disease: Walking the Tightrope Between Efficacy and Bleeding Risk—A Narrative Review,include_secondary_setting,Frailty RCT but setting likely hospital/residential or mixed,yes,yes,no,yes,yes,yes,yes,no,yes,yes,no,frailty;falls;adherence;adverse_events,"boembolic events and bleeding complications during antithrombotic treatment. Therapeutic decision-making is further complicated by the underrepresentation of older adults in large randomized trials and the resulting scarcity of age-specific, evidence-based data. As a result, their management is not guided by specific recommendations but rather relies on clinician eval","002-7964-4479 Sciahbasi Alessandro 1 * Minardi Simona 2 Salvi Nicolò 1 https://orcid.org/0000-0003-2606-657X Infusino Fabio 1 Granatelli Antonino 1 Ndrepepa Gjin Academic Editor 1 Interventional Cardiology, Sandro Pertini Hospital—ASL RM2, 00157 Rome, Italy; nicolo.salvi@aslroma2.it (N.S.); fabio.infusino@aslroma2.it (F.I.); antonino.granatelli@aslroma2.it (A.G.) 2 Card","ents without established ASCVD, along with a consistent increase in bleeding risk [ 27 , 28 ]. Some of these studies randomized elderly patients to receive aspirin 100 mg daily or placebo and found no significant difference in the primary endpoint of cardiovascular death, stroke, or myocardial infarction, while observing a significant increase in the risk of major",,,,
PMC12579327,41174950.0,10.1111/liv.70418,A Metagenomics Approach to Frailty in Patients With Cirrhosis Undergoing a Multifactorial Intervention.,2025.0,,https://europepmc.org/article/MED/41174950,expanded_accessible_search,nutrition_only,A Metagenomics Approach to Frailty in Patients With Cirrhosis Undergoing a Multifactorial Intervention,include_primary_accessible,Community/home/primary-care frailty RCT confirmed by mined full-text fields,yes,yes,no,yes,yes,yes,yes,no,no,no,yes,frailty;gait_speed;falls;quality_of_life,"encing the faecal microbiota composition associated with frailty in 29 patients with cirrhosis from a previous study (Román, Hepatol Commun 2024). Frail and prefrail patients were randomised to a multifactorial intervention (home exercise, branched‐chain amino acids and a multistrain probiotic) or control for 12 months. We observed a positive correlation between the a",12579327 41174950 10.1111/liv.70418 LIV70418 LIVint-25-01255 1 Brief Report Brief Report A Metagenomics Approach to Frailty in Patients With Cirrhosis Undergoing a Multifactorial Intervention Vega‐Abellaneda Sara 1 Román Eva 2 3 4 5 Soler Zaida 1 Ortiz Mª. Àngels 6 Rossi Giacomo https://orcid.org/0000-0001-8617-5984 7 Biagini Lucia 7 Sánchez Elisabet 3 6 Pons‐Tarin Mar,"tionally, we analysed a battery of biomarkers in serum and urine [ 3 ], and faecal samples were collected for metagenomic shotgun sequencing analysis ( Supporting Information ). A control group of 15 age and gender‐matched healthy individuals was also included (Figure 1A ). FIGURE 1 (A) Design of the study; (B) Differentially abundant species between baseline and 12 mont","3 Results The 29 outpatients included in the study were 38% women and had (mean ± SD) 64.6 ± 9.1 years of age. MELD score was 8.6 ± 3.2, 23 of the 29 patients had alcohol‐related liver disease, 23 had previous decompensations, and their LFI was 3.9 ± 0.4. In the faecal microbiota analysis, patients with cirrhosis showed an alpha diversity lower than controls (Chao 1, p = 0.01). Key differences between patients with cirrhosis and controls included an increased abundance of Anaerotruncus massiliensis , Enterocloster bolteae , Streptococcus parasanguinis and 3 different Veillonella species in the cirrhosis group. Ruminococcus callidus , an unclassified Ruminococcaceae, Alistipes putredinis and an unclassified Clostridia were more abundant in healthy controls. In patients with cirrhosis, microbial diversity did not correlate with the LFI. We observed a positive correlation between the abundance of Rothia dentocariosa and LFI ( r = 0.57, p < 0.001), and between Bacteroides faecis and gait speed ( r = 0.60, p < 0.001). Streptococcus thermophilus was negatively correlated with IL‐6 (r = −0.63, p < 0.001), while Lactobacillus acidophilus showed a positive correlation with mtDNA ( r = 0.62, p < 0.001). Additionally, the abundances of Veillonella parvula and Veillonella dispar were positively correlated with ccK18 ( r = 0.74, p < 0.001, and r = 0.75, p < 0.001, respectively). In the 10 patients from the multifactorial intervention group that reached the 12 month evaluation, both LFI and gait speed improved (3.31 ± 0.40 vs. 4.01 ± 0.41 at baseline, p = 0.005; 1.00 ± 0.09 vs. 0.86 ± 0.18 m/s at baseline, p = 0.03, respectively). The most notable changes in the microbiome composition were an increased abundance of Streptococcus thermophilus , Lactobacillus acidophilus and several sp",,,
PMC12582911,41184220.0,10.1002/jcsm.70080,Postinactivity Exercise Training Improves Sarcopenia Traits in 40-60-Year-Old Women Regardless of Fortified Milk Supplementation.,2025.0,,https://europepmc.org/article/MED/41184220,expanded_accessible_search,exercise_plus_nutrition,Postinactivity Exercise Training Improves Sarcopenia Traits in 40–60‐Year‐Old Women Regardless of Fortified Milk Supplementation,secondary_sarcopenia_verify,Sarcopenia/vulnerability RCT; frailty-primary status requires verification,yes,no,yes,yes,yes,yes,yes,no,yes,no,no,frailty;gait_speed;grip_strength;falls;adherence;adverse_events,"milk supplementation in healthy 40–60‐year‐old females, and to determine whether menopausal status interacted with these changes. Methods In this double‐blind, placebo‐controlled randomized trial, females aged 40–60 years were evaluated before and after 2 weeks of reduced activity monitored through pedometer and after a subsequent 12‐week exercise + nutrition program",scle 2190-5991 2190-6009 Wiley PMC12582911 PMC12582911.1 12582911 12582911 41184220 10.1002/jcsm.70080 JCSM70080 JCSM-D-24-01443 1 Original Article Original Article Postinactivity Exercise Training Improves Sarcopenia Traits in 40–60‐Year‐Old Women Regardless of Fortified Milk Supplementation Trezise Joanne https://orcid.org/0009-0008-5248-4648 1 Lima Ricardo M. 2 3,"r without fortified milk supplementation in healthy 40–60‐year‐old females, and to determine whether menopausal status interacted with these changes. Methods In this double‐blind, placebo‐controlled randomized trial, females aged 40–60 years were evaluated before and after 2 weeks of reduced activity monitored through pedometer and after a subsequent 12‐week exerci","Results Eighty‐three self‐reported healthy females (50.7 ± 5.3 years; 52 postmenopausal) completed the reduced‐activity period, and 67 completed the subsequent exercise training + nutrition phase. At baseline, participants averaged 8323 ± 3077 daily steps and then decreased to 1876 ± 729 during the reduced‐activity period. Mean sarcopenia outcomes declined after 2 weeks of activity restriction, with significant changes ( p < 0.05) in shank muscle cross‐sectional area (CSA) (67.7 ± 9.9 to 66.5 ± 9.9 cm 2 ), handgrip strength (25.3 ± 5.0 to 24.0 ± 5.3 kg), knee extensor peak torque (134.7 ± 36.2 to 122.7 ± 34.5 Nm) and stair ascending time (3.6 ± 0.6 to 3.7 ± 0.6 s) and power (367.6 ± 67.6 to 356.7 ± 67.7 W), with no significant time × menopause interactions ( p > 0.05 for all variables). All muscle mass, strength and function outcomes were not only improved after exercise training + nutrition but also significantly increased compared to preintervention baseline (all p < 0.05). No training × menopause or training × supplementation interactions were observed for any variable (both p > 0.05).
3 Results Participants' baseline characteristics for the entire sample and according to menopausal status are presented in Table 1 . Eighty‐three middle‐aged participants successfully completed the reduced step phase and assessments (T1 and T2), from which 31 were premenopausal and 52 postmenopausal. At T1, postmenopausal volunteers had significantly higher age and percent body fat but did not differ in body mass, height or BMI. Mean LBM relative to body mass, thigh muscle CSA (with trend for shank CSA; p = 0.07), HGS, HGS relative to body mass, knee extensor and plantar flexor isometric torques, squat jump height and ascending stair time and power were better for the pre‐ than postmen",,,
PMC12608599,41228530.0,10.3390/nu17213459,Effects of High-Protein Nutritional Guidance on Sarcopenia-Related Parameters in Individuals Aged ≥ 75 Years with Type 2 Diabetes: An Exploratory Single-Arm Pre-Post Intervention Study.,2025.0,,https://europepmc.org/article/MED/41228530,expanded_accessible_search,exercise_plus_nutrition,Effects of High-Protein Nutritional Guidance on Sarcopenia-Related Parameters in Individuals Aged ≥ 75 Years with Type 2 Diabetes: An Exploratory Single-Arm Pre–Post Intervention Study,secondary_sarcopenia_verify,Sarcopenia/vulnerability RCT; frailty-primary status requires verification,yes,no,yes,yes,yes,yes,yes,no,yes,yes,yes,frailty;gait_speed;grip_strength;quality_of_life;adherence;adverse_events,"om all participants prior to inclusion in the study. The unit of assignment and analysis was the individual. All participants were allocated to the same intervention condition (nonrandomized, single-arm). Blinding of participants and dietitians was not feasible; laboratory assays were performed by technicians blinded to timepoints where applicable. 2.3. Intervention a",072-6643 Multidisciplinary Digital Publishing Institute (MDPI) PMC12608599 PMC12608599.1 12608599 12608599 41228530 10.3390/nu17213459 nutrients-17-03459 1 Article Effects of High-Protein Nutritional Guidance on Sarcopenia-Related Parameters in Individuals Aged ≥ 75 Years with Type 2 Diabetes: An Exploratory Single-Arm Pre–Post Intervention Study Todoroki Hidechika,"modest but statistically significant decline (−2.97 mL/min/1.73 m 2 /year), this rate was markedly smaller than that reported in diabetic nephropathy cohorts, such as the CREDENCE placebo group (−4.7 mL/min/1.73 m 2 /year) [ 29 ].The decrease was observed mainly during the first 6 months and subsequently plateaued, while eGFRcreat and CKD staging remained stable. T","3. Results 3.1. Participant Flow and Baseline Characteristics A total of 44 older adults with T2DM underwent baseline assessments at study entry ( Figure 1 ). During follow-up, five participants were discontinued due to pancreatic cancer, prostate cancer, death, lower-limb amputation, or voluntary withdrawal. In accordance with the intention-to-treat principle, data obtained prior to withdrawal were included in the analysis. Ultimately, 39 participants completed the 18-month follow-up and were included in the longitudinal evaluation. Forty-four older adults with T2DM were enrolled at baseline (Visit 1). Withdrawals occurred before Visit 2 ( n = 1), Visit 3 ( n = 1), and Visit 4 ( n = 3) due to pancreatic cancer, voluntary discontinuation, death, prostate cancer, or lower limb amputation. Data from withdrawn participants was included in analyses when available. Final sample sizes were n = 43 at 6 months, n = 42 at 12 months, and n = 39 at 18 months. Baseline characteristics of the 44 participants (19 men, 25 women) are summarized in Table 1 . The mean age was 80.0 ± 3.8 years, without a sex difference. Men had significantly greater height, weight, total body water, protein mass, muscle mass, skeletal muscle mass, and SMI than women. Grip strength was higher in men, whereas gait speed did not differ by sex. Biochemically, men showed higher serum creatinine and lower eGFRcreat, consistent with higher muscle mass; uric acid was also higher in men. No sex differences were observed for aspartate aminotransferase (AST), alanine aminotransferase (ALT), gamma-glutamyl transferase (GGT), Fibrosis-4 index (FIB4 index), liver stiffness (elastography), or CAP. Glycemic markers (HbA1c, fasting glucose), endocrine markers (CPR, glucagon, FGF21), lipid profiles (triglycerides, low-dens",,,
PMC12612941,41222933.0,10.1001/jamanetworkopen.2025.43278,Long-Term Health and Cost Outcomes of a 24-Week Multicomponent Frailty Intervention in Older Adults.,2025.0,,https://europepmc.org/article/MED/41222933,expanded_accessible_search,nutrition_only,Long-Term Health and Cost Outcomes of a 24-Week Multicomponent Frailty Intervention in Older Adults,include_secondary_setting,Frailty RCT but setting likely hospital/residential or mixed,yes,yes,no,yes,yes,yes,yes,no,yes,yes,yes,frailty;gait_speed;grip_strength;falls;quality_of_life;adherence;adverse_events,"t outcomes associated with a 24-week multicomponent frailty intervention for socioeconomically vulnerable older adults in rural Korea? Findings In this economic evaluation of a nonrandomized trial of 119 matched pairs of older adults, participants had significantly longer survival free from death or long-term care eligibility and significantly lower cumulative health",.1 12612941 12612941 41222933 10.1001/jamanetworkopen.2025.43278 zoi251175 1 Research Original Investigation Online Only Geriatrics Long-Term Health and Cost Outcomes of a 24-Week Multicomponent Frailty Intervention in Older Adults Outcomes of a Multicomponent Frailty Intervention in Older Adults Outcomes of a Multicomponent Frailty Intervention in Older Adults Ji Sunghwa,"mitigated through modifications. The intervention was initiated 6 months after the baseline assessment and lasted for 6 months. After program completion, participants returned to usual care. The intervention was developed in collaboration with the Pyeongchang Health Center and County Hospital, together with community stakeholders, and the detailed protocol has been p","Findings In this economic evaluation of a nonrandomized trial of 119 matched pairs of older adults, participants had significantly longer survival free from death or long-term care eligibility and significantly lower cumulative health service-use costs ($7688 per person) over 66 months, yielding a cost:benefit ratio of 8.82.
Results Among 383 eligible adults, 187 volunteered to participate and 196 individuals served as controls; NHIS linkage was successful for 181 (96.8%) and 192 (98.0%) participants, respectively. Among 119 matched pairs (238 [68.9%] aged ≥75 years; 177 [74.4%] female), participants had longer composite outcome-free survival at 66 months (mean difference, 6.53 [95% CI, 1.38-11.68] months). Health service–use costs were consistently lower in the participants group, mainly from reduced hospitalizations and long-term care use, with per-person savings of $7688 (95% CI, 1197-14 615) at 66 months, representing a cost:benefit ratio of 8.82.
Results Baseline Characteristics A total of 119 matched pairs (238 participants [68.9%] aged ≥75 years; 177 [74.4%] female) were included in the analysis. Before matching, the participants were generally older (SMD, 0.47), had higher male:female ratio (SMD, 0.47), lower grip strength (SMD, 0.42), more chronic conditions (SMD, 0.25), slower gait speed (SMD, 0.36), and greater frailty based on both the frailty phenotype (SMD, 0.30) and frailty index (SMD, 0.33) compared with nonparticipants. After PSM, the SMDs for age and number of chronic conditions were 0.17 and 0.13, respectively, and all other key variables had SMDs below 0.1 ( Table ). The unmatched participants were more frail and had lower physical function, while unmatched nonparticipants were healthier (younger, less frail, better physical function) than their matc",,,
PMC12624186,40767365.0,10.1111/joor.70031,Effects of Multidirectional Head Lift Exercise Based on Proprioceptive Neuromuscular Facilitation Techniques on Oropharyngeal Swallowing Muscles in Community-Dwelling Older Adults With Oral Frailty.,2025.0,,https://europepmc.org/article/MED/40767365,expanded_accessible_search,unclear,Effects of Multidirectional Head Lift Exercise Based on Proprioceptive Neuromuscular Facilitation Techniques on Oropharyngeal Swallowing Muscles in Community‐Dwelling Older Adults With Oral Frailty,include_primary_accessible,Community/home/primary-care frailty RCT confirmed by mined full-text fields,yes,yes,no,yes,yes,yes,yes,no,no,no,yes,frailty;adl;quality_of_life;adverse_events,"ft exercise using PNF techniques for the oropharyngeal swallowing muscles in older adults with oral frailty. Methods Older adults with oral frailty were enrolled in this study and randomly assigned to the experimental or control group. The experimental group performed multidirectional head‐lift exercises based on PNF techniques, whereas the control group performed convention",llection PMC12624186 PMC12624186.1 12624186 12624186 40767365 10.1111/joor.70031 JOOR70031 JOR-25-0524.R1 1 Original Article Original Article Effects of Multidirectional Head Lift Exercise Based on Proprioceptive Neuromuscular Facilitation Techniques on Oropharyngeal Swallowing Muscles in Community‐Dwelling Older Adults With Oral Frailty Park Ji‐Su https://orcid.org,"oropharyngeal swallowing muscles in older adults with oral frailty. Methods Older adults with oral frailty were enrolled in this study and randomly assigned to the experimental or control group. The experimental group performed multidirectional head‐lift exercises based on PNF techniques, whereas the control group performed conventional head‐lift exercises (90 times/day,","Results The experimental group showed significant improvements in tongue strength and thickness compared to the control group, as well as significant improvements in suprahyoid muscle activation and thickness (all, p < 0.05).
3 Results 3.1 Participant Characteristics Table 2 summarises the clinical and demographic characteristics of the participants. The Consolidated Standards of Reporting Trials (CONSORT) table depicts patient flow throughout the study (Figure 2 ). TABLE 2 Characteristics of participants. Characteristics Experimental group ( n = 30) Control group ( n = 30) p Age (year), mean ± SD 70.5 ± 5.5 69.5 ± 6.2 0.378 Gender (male/female) 15/15 15/15 1.000 Height (m) 163.4 ± 7.3 161.4 ± 5.8 0.244 Weight (kg) 63.3 ± 8.2 64.5 ± 6.9 0.54 Tongue strength 38.4 ± 6.1 38.7 ± 6.5 0.855 Oral dryness 25.5 ± 3.2 26.1 ± 3.4 0.192 Occlusal force 195.8 ± 25.5 198.2 ± 20.8 0.829 FIGURE 2 Consolidated Standards of Reporting Trials (CONSORT). 3.2 Tongue Muscle's Strength and Thickness The experimental group showed significant improvements in tongue strength and thickness ( p < 0.001), whereas the control group showed significant improvements ( p = 0.018 and p = 0.031, respectively). After the intervention, there were significant differences in tongue strength and thickness between the two groups (both, p = 0.001; Table 3 ). The Cohen's effect sizes (d) for tongue strength and thickness were 1.35 and 2.04, respectively. TABLE 3 Change of tongue muscles in parameters pre‐ and post‐intervention. Experimental group Control group Between groups p Pre Post Change p e Pre Post Change p Tongue muscle strength (unit: kpa) 38.4 (6.1) 45.7 (7.2) 6.2 (3.7) < 0.001 * 38.7 (6.5) 41.1 (7.6) 2.4 (1.5) 0.018 * 0.001 † Tongue muscle thickness (unit: mm) 43.1 (3.7) 48.4 (3.6) 5.3 (2.4) < 0.001 * 42",,,
PMC12641721,41283447.0,10.3390/geriatrics10060136,"Effect of Eight-Week Strength Training on Body Composition, Muscle Strength and Perceived Stress in Community-Dwelling Older Women.",2025.0,,https://europepmc.org/article/MED/41283447,expanded_accessible_search,multicomponent_exercise,"Effect of Eight-Week Strength Training on Body Composition, Muscle Strength and Perceived Stress in Community-Dwelling Older Women",secondary_sarcopenia_verify,Sarcopenia/vulnerability RCT; frailty-primary status requires verification,yes,no,yes,yes,yes,yes,yes,no,no,no,yes,grip_strength;falls;quality_of_life;adherence;adverse_events,"te the effects of eight weeks of STR on body composition, muscle strength, and psycho-emotional state in community-dwelling elderly women. Methods : A prospective, controlled, non-randomized study included 44 women assigned to an STR ( n = 20) or control (CON, n = 22) group. The STR group performed supervised exercise twice weekly for eight weeks. The outcomes were bo","s.org/licenses/by/4.0/ ). Background : Sarcopenia, characterized by loss of muscle mass, strength, and function, reduces independence and quality of life in older adults. Strength exercise (STR) mitigates these age-related declines, but evidence of short-term effectiveness remains limited. This study aimed to evaluate the effects of eight weeks of STR on body compos","-emotional well-being in older adult women. Participants were divided into two groups: an intervention group, which participated in the structured strength exercise program, and a control group, which did not engage in any structured physical activity during the study period. At baseline, all participants underwent a comprehensive evaluation that included assessments of","3. Results 3.1. Handgrip Strength ANCOVA revealed a statistically significant between-group difference for the right handgrip strength after adjusting for baseline values ( p = 0.025, partial η 2 = 0.122), favoring the intervention group. No significant difference was observed for the left handgrip strength ( p > 0.05) ( Table 2 ). 3.2. Body Composition After adjusting for baseline values, body mass was significantly lower in the intervention group compared with the control group ( p = 0.041, partial η 2 = 0.103). Similarly, BMI was significantly reduced in the intervention group ( p = 0.030, partial η 2 = 0.115). A significant between-group difference was also observed for body fat percentage ( p = 0.047, partial η 2 = 0.098). No statistically significant differences were found for muscle mass, bone mass, basal metabolic rate, total body water, ECW/TBW ratio or thigh circumference ( p > 0.05). Adjusted means, 95% confidence intervals, and effect sizes are summarized in Table 3 . 3.3. Muscle Strength Significant between-group differences were found for knee flexor strength in both legs ( p < 0.05, partial η 2 = 0.128–0.131), favoring the intervention group. Knee extensor strength showed no significant differences between groups ( p > 0.05). After adjusting for baseline values, a statistically significant between-group difference was found for right handgrip-to-BMI ratio ( p = 0.013, partial η 2 = 0.150) favoring the intervention group. Significant differences were also observed for hamstring-to-quadriceps ratios on both sides (Left: p = 0.028, partial η 2 = 0.118; Right: p = 0.035, partial η 2 = 0.109), with higher adjusted means in the intervention group. No significant between-group difference was found for left hand handgrip-to-BMI ratio ( p = 0.724). Adjusted means,",,,
PMC12645253,40644314.0,10.2337/dbi25-0004,Treating Sarcopenic Obesity in the Era of Incretin Therapies: Perspectives and Challenges.,2025.0,,https://europepmc.org/article/MED/40644314,expanded_accessible_search,nutrition_only,Treating Sarcopenic Obesity in the Era of Incretin Therapies: Perspectives and Challenges,exclude,Randomized design not confirmed in mined full-text fields,no,no,yes,yes,yes,no,yes,no,no,no,no,quality_of_life;adverse_events,,"School of Medicine , New Haven, CT 3 Division of Geriatric Medicine and Center for Aging and Health, University of North Carolina at Chapel Hill , Chapel Hill, NC 4 Department of Nutrition, Gillings School of Global Public Health, University of North Carolina at Chapel Hill , Chapel Hill, NC Corresponding author: John A. Batsis, john.batsis@gmail.com 12 2025 11 7 20",,,,,
PMC12659516,41299441.0,10.1186/s12891-025-09311-6,Development and validation of the BPDKC model for predicting sarcopenic knee osteoarthritis in community-dwelling older adults: a cross-sectional study.,2025.0,,https://europepmc.org/article/MED/41299441,expanded_accessible_search,exercise_only,Development and validation of the BPDKC model for predicting sarcopenic knee osteoarthritis in community-dwelling older adults: a cross-sectional study,exclude,Protocol/review signal in full-text-mined fields,yes,no,yes,yes,yes,no,yes,yes,yes,yes,yes,frailty;gait_speed;grip_strength;adl;falls;quality_of_life;adherence,"3-9 9. Belk JW Kraeutler MJ Houck DA Goodrich JA Dragoo JL McCarty EC Platelet-rich plasma versus hyaluronic acid for knee osteoarthritis: a systematic review and meta-analysis of randomized controlled trials Am J Sports Med 2021 49 249 60 10.1177/0363546520909397 32302218 Belk JW, Kraeutler MJ, Houck DA, Goodrich JA, Dragoo JL, McCarty EC. Platelet-rich plasma versus",lthough sensitivity remains limited—reflecting the challenge of case-finding in low-prevalence settings—the model offers meaningful clinical value for targeted screening and early intervention. External validation in diverse populations is recommended prior to broader implementation. Supplementary Information The online version contains supplementary material available,,"Results Among 640 participants, 12.5% ( n = 80) met SPKOA criteria, with balanced prevalence across training (12.5%, n = 56) and test sets (12.5%, n = 24). In the training set, all models showed strong discrimination (Model 1 AUC = 0.953; Model 2 AUC = 0.951; Model 3 AUC = 0.934) and excellent calibration (Brier scores: 0.053–0.062). However, in the internal test set, Model 2 (BPDKC) demonstrated the best generalizability and balance of performance: AUC = 0.861 (95% CI: 0.795–0.926), specificity = 94.6% (95% CI: 90.1–97.5%), precision = 50.0% (95% CI: 26.0–74.0%), F1-score = 0.429 (95% CI: 0.243–0.618), and Brier score = 0.1038 (95% CI: 0.068–0.139). Although sensitivity remained modest (37.5%, 95% CI: 18.8–59.4%), calibration curves and decision curve analysis confirmed robust risk estimation and superior net clinical benefit across clinically relevant risk thresholds (10–40%). Model 2 also achieved the best trade-off between performance and parsimony (AIC = 178.41 vs. Model 3 AIC = 194.79). A user-friendly web calculator implementing the BPDKC model is freely accessible at ( https://lgmyyyy.shinyapps.io/bpdkc_spkoa_app/ ) .
Results Study population characteristics A total of 640 community-dwelling older Chinese adults were included, with a median age of 71.0 years (Q1–Q3: 68.0–74.0) and 57.7% female. The prevalence of SPKOA was 12.5% (80/640). Participants were randomly allocated to a training set ( n = 448, 70%) and a test set ( n = 192, 30%). Most baseline characteristics were balanced between the two sets (all p > 0.05), except for gender, which showed a statistically significant difference ( p = 0.033) (Supplementary table 1). and Baseline Characteristics and Univariate/Multivariate Logistic Regression Analyses for SPKOA in the train set (Supplementary table 2). I",,,
PMC12667061,41327100.0,10.1186/s12877-025-06612-2,Predictive model development for possible sarcopenia in community-dwelling older adults: a cross-sectional machine learning approach using the Korean frailty and aging cohort study.,2025.0,,https://europepmc.org/article/MED/41327100,expanded_accessible_search,multidomain,Predictive model development for possible sarcopenia in community-dwelling older adults: a cross-sectional machine learning approach using the Korean frailty and aging cohort study,exclude,Randomized design not confirmed in mined full-text fields,no,yes,yes,yes,yes,no,yes,no,yes,yes,yes,frailty;gait_speed;grip_strength;adl;falls;quality_of_life,,"were dichotomised as 0 = never and 1 = occasionally/often/very often [ 24 ]. Health behavioural and physical characteristics Smoking, alcohol drinking, unintentional weight loss, nutritional status, activities of daily living (ADLs), instrumental activities of daily living (IADLs), and physical activity were assessed for health behavioural and physical characteristi",,"Results The final sample comprised 500 individuals with possible sarcopenia (mean age: 83.0 ± 3.76 years; 34.4% men) and 1,261 without possible sarcopenia (mean age: 81.0 ± 3.40 years, 51.6% men). Logistic regression demonstrated the best predictive performance among the four models, with the highest recall of 0.700 and F1-score of 0.654. The most influential predictors for possible sarcopenia were lower body mass index, walking aid use, cognitive impairment, older age, and exhaustion.
Results General characteristics of participants and possible sarcopenia group Table 1 shows the general characteristics of the study participants stratified by the possible sarcopenia group based on the AWGS 2019 criteria. Of the 1,761 study participants, 500 were categorised as having possible sarcopenia (28.4%) and 1,261 as having non-possible sarcopenia (71.6%). The mean age of participants was 81.6 ± 3.62 (median age = 81) years. Of the total sample, 53.3% were women and 46.7% were men. Table 1 General characteristics of participants according to possible sarcopenia status ( N = 1761) Variables (available data, n ) Total participants ( N = 1761) Possible sarcopenia ( n = 500) No possible sarcopenia ( n = 1261) Median [IQR] or n (%) Median [IQR] or n (%) Median [IQR] or n (%) t or x 2 p Sociodemographic characteristics Age (years) 81 [79–84] 83 [80–86] 81 [78–83] −10.358 < 0.001 Sex 42.677 <0.001 Men 823 (46.7) 172 (34.4) 651 (51.6) Women 938 (53.3) 328 (65.6) 610 (48.4) Educational level (n=1759) * 77.890 <0.001 ≤ Elementary school 792 (45.0) 307 (61.5) 485 (38.5) Middle school 276 (15.7) 62 (12.4) 214 (17.0) ≥ High school 691 (39.3) 130 (26.1) 561 (44.5) Living arrangement (n=1760) * 22.438 <0.001 Living alone 506 (28.7) 184 (36.9) 322 (25.5) Living with someone 1254 (71.3) 315 (63.1",,,
PMC12672878,41346374.0,10.3389/fragi.2025.1662126,Effect of maximal mental effort during elastic band training on neuromuscular adaptations in older women.,2025.0,,https://europepmc.org/article/MED/41346374,expanded_accessible_search,exercise_only,Effect of maximal mental effort during elastic band training on neuromuscular adaptations in older women,defer_second_reviewer,Comparator not clearly confirmed from mined fields,yes,no,no,yes,yes,no,yes,no,no,no,yes,frailty;grip_strength;adherence;adverse_events,"ermine if combining maximal mental effort (MME) with elastic band training (EBT) augments neuromuscular adaptions in older women. Methods Untrained older women (71 ± 4 years) were randomly assigned to EBT (n = 11), EBT + MME (n = 13), or a control (CON; n = 10) group. EBT and EBT + MME performed 6 weeks of moderate-intensity, total body elastic band training, but EBT + MME i","ptualization Formal analysis Funding acquisition Methodology Project administration Resources Software Supervision Validation Writing – original draft Writing – review & editing 1 Exercise Science and Sport Management, Kennesaw State University Wellstar College of Health and Human Services , Kennesaw , GA , United States 2 Department of Psychological Sciences, Kenne",,"Results VA (p = 0.182) and contractile properties (p > 0.05 for all) remained unchanged. Compared to CON, 1-RM (p = 0.004), KE peak torque (p = 0.034), CSA (p < 0.001 for both), and muscle quality (p = 0.001–0.021) improved in EBT and EBT + MME, but no differences existed between these groups (p > 0.05). Lean mass remained unchanged (p = 0.481–0.753).
3 Results 3.1 Adherence, feelings about exercise, and focus of attention during interventions The adherence to training for participants in the EBT and EBT + MME was 96.23% and 95.48%, respectively, and all participants completed at least 90% of their training sessions. No significant interaction (p > 0.05) was found for affective feeling indicating no differences between groups ( Supplementary Table S1 ). Responses to the open-ended question, though qualitative, support the notion that a greater number of EBT + MME participants focused on the exercising muscle or effort ( Supplementary Figure S4 ). 3.2 Group characteristics, body composition, muscle size, and muscle quality Group characteristics and data for body composition, muscle size, and muscle quality with ANOVA findings are provided in Table 1 . Total body and segmental lean mass remained unchanged (p > 0.05). Two-way interactions were found for BB CSA (p < 0.001; η p 2 = 0.41), BB EI (p = 0.021; η p 2 = 0.22), and quadriceps EI (p < 0.001; η p 2 = 0.42). All outcomes were unchanged in CON (p > 0.05). BB CSA increased in in EBT (p < 0.001; d = 1.11) and EBT + MME (p < 0.001; d = 1.73) with no difference between groups (p = 0.392; η p 2 = 0.03). BB EI decreased (improved quality) in EBT (p = 0.013; d = 0.86) and EBT + MME (p < 0.001; d = 0.89) with no difference between groups (p = 0.414; η p 2 = 0.03). Quadriceps EI decreased in EBT (p < 0.001; d = 1.33) and EBT + ",,,
PMC12682371,41354090.0,10.1093/ageing/afaf345,Why didn't the senior citizen cross the road? Gait speed in community-dwelling older adults with mobility limitations relative to pedestrian crossing times.,2025.0,,https://europepmc.org/article/MED/41354090,expanded_accessible_search,exercise_only,Why didn’t the senior citizen cross the road? Gait speed in community-dwelling older adults with mobility limitations relative to pedestrian crossing times,defer_second_reviewer,Comparator not clearly confirmed from mined fields,yes,yes,no,yes,yes,no,yes,no,no,no,yes,frailty;gait_speed;sppb;adl;falls;adverse_events,"red walking speed for pedestrian crossings, and the demographic characteristics associated with low gait speed. Methods Four-metre walking speed data from 1110 older adults in two randomised controlled trials were analysed. Gait speed and the proportion meeting the 1.2 m/s ‘green signal’ crossing time was calculated. Generalised linear models explored differences in g","ions relative to pedestrian crossing times https://orcid.org/0000-0003-1107-8498 Western Max J Department for Health, University of Bath , Bath , UK Withall Janet School of Sport, Exercise and Rehabilitation Sciences, University of Birmingham , Birmingham , UK Sheppard Rory College of Biomedical and Life Sciences, Cardiff University , Cardiff , UK Greaves Colin Scho",,"Results Seventeen (1.5%) of the sample walked fast enough at their usual comfortable pace to cross during a 1.2 m/s green signal. The mean gait speed for the sample was 0.77 (SD 0.19). Older age, lower physical function and non-white ethnicity were characteristics associated with slower gait speed.
Results Table 1 displays the demographic characteristics of the sample along with the mean (SD) gait speeds in each category. Figure 1 presents the distribution of gait speed scores across the sample. The overall mean gait speed for the whole sample was 0.77 (SD: 0.19)m/s. Only 17 (1.5%) of the 1110 sample had a walking speed of at least 1.2 m/s, with 136 (12%) walking faster than 1.0 m/s, and 502 (45%) walking faster than 0.8 m/s at their normal comfortable speed. Figure 1 Distribution of gait speed scores within the sample ( n = 1110). Gait speed was significantly negatively correlated with age (r = −0.150, 95% CI: −0.207 to −0.092, P < .001) and significantly positively correlated with total physical; function score (r = 0.648, 95% CI: 0.587–0.659, P < .001) but not with Index of Multiple Deprivation decile (r = 0.058, 95% CI: −0.001 to 0.116, P = .055). When controlling for covariates, those with lower baseline physical function and non-white ethnicity had significantly lower gait speed than people with higher physical function and white (British or non-British) ethnicity, respectively. Pairwise comparisons also revealed that people aged 65–74 years were significantly quicker by an estimated 0.025 m/s than those aged 75–84 years ( P = .018), and that those educated to secondary school level were estimated to be −0.021 m/s slower than those who attended or completed college ( P = .035). These data can be interpreted in light of a minimally clinically important difference i",,,
PMC12683717,41368662.0,10.3389/fpubh.2025.1631823,Development and validation of a model to predict the risk of frailty in older adults with panvascular disease.,2025.0,,https://europepmc.org/article/MED/41368662,expanded_accessible_search,unclear,Development and validation of a model to predict the risk of frailty in older adults with panvascular disease,exclude,Randomized design not confirmed in mined full-text fields,no,yes,no,yes,yes,no,yes,no,yes,yes,no,frailty;adl;quality_of_life;adverse_events,,"l consumption, and tumble, hearing and vision, number of atherosclerotic sites, body mass index (BMI). (2) Laboratory indicators: Glycosylated hemoglobin (HbAlc), high-density lipoprotein (HDL-C), triglycerides (TG), and low-density lipoprotein (LDL-C) were obtained from patients’ medical records and laboratory test results from the day of the assessment. 2.3.2 Fra",,"Results Among 1,344 participants, 366 (27.23%) were frail. LASSO regression identified increasing age, multiple atherosclerotic sites, elevated LDL-C, hypertension history, high HbA1c, and low ADL as significant predictors of frailty. The AUC values for the training and validation sets were 0.78 and 0.77, respectively, indicating good discrimination. The Hosmer–Lemeshow test ( χ 2 = 4.09, p > 0.05) and calibration curve demonstrated strong agreement between predicted and observed outcomes, confirming good model calibration and clinical utility.
3 Results 3.1 Patient characteristics and baseline comparison The mean age of the patient group was 71. A total 757 were male (57.66%), 18.53% had a smoking history, and 15.77% had a history of alcohol consumption. Among the panvascular patients, the frailty rates were 27.23% ( Table 1 ). Table 1 Baseline characteristics of the study population. Variable Sub-variable Total N = 1,344 Non-frail N = 978 Frail N = 366 χ 2 / Z / t p -value Age (year) – 71(66, 77) 70(66, 75) 75(68.75, 82) −8.617 <0.001 Gender Male 775(57.66) 548(56.03) 227(62.02) 3.913 0.048 Female 569(42.34) 430(43.97) 139(37.98) Marital status Married 1,061(78.90) 785(80.27) 276(75.41) 3.778 0.052 Unmarried/divorced/widowed 283(21.06) 193(19.73) 90(24.59) Education level Junior high school and below 748(55.65) 549(56.13) 199(54.37) 7.719 0.021 High school or technical secondary school 435(32.37) 300(30.67) 135(36.89) College degree or above 161(11.98) 129(13.20) 32(8.74) Smoking No 1,095(81.47) 809(82.72) 286(78.14) 3.698 0.054 Yes 249(18.53) 169(17.28) 80(21.86) Alcohol consumption No 1,132(84.23) 834(85.28) 298(81.42) 2.980 0.084 Yes 212(15.77) 144(14.72) 68(18.58) Vision Poor 626(46.58) 490(50.10) 136(37.16) 17.933 <0.001 Good 718(53.42) 488(49.90) 230(62.84) Hear",,,
PMC12695133,41371252.0,10.1002/jcsm.70163,Efficacy of Baduanjin Exercise for Sarcopenia in Older Adults: A 24-Week Randomized Controlled Trial.,2025.0,,https://europepmc.org/article/MED/41371252,expanded_accessible_search,exercise_only,Efficacy of Baduanjin Exercise for Sarcopenia in Older Adults: A 24‐Week Randomized Controlled Trial,exclude,Protocol/review signal in full-text-mined fields,yes,no,yes,yes,yes,yes,yes,yes,no,yes,yes,gait_speed;sppb;grip_strength;falls;quality_of_life;adherence;adverse_events,2695133 12695133 41371252 10.1002/jcsm.70163 JCSM70163 JCSM-D-24-00584 1 Original Article Original Article Efficacy of Baduanjin Exercise for Sarcopenia in Older Adults: A 24‐Week Randomized Controlled Trial Wu Keshangjing https://orcid.org/0009-0000-7236-7678 1 Chen Xianyu 1 Long Keyu 1 Yue Shengnan 1 2 Li Wenyuan 3 Duan Xueqing 1 Zhang Jing 1 Liu Tianyu 4 Chen Yuanl,90-5991 2190-6009 Wiley PMC12695133 PMC12695133.1 12695133 12695133 41371252 10.1002/jcsm.70163 JCSM70163 JCSM-D-24-00584 1 Original Article Original Article Efficacy of Baduanjin Exercise for Sarcopenia in Older Adults: A 24‐Week Randomized Controlled Trial Wu Keshangjing https://orcid.org/0009-0000-7236-7678 1 Chen Xianyu 1 Long Keyu 1 Yue Shengnan 1 2 Li Wenyuan,"are provided in Table S1 . 2.4 Randomization and Blinding Upon enrolment, the study participants were randomly assigned to either the BE group or the RT group, which was also the control group, at a 1:1 ratio. The randomization sequence was secured in a sealed envelope by independent reviewers, who were blinded to the study. After completing all baseline assessments, pa","Results Generalized estimating equations were used to assess 24‐week postintervention effects. Among the entire group, which consisted of 13 males and 77 females, significant differences ( p < 0.05) were noted between the BE and RT in several measures: SPPB scores ( B = 1.94 [95% CI, 1.20–2.68]), balance ( B = 0.76 [95% CI, 0.31–1.22]), lower limb strength ( B = 0.75 [95% CI, 0.25 to 1.24]), gait speed ( B = 0.41 [95% CI, 0.01–0.81]), skeletal muscle index (SMI) ( B = 0.37 [95% CI, 0.25–0.50]), left leg muscle mass ( B = 0.38 [95% CI, 0.23–0.52]), right leg muscle mass ( B = 0.34 [95% CI, 0.17–0.51]) and right hand grip strength ( B = 1.56 [95% CI, 1.13–1.99]). No significant differences were found in the muscle mass of the left arm, right arm or left handgrip strength or in the results of the 6‐m walk test.
3 Results 3.1 Participants' Characteristics A total of 90 participants met the inclusion criteria at the initial screening. However, 13 were lost to follow‐up leaving 77 for the final study (Figure 4 shows the selection process). The average age of participants was 67.31 years (standard deviation, SD = 5.57); the average height was 1.60 m (SD = 0.67), and the majority were female. Most participants were nonreligious, well educated, married, financially stable and not engaged in regular physical exercise. Typically, subjects had no more than two chronic diseases. The majority could not adhere to their regular medication regimens. A small fraction of the cohort exhibited mild cognitive impairment. No significant differences were observed in the sociodemographic indicators between the two groups, except for height ( t = −3.634; p < 0.001). Table 1 presents the baseline analysis of the sociodemographic profiles. Data for Weeks 12 and 24 can be found in Supporting Inform",,,
PMC12752955,41468365.0,10.1371/journal.pone.0339497,The cost-effectiveness of the Dutch In Balance fall prevention intervention compared to exercise recommendations among community-dwelling older adults with an increased risk of falls: A randomized controlled trial.,2025.0,,https://europepmc.org/article/MED/41468365,expanded_accessible_search,exercise_only,The cost-effectiveness of the Dutch In Balance fall prevention intervention compared to exercise recommendations among community-dwelling older adults with an increased risk of falls: A randomized controlled trial,exclude,Protocol/review signal in full-text-mined fields,yes,yes,no,yes,yes,yes,yes,yes,no,no,yes,frailty;gait_speed;grip_strength;adl;falls;quality_of_life;adherence;adverse_events,st-effectiveness of the Dutch In Balance fall prevention intervention compared to exercise recommendations among community-dwelling older adults with an increased risk of falls: A randomized controlled trial The cost-effectiveness of the Dutch In Balance fall prevention intervention Delfgaauw Jirini Conceptualization Formal analysis Investigation Visualization Writing,icine and Health Sciences Epidemiology Medical Risk Factors Medicine and Health Sciences Health Care Quality of Life The cost-effectiveness of the Dutch In Balance fall prevention intervention compared to exercise recommendations among community-dwelling older adults with an increased risk of falls: A randomized controlled trial The cost-effectiveness of the Dutch In Ba,"y-dwelling older adults. We recently showed that there were no statistically significant differences in falls and fall-related injuries between this adapted In Balance program and usual care, although there were less falls and fall-related injuries in the In Balance group [ 14 ]. Besides effectiveness, it is important to establish the cost-effectiveness of fall preven","Results On average, In Balance was less expensive and more effective than control, but differences were not statistically significant. ICERs indicated dominance of the intervention for prevented falls (€-14,329 per prevented fall), prevented fall-related injuries (€-14,569 per prevented injury), and QALYs based on both the EQ-5D-5L (€-168,265 per QALY gained) and ASCOT (€-135,797 per QALY gained). The probability of cost-effectiveness of In Balance compared to control was 98% at a willingness to pay (WTP) of €0 per unit of effect gained.
Results Participants Between June 2021 and January 2023, 849 potential participants were screened for eligibility ( Fig 1 ). Of these, 264 people were included in the study between August 2021 and January 2023 and were randomly assigned to the intervention group (n = 131) or the control group (n = 133). Follow-up finished in January 2024. 10.1371/journal.pone.0339497.g001 Fig 1 Flowchart of the numbers of inclusion and loss to follow-up. In the intervention group, 40 (30%) participants were classified as non-frail and 91 (70%) as pre-frail. In the control group, 37 (28%) participants were non-frail and 96 (72%) were pre-frail ( Fig 1 ). No clinically relevant differences in baseline characteristics were observed between the intervention and control groups ( Table 1 ). Likewise, there were no relevant baseline differences between groups after stratifying for frailty or in the per-protocol sample ( S2 and S3 Tables ). 10.1371/journal.pone.0339497.t001 Table 1 Baseline characteristics per treatment group. Characteristics are presented as n (%) unless specified otherwise. Variable In Balance group (N = 131) Control group (N = 133) Age (years, SD) 75.19 (5.60) 75.70 (5.12) Gender (female) 99 (76%) 102 (77%) Body Mass Index (kg/m 2 , SD) 26.5",,,
PMC12754865,41469541.0,10.1186/s12875-025-03085-5,Barriers to and facilitators of comprehensive geriatric assessment in primary care in France: a qualitative study exploring physicians' and nurses' experiences.,2025.0,,https://europepmc.org/article/MED/41469541,expanded_accessible_search,multidomain,Barriers to and facilitators of comprehensive geriatric assessment in primary care in France: a qualitative study exploring physicians’ and nurses’ experiences,include_primary_accessible,Community/home/primary-care frailty RCT confirmed by mined full-text fields,yes,yes,no,yes,yes,yes,yes,no,no,yes,yes,frailty;falls;quality_of_life,"ivecommons.org/licenses/by-nc-nd/4.0/ . Background Comprehensive geriatric assessment (CGA) is intended to address the complex care needs of frail, older adults. The CEpiA cluster-randomized trial assessed the effectiveness of CGA in France as part of complex interventions in two arms: a CGA adapted for use in primary care was conducted by a registered nurse (RN) or a","sment (CGA) is intended to address the complex care needs of frail, older adults. The CEpiA cluster-randomized trial assessed the effectiveness of CGA in France as part of complex interventions in two arms: a CGA adapted for use in primary care was conducted by a registered nurse (RN) or a general practitioner (GP). The trial’s shared decision aid for the CGA-personaliz","mortality, emergency department visits, institutionalization, quality of life, functional independence, and polypharmacy [ 11 ]. Registered nurse (RN)-led CGAs did not differ from usual care [ 11 ]. Although the CEpiA CRT’s results suggested that GPs could integrate a specially adapted CGA into their care of older adults, they also left unanswered questions whether cl","Results Participants valued the adapted CGA’s relevance but reported four main barriers: time constraints, poor suitability for some patients, challenges in subsequently implementing actions, and ethical concerns. Facilitators included good uptake of the tool and flexible use, and its function as a frailty-thinking guide rather than serving solely as an assessment tool. The participants reported benefits for patients, primary care providers, and the discipline of general practice.
Results Findings are presented by emergent themes rather than by the interview guide sequence. Participants characteristics The 19 participants were GPs ( n = 16) or RNs ( n = 3) involved in arms 1 and 2 of the CEpiA CRT (Table 1 ). Eight were women (42%) and 11 men (58%). Participants’ mean age was 46 years (range 28–66). The GPs had between 2 and 36 years of clinical experience in a single-handed practice ( n = 2) or a group practice ( n = 14). The proportion of patients aged over 70 years ranged from 6.3% to 19.7%. Nine of the 16 of GPs were clinical supervisors for year 6–9 residents in general practice. The three RNs interviewed had less than 5 years of experience and were working in multidisciplinary primary care centres with the GP who had jointly performed the CGA. However, this was not the case for all the RNs in the CEpiA study. Fifteen of the 16 GPs perceived the CEpiA study to be useful and relevant. The remaining GP had mixed feelings: due to his imminent retirement, he was reluctant to make significantly changes to his clinical practice. Table 1 Characteristics of the study participants ( n = 19) Profession CEpiA study arm Sex Years of practice Type of practice Trainee GP supervisor (yes*/no) Percentage of over-70 patients at the practice GP01A1 General practitioner 1 M > 15 Sing",,,
PMC12790065,41313689.0,10.1016/j.tjfa.2025.100106,"Exploratory functional and quality of life outcomes with daily consumption of the ketone ester bis-octanoyl (R)-1,3-butanediol in healthy older adults: a randomized, parallel arm, double-blind, placebo-controlled study.",2025.0,,https://europepmc.org/article/MED/41313689,expanded_accessible_search,nutrition_only,"Exploratory functional and quality of life outcomes with daily consumption of the ketone ester bis-octanoyl ( R )-1,3-butanediol in healthy older adults: a randomized, parallel arm, double-blind, placebo-controlled study ☆",include_primary_accessible,Community/home/primary-care frailty RCT confirmed by mined full-text fields,yes,yes,no,yes,yes,yes,yes,no,no,no,yes,frailty;gait_speed;sppb;grip_strength;adl;quality_of_life;adherence;adverse_events,"trials and therapeutic Exploratory functional and quality of life outcomes with daily consumption of the ketone ester bis-octanoyl ( R )-1,3-butanediol in healthy older adults: a randomized, parallel arm, double-blind, placebo-controlled study ☆ Stubbs Brianna J bstubbs@buckinstitute.org a ⁎ Stephens Elizabeth B a Mansfield Tyler b Senadheera Chatura a Diaz Stephanie","rch on Aging, California. Participants Community-dwelling older adults (≥65 years), independent in activities of daily living, with no unstable acute medical conditions ( n = 30). Intervention Participants were randomly allocated (1:1) to consume 25 g daily of either KE (bis-octanoyl ( R )-1,3-butanediol) or a taste, appearance, and calorie-matched placebo (PLA) contain","tional and quality of life outcomes with daily consumption of the ketone ester bis-octanoyl ( R )-1,3-butanediol in healthy older adults: a randomized, parallel arm, double-blind, placebo-controlled study ☆ Stubbs Brianna J bstubbs@buckinstitute.org a ⁎ Stephens Elizabeth B a Mansfield Tyler b Senadheera Chatura a Diaz Stephanie Roa a Peralta Sawyer a Alexander Lau","Results There were no statistically significant longitudinal differences between groups in exploratory functional, activity-based or quality of life outcomes.
3 Results 3.1 Participants and completion A total of 30 participants were randomized (mean age (range), Male n = 15; age = 76.5 y (65 – 90); mean BMI (range) = 25.2 (19.9 – 32.7); median Katz ADL (range) = 6 (5–6), median Lawton IADL (range) = 8 (8–8), median CSHA Frailty Score (range)= 1 (1 – 3)). Full participant anthropometric characteristics and frailty indices at baseline are shown in Supplementary Table 4 . Participant disposition is shown in a CONSORT diagram ( Supplementary Figure 1 ). Briefly, 23 participants completed the 12-week protocol (the per-protocol population), 1 participant completed the acute kinetics visit but did not start the main study, without giving a reason, and 6 participants dropped out after Day 0 and did not complete the full protocol; repeat functional data was not available for participants who did not start or finish the study. Adherence with consumption of the study products for the per protocol population was high, with n = 15 reporting 100 % adherence and a range of 94 – 99 % for the remaining 8 participants who completed the study, based on study logs and returned bottles. Blinding of participants was assessed by survey at the end of the study and 14/29 participants responded. Of those who responded, 7 correctly guessed their intervention group (50 % of respondants), indicating blinding was achieved. 3.2 Physical function There were no signigicant differences between intervention groups in the post intervention physical function outcomes ( Table 1 ): grip strength (KE = 32.8 (12.3) kg; PLA = 35.7 (14.8) kg, p = 0.457), Short Physical Performance Battery (KE = 10.6 (1.0); PLA =",,,
PMC12808611,41496202.0,10.1016/j.redox.2025.103972,"Resistance-based training improves mitochondrial capacity and redox balance in aging adults, independent of polyphenol supplementation.",2026.0,,https://europepmc.org/article/MED/41496202,expanded_accessible_search,exercise_plus_nutrition,"Resistance-based training improves mitochondrial capacity and redox balance in aging adults, independent of polyphenol supplementation",exclude,Protocol/review signal in full-text-mined fields,yes,yes,no,yes,yes,yes,yes,yes,no,no,no,frailty;quality_of_life,"or without polyphenol supplementation, on mitochondrial respiratory capacity (MRC) and oxidative stress in middle-aged and older adults (55–70 years). Forty-one participants were randomized to receive either a polyphenol supplement or a placebo for 30 days before the training intervention. Following the training intervention, aerobic capacity, lean mass, and strength","dox Biol 2171 redox Redox Biology 2213-2317 Elsevier PMC12808611 PMC12808611.1 12808611 12808611 41496202 10.1016/j.redox.2025.103972 S2213-2317(25)00485-9 103972 1 Research Paper Resistance-based training improves mitochondrial capacity and redox balance in aging adults, independent of polyphenol supplementation Flensted-Jensen Mathias flensted@sund.ku.dk a ⁎ Weinrei","espiratory capacity (MRC) and oxidative stress in middle-aged and older adults (55–70 years). Forty-one participants were randomized to receive either a polyphenol supplement or a placebo for 30 days before the training intervention. Following the training intervention, aerobic capacity, lean mass, and strength improved significantly in both groups. Training also i","3 Results 3.1 Participant characteristics Descriptive participant characteristics before and after the intervention have been published previously [ 32 ]. The most important characteristics are listed in Table 1 , but we refer to the previous publication for the full dataset, including hematological, fibertype-specific, metabolic and inflammatory adaptations. In brief, the training intervention increased VO 2 max (p = 0.0001, main effect) and whole-body lean mass (p < 0.0001, main effect) significantly while lowering body fat percentage (p = 0.039, main effect), to the same extent in both groups ( Table 1 ). Polyphenol supplementation did not affect body composition or physical performance and did not enhance training adaptations ( Table 1 ). Table 1 Participant characteristics after one month of supplement intake, before the training intervention (PRE) and after 12 weeks of training with continuous supplementation (POST). Weight, BMI, whole-body fat mass, fat percentage, visceral adipose tissue, whole-body lean mass determined by DXA. VO 2 max determined by ramp test on cycle ergometer. Data were analyzed using a two-way ANOVA. P-value <0.05 was considered significant and is indicated in bold. Data are presented as means ± SD. Table 1 Placebo (n = 21) Polyphenol (n = 20) P-value PRE POST PRE POST Time Time XGroup Sex (m/w) 11/10 – 10/10 – – – Age (years) 62 ± 4 – 61 ± 4 – – – HbA1C (mmol/mol) 38 ± 2 – 37 ± 3 – – – Height (m) 1.74 ± 0.1 – 1.73 ± 0.1 – – – Weight (kg) 79.1 ± 11.8 79.1 ± 11.8 78.6 ± 7.8 78.5 ± 7.7 0.561 0.476 BMI (kg/m 2) 26.1 ± 3.3 26.3 ± 3.4 26.2 ± 3.3 26.2 ± 1.8 0.646 0.527 Whole-body fat mass (kg) 26.4 ± 7.6 26.0 ± 8.0 26.7 ± 6.8 25.9 ± 6.2 0.077 0.463 Fat percentage (%) 33.4 ± 8.3 32.9 ± 8.7 34.2 ± 7.9 33.3 ± 7.8 0.039 0.639 Visceral adipose tissue (",,,
PMC12820345,41560403.0,10.1002/jcsm.70182,Associations Between Growth Differentiating Factor-15 and Frailty in Older Adults From the MAPT Study.,2026.0,,https://europepmc.org/article/MED/41560403,expanded_accessible_search,multidomain,Associations Between Growth Differentiating Factor‐15 and Frailty in Older Adults From the MAPT Study,include_primary_accessible,Community/home/primary-care frailty RCT confirmed by mined full-text fields,yes,yes,no,yes,yes,yes,yes,no,no,no,yes,frailty;gait_speed;grip_strength;adl;falls;adverse_events,"lation This is a secondary observational analysis of the Multidomain Alzheimer Prevention Trial Study (MAPT, ClinicalTrials.gov [ NCT00672685 ]), a multicentre, placebo‐controlled randomized clinical trial with community‐dwelling older adults in France and Monaco. The main objective of the MAPT study was to investigate the effect of a multi‐domain intervention (consis","ia and Muscle 17 , no. 1 ( 2026 ): e70182 , 10.1002/jcsm.70182 . 41560403 1 Introduction Frailty is a syndrome associated with multiple causes, characterized by a reduction in the resistance to endogenous and exogenous stressors, leading to increased an individual's vulnerability [ 1 ]. This clinical condition is related to negative health outcomes, such as falls, fra","udy Design and Population This is a secondary observational analysis of the Multidomain Alzheimer Prevention Trial Study (MAPT, ClinicalTrials.gov [ NCT00672685 ]), a multicentre, placebo‐controlled randomized clinical trial with community‐dwelling older adults in France and Monaco. The main objective of the MAPT study was to investigate the effect of a multi‐domai","Results Higher plasma GDF‐15 levels (both as continuous and categorical) were cross‐sectionally associated with frailty (high vs. low GDF‐15: OR = 3.56, 95% CI = 1.58–8.03). Longitudinally, very high GDF‐15 levels predicted an increased risk of incident frailty (HR = 1.69, 95% CI = 1.03–2.78).
3 Results 3.1 Baseline Characteristics and GDF‐15 Distribution Table 1 shows the characteristics of the 1096 individuals with plasma GDF‐15 assessed at baseline (65.3% of the MAPT whole sample). Baseline characteristics by sex are displayed in Table S1 . A comparison of the characteristics of MAPT participants included in present analyses and those not included at the MAPT year 1 visit (when both GDF‐15 and frailty were first assessed) are displayed in Table S2 . Mean GDF‐15 was 1127.42 ± 511.69 pg/mL (coefficient of variation: 2.08% ± 1.19%). 169 (15.42%) of individuals were classified as having GDF‐15 levels ≥ 1500 pg/mL. Intra‐assay and interassay coefficient of variation were 12.6 ± 1.11%, and 2.07%1.19%, respectively. Subjects with high GDF‐15 were significantly older, more often men, were frailer, with higher odds of presenting the weight loss, low PA, fatigue and low gait speed frailty criteria, compared with the low GDF‐15 group. TABLE 1 Baseline characteristics of the study population according to GDF‐15 status. Variables Total Low GDF‐15 High GDF‐15 N (%) 1096 927 (84.58) 169 (15.42) Age 75.30 ± 4.37 74.81 ± 4.05 78.00 ± 5.01 Female sex 613 (63.92%) 553 (67.77%) 60 (41.96%) *** MAPT group Multidomain intervention + omega‐3 274 (25.00%) 238 (25.67%) 36 (20.28%) Omega‐3 267 (24.36%) 215 (23.19%) 52 (31.47%) Multidomain intervention 276 (25.18%) 233 (25.13%) 43 (27.27%) Placebo 279 (25.46%) 241 (26.00%) 38 (20.98%) Body mass index (kg/m 2 ) 26.22 ± 4.06 26.14 ± 4.01 26.66 ±",,,
PMC12822174,41388544.0,10.1186/s12937-025-01272-9,The effect of a diet based on vegetable and dairy protein on biochemical and functional indicators of sarcopenia in patients with liver cirrhosis: a randomized controlled trial.,2025.0,,https://europepmc.org/article/MED/41388544,expanded_accessible_search,exercise_plus_nutrition,The effect of a diet based on vegetable and dairy protein on biochemical and functional indicators of sarcopenia in patients with liver cirrhosis: a randomized controlled trial,secondary_sarcopenia_verify,Sarcopenia/vulnerability RCT; frailty-primary status requires verification,yes,no,yes,yes,yes,yes,yes,no,no,no,no,gait_speed;grip_strength;falls;quality_of_life;adherence;adverse_events,37-025-01272-9 1272 1 Research The effect of a diet based on vegetable and dairy protein on biochemical and functional indicators of sarcopenia in patients with liver cirrhosis: a randomized controlled trial Taghizadeh Mahdiyeh 1 Khalese-Ranjbar Banafshe 1 Ostevari Amirreza 2 Taher Mohammad 3 4 Sohrabpour Amir Ali 5 Yekaninejad Mir Saeed 6 Hosseinzadeh-Attar Mohammad,pmc Nutr J Nutr J 128 nutrj Nutrition Journal 1475-2891 BMC PMC12822174 PMC12822174.1 12822174 12822174 41388544 10.1186/s12937-025-01272-9 1272 1 Research The effect of a diet based on vegetable and dairy protein on,"cluding handgrip strength, 4MGS, and the 5STS improved in vegetable and dairy protein-based diet group; however, no significant differences were found between the intervention and control groups ( P > 0.05). Blood ammonia and myostatin levels remained stable in the vegetable and dairy protein-based diet group, whereas these biomarkers significantly increased in the stand","Results Following 12 weeks of intervention, functional indicators of sarcopenia including handgrip strength, 4MGS, and the 5STS improved in vegetable and dairy protein-based diet group; however, no significant differences were found between the intervention and control groups ( P > 0.05). Blood ammonia and myostatin levels remained stable in the vegetable and dairy protein-based diet group, whereas these biomarkers significantly increased in the standard diet group ( P = 0.03). Moreover, a significant between-group difference was observed in blood ammonia levels ( P = 0.02). Anthropometric indices including weight, BMI, mid-arm circumference (MAC), triceps skinfold (TSF), and mid-arm muscle circumference (MAMC) did not show significant differences between two groups ( P > 0.05).
Results Among 46 patients included in the study, 21 in the intervention group and 21 controls completed the 12-week intervention. Fig. 1 summarizes the study flow diagram explaining the reasons for the participant dropouts in each group. Fig. 1 Study flow diagram General characteristics of the patients Table 1 summarizes the baseline characteristics of the study patients in the vegetable and dairy protein-based diet group ( n = 21) and the standard diet group ( n = 21). The mean age was 55.2 years in the intervention group and 52.6 years in the control group, with no significant difference ( p = 0.23). Both groups had an identical sex distribution, with 66.7% males and 33.3% females. Nutritional status classification showed that the majority of participants in the intervention group (85.7%) were adequately nourished versus 71.4% in the control group; however, this difference was not statistically significant ( p = 0.26). Other clinical parameters, including weight, BMI, and MELD score, as well a",,,
PMC12832725,41601732.0,10.3389/fmed.2025.1713720,A nomogram for predicting sedation-related adverse events in elderly patients undergoing painless gastrointestinal endoscopy.,2025.0,,https://europepmc.org/article/MED/41601732,expanded_accessible_search,unclear,A nomogram for predicting sedation-related adverse events in elderly patients undergoing painless gastrointestinal endoscopy,exclude,Protocol/review signal in full-text-mined fields,yes,yes,no,yes,yes,no,yes,yes,yes,yes,no,frailty;adherence;adverse_events,"he validation set undergoes modeling validation. The process ends with Receiver Operating Characteristic (ROC) analysis. 3.1 Identification of risk factors for SRAEs Patients were randomly assigned in a 7:3 ratio to either the training set ( n = 364) or the validation set ( n = 156), and the two sets did not differ significantly in any of the baseline clinicodemographic char","x, kg/m 2 X3 <24 = 1, 24–28 = 2, > 28 = 3 ASA classification X4 I-II = 1, III = 2 Smoking X5 No = 0, Yes = 1 Alcohol consumption X6 No = 0, Yes = 1 Regular physical activity X7 No exercise = 0, Regular exercise = 1 History of snoring X8 None = 0, Mild = 1, Moderate = 2, Severe = 3 Frailty status X9 Robust = 0, Pre-frail = 1, Frail = 2 Hypertension X10 None = 0, Stag",,"Results In the training set, hypotension and hypoxemia occurred in 39.0 and 33.5% of patients, respectively, the incidence of SRAEs was 45.6%. The independent predictors were older age, history of snoring, frailty, preexisting hypertension, chronic obstructive pulmonary disease, prolonged fasting before the procedure, and higher initial dose of etomidate-propofol. Conversely, regular physical activity was a protective factor. The nomogram built from the training set discriminated between people in the validation set who experienced SRAEs or not with an area under the curve of 0.92 (95% CI, 0.86–0.97), it showed good calibration in the Hosmer–Lemeshow test ( P = 0.63), and decision curve analysis demonstrated clinical utility across a wide range of threshold probabilities (7–93%).
3 Results Of the 578 elderly patients who underwent sedation-assisted gastrointestinal endoscopy at our hospital during the enrollment period, 58 (10.0%) were excluded because their medical data were incomplete or because they were lost to follow-up. The remaining 520, who were 68 ± 6.5 years old (range, 60–93 years) and 266 of whom were men, were included in the final analysis ( Figure 1 ). Just over half the sample underwent both gastroscopy and colonoscopy (286, 55.0%), while a smaller proportion underwent only gastroscopy (174, 33.5%) and even fewer underwent only colonoscopy (60, 11.5%). Intraoperative hypotension occurred in 201 patients (38.7%), while intraoperative hypoxemia occurred in 166 (31.9%). Endotracheal intubation was not required during the study. FIGURE 1 Flowchart of patient enrollment, allocation and analysis. SRAE, sedation-related adverse event. Flowchart detailing a study’s data processing steps at an endoscopy center, analyzing 578 elderly patients from 2023.4 to 2024.6",,,
PMC12832955,41397903.0,10.1093/gerona/glaf275,Impact of multidomain lifestyle intervention on dynamics of cognitive frailty: post hoc analysis of the FINGER trial.,2026.0,,https://europepmc.org/article/MED/41397903,expanded_accessible_search,multidomain,Impact of multidomain lifestyle intervention on dynamics of cognitive frailty: post hoc analysis of the FINGER trial,exclude,Protocol/review signal in full-text-mined fields,yes,yes,no,yes,yes,yes,yes,yes,yes,no,no,frailty;gait_speed;sppb;grip_strength;falls;quality_of_life,"older adults at risk of dementia. Methods In the Finnish Geriatric Intervention Study to Prevent Cognitive Impairment and Disability (FINGER), 1259 participants, aged 60-77, were randomized to a 2-year multidomain lifestyle intervention or standard health advice. Frailty was defined by the modified Fried phenotype, and MCI by the lowest quintile in the neuropsycholog","10.1093/gerona/glaf275 glaf275 1 THE JOURNAL OF GERONTOLOGY: Medical Sciences Research Article AcademicSubjects/MED00280 AcademicSubjects/SCI00960 Impact of multidomain lifestyle intervention on dynamics of cognitive frailty: post hoc analysis of the FINGER trial https://orcid.org/0009-0003-1524-6134 Pöyhönen Johanna MD Department of Public Health, Finnish Institute fo","e-frail/frail, CF) were examined using multinomial logistic regression. Results At baseline, 219 participants (18%) had CF. The risk for developing CF at 2 years was higher in the control group (risk ratio [RR], 1.88, p = .003). The intervention effect was not modified by baseline CF ( p = .493). Reversal from CF to no-CF group was more likely in the intervention group,","Results At baseline, 219 participants (18%) had CF. The risk for developing CF at 2 years was higher in the control group (risk ratio [RR], 1.88, p = .003). The intervention effect was not modified by baseline CF ( p = .493). Reversal from CF to no-CF group was more likely in the intervention group, and progression to or persisting with CF was more likely in the control group. Compared with healthy participants ( n = 401) at baseline, the MCI group ( n = 244) had an RR of 5.10, pre-frail/frail ( n = 336) of 3.06, and CF of 30.61 for having CF at 2 years, with no difference between MCI and pre-frail/frail groups ( p = .116).
Results Of the 1259 participants enrolled in the FINGER study, 1200 (95%) had available data on baseline frailty status, and NTB total z score and were included in the analyses ( Figure 1 ). At baseline, the mean age of participants was 69 years, and 550 (46%) were female. Of all participants, 219 (18%) had CF at baseline. Compared with participants without CF, those with CF were slightly older and had fewer years of education, higher BMI, more chronic diseases, and lower protein intake ( Table 1 ). Among participants without CF, those in the control group were younger than those in the intervention group. No other significant differences were observed between intervention and control groups within baseline CF subgroups. Figure 1. Flow chart. A total of 1200 of 1259 participants in the FINGER trial with baseline data on frailty and cognition were selected for the present study. The flow chart is showing the observed numbers of CF, non-CF groups at baseline and at the 2-year follow-up, and also number of missing data on CF at the 2-year follow-up. CF, cognitive frailty; NTB, neuropsychological test battery. The chart illustrates the flow of participan",,,
PMC12861209,41630896.0,10.1016/j.ekir.2025.103737,Home-Based Exercise Improves Muscle Oxidative Capacity in Kidney Disease.,2026.0,,https://europepmc.org/article/MED/41630896,expanded_accessible_search,multicomponent_exercise,Home-Based Exercise Improves Muscle Oxidative Capacity in Kidney Disease,include_secondary_disease_specific,Frailty RCT but disease-specific population,yes,yes,no,yes,yes,yes,yes,no,yes,no,yes,frailty;gait_speed;quality_of_life;adherence;adverse_events,"-nc-nd/4.0/). Introduction Muscle impairment in chronic kidney disease (CKD) contributes to decreased physical performance, frailty, and increased mortality. This proof-of-concept randomized controlled study evaluated the efficacy of a 12-week home-based, video-supervised exercise program on muscle endurance in moderate-to-severe nondialysis CKD. Methods Thirty-two se",ir Kidney International Reports 2468-0249 Elsevier PMC12861209 PMC12861209.1 12861209 12861209 41630896 10.1016/j.ekir.2025.103737 S2468-0249(25)00755-7 103737 1 Clinical Research Home-Based Exercise Improves Muscle Oxidative Capacity in Kidney Disease Begue Gwénaëlle gwenaelle.begue@csus.edu 1 2 12 ∗ Ahmadi Armin 2 12 Hayden Christopher MT. 3 Foster Alec 1 Rehman Usm,"Methods Thirty-two sedentary adults with CKD (estimated glomerular filtration rate [eGFR] < 60 ml/min per 1.73 m 2 ) were randomized (3:1) to a home exercise group (EX, n = 23) or usual care group (UC, n = 9). The primary outcome was in vivo muscle mitochondrial bioenergetics (rate of phosphocreatine recovery, k PCr ) measured using phosphorus-31 magnetic resonance sp","Results Mean (SD) ages were 62.6 (10.8) years in EX and 67.2 (8.2) in UC. Mean eGFRs were 35.0 (12.6) and 32.3 (12.0) ml/min per 1.73 m 2 , respectively. No serious adverse events occurred; 90.5% of EX completed ≥ 75% of sessions. Compared with UC, EX significantly increased k PCr (0.20/min, 95% confidence interval [CI]: 0.05–0.35, P = 0.01), total work (5.03 kJ, 95% CI: 1.25–8.80, P = 0.007), and 6MWD (39.1 m, 95% CI: 7.1–71.1, P = 0.014) while preserving fat-free mass (2.3 kg, 95% CI: 0.49–4.1, P = 0.024) and marginally decreasing fat mass (−2.22 kg, 95% CI: −4.7 to 0.27, P = 0.1) . Interleukin (IL)-8 concentration differed between groups (effect size: −1.16, 95% CI: −2.4 to −0.04, P = 0.016). Work efficiency, VO 2 peak, and other cytokines showed no significant differences between groups.
Results Participant Baseline Characteristics A total of 32 participants were enrolled, 3 were lost to follow-up; leaving 29 who completed the study ( Figure 2 ). Baseline characteristics of the 32 participants in this study can be found in Table 1 . Participants in the UC group had a mean ± SD age of 67.2 ± 8.2 years and a mean eGFR of 32 ± 2 ml/min per 1.73 m 2 . Those in the EX group had a mean age of 62.6 ± 10.8 years and a mean eGFR of 35 ± 13 ml/min per 1.73 m 2 . UC had more females than EX (78% vs. 48%) and participants with a diagnosis of diabetes were 44% and 52% for UC and EX, respectively. Baseline peak VO 2 were similar for UC and EX and considered below 50th percentile for age and sex. 31 Table 1 Participant characteristics of analytic population at baseline ( n = 32) Characteristics Usual care Exercisers Number 9 23 Demographics Age, yr, mean ( SD ) 67.2 (8.2) 62.6 (10.8) Female, n , (%) 7 (78) 11 (48) Race, n (%) Asian/Pacific Islander 1 (11) 3 (13) Black 4 (44) 2 (9)",,,
PMC12866506,41469931.0,10.1186/s41043-025-01206-5,Association between the digestion-resistant bioactive peptide content in dairy products and the risk of sarcopenia in Iranian elderly: a case-control study.,2025.0,,https://europepmc.org/article/MED/41469931,expanded_accessible_search,nutrition_only,Association between the digestion-resistant bioactive peptide content in dairy products and the risk of sarcopenia in Iranian elderly: a case-control study,secondary_sarcopenia_verify,Sarcopenia/vulnerability RCT; frailty-primary status requires verification,yes,no,yes,yes,yes,yes,yes,no,yes,no,no,frailty;gait_speed;grip_strength;quality_of_life,"ich source of protein—an essential nutrient for muscle maintenance [ 34 ]—their role in the development of sarcopenia has been evaluated in several investigations. For instance, a randomized controlled trial by Nasimi et al. demonstrated that daily consumption of yogurt fortified with beta-hydroxy beta-methyl butyrate (HMB), a leucine-derived bioactive metabolite, ove","pmc J Health Popul Nutr J Health Popul Nutr 780 jhpn Journal of Health, Population, and Nutrition 1606-0997 2072-1315 BMC PMC12866506 PMC12866506.1 12866506 12866506 41469931 10.1186/s41043-025-01206-5 1206 1 Research Association between the digestion-resistant bioactive pepti","onk, NY, USA). A two-tailed p-value of less than 0.05 was considered statistically significant. Results The baseline characteristics of the study population for the sarcopenic and control groups are presented in Table 1 . Significant differences were observed between the two groups in terms of age (P-value = 0.001), BMI (P-value ˂ 0.001), muscle strength (P-value ˂ 0.001","Results In the unadjusted analysis, participants with higher total peptide consumption had markedly reduced odds of sarcopenia compared with those in the lower-intake reference group (odds ratio [OR ]= 0.163, 95% confidence interval [CI]: 0.082–0.323, P < 0.001). After adjusting for potential confounders, the inverse association between total peptide intake and the odds of sarcopenia remained statistically significant. Individuals with greater total peptide intake showed substantially lower odds of sarcopenia than those in the low-intake reference group (OR = 0.336, 95% CI: 0.149–0.897, P = 0.028).
Results The baseline characteristics of the study population for the sarcopenic and control groups are presented in Table 1 . Significant differences were observed between the two groups in terms of age (P-value = 0.001), BMI (P-value ˂ 0.001), muscle strength (P-value ˂ 0.001), SMI (P-value ˂ 0.001), and GS (P-value ˂ 0.001). In contrast, there were no significant differences in physical activity, gender, smoking history, and education level (P-value ˃ 0.05 for all). Table 1 The baseline characteristics of the study population for the sarcopenic and control groups Variables Case ( n = 80) Control ( n = 80) P -value Age (years) 1 70.0 (67.0–75.0) 68.0 (65.0–71.0) 0.001 BMI (kg/m 2 ) 2 24.5 ± 4.1 29.2 ± 3.8 < 0.001 Muscle strength (kg) 1 16.0 (11.0–21.7.0.7) 50.8 (41.0–65.2.0.2) < 0.001 SMI (kg/m 2 ) 1 6.1 (5.4–6.8) 7.9 (7.4–8.3) < 0.001 Gait speed (m/second) 1 0.74 (0.65–0.80) 0.89 (0.78–1.00.78.00) < 0.001 Physical activity (MET.hour/week) 1 429.0 (0.0–1020.7.0.7) 462.0 (0.0–1386.0.0.0) 0.650 Gender, male, % 3 44 (55.0) 44 (55.0) 1.000 Smoking history, yes, % 3 19 (23.8) 22 (27.5) 0.718 Education, diploma and higher, % 3 28 (35.0) 31 (38.8) 0.743 BMI, body mass index; kg, ki",,,
PMC12877681,28972245.0,10.1007/s12603-016-0867-y,Multi-Domains Lifestyle Interventions Reduces Depressive Symptoms among Frail and Pre-Frail Older Persons: Randomized Controlled Trial.,2017.0,"The journal of nutrition, health & aging",https://pubmed.ncbi.nlm.nih.gov/28972245/,original_high_confidence,multidomain,Multi-domains lifestyle interventions reduces depressive symptoms among frail and pre-frail older persons: Randomized controlled trial,include_primary_accessible,Community/home/primary-care frailty RCT confirmed by mined full-text fields,yes,yes,no,yes,yes,yes,yes,no,no,yes,yes,frailty;gait_speed;adl;falls;quality_of_life;adherence;adverse_events,77681 28972245 10.1007/s12603-016-0867-y S1279-7707(23)00157-4 1 Article Multi-domains lifestyle interventions reduces depressive symptoms among frail and pre-frail older persons: Randomized controlled trial Ng Tze-Pin pcmngtp@nus.edu.sg 1 6 Nyunt M.S.Z. 1 Feng L. 1 Feng L. 1 Niti M. 2 Tan B.Y. 3 Chan G. 4 Khoo S.A. 4 Chan S.M. 4 Yap P. 4 Yap K.B. 5 1 Gerontology Rese,"pmc J Nutr Health Aging J Nutr Health Aging 4760 jnha The Journal of Nutrition, Health & Aging 1279-7707 1760-4788 Elsevier PMC12877681 PMC12877681.1 12877681 12877681 28972245 10.1007/s12603-016-0867-y S1279-7707(23)00157-4 1 Article Multi-domains lifestyle","omly allocated to 24 weeks duration interventions with nutritional supplementation (N=49), physical training (N=48), cognitive training (N=50), combination intervention (N=49) and usual care control (N=50). Depressive symptoms were assessed by the Geriatric Depression Scale (GDS-15) at baseline (0M), 3 month (3M), 6 month (6M) and 12 month (12M). Results Mean GDS scor","Results Mean GDS scores in the control group increased from 0.52 (0M) and 0.54 (3M) to 0.74 (6M), and 0.83 (12M). Compared to the control group, interventions showed significant differences (Δ=change) at 6M for cognitive versus control (Δ=-0.39, p=0.021, group*time interaction p=0.14); physical versus control (Δ =-0.37, p=0.026, group*time interaction p=0.13), and at 12M for nutrition versus control (Δ =-0.46, p=0.016, group*time interaction p=0.15). The effect for combination versus control was significant at 6M (Δ =-0.43, p=0.020) and 12M (Δ =-0.51, p=0.005, group*time interaction p=0.026). Estimated 12-month cumulative incidence of depressive symptoms (GDS≥2) relative to control were OR=0.38, p=0.037 (nutrition); OR=0.71, p=0.40 (cognitive); OR=0.39, p=0.042 (physical training) and OR=0.38, p=0.037 (combination). Changes in gait speed and energy level were significantly associated with changes in GDS scores over time.
Results A total of 584 individuals were contacted, 314 (53.8%) were ineligible, and 24 (4.1%) eligible individuals declined to participate. ( Figure 1 ) The resulting 246 (42.1%) study participants were comparable to the eligible non-participants in baseline frailty status, age, gender, education and physical function. Figure 1 Flow chart of frailty interventional trial A total of 228 (93 %) participants completed all follow- up assessments by one year. The number of drop-outs was 20, and the drop-out rate (8%) was comparable across the five intervention groups. The reasons for drop-out included: diagnoses of tuberculosis (n=3), lymphoma (n=1), stomach ache or leg pain (n=3), hearing impairment (n=1), moved residence (n=3), nursing home stay (n=1), death (n=2), and no reason (n=4). The level of compliance ranged from 79% to 94% across the five intervent",,,
PMC12878082,22499461.0,10.1007/s12603-011-0352-6,Efficacy of a home-based intervention programme on the physical activity level and functional ability of older people using domestic services: a randomised study.,2012.0,"The journal of nutrition, health & aging",https://pubmed.ncbi.nlm.nih.gov/22499461/,original_high_confidence,exercise_plus_nutrition,Efficacy of a home-based intervention programme on the physical activity level and functional ability of older people using domestic services: A randomised study,exclude,Protocol/review signal in full-text-mined fields,yes,yes,no,yes,yes,yes,yes,yes,no,yes,yes,frailty;gait_speed;adl;falls;quality_of_life;adherence;adverse_events,der People Using Domestic Services Efficacy of a home-based intervention programme on the physical activity level and functional ability of older people using domestic services: A randomised study Bonnefoy Marc marc.bonnefoy@chu-lyon.fr 1 2 3 6 a Boutitie F. 5 Mercier C. 5 Gueyffier F. 4 Carre C. 4 Guetemme G. 4 Ravis B. 4 Laville M. 2 3 Cornu C. 4 1 Service de Médeci,"pmc J Nutr Health Aging J Nutr Health Aging 4760 jnha The Journal of Nutrition, Health & Aging 1279-7707 1760-4788 Elsevier PMC12878082 PMC12878082.1 12878082 12878082 22499461 10.1007/s12603-011-0352-6 S1279-7707(23)01561-0 1 Physical Activity Level and Fun",ing (LADL) scores were 6 and 7 respectively. Twenty-three (44%) were good compilers for both interventions. The maximum walking time remained stable while decreasing by 25% in the control group (p=0.0015); and fewer participants had a worsened IADL score in the prevention group (p=0.05). The baseline IADL Score was significantly associated with good compliance to the pre,"Results One hundred and two persons (prevention n=53, control n=49) with a median age of 85 years were included. Their median Activities of Daily Living and Instrumental Activities of Daily Living (LADL) scores were 6 and 7 respectively. Twenty-three (44%) were good compilers for both interventions. The maximum walking time remained stable while decreasing by 25% in the control group (p=0.0015); and fewer participants had a worsened IADL score in the prevention group (p=0.05). The baseline IADL Score was significantly associated with good compliance to the prevention program (p=0.0011). In good compliers, maximum walking distance and maximum walking time increased by 29.15% (0.0 to 66.7) and 33.3% (−20.0 to 50.0) respectively.
Results Between 5 February and 6 December 2002, 102 participants, 53 in the “Prevention” group, and 49 in the control group, were enrolled. Fifty-five study HHs were in charge of elderly participants. Fourteen percent had university degrees, 48% ascertained to have a vocation for home helping with a mean of 12 years of experience in the same association. Their mean age was 47 years (SD 9). Immediately after randomisation, three participants randomised in the “prevention” group refused to follow the exercise program, because of fatigue or lack of interest. One participant refused the final evaluation visits by the study nurse and physiotherapist. One participant was included even though he was 78 years of age (protocol violation). He was kept in the final analysis. The baseline characteristics of participants are shown in Table 1 . The overall median age of participants was 84 years. They all lived independently at home. Participants in the prevention group received an average of 1.75 visits per week. The control group received an average of 2.02 H",,,
PMC12879047,41658611.0,10.3389/fmed.2026.1755508,"Feasibility and acceptability of a remotely delivered, home-based ""exercise snacking"" to improve physical function in community-dwelling older adults: a 28-day pilot study.",2026.0,,https://europepmc.org/article/MED/41658611,expanded_accessible_search,multicomponent_exercise,"Feasibility and acceptability of a remotely delivered, home-based “exercise snacking” to improve physical function in community-dwelling older adults: a 28-day pilot study",include_secondary_disease_specific,Frailty RCT but disease-specific population,yes,yes,no,yes,yes,yes,yes,no,yes,no,yes,frailty;gait_speed;sppb;adl;falls;quality_of_life;adherence;adverse_events,"barriers. “Exercise snacking” defined as brief bouts of resistance exercise accumulated across the day, may offer a more flexible and feasible option. Methods In this 28-day pilot randomized controlled trial, 36 community-dwelling older adults aged 65–80 years were randomly assigned to a home-based “exercise snacking” (ES) group ( n = 18) or a control group ( n = 18).","6-858X Frontiers Media SA PMC12879047 PMC12879047.1 12879047 12879047 41658611 10.3389/fmed.2026.1755508 1 Original Research Feasibility and acceptability of a remotely delivered, home-based “exercise snacking” to improve physical function in community-dwelling older adults: a 28-day pilot study Hu Zhongzhong 1 2 Conceptualization Funding acquisition Methodology Writi","28-day pilot randomized controlled trial, 36 community-dwelling older adults aged 65–80 years were randomly assigned to a home-based “exercise snacking” (ES) group ( n = 18) or a control group ( n = 18). The ES group performed two daily bouts of a five-exercise, chair- and body weight based resistance circuit (~9 min per bout), remotely supervised via smartphone video s","Results Thirty-three participants (ES = 16, control = 17) completed follow-up (retention 88.9%). Among ES completers, mean adherence was 89.1%, with 49.9 ± 3.7 of 56 prescribed sessions completed. Acceptability was high (mean enjoyment 4.3/5), and 88.9% of participants reported intending to continue similar exercises independently. One minor adverse event (plantar fasciitis) and four mild musculoskeletal incidents were recorded, none leading to withdrawal. Compared with controls, the ES group showed significant improvements in SPPB total score, five-STS time, 4-m walk time, TUG time, and 60 s-STS repetitions, all with large effect sizes, while balance scores remained stable in both groups.
3 Results Figure 1 illustrates participant progression throughout the trial. Among the 60 individuals who responded to the recruitment advertisements, 36 successfully met the screening criteria and completed the follow-up evaluations. Participants were randomly assigned to either the intervention group ( n = 18) or the control group ( n = 18). Baseline demographic and physical function data for participants included in this pilot trial are presented in Table 2 . No statistically significant differences were detected between the two groups in demographic or functional measures, indicating balanced allocation. The sample included both male and female participants and encompassed an age range of 65–80 years. A total of 33 participants completed the intervention phase and contributed outcome data at follow-up. Three participants withdrew from the study: two from the ES group and one from the control group. One participant in the ES group withdrew following a family bereavement and another discontinued due to illness. The participant in the control group was unavailable for follow-up becau",,,
PMC12879208,39307071.0,10.1016/j.jnha.2024.100364,Daily supplementation of lesser mealworm protein for 11-weeks increases skeletal muscle mass in physically active older adults.,2024.0,,https://europepmc.org/article/MED/39307071,expanded_accessible_search,exercise_plus_nutrition,Daily supplementation of lesser mealworm protein for 11-weeks increases skeletal muscle mass in physically active older adults,secondary_sarcopenia_verify,Sarcopenia/vulnerability RCT; frailty-primary status requires verification,yes,no,yes,yes,yes,yes,yes,no,yes,no,no,frailty;grip_strength;adherence;adverse_events,"effect of daily supplementation of lesser mealworm ( Alphitobius diaperinus ) protein for 11 consecutive weeks on muscle mass and muscle strength in older adults. Methods In this randomized controlled trial, 70 physically active older adults (>60 years) were randomly allocated to three groups: (I) lesser mealworm protein, (II) whey protein or (III) iso-caloric placeb","pmc J Nutr Health Aging J Nutr Health Aging 4760 jnha The Journal of Nutrition, Health & Aging 1279-7707 1760-4788 Elsevier PMC12879208 PMC12879208.1 12879208 12879208 39307071 10.1016/j.jnha.2024.100364 S1279-7707(24)00451-2 100364 1 Original Article Daily","omized controlled trial, 70 physically active older adults (>60 years) were randomly allocated to three groups: (I) lesser mealworm protein, (II) whey protein or (III) iso-caloric placebo. Participants received 11 weeks of supplements two times a day (30 gram/day). Muscle mass, fat mass, leg muscle strength and handgrip strength were measured at baseline and after","Results Of the 70 participants, 59 completed the supplementation period (mealworm n = 16; whey n = 23; iso-caloric placebo n = 20). Overall, skeletal muscle mass increased from 29.0 ± 6.2 kg to 29.3 ± 6.1 kg, with a significantly more profound increase in the lesser mealworm group (+0.67 [0.20–1.14] kg) compared to the whey (+0.03 [-0.20 – 0.28] kg) and placebo group (+0.30 [0.03 – 0.63] kg, P group*time = 0.030). Fat mass and maximum handgrip strength decreased over time, whereas one-repetition maximum (1RM) leg muscle strength did not change pre- versus post-intervention. No group differences, nor interaction effects, were observed for fat mass, leg muscle strength and handgrip strength
4 Results 4.1 Participants A total of 70 participants were recruited (Supplemental Table S1) of which 59 participants completed the 11-week supplementation period (mealworm n = 16; whey n = 23; placebo n = 20). Dropout rates did not differ between the lesser mealworm group (OR: 2.9 [95% CI 0.65–13.12]; p = 0.16), whey protein group (OR: 0.29 [95% CI 0.028–3.01]; p = 0.16) and placebo group (reference group). The reasons for discontinuation of supplementation was due to I) physical symptoms (lesser mealworm n = 4; placebo n = 2) such as diarrhea, loss of appetite, nausea and floated stomach feeling, II) dislike of the supplement taste (lesser mealworm n = 2; whey n = 1) and III) personal reasons not related to the supplement (lesser mealworm n = 1; whey n = 1) ( Fig. 2 ). Participants of the analytical cohort (n = 59, 51% male) were 69 ± 5 years old, with a BMI of 24.6 ± 2.7 kg/m 2 , no major differences in baseline demographics or anthropometrics were found across groups ( Table 2 ). Fig. 2 Flow chart with drop-outs. The reasons for discontinuation of supplementation were due to physic",,,
PMC12880481,37960913.0,10.1007/s12603-023-1991-0,Hybrid Exercise Program Enhances Physical Fitness and Reverses Frailty in Older Adults: Insights and Predictions from Machine Learning.,2023.0,"The journal of nutrition, health & aging",https://pubmed.ncbi.nlm.nih.gov/37960913/,original_high_confidence,exercise_plus_nutrition,Hybrid Exercise Program Enhances Physical Fitness and Reverses Frailty in Older Adults: Insights and Predictions from Machine Learning,include_primary_accessible,Community/home/primary-care frailty RCT confirmed by mined full-text fields,yes,yes,no,yes,yes,yes,yes,no,no,no,yes,frailty;gait_speed;grip_strength;quality_of_life;adherence;adverse_events,"lty can be reversed in older adults after the intervention. Methods A total of 181 community-dwelling frail older adults aged 65 years or older participated in this single-center, randomized controlled study, with 54.7% (n=99) being female. The study assessed the effectiveness of several exercise modalities in reversing frailty. The Fried‘s frailty criterion was used","pmc J Nutr Health Aging J Nutr Health Aging 4760 jnha The Journal of Nutrition, Health & Aging 1279-7707 1760-4788 Elsevier PMC12880481 PMC12880481.1 12880481 12880481 37960913 10.1007/s12603-023-1991-0 S1279-7707(23)02592-7 1 Original Research Hybrid Exerci","construct a complete functional system for more accurate medical support based on the frail older adults' beginning state, and the interventional strategy. Finally, the lack of a control group limited the ability to effectively compare the interventions for which we made direct comparisons. Conclusion The results of our study suggest that the enhancement of athletic abi","Results A total of 163 participants completed the study, with 53.9% (n=88) of them being female. The two items, 10 m maximum walking speed (10 m MWS) and grip strength, were significantly affected by the interaction of group and time. Compared to the other two groups, the WQXSE group showed the most improvement in the item 10 m MWS. In addition, following 24 weeks of training, 68 (41.7%) of the initially frail older adults had reversed their frailty status. Among them, 19 (36.5%) were in the WQX group, 24 (44.4%) were in the WQXSE group, and 25 (43.9%) were in the SE group. The stacking model exhibited superior performance when compared to other algorithms.
Results After 574 applications were put through a series of rigorous screenings, 181 individuals (99 females and 82 men) were selected because they matched the selection criteria. The research was finished with a total of 163 subjects (88 females and 75 males). The subjects who did not finish the programme did so for a variety of reasons, including dropping out (n = 10) and being sick (n = 8). Table 1 shows the initial demographic information and frailty degree. The results shows no significant differences among these subgroups in terms of relevant demographic factors, frail score and frail phenotype. In addition, the subjects' frailty condition was reassessed after the intervention. Following 24 weeks of training, 68 (41.7%) of the initially frail older adults had reversed their frailty status. Among them, 19 (36.5%) were in the WQX group, 24 (44.4%) were in the WQXSE group, and 25 (43.9%) were in the SE group. Table 1 Fundamental demographic features of the subjects at baseline Items WQX 1 (n = 52) WQXSE 2 (n = 54) SE 3 (n = 57) P-value Total (n=163) Sex (male/Female) 22/30 28/26 25/32 0.781 75/88 Age (years) 73.30",,,
PMC12881102,41144111.0,10.1007/s10654-025-01282-1,The effect of long-term adherence to physical activity recommendations in midlife on plasma proteins associated with frailty in the Atherosclerosis Risk in Communities (ARIC) study.,2026.0,,https://europepmc.org/article/MED/41144111,expanded_accessible_search,exercise_plus_nutrition,The effect of long-term adherence to physical activity recommendations in midlife on plasma proteins associated with frailty in the Atherosclerosis Risk in Communities (ARIC) study,exclude,Protocol/review signal in full-text-mined fields,yes,yes,no,yes,yes,yes,yes,yes,yes,no,no,frailty;gait_speed;grip_strength;quality_of_life;adherence;adverse_events,"dent frailty in late life [ 25 , 29 ]. Among 14,898 middle-aged participants from the Atherosclerosis Risk in Communities (ARIC) study, we emulated a trial where participants were randomized at enrollment to either: (i) receive an intervention strategy that ensures participants achieved and maintained ≥ 150 min/week of MVPA during 6-year follow-up or (ii) a “natural c",81102 PMC12881102.1 12881102 12881102 41144111 10.1007/s10654-025-01282-1 1282 1 Ageing The effect of long-term adherence to physical activity recommendations in midlife on plasma proteins associated with frailty in the Atherosclerosis Risk in Communities (ARIC) study http://orcid.org/0000-0003-1554-1478 Liu Fangyu fliu28@jhmi.edu 1 2 4 Schrack Jennifer A. 1 3 Walk,nce is approximated by two measurements of time spent in MVPA per week at Visits 1 and 3 Statistical analysis Per-protocol effect estimated via comparison between the intervention/control groups using g-formula or MSM by IPW methods to adjust for pre- and post-baseline prognostic factors associated with adherence to the intervention and loss to follow-up including death,"Results Participant characteristics The baseline (Visit 1) characteristics of the 14,898 participants are summarized in Table 3 by whether they met PA guidelines (≥ 150 min/week of MVPA) at baseline. Participants who met the guidelines had similar baseline age, cholesterol, and eGFR, but lower BMI, compared to those who did not meet the guidelines. Women, participants self-identified as Black, and participants who had less than a completed high school education were less likely to meet PA guidelines. The prevalence of coronary heart disease, heart failure, stroke, cancer, and lung disease was low (< 10%). Participants with more chronic conditions were less likely to meet PA guidelines. Table 3 Baseline characteristics of participants who achieved ≥ 150 min/week of MVPA and who did not achieve ≥ 150 min/week of MVPA at baseline Mean (SD) / N (%) MVPA < 150 min/week MVPA ≥ 150 min/week n = 9208 n = 5690 Age, years 54.1 (5.7) 54.4 (5.8) Women 5496 (59.7%) 2689 (47.3%) Black 2989 (32.5%) 900 (15.8%) Education Less than completed high school 2623 (28.5%) 874 (15.4%) High school/GED/vocational school 3852 (41.8%) 2255 (39.6%) Any college 2733 (29.7%) 2561 (45.0%) Ever smokers 5341 (58.0%) 3380 (59.4%) Total cholesterol, mmol/L 5.6 (1.1) 5.5 (1.0) eGFR, ml/min/1.73 m 2 101.7 (14.0) 101.3 (12.2) BMI, kg/m 2 28.1 (5.7) 26.9 (4.5) Number of chronic conditions 0 4475 (48.6%) 3231 (56.8%) 1 3134 (34.0%) 1682 (29.6%) ≥ 2 1599 (17.4%) 777 (13.7%) Hypertension 3476 (37.8%) 1706 (30.0%) Diabetes 1237 (13.4%) 549 (9.7%) Coronary heart disease 394 (4.3%) 346 (6.1%) Heart failure 513 (5.6%) 206 (3.6%) Stroke 185 (2.0%) 85 (1.5%) Cancer 518 (5.6%) 361 (6.3%) Lung disease 576 (6.3%) 230 (4.0%) MVPA time, minutes/week 31.4 (47.5) 335.0 (168.1) eGFR estimated glomerular filtration rate, BMI b",,,
PMC12887520,41651532.0,10.1136/bmjopen-2025-103060,"Exploring the impact of targeted exercise in women experiencing homelessness, addiction and mental health challenges: a mixed-methods feasibility study.",2026.0,,https://europepmc.org/article/MED/41651532,expanded_accessible_search,exercise_plus_nutrition,"Exploring the impact of targeted exercise in women experiencing homelessness, addiction and mental health challenges: a mixed-methods feasibility study",defer_second_reviewer,Comparator not clearly confirmed from mined fields,yes,yes,no,yes,yes,no,yes,no,no,no,yes,frailty;gait_speed;grip_strength;quality_of_life;adherence;adverse_events,care interventions Br J Gen Pract 2019 69 e61 9 10.3399/bjgp18X700241 30510094 PMC6301364 26 Travers J Romero-Ortuno R Langan J et al Building resilience and reversing frailty: a randomised controlled trial of a primary care intervention for older adults Age Ageing 2023 52 10.1093/ageing/afad012 36849160 27 O’cathain A Murphy E Nicholl J The Quality of Mixed Methods,"bmjopen BMJ Open 2044-6055 BMJ Publishing Group PMC12887520 PMC12887520.1 12887520 12887520 41651532 10.1136/bmjopen-2025-103060 bmjopen-2025-103060 1 Original Research Sports and Exercise Medicine 1736 1506 Exploring the impact of targeted exercise in women experiencing homelessness, addiction and mental health challenges: a mixed-methods feasibility study https://",,"Results Overall, 33 participants were recruited. Data generated demonstrated that LEAP-W was feasible by its safety, acceptability and high retention in certain subgroups, and high adherence to the exercise and protein supplement; its impact was demonstrated by pre-post intervention improvement in multiple domains (strength (chair stand test), balance (the single leg stance test), pain and quality of life/mental health (mental component summary of the Short Form-12; 95% CI, p<0.05)). Three themes emerged from the qualitative inquiry: (1) the power of exercise; (2) challenges to engagement and (3) the LEAP approach, driven by the trauma-informed and low threshold approach.
Results A total of 33 women were screened ( figure 1 ). Two were excluded following initial evaluation but provided baseline data, which are presented in table 3 . Table 3 Baseline data (i) Demographics Age (years) mean (SD), median (range) 41 (11), 43 (22-64) Sex n (%) Female 32 (97) Transgender 1 (3) Mothers 22 (67) Menopause Pre-menopausal 16 (49) Peri/postmenopausal 14 (42) Don’t know 3 (9) Marital status n (%) Single 20 (61) Married/partnership 3 (9) Separated/divorced 10 (30) Widowed 0 (0) Country of origin n (%) Ireland 26 (79) Europe 4 (12) Rest of world 3 (9) Education n (%) Primary level 4 (12) Secondary level 21 (64) Third level 8 (24) Employment status n (%) Full-time employment 0 Part-time employment 2 (6) Unemployed 31 (94) Living environment n (%) House/apartment 13 (39) Hotel/hostel 11 (33) Staying with friend/family/other 3 (9) Rough sleeping 3 (9) Other 3 (9) Living arrangement n (%) Alone 22 (67) With spouse/partner 10 (9) Other 1 (3) (ii) Health challenges History of addiction n (%) Active addiction 18 (55) Stable/in recovery 15 (45) No addiction issues Physical health conditions n ",,,
PMC12895478,41677077.0,10.1111/acel.70376,A Multidomain Lifestyle Intervention Is Associated With Improved Functional Trajectories and Favorable Changes in Epigenetic Aging Markers in Frail Older Adults: A Randomized Controlled Trial.,2026.0,,https://europepmc.org/article/MED/41677077,expanded_accessible_search,multidomain_exercise_nutrition,A Multidomain Lifestyle Intervention Is Associated With Improved Functional Trajectories and Favorable Changes in Epigenetic Aging Markers in Frail Older Adults: A Randomized Controlled Trial,include_secondary_setting,Frailty RCT but setting likely hospital/residential or mixed,yes,yes,no,yes,yes,yes,yes,no,yes,yes,yes,frailty;gait_speed;grip_strength;adl;falls;quality_of_life;adherence;adverse_events,esearch Article A Multidomain Lifestyle Intervention Is Associated With Improved Functional Trajectories and Favorable Changes in Epigenetic Aging Markers in Frail Older Adults: A Randomized Controlled Trial Olaso‐Gonzalez Gloria 1 2 3 Millan‐Domingo Fernando 1 2 3 4 Garcia‐Fernandez Luis 5 Garcia‐Tercero Elisa 5 Cebrian Monica 6 Garcia‐Dominguez Cristina 1 7 Carbonel,ell 1474-9718 1474-9726 Wiley PMC12895478 PMC12895478.1 12895478 12895478 41677077 10.1111/acel.70376 ACEL70376 2137438 1 Research Article Research Article A Multidomain Lifestyle Intervention Is Associated With Improved Functional Trajectories and Favorable Changes in Epigenetic Aging Markers in Frail Older Adults: A Randomized Controlled Trial Olaso‐Gonzalez Gloria 1,"and the Rate of Epigenetic Aging (REA). Between October 2019 and July 2022, we recruited 47 frail, community‐dwelling individuals in Spain. Mean age was 80.2 years (SD 3.1) in the control group (CG; n = 19) and 80.5 years (4.3) in the intervention group (IG; n = 28). Compared with the CG, a significant reduction in frailty, assessed by the SHARE‐FI score, was observed in","3 Results 3.1 Study Participants Figure 1a shows an overview of selection criteria and study design. The histogram represents the distribution of ages among the control group ( n = 19) and intervention group ( n = 28). We screened 287 potential participants telephonically; 147 were assessed for eligibility, 47 were recruited and randomized, 28 to the intervention, and 19 to the control group (Figure 1b ). Baseline characteristics of the participants are available in Table S1 . We found no relevant differences between the groups in the main conditions studied or in the prevalence of geriatric syndromes. The intervention group did not differ from controls in terms of gender ( p = 0.4), weight ( p = 0.9), BMI ( p = 0.3) or chronological age ( p = 0.8) (Figure 1a,c ). No significant differences were found in either the SHARE‐FI index or Linda Fried's frailty criteria (Oviedo‐Briones et al. 2021 ). No adverse events or health complications related to the exercise program or nutritional supplementation were observed during the study period. 3.2 Effect of a Six‐Month Multidomain Intervention on Functional, Cognitive, Emotional, and Social Losses in Frail Individuals Figure 1c and Table S2 show that the anthropometric baseline characteristics of the two groups were very similar at the beginning of the study. Our multidomain intervention significantly improved lean mass, body fat percentage, and reduced abdominal girth. Participants' exercise compliance was 64.3% (95% CI 49.8–68.6). Adherence to the nutritional supplement was 71.2% (95% CI 67.5–74.6). Figure 2a shows that patients who took the supplement and participated in the exercise program exhibited a reduction of −2.5 [−2.9, −2.0] points in frailty according to the SHARE‐FI (Romero‐Ortuno et al. 2011 ) and also exhibited a",,,
PMC12905093,41696082.0,10.1177/20552076261425399,A structured hybrid exercise programme for pre-frail older adults in primary care: A feasibility and pilot study.,2026.0,,https://europepmc.org/article/MED/41696082,expanded_accessible_search,multicomponent_exercise,A structured hybrid exercise programme for pre-frail older adults in primary care: A feasibility and pilot study,include_secondary_setting,Frailty RCT but setting likely hospital/residential or mixed,yes,yes,no,yes,yes,yes,yes,no,yes,yes,yes,frailty;gait_speed;sppb;grip_strength;falls;quality_of_life;adherence;adverse_events,"oup activities, ensuring a suitable environment for programme implementation. Study conduct and reporting was done in adherence to the Transparent Reporting of Evaluations with Nonrandomized Designs (TREND) guidelines. 21 Study population Participants were community-dwelling older adults, aged 65 years and above, who had attended any of the participating clinics. Elig",ations PMC12905093 PMC12905093.1 12905093 12905093 41696082 10.1177/20552076261425399 10.1177_20552076261425399 1 Clinical Medicine – Original research article A structured hybrid exercise programme for pre-frail older adults in primary care: A feasibility and pilot study https://orcid.org/0000-0002-3903-1352 Tan Alon 1 https://orcid.org/0000-0001-8978-0557 Ong Rebe,"cognitive training have shown limited or inconsistent effectiveness. 11 Moreover, economic evaluations have demonstrated that community-based exercise programmes, when compared to usual care, are cost-effective, particularly for very frail older adults. 16 , 17 Amidst a rapidly ageing population in Singapore, implementation of frailty intervention programmes within co","Results Of 227 eligible participants, 162 started the programme (attended ≥1 session), and 139 completed the 3-month follow-up. The recruitment rate was 71.4%, and the retention rate was 85.8% (139/162) among those who started. The program achieved overall 81.9% average attendance rate across 12 sessions, with 64% of participants attending at least 10 sessions. Participants demonstrated an increase in SPPB scores (mean: +0.76 points; 95% CI: 0.48–1.04; p < 0.001) and in 30CST repetitions (mean: +2.82; 95% CI: 2.27–3.41; p < 0.001) from pre- to post- intervention. Female participants showed improved right-hand grip strength (mean: +0.65 kg; 95% CI: 0.16–1.14; p = 0.010), although male grip strength did not significantly change. No significant increase in total physical activity was observed at 6 or 12 months (IPAQ category shifts: p = 0.136 and 0.050 respectively), despite a positive trend towards higher activity levels. All respondents expressed satisfaction with the overall programme, and 93% were satisfied with the remote sessions. No exercise-related adverse events occurred. Qualitative feedback highlighted improved confidence and social engagement as added benefits.
Results Between April 2022 and September 2023, 227 participants were screened as eligible. Figure 5 presents the CONSORT-style flow diagram. Of these, 65 (28.6%) did not start the program or had their baseline assessment performed due to inability to attend any sessions (e.g., schedule conflicts, personal reasons). Thus, 162 participants attended at least one session. During the 12-week programme, 23 participants voluntarily withdrew, citing reasons such as lack of time, or family obligations. This resulted in a final analytical sample of 139 participants who completed the intervention and had at least b",,,
PMC12923666,41639243.0,10.1038/s41598-026-37997-8,Physical performance transition and the risk of adverse health outcomes among community-dwelling older adults with or without fatigue.,2026.0,,https://europepmc.org/article/MED/41639243,expanded_accessible_search,nutrition_only,Physical performance transition and the risk of adverse health outcomes among community-dwelling older adults with or without fatigue,exclude,Randomized design not confirmed in mined full-text fields,no,no,yes,yes,yes,no,yes,no,no,yes,yes,frailty;gait_speed;sppb;grip_strength;adl;falls;adverse_events,,"rmance levels, with the fatigue group exhibiting a significantly more pronounced decline. After adjusting for covariates, new-onset sarcopenia(OR = 3.08, 95%CI = 2.18–5.45) and malnutrition(OR = 2.70, 95%CI = 1.38–5.57) were the significant adverse events associated with physical performance deterioration in individuals with fatigue at 3-year follow-up. While for non",,"Results Baseline characteristics of the study sample The overall characteristics of the study population are presented in Table 1 , Of the 456 participants, 135 (29.6%) reported fatigue at baseline. The mean age was 75.9 ± 6.9years, and 57.0% were male. There were significant group differences in walking speed (1.0 ± 0.2 m/s vs. 1.3 ± 0.1 m/s), standing balance test score (3 vs. 4), repeated chair sit-to-stand test score (3 vs. 4) and overall SPPB score (9 vs. 11), Participants with fatigue tended to be older, had lower ADL status, poor physical performance distribution, higher number of chronic diseases ≥ 3, and higher proportion of malnutrition, falls, pain, multiple medications, depression and sarcopenia. Table 1 Comparison of characteristics between fatigue and non-fatigue older individuals. Fatigue ( n = 135) 29.6% Non-Fatigue ( n = 321)70.39% t/x 2 /z P Baseline BMI (Kg/m2) 24.6 ± 3.9 24.4 ± 3.1 -0.409 0.683 Age (year) 75.9 ± 6.9 70.9 ± 6.1 10.930 < 0.001 Male, n (%) 77(57.0) 183(57.0) 0.000 0.996 Living alone, n (%) 44 (32.6) 110 (34.3) 0.119 0.730 High school or above, n (%) 34 (25.2) 101 (31.5) 2.012 0.336 Number of chronic diseases <3, n (%) 41(30.4) 230(71.7) 79.258 < 0.001 ≥ 3, n (%) 94(69.6) 91(28.3) ADL status Complete independence, n (%) 115(85.2) 301(93.8) 9.749 0.010 Mild dependence, n (%) 18(13.3) 20(6.2) Moderate dependence, n (%) 2(1.5) 0(0) SPPB score 9.0[6.0,10.0] 11.0 [9.0, 12.0] 104.210 < 0.001 Physical performance distribution Poor (0-6score), n (%) 81(60.0) 86(26.8) 45.243 < 0.001 Moderate (7-9score), n (%) 23(17.0) 94(29.3) Good (10-12score), n (%) 31(23.0) 141(43.9) Walk speed(m/s) 1.0 ± 0.2 1.3 ± 0.1 -8.673 < 0.001 Standing balance test score 3.0[1.0,4.0] 4.0 [3.0, 4.0] 83.997 < 0.001 Repeated chair sit-to-stand test score 3.0[1.0,4.0] 4.0 [",,,
PMC12929997,34725661.0,10.1007/s12603-021-1671-x,"Association of Pain and Impact of Dual-Task Exercise on Function, Cognition and Quality of Life.",2021.0,"The journal of nutrition, health & aging",https://pubmed.ncbi.nlm.nih.gov/34725661/,original_high_confidence,exercise_plus_nutrition,"Association of Pain and Impact of Dual-Task Exercise on Function, Cognition and Quality of Life",include_primary_accessible,Community/home/primary-care frailty RCT confirmed by mined full-text fields,yes,yes,yes,yes,yes,yes,yes,no,no,no,yes,frailty;gait_speed;sppb;grip_strength;adl;falls;quality_of_life,", sarcopenia and depression. Dual-task exercise proved safe and possibly effective in reducing pain and improving QOL, physical and cognitive function in older adults. Prospective randomized studies are needed to validate the effectiveness of dual-task vs single-task exercise, including impact of reversal of frailty and sarcopenia in pain management. Key words Pain qu","pmc J Nutr Health Aging J Nutr Health Aging 4760 jnha The Journal of Nutrition, Health & Aging 1279-7707 1760-4788 Elsevier PMC12929997 PMC12929997.1 12929997 12929997 34725661 10.1007/s12603-021-1671-x S1279-7707(23)00758-3 1 Original Research Association o","and can easily be replicated in other countries. There were objective measurements of cognition, gait speed, HGS and quality of life. However, a major limitation was the lack of a control group so we are unable to assess to what extent improvement in pain and other outcome measures was due to natural recovery, other factors or solely from our HAPPY intervention. Our stud","Results Out of 296 participants, 37.2% had slight pain and 11.1% had moderate to severe pain. Both slight and moderate to extreme pain compared with no pain group were significantly associated with lower perceived health (68.2,63.6 vs 76.0) and QOL index (0.70,0.59 vs 0.93); moderate to extreme pain was also significantly associated with depression, low mental vitality, frailty, sarcopenia and poorer physical performance. After 3 months of dual-task exercise, pain improved in 70.8% of the moderate to extreme pain group and 50.8% of slight pain group. Significant improvement in perceived health, QOL, physical function and cognition were also observed.
Results Of the 296 participants, complete follow up data was available for 197 at 3 months, corresponding to a 33.4% drop-out rate (Figure 1 ). There was no significant difference between those who participated in the intervention and those who dropped out of the study (Supplementary table 1a ). Slightly more than half (51.7%) of the participants reported having no pain at baseline, 37.2% had slight pain and 11.1% moderate to extreme pain (Table 1a ). The mean age of all three groups ranged from 73.3 to 75.3 years old and ≥ 75% were women. The moderate to extreme pain group had the lowest EQ-5D index of 0.59 followed by the slight pain group of 0.70 and no pain group 0.92. There were no significant differences in the education level, multimorbidity and exercise frequency between the groups. The moderate to extreme pain group had higher prevalence of depression (28.1% vs 5.7%) and low mental vitality (40.6% vs 15.0%) compared with the no pain group (Table 1b ). Specifically, these two groups were significantly different in the ‘do you feel full of energy’ component of mental vitality. Table 1a Participant demographics A No p",,,
PMC12963776,41674227.0,10.3803/enm.2025.2656,Sarcopenia and Muscle Aging: Updated Insights into Molecular Mechanisms and Translational Therapeutics.,2026.0,,https://europepmc.org/article/MED/41674227,expanded_accessible_search,multidomain,Sarcopenia and Muscle Aging: Updated Insights into Molecular Mechanisms and Translational Therapeutics,include_secondary_setting,Frailty RCT but setting likely hospital/residential or mixed,yes,yes,yes,yes,yes,yes,yes,no,yes,yes,no,frailty;gait_speed;sppb;grip_strength;falls;quality_of_life;adherence;adverse_events,"-025-06575-3 PMC12160432 109 Hanna MG Badrising UA Benveniste O Lloyd TE Needham M Chinoy H Safety and efficacy of intravenous bimagrumab in inclusion body myositis (RESILIENT): a randomised, double-blind, placebo-controlled phase 2b trial Lancet Neurol 2019 18 834 44 31397289 10.1016/S1474-4422(19)30200-5 110 Becker C Lord SR Studenski SA Warden SJ Fielding RA Reckno","econd Hospital of Jilin University, Changchun, China 10 Division of Orthopedics, Changchun University of Chinese Medicine, Changchun, China 11 Division of Endocrinology, Diabetes, Nutrition and Therapeutic Patient Education, Department of Medical Specialties, Geneva University Hospital, Geneva, Switzerland 12 Diabetes Center, Faculty of Medicine, University of Geneva","09 Hanna MG Badrising UA Benveniste O Lloyd TE Needham M Chinoy H Safety and efficacy of intravenous bimagrumab in inclusion body myositis (RESILIENT): a randomised, double-blind, placebo-controlled phase 2b trial Lancet Neurol 2019 18 834 44 31397289 10.1016/S1474-4422(19)30200-5 110 Becker C Lord SR Studenski SA Warden SJ Fielding RA Recknor CP Myostatin antibody",,,,
PMC12968357,41456342.0,10.1111/jgs.70266,Efficacy of a Multicomponent Intervention for Frailty or Physical Function in Prefrail or Frail Older Adults: FRAILMERIT Multicenter Clinical Trial.,2026.0,,https://europepmc.org/article/MED/41456342,expanded_accessible_search,exercise_plus_nutrition,Efficacy of a Multicomponent Intervention for Frailty or Physical Function in Prefrail or Frail Older Adults: FRAILMERIT Multicenter Clinical Trial,include_primary_accessible,Community/home/primary-care frailty RCT confirmed by mined full-text fields,yes,yes,no,yes,yes,yes,yes,no,no,no,yes,frailty;gait_speed;sppb;grip_strength;adl;falls;quality_of_life;adherence;adverse_events,"ommercial purposes. ABSTRACT Objectives Frailty is a common condition in community‐dwelling older adults with high health and socioeconomic implications. However, primary care‐led randomized trials have been scarcely tested. Design Multicenter cluster randomized clinical trial. Setting and Participants Two hundred and seventy‐three community‐dwelling older adults recr",on-title Wiley Open Access Collection PMC12968357 PMC12968357.1 12968357 12968357 41456342 10.1111/jgs.70266 JGS70266 1 Clinical Investigation Clinical Investigation Efficacy of a Multicomponent Intervention for Frailty or Physical Function in Prefrail or Frail Older Adults: FRAILMERIT Multicenter Clinical Trial Abizanda Saro Adriana 1 García Molina Rafael https://orcid.o,"of daily living and either prefrailty/frailty using the frailty phenotype or gait speed < 0.8 m/s. Methods Participants were randomized 1:1 by clusters to the intervention or the control group, each cluster being a different primary care center. Intervention: Physical exercise program, nutritional recommendations, and frailty training to primary care professionals. Inte","Results Mean age 78.1 years, 68.4% female. 25.7% were frail and 74.3% prefrail or with a gait speed lower than 0.8 m/s. The percentage of participants improving the main outcome at week 12 for the intervention and control groups were 70.4% and 49.5%, respectively, absolute risk reduction (ARR) 20.9% (95% confidence interval [CI] 7.3%–34.5%; p < 0.01; n = 191), number needed to treat (NNT) 4.8 (95% CI 2.9–13.6). At 32 weeks of follow‐up 81.7% and 51.9% of the intervention and control group improved, respectively, ARR 29.8% (95% CI 13.8%–45.7%; p < 0.001; n = 134), NNT 3.4 (95% CI 2.2–7.2).
10 Results Figure 1 presents the flow chart of FRAILMERIT. Three hundred and seventeen participants were enrolled, and 237 were finally randomized from the 12 primary care centers. Eighty participants were excluded for not meeting inclusion criteria. After randomization, 132 participants were allocated to the intervention group and 105 to the control group. One hundred and ninety‐one participants finished the first intervention period and had a valid evaluation at 3 months, 98 from the intervention group and 93 in the control group. At the beginning of the second intervention program (Month 5), 154 participants received a third visit, 73 in the intervention group, and 81 in the control group. Finally, 134 participants ended the study (57% of those initially randomized) and received a fourth follow‐up visit, 82 in the intervention group and 52 in the control group. Participants who did not complete the final visit ( n = 103), were more frequently male (38.8% vs. 26.1%; p < 0.05), had a gait speed lower than 0.8 m/s (88.8% vs. 78.6%; p < 0.05), and presented a higher Charlson index (1.6 vs. 1.0; p < 0.01). No other differences were observed in the rest of the study variables (Table 1 ). ",,,
PMC12972443,40439971.0,10.1007/s11357-025-01715-5,"A tongue resistance training program improves strength, endurance, and swallowing in frail older adults with mild cognitive impairment: a double-blind randomized controlled trial.",2026.0,,https://europepmc.org/article/MED/40439971,expanded_accessible_search,exercise_only,"A tongue resistance training program improves strength, endurance, and swallowing in frail older adults with mild cognitive impairment: a double-blind randomized controlled trial",defer_second_reviewer,Comparator not clearly confirmed from mined fields,yes,yes,no,yes,yes,no,yes,no,no,no,no,frailty,"15-5 1715 1 Original Article A tongue resistance training program improves strength, endurance, and swallowing in frail older adults with mild cognitive impairment: a double-blind randomized controlled trial Kao Shu-Hua 1 2 Chen Ruey 1 3 4 Su Pi-Yu 1 5 Banda Kondwani Joseph 1 6 Sung Chien-Mei 7 8 Wang Chia-Hui 1 Chiang Kai-Jo 1 8 9 Fajarini Melati 1 10 http://orcid.or","Geroscience 3153 gerosci GeroScience 2509-2715 2509-2723 Springer PMC12972443 PMC12972443.1 12972443 12972443 40439971 10.1007/s11357-025-01715-5 1715 1 Original Article A tongue resistance training program improves strength, endurance, and swallowing in frail older adults with mild cognitive impairment: a double-blind randomized controlled trial Kao Shu-Hua 1 2 Chen",,"Results A total of 46 frail older adults with MCI were recruited (women: 80.0%; mean age: 75.7 ± 6.7 years). TRTP significantly improved ATS (β = 6.4; p = 0.016, 95%CI = 1.2–11.5), SSP (β = 12.5; p < 0.001, 95%CI = 9.2–15.9), and ESP (β = 14.2; p < 0.001, 95%CI = 9.3–19.0) at immediate posttest. However, no significant improvements were observed for PTS (β = 4.0; p = 0.231, 95%CI = − 2.6–10.6), ATE (β = − 4.5; p = 0.173, 95%CI = − 10.9–2.0), and PTE (β = 2.4; p = 0.489, 95%CI = − 4.5–9.4). At 12-week follow-up, sustained improvements were observed for SSP (β = 6.1; p < 0.001, 95%CI = 2.6–9.7) and ESP (β = 7.9; p < 0.001, 95%CI = 3.9–11.9). No significant short-term effects on ATS, PTS, ATE, and PTE ( p > 0.05).",,,
PMC12977742,41652447.0,10.1186/s13075-026-03751-8,Effects of a personalized exercise program on physical function in older patients with rheumatoid arthritis at high risk of sarcopenia: results of a randomized controlled trial.,2026.0,,https://europepmc.org/article/MED/41652447,expanded_accessible_search,exercise_plus_nutrition,Effects of a personalized exercise program on physical function in older patients with rheumatoid arthritis at high risk of sarcopenia: results of a randomized controlled trial,exclude,Protocol/review signal in full-text-mined fields,yes,no,yes,yes,yes,yes,yes,yes,no,yes,no,frailty;gait_speed;sppb;grip_strength;adl;falls;quality_of_life;adherence;adverse_events,75-026-03751-8 3751 1 Research Effects of a personalized exercise program on physical function in older patients with rheumatoid arthritis at high risk of sarcopenia: results of a randomized controlled trial Torii Mie 1 2 Onishi Akira 3 4 Uozumi Ryuji 5 Hidaka Yu 6 Onizawa Hideo 3 4 7 Fujii Takayuki 3 8 Murata Koichi 3 8 Murakami Kosaku 9 Tanaka Masao 3 4 Oshima Yohei,ther Arthritis Research & Therapy 1478-6354 1478-6362 BMC PMC12977742 PMC12977742.1 12977742 12977742 41652447 10.1186/s13075-026-03751-8 3751 1 Research Effects of a personalized exercise program on physical function in older patients with rheumatoid arthritis at high risk of sarcopenia: results of a randomized controlled trial Torii Mie 1 2 Onishi Akira 3 4 Uozumi,"o were at risk of sarcopenia. The intervention group ( n = 69) underwent a 16-week personalized exercise program in addition to nutritional guidance and standard care, whereas the control group ( n = 65) received only nutritional guidance and standard care. The primary outcome was the change in the total Short Physical Performance Battery (SPPB) scores from baseline to w","Results A total of 140 patients were randomized. Of these, 134 initiated the assigned intervention. There was a 0.2-point difference in SPPB total score from baseline to week 16 between the intervention group (+ 0.4 points) and the control group (+ 0.2 points); 95% confidence interval: -0.1 to 0.5; p = 0.206. Regarding the secondary outcomes at week 16, there was a tendency for improvement in the chair-stand test, grip strength, and the mental component score.
Results Participants A total of 553 patients with RA were screened, and 140 were randomly assigned to the intervention (70 patients) and control (70 patients) groups (Fig. 1 ). Among the randomized patients, one patient in the intervention group and five in the control group withdrew consent before baseline measurements, leaving 134 participants (69 in the intervention group and 65 in the control group) for the intention-to-treat analysis. During the 4-week post-intervention period, one patient in the intervention group dropped out due to personal reasons. The baseline characteristics of the patients included in the intention-to-treat population are shown in Table 1 . Fig. 1 Study flow diagram. A total of 134 participants were included in the intention-to-treat analysis. Intervention: exercise program and nutritional guidance in addition to standard care; Control: nutritional guidance in addition to standard care Table 1 Baseline participant demographics and disease characteristics All participants n = 134 Intervention n = 69 Control n = 65 Age (years), median (IQR) 73.5 (68.0-81.5) 72.0 (67.0–78.0) 74.0 (69.0–76.0) Sex, female %, ( n ) 79.1 (106) 79.7 (55) 78.4 (51) Duration of RA (years), median (IQR) 17.5 (10.0-29.3) 15.0 (9.5–28.5) 19.0 (10.0-30.5) DAS28-CRP (score), median (IQR) 1.8 (1.5–2.7) 1.8 (1.5–2.6) 1.",,,
PMC12979126,41835384.0,10.3389/fnut.2026.1726483,Vitamin K and muscle health: mechanisms and clinical perspectives in sarcopenia and beyond: narrative review.,2026.0,,https://europepmc.org/article/MED/41835384,expanded_accessible_search,exercise_plus_nutrition,Vitamin K and muscle health: mechanisms and clinical perspectives in sarcopenia and beyond: narrative review,secondary_sarcopenia_verify,Sarcopenia/vulnerability RCT; frailty-primary status requires verification,yes,no,yes,yes,yes,yes,yes,no,no,yes,yes,frailty;gait_speed;sppb;grip_strength;falls;quality_of_life;adverse_events,"l studies associate higher vitamin K intake and status with greater muscle strength, higher muscle mass, and better physical performance among older adults. However, findings from randomized controlled trials (RCTs) remain inconclusive, possibly due to differences in vitamin K isoforms, dosage, intervention duration, and study populations. Beyond age-related sarcopeni",pmc Front Nutr Front Nutr 2731 fnut Front. Nutr. Frontiers in Nutrition 2296-861X Frontiers Media SA PMC12979126 PMC12979126.1 12979126 12979126 41835384 10.3389/fnut.2026.1726483 1 Review Vitamin K and muscle health: mechanisms and clinical perspecti,"ed 50–80 years (HbA1c ≥ 6.5%), supplementation was found to be significantly associated with increases in skeletal muscle mass (SM) and skeletal muscle index (SMI) compared to the placebo group, where these measures decreased ( 54 ). Similarly, an 8-week study of vitamin K2 supplementation (90 μg/day) in 84 young women aged 18–40 years with polycystic ovary syndrom",,,,
PMC12989373,41847233.0,10.3389/fnut.2026.1763219,"Twelve-week combined arginine and fish oil supplementation is associated with reduced sarcopenia severity: a randomized, double-blind, placebo-controlled study.",2026.0,,https://europepmc.org/article/MED/41847233,expanded_accessible_search,exercise_plus_nutrition,"Twelve-week combined arginine and fish oil supplementation is associated with reduced sarcopenia severity: a randomized, double-blind, placebo-controlled study",include_secondary_setting,Frailty RCT but setting likely hospital/residential or mixed,yes,yes,yes,yes,yes,yes,yes,no,no,yes,no,frailty;gait_speed;grip_strength;quality_of_life;adherence;adverse_events,"989373 12989373 41847233 10.3389/fnut.2026.1763219 1 Original Research Twelve-week combined arginine and fish oil supplementation is associated with reduced sarcopenia severity: a randomized, double-blind, placebo-controlled study Yuan Weixia 1 2 Conceptualization Investigation Methodology Project administration Writing – original draft Ao Panpan 2 Investigation Metho",pmc Front Nutr Front Nutr 2731 fnut Front. Nutr. Frontiers in Nutrition 2296-861X Frontiers Media SA PMC12989373 PMC12989373.1 12989373 12989373 41847233 10.3389/fnut.2026.1763219 1 Original Research Twelve-week combined arginine and fish oil suppleme,"0.3389/fnut.2026.1763219 1 Original Research Twelve-week combined arginine and fish oil supplementation is associated with reduced sarcopenia severity: a randomized, double-blind, placebo-controlled study Yuan Weixia 1 2 Conceptualization Investigation Methodology Project administration Writing – original draft Ao Panpan 2 Investigation Methodology Writing – review","Results At the end of the 12-week trial, gait speed significantly increased in the Arg + fish oil groups ( p < 0.05), whereas no significant change was observed in the placebo group. Furthermore, gait speed and grip strength in the Arg + fish oil group were significantly higher than in the placebo group ( p < 0.05). Regarding inflammatory markers, compared with baseline, the placebo group showed a significant increase in TNF-α, while the Arg + fish oil group showed a significant decrease in IL-6 ( p < 0.05). Moreover, TNF-α and IL-6 levels in the Arg + fish group were significantly lower than those in the placebo group ( p < 0.05). Quality of life assessments revealed that the Arg + fish group demonstrated significantly greater improvement in PASE and frailty compared to the placebo group.
3 Results Supplementary Figure 1 shows the trial enrollment based on the CONSORT flow diagram. About 464 patients were screened in the present study; 113 were diagnosed with sarcopenia; 71 refused to participate because of remote residence, inconvenient transportation, refusal of venous blood collection, and private time schedule conflict with trial. Finally, a total of 42 eligible participants were recruited and included in the study. The recruitment of participants commenced on December 2023, and extended with follow-ups until the end of October 2024. Throughout the study, 13 participants dropped out due to several reasons such as non-compliance with supplements or three-quarters of the supplements were not consumed, refusal to provide blood sample at the end of the study, change of place of residence. Consequently, the final number included in the analyses was 29 participants. 3.1 General characteristics of the participants at baseline Table 1 shows the baseline information for soc",,,
PMC13005584,41867893.0,10.2147/vhrm.s581066,Prediction Model for Frailty in Middle-Aged and Older Adults with Cardiovascular Disease.,2026.0,,https://europepmc.org/article/MED/41867893,expanded_accessible_search,exercise_only,Prediction Model for Frailty in Middle-Aged and Older Adults with Cardiovascular Disease,exclude,Randomized design not confirmed in mined full-text fields,no,yes,no,yes,yes,no,yes,no,yes,no,yes,frailty;gait_speed;grip_strength;adl;falls;adherence,,"suming and difficult to implement in outpatient screening or community follow-up settings. 17 As CVD management shifts from event-driven treatment toward risk prediction and early intervention, there is an urgent need for simple and scalable tools to predict frailty risk. Existing frailty prediction models are mostly developed in general older populations or depend on c",,"Results Frailty was identified in 148 participants (12.5%). Sleep duration, activities of daily living (ADL), waist circumference, cognitive function, handgrip strength, age, and depression were independent predictors of frailty. The nomogram demonstrated good discrimination, with area under the curve (AUC) values of 0.851 (95% CI: 0.814–0.888) in the training cohort and 0.861 (95% CI: 0.804–0.917) in the validation cohort. Calibration showed good agreement between predicted and observed outcomes (Hosmer–Lemeshow test, P>0.05). DCA indicated favorable clinical utility.
Result Participant Characteristics A total of 1184 patients with CVD were included in the final analysis. Among the included CVD patients, 148 (12.5%) had frailty symptoms. Significant differences were identified regarding age, marital status, social activity involvement, life satisfaction, and sleep duration between frail and non-frail patients. The demographic and clinical characteristics of the participants are meticulously summarized in Table 1 . All CVD patients were randomly divided into a training set (n = 829) and a validation set (n = 355) at a ratio of 7:3. The detailed baseline characteristics of the two groups are provided in Table S1 . No significant differences were observed between the two groups in baseline characteristics except for waist circumference, hypertension, and hearing status ( P > 0.05). Table 1 Baseline Characteristics of Participants Variable Overall (n = 1184) No Frailty (n = 1036) Frailty (n = 148) P value Age, years 62.8 ± 8.9 62.3 ± 8.9 66.1 ± 7.9 <0.001 Sex, n (%) 0.166 Male 159 (13.4) 145 (14.0) 14 (9.5) Female 1025 (86.6) 891 (86.0) 134 (90.5) Education level, n (%) 0.316 Primary school or below 226 (19.1) 192 (18.5) 34 (23.0) High school 953 (80.5) 839 (81.0) 114 (76.",,,
PMC13008612,41821346.0,10.5720/kjcn.2025.00353,"Effects of senior-friendly foods on health, nutritional status, and dietary intake among rural elderly women in Korea: a quasi-experimental study.",2026.0,,https://europepmc.org/article/MED/41821346,expanded_accessible_search,nutrition_only,"고령친화우수식품이 농촌여성 노인의 건강, 영양 및 식품 섭취에 미치는 효과",include_primary_accessible,Community/home/primary-care frailty RCT confirmed by mined full-text fields,yes,yes,no,yes,yes,yes,yes,no,no,no,yes,frailty;gait_speed;sppb;quality_of_life,"대상으로 비 동등성 사전-사후 반복 측정(pretest-posttest nonequivalent control group design with repeated measures) 설계이다. 본 연구는 비무작위 중재연구 보고를 위한 TREND (Transparent Reporting of Evaluations with Nonrandomized Designs) 지침에 따라 기술되었다. 2. 연구대상 및 기간 본 연구는 G*Power 3.1.9.7 프로그램을 활용하여 산출하였다. 효과크기 0.25, 유의수준 0.05, 검정력 0.80 최소 표본 수는 44명(중재군 22명. 대조군 22명)이며, 중도 탈락율을 고려하여 중재군 55명, 대조군 25명 총 80명을 모",pmc Korean J Community Nutr Korean J Community Nutr 4771 kjcn KJCN Korean Journal of Community Nutrition 2951-3146 Korean Society of Community Nutrition and the Korean Nutrition Society PMC13008612 PMC13008612.1 13008612 13008612 41821346 10.5720/kjcn.2025.00353 kjcn-2025-00353 1 Res,"h, nutritional status, and dietary intake of providing senior-friendly foods to community-dwelling elderly women in a rural area in Korea. Methods A pretest–posttest nonequivalent control group design with repeated measures was conducted among 71 rural-dwelling elderly women. Changes in health indicators, nutritional status, and dietary intake were assessed at three time","Results Immediately after a three month intervention, significant differences were observed between the intervention and control groups in frailty score, Dysphagia Handicap Index, Mini Nutritional Assessment, social isolation, resilience, quality of life, and depression ( P < 0.05). Significant group-by-time interaction effects were found for muscle mass, hemoglobin A1c, and energy, protein, and micronutrient intake, all of which showed significant improvements in the intervention group ( P < 0.05).
RESULTS 1. 연구대상자 일반적 특성 및 동질성 검증 연구대상자의 인구사회학적 특성 및 중재군과 대조군의 사전 동질성 검증 결과는 Table 2 와 같다. 중재군과 대조군의 연령, 혼인 상태, 동거 형태, 월수입, 교육 수준, 질병 수, 복용 약물 수 등의 인구사회학적 특성에서는 두 그룹 간에 유의한 차이가 없었다. 혼인 상태에서는 사별상태가 58명(81.7%)으로 가장 많았으며, 거주 형태는 독거노인이 60명(84.5%)으로 가장 많았다. 월수입의 경우 1백만 원 미만이 67명(94.4%)으로 경제적 수준이 낮은 편이었고, 교육 수준은 초등학교 졸업 이하가 대부분(68명, 95.7%)이었다. 질병의 수는 평균 2.26 ± 1.29개였으며, 약물복용은 평균 2.45 ± 1.31개였다. 신체적 건강(체중, BMI, 종아리둘레, 상완위둘레, 골격근량, 체지방량), 생리적 건강(HbA1c, 혈당, 총콜레스테롤, 혈압), 정서적 건강(소외감, 회복탄력성, 사회적지지, 삶의 질), 구강평가(KOHIP-14, DHI), 영양평가(MNA, NQ-E)는 사전 동질성 검증 결과 두 집단 간 유의한 차이가 없어 사전 조건이 동질한 것으로 확인되었다. 2. 신체적 건강 중재군과 대조군의 신체적 건강 변화를 사전, 사후, 사후 2개월 시점에서 비교한 결과는 Table 3 과 같다. 체중, BMI, 종아리 둘레, 상완위둘레, 체지방량은 중재군과 대조군 모두 시간적 변화, 집단별, 시간과 집단과의 상호작용 효과에서 유의한 차이를 보이지 않았다. 골격근지수는 대조군, 중재군과의 집단별 유의한 차이는 보이지 않았으나, 시간과 집단과의 상호작용 효과에는 유의한 차이가 있었다(F = 3.40, P = 0.041). 노쇠비율은 중재군 52.8%에서 사후 49.1%로 감소하였다가 사후 2개월 56.6%로 증가하였으며, 대조군 사전 72.2%에서 사후 2개월 83.3%로 비율이 상승하였다. 노쇠 점수는 중재군과 대조군 모두에서 전 노쇠 비율의 변화가 관찰되었으나, 이러한 변화는 통계적으로 유의미한 시간 효과나 그룹 간 상호작용 효과를 보이지 않았다. 3. 생리적 건강 식품꾸러미 제공에 대한 중재군과 대조군의 생리적 건강 지표 변화는 Table 4 와 같다. 중재군의 HbA1c는 사전 6.58% ± 1.16%에서 사후 2개월 6.28% ± 0.82%로 감소하는 경향을 보였으며, 시간과 그룹의 상호작용 효과가 통계적으로 유의하였다(F = 11.84, P < 0.001). 혈당, 총콜레스테롤, 수축기 혈압, 이완기 혈압, 혈중지질은 그룹, 시간, 그룹과 시간과의 상호작용 중재효과 모두 유의하지 않았다. High-d",,,
PMC13017125,41837346.0,10.1093/ageing/afag069,Correction to: Home-based extended rehabilitation for older people with frailty (HERO): a randomised controlled trial.,2026.0,,https://europepmc.org/article/MED/41837346,expanded_accessible_search,digital_home_unclear_intervention,Correction to: Home-based extended rehabilitation for older people with frailty (HERO): a randomised controlled trial,defer_second_reviewer,Comparator not clearly confirmed from mined fields,yes,yes,no,yes,yes,no,yes,no,no,no,yes,frailty,5 13017125 41837346 10.1093/ageing/afag069 afag069 1 Correction AcademicSubjects/MED00280 Correction to: Home-based extended rehabilitation for older people with frailty (HERO): a randomised controlled trial 3 2026 16 3 2026 55 3 510103 afag069 16 03 2026 27 03 2026 27 03 2026 © The Author(s) 2026. Published by Oxford University Press on behalf of the British Geriatri,02-0729 1468-2834 Oxford University Press PMC13017125 PMC13017125.1 13017125 13017125 41837346 10.1093/ageing/afag069 afag069 1 Correction AcademicSubjects/MED00280 Correction to: Home-based extended rehabilitation for older people with frailty (HERO): a randomised controlled trial 3 2026 16 3 2026 55 3 510103 afag069 16 03 2026 27 03 2026 27 03 2026 © The Author(s) 2,,,,,
PMC13026366,41897209.0,10.3390/healthcare14060756,Effects of a 6-Month Educational Program on Blood Pressure in Pre-Frail and Frail Older Adults: A Randomized Controlled Trial.,2026.0,,https://europepmc.org/article/MED/41897209,expanded_accessible_search,nutrition_only,Effects of a 6-Month Educational Program on Blood Pressure in Pre-Frail and Frail Older Adults: A Randomized Controlled Trial,include_secondary_disease_specific,Frailty RCT but disease-specific population,yes,yes,no,yes,yes,yes,yes,no,yes,no,yes,frailty;gait_speed;grip_strength;falls;quality_of_life;adherence;adverse_events,026366 13026366 41897209 10.3390/healthcare14060756 healthcare-14-00756 1 Article Effects of a 6-Month Educational Program on Blood Pressure in Pre-Frail and Frail Older Adults: A Randomized Controlled Trial Ávila-Cabeza-de-Vaca Laura Conceptualization Methodology Formal analysis Investigation Data curation Writing – original draft Writing – review & editing Visualiza,"d trial, 210 community-dwelling older adults (145 women; 74 ± 6 years) meeting at least one of Fried’s frailty criteria were assigned to a control group (usual care; n = 95) or an intervention group (educational program; n = 115). The 6-month intervention consisted of an educational program that provided recommendations on physical activity, nutrition, cognition, and ps","In this multicenter randomized controlled trial, 210 community-dwelling older adults (145 women; 74 ± 6 years) meeting at least one of Fried’s frailty criteria were assigned to a control group (usual care; n = 95) or an intervention group (educational program; n = 115). The 6-month intervention consisted of an educational program that provided recommendations on physica","3. Results Out of 235 participants initially randomized in the study, 210 completed the 6-month evaluation. A total of 25 participants were lost to follow-up, comprising 22 participants (18.8%) from the control group and 3 participants (2.5%) from the intervention group. Consequently, the 6-month analysis included 115 participants in the intervention group and 95 participants in the control group ( Figure 1 ). To rigorously rule out attrition bias resulting from this differential dropout rate, a missing value analysis was performed. Little’s Missing Completely at Random (MCAR) test showed no evidence of systematic bias (χ 2 (2) = 1.11, p = 0.58), confirming that data were missing completely at random. Consequently, a per-protocol analysis was deemed entirely appropriate. Baseline characteristics of the participants, including age, anthropometric measurements, BP, and sex, are summarized and presented in Table 1 , with values reported for the total sample, as well as for the control and intervention groups. 3.1. Systolic BP Baseline systolic BP did not differ significantly between the intervention and control groups (U = 4870.50, z = −1.37, p = 0.17). In the intervention group, systolic BP decreased significantly after the 6-month educational program, showing a small-to-medium effect size (Baseline Median = 130 mmHg, IQR = 120–140; Post Median = 130 mmHg, IQR = 115–140; z = −2.84, p < 0.01, r = 0.27). Although the median remained unchanged, the significant result reflects a shift in the distribution toward lower values, particularly in the upper tail. Consistent with this pattern, the maximum systolic BP decreased from 190 to 160 mmHg and the 95th percentile from 168.4 to 152.2 mmHg. In contrast, no significant change was observed in the control group (Baseline Median = ",,,
PMC13027660,41900532.0,10.3390/jfmk11010125,Effects of Higher Dietary Protein Intake on Isokinetic Muscle Performance in Older Adults with Type 2 Diabetes Mellitus.,2026.0,,https://europepmc.org/article/MED/41900532,expanded_accessible_search,nutrition_only,Effects of Higher Dietary Protein Intake on Isokinetic Muscle Performance in Older Adults with Type 2 Diabetes Mellitus,secondary_sarcopenia_verify,Sarcopenia/vulnerability RCT; frailty-primary status requires verification,yes,no,yes,yes,yes,yes,no,no,yes,yes,no,gait_speed;sppb;grip_strength;falls;quality_of_life;adherence;adverse_events,"lder adults with type 2 diabetes mellitus (T2DM). Methods : Thirty adults (15 men and 15 women) aged 60–80 years with non-insulin-treated T2DM and sarcopenia-related deficits were randomized for 12 weeks to a higher-protein diet (1.2–1.5 g·kg −1 ·day −1 ) or a recommended protein diet (0.8–1.0 g·kg −1 ·day −1 ), with meal plans designed to maintain body mass. Protein",2 Multidisciplinary Digital Publishing Institute (MDPI) PMC13027660 PMC13027660.1 13027660 13027660 41900532 10.3390/jfmk11010125 jfmk-11-00125 1 Article Effects of Higher Dietary Protein Intake on Isokinetic Muscle Performance in Older Adults with Type 2 Diabetes Mellitus Kalyva Stavroula 1 2 Argyropoulou Dionysia 1 https://orcid.org/0000-0002-7890-2720 Koulouvari,"nce was occurred. Results : Thirty participants completed the trial. Energy intake and body mass remained stable in both groups. At the end of week 12, peak torque declined in the control group ( p < 0.05) but remained stable in the higher-protein group. The fatigue index worsened over time in controls but was preserved in the higher protein group, resulting in a signifi","3. Results 3.1. Participants The intervention did not affect systolic or diastolic blood pressure, body mass or free fat mass ( Table 1 ). Regarding BMI, despite a significant main effect of time [F(2,27) = 3.6, p = 0.034, η p 2 = 0.114], post hoc analysis did not reveal any significant difference over time in either group [CG Δ = 4.6, 95% CI [25.5, 30.1); IG Δ = 6, 95% CI [25.1, 30.1)]. Percent fat mass showed no main effect of group [F(1,28) = 0.008, p = 0.130, η p 2 = 0.037]. However, there was main effect of time [F(1,28) = 8.99, p = 0.029, η p 2 = 0.301] and a significant time × group interaction [F(1,28) = 11.6, p = 0.002, η p 2 = 0.294]. In CG, percent fat mass differed from baseline to week 12 by Δ = −1.3 (95% baseline [30.8, 39.2] and week 12 [32.2, 40.4]). In the IG, percent fat mass differed from baseline to week 12 by Δ = 1.2 (95% baseline [29.1, 31.5] and week 12 [28, 36.2]). 3.2. Dietary Assessment Participants in both groups successfully followed the scheduled dietary plans ( Table 2 ). As designed, protein intake relative to body mass differed significantly between groups at weeks 6 (CG 0.83 ± 0.06 vs. IG 1.24 ± 0.15) and 12 (CG 0.83 ± 0.07 vs. IG 1.39 ± 0.08) [F(2,27) = 123, p < 0.001, η p 2 = 0.814]. In the IG protein intake (g·kg −1 ·day −1 ) increased from baseline to weeks 6 and 12 (0.81 ± 0.13, 1.24 ± 0.15, 1.39 ± 0.08, respectively; p < 0.05) and remained higher than in the CG ( p < 0.001). At week 6 and week 12, the CG differed from the IG by Δ = 0.41 (95% CG [0.77, 0.89] and IC [1.18, 1.3]) and Δ = 0.56 (95% CG [0.79, 0.87] and IC [1.35, 1.43]), respectively. The increase in protein intake in the IG was accompanied by a reduction in lipid intake. Lipid intake differed significant between groups at week 12 [F(2,27) = 8.2, p = 0.001, η p 2 = 0.227",,,
PMC13052224,41936539.0,10.1002/jcsm.70279,Effects of 5 Years of Aerobic Exercise on Sarcopenia in Older Adults-Secondary Outcomes of the Generation 100 Study.,2026.0,,https://europepmc.org/article/MED/41936539,expanded_accessible_search,exercise_only,Effects of 5 Years of Aerobic Exercise on Sarcopenia in Older Adults—Secondary Outcomes of the Generation 100 Study,secondary_sarcopenia_verify,Sarcopenia/vulnerability RCT; frailty-primary status requires verification,yes,no,yes,yes,yes,yes,yes,no,yes,no,yes,frailty;gait_speed;sppb;grip_strength;adl;falls;quality_of_life;adherence,"f ‘clinically defined sarcopenia’. Methods Norwegian community dwelling older adults ( n = 1567; aged 70–75 years at inclusion) participated in the Generation 100 Study. They were randomized in a 1:1:2 ratio—stratified by sex and cohabitation status to either moderate intensity continuous training (MICT, n = 387) or high intensity interval training (HIIT, n = 400), or",2190-6009 Wiley PMC13052224 PMC13052224.1 13052224 13052224 41936539 10.1002/jcsm.70279 JCSM70279 JCSM-D-25-01811 1 Original Article Original Article Effects of 5 Years of Aerobic Exercise on Sarcopenia in Older Adults—Secondary Outcomes of the Generation 100 Study Stene Guro Birgitte https://orcid.org/0000-0003-4098-6508 1 2 guro.b.stene@ntnu.no Lequerica Maria Jos,"cts of aerobic exercise alone. We tested the primary hypothesis that a 5‐year decline in key defining components of sarcopenia is less in an aerobic exercise group compared with a control group. Secondly, we tested the same hypothesis using a model of ‘clinically defined sarcopenia’. Methods Norwegian community dwelling older adults ( n = 1567; aged 70–75 years at inclus","Results Mean age across groups was 72 years of age, including ~50% women, ~50% with higher education, 86%–90% with good or very good health and 73%–76% considered physically active. Compared with CON, grip strength declined less for HIIT at Year 1 (estimated difference of 0.98 kg; p < 0.001) and Year 3 (estimated difference of 0.03 kg; p = 0.016). At Year 3, HIIT increased their gait speed by 0.01 m/s (estimated difference between HIIT vs. CON of 0.03 m/s; p = 0.016). At Year 5, all groups declined from baseline (CON −0.07; MICT −0.10 and HIIT −0.04 m/s). Participants determined as having ‘clinically defined sarcopenia’ at baseline, Years 3 and 5 were: 22%, 58% and 63% (CON); 20%, 55% and 67% (MICT) and 19%, 50% and 56% (HIIT). Odds for developing clinically defined sarcopenia were significantly lower for HIIT (OR = 0.51; p = 0.018 at Year 3; OR = 0.47; p = 0.009 at Year 5) as compared with CON. No effects were found for MICT.
3 Results 3.1 Baseline Characteristics Participants ( n = 1567) had a mean age of 72 years, with approximately 50% women, ~50% with higher education, 86%–90% reporting good or very good health and 73%–76% meeting Norwegian physical activity guidelines. Group‐specific baseline characteristics are shown in Table 2 , and further cohort details are provided elsewhere [ 28 , 29 ]. TABLE 2 Baseline characteristics of participants ( n = 1567) assigned to control group (CON), moderate exercise (MICT) and high intensity exercise (HIIT) groups. CON MICT HIIT Total number of participants 780 387 400 Age (years), mean (SD) 72.4 (2.0) 72.4 (2.0) 72.5(2.1) Women, n (%) 401 (51.4) 199 (51.4) 190 (47.5) Living alone, n (%) 184 (24.3) 107 (28.5) 91 (23.6) Higher education a , n (%) 373 (49.5) 192 (51.9) 196 (50.9) Self‐reported good health, n (%) b 649 (87.3) 314 ",,,
PMC13064644,41786620.0,10.1093/ptj/pzag020,Effects of home-based cardiac rehabilitation integrated in the cardiac care bridge transitional care program on the physical functioning of older patients who are frail: secondary analysis of a randomized trial.,2026.0,,https://europepmc.org/article/MED/41786620,expanded_accessible_search,digital_home_unclear_intervention,Effects of home-based cardiac rehabilitation integrated in the cardiac care bridge transitional care program on the physical functioning of older patients who are frail: secondary analysis of a randomized trial,include_primary_accessible,Community/home/primary-care frailty RCT confirmed by mined full-text fields,yes,yes,no,yes,yes,yes,yes,no,no,yes,yes,frailty;gait_speed;sppb;grip_strength;adl;falls;quality_of_life;adherence;adverse_events,"e-based cardiac rehabilitation integrated in the cardiac care bridge transitional care program on the physical functioning of older patients who are frail: secondary analysis of a randomized trial https://orcid.org/0000-0002-0265-4556 Terbraak Michel S PT, PhD Location Academic Medical Center, Department of Cardiology, Amsterdam UMC , Meibergdreef 9, 1105AZ, Amsterdam",31-9023 1538-6724 Oxford University Press PMC13064644 PMC13064644.1 13064644 13064644 41786620 10.1093/ptj/pzag020 pzag020 1 Original Research AcademicSubjects/MED00110 Effects of home-based cardiac rehabilitation integrated in the cardiac care bridge transitional care program on the physical functioning of older patients who are frail: secondary analysis of a randomi,"uded an intention-to-treat analysis by multiple imputation of the full cohort. Results In total, 85 of 153 participants in the intervention group and 85 of 153 participants in the control group were analyzed (mean age = 82.6 [SD = 6.3] years; 46% men; median of 2 [interquartile range = 1–4] comorbidities). At the 6-month follow-up, more participants in the intervention g","Results In total, 85 of 153 participants in the intervention group and 85 of 153 participants in the control group were analyzed (mean age = 82.6 [SD = 6.3] years; 46% men; median of 2 [interquartile range = 1–4] comorbidities). At the 6-month follow-up, more participants in the intervention group than in the control group demonstrated SPPB improvement (61% vs 51%) or maintenance (29% vs 12%), and fewer deteriorated (11% vs 37%). The mean SPPB values at 6 months were 6.3 (SD = 0.3) and 5.5 (SD = 0.2), respectively, with a mean difference of 0.8 (95% CI = 0.0-1.6), favoring the intervention group. No between-group differences were observed in the 2-min step test, grip strength, or Amsterdam Linear Disability Scale.
Results Complete 6-month SPPB data were available for 170 of the 306 patients (55.6%) in the CCB trial ( Figure 2 ). As expected in this population of older people who were frail, missing physical functioning data were largely due to mortality, hospital readmissions, refusal of follow-up measurements, or loss to follow-up (eg, relocation to a care facility). Figure 2 Flowchart of this Study. Participants with available SPPB data at the 6-month follow-up in the intervention and control groups had mean ages of 82.5 (SD = 5.8) and 82.7 (SD = 6.7) years, respectively; 46% and 55%, respectively, were men; and 51% and 42%, respectively, were living together with a partner ( Table 1 ). Participants in both groups had a median of 2 comorbidities. There were no statistically significant differences between the intervention and control groups except for the length of hospital stay: 6 (IQR = 4–9) and 8 (IQR = 5–11) days, respectively ( P = .007). Physical functioning scores were numerically but statistically not significantly lower in the intervention group than in the c",,,
PMC13086931,41796126.0,10.1038/s41598-026-38989-4,The ActivLife exergame rehabilitation program improves functional abilities in pre-frail and frail older adults: a clinical trial.,2026.0,Scientific reports,https://pubmed.ncbi.nlm.nih.gov/41796126/,original_high_confidence,exercise_plus_nutrition,The ActivLife exergame rehabilitation program improves functional abilities in pre-frail and frail older adults: a clinical trial,include_secondary_disease_specific,Frailty RCT but disease-specific population,yes,yes,no,yes,yes,yes,yes,no,yes,no,yes,frailty;gait_speed;grip_strength;adl;falls;quality_of_life;adherence;adverse_events,"rather than a strictly defined control group was used. While it offered a benchmark for interpretation, it did not fully account for potential confounders. As a single-center, non-randomized feasibility study in which all eligible participants received the intervention, the ability to attribute observed changes solely to the training is inherently limited, and risks o","ults at increased risk of decline in overall health, functional abilities, and independence. Recent research emphasizes that frailty syndrome therapy should be comprehensive, with multicomponent physical activity as first-line treatment. This study evaluated the effects of exercise-based video games (exergames) rehabilitation program on functional abilities in 111 older a","ed as robust, who also underwent the intervention but - given their higher baseline functional status - served as a reference subgroup in comparative analyses rather than a formal control group. This study was set in a primary healthcare clinic (Model Family Practice under the auspices of Wroclaw Medical University) in Wroclaw, Poland, a facility providing care for appro","Results Characteristics of the participants and completion rate A total of 186 willing participants out of 642 patients of the primary care clinic where the study was conducted were initially enrolled in the study (see Fig. 2 ) and classified into subgroups (frailty, pre-frailty, and robust) based on the criteria proposed by Fried and colleagues. Ultimately, 111 individuals completed the full training program. 80 of them were women (72.07%). The mean age of the participants was 75.17 years (SD = 5.89). The majority of the participants had secondary education ( N = 56, 50.9%) or higher education ( N = 47, 43.3%). Fig. 2 Flowchart illustrating the number of patients included and excluded at each stage of the study. F – frailty, P – pre-frailty, R – robust participants. The proportion of participants who chose to complete the intervention varied significantly between subgroups, as shown in Table 1 . Table 1 Number of participants who started and completed the research intervention and completion rate in individual frailty subgroups among study participants. Subgroup Initial number of participants in the subgroup Number of participants who completed the intervention Completion rate SD vs. p Frailty 87 34 39.1% 0.491 frailty : pre-frailty < 0.001 Pre-frailty 52 41 78.8% 0.412 frailty : robust < 0.001 Robust 47 36 76.6% 0.428 pre-frailty : robust 0.790 Note. p - value of pairwise comparisons using Wilcoxon rank sum test with continuity correction. Withdrawal reasons varied across frailty subgroups. In frail participants, the primary causes were exacerbation of chronic diseases ( n = 22) and logistical barriers (e.g., access difficulties, caregiver time constraints). Health issues also dominated withdrawals among pre-frail individuals, although to a lesser extent. In contrast,",,,
PMC13091225,42004413.0,10.1016/j.jarlif.2026.100069,Effects of multicomponent exercise on frailty in older adults with type 2 diabetes: Differential responses by metabolic frailty phenotype.,2026.0,JAR life,https://pubmed.ncbi.nlm.nih.gov/42004413/,original_high_confidence,exercise_plus_nutrition,Effects of multicomponent exercise on frailty in older adults with type 2 diabetes: Differential responses by metabolic frailty phenotype,include_secondary_disease_specific,Frailty RCT but disease-specific population,yes,yes,yes,yes,yes,yes,yes,no,yes,no,yes,frailty;gait_speed;sppb;grip_strength;falls;adherence;adverse_events,"ts modified by metabolic frailty phenotype (anorexic–malnourished [AM] phenotype vs sarcopenic–obese [SO] phenotype)? Methods In this 24-week, phenotype-stratified, parallel-group randomized controlled trial, 146 community-dwelling adults aged ≥65 years with long-standing T2DM and frailty/pre-frailty who met predefined AM or SO criteria were randomized within phenotyp",3 jarlife JAR Life 2534-773X Elsevier PMC13091225 PMC13091225.1 13091225 13091225 42004413 10.1016/j.jarlif.2026.100069 S2534-773X(26)00011-X 100069 1 Original Research Effects of multicomponent exercise on frailty in older adults with type 2 diabetes: Differential responses by metabolic frailty phenotype Zha Xiaojing a Wang Zhengyang b Huang Yiqing c Huang Liping a Huang,"s phenotype-specific functional benefit remains unclear. We asked two linked clinical questions: does a supervised 24-week MCE program improve physical function and frailty versus usual care, and are those effects modified by metabolic frailty phenotype (anorexic–malnourished [AM] phenotype vs sarcopenic–obese [SO] phenotype)? Methods In this 24-week, phenotype-strati","Results Arm-level baseline balance was good overall, whereas AM and SO were intentionally distinct at baseline in adiposity, nutrition, glycemia, inflammation, and insulin resistance. Compared with usual care, MCE improved all functional outcomes at both follow-up visits. At 24 weeks, adjusted MCE-control differences were +1.14 points for SPPB (95 % CI 0.99 to 1.28), -0.64 for Fried count (95 % CI -0.77 to -0.51), +0.111 m/s for gait speed (95 % CI 0.095 to 0.127), -1.42 s for chair-stand time (95 % CI -1.70 to -1.14), and +0.94 kg for grip strength (95 % CI 0.72 to 1.16); all BH q < 0.001. Treatment-by-phenotype interactions at 24 weeks favored SO for SPPB (+0.50 points, 95 % CI 0.22 to 0.79; q = 0.005), gait speed (+0.048 m/s, 95 % CI 0.016 to 0.080; q = 0.012), and chair-stand time (-0.82 s, 95 % CI -1.37 to -0.27; q = 0.012), whereas the Fried-count interaction was not significant.
3 Results 3.1 Participant flow, intervention delivery, adherence, and safety Between October 1 and 30, 2024, eligible community-dwelling older adults were recruited via three community health service centers in Shaowu City (Shuibei, Tongtai, and Zhaoyang). A total of 244 individuals with T2DM and Fried-defined frailty or pre-frailty were screened; 146 met criteria for either the anorexic–malnourished (AM) phenotype ( n = 62) or the sarcopenic–obese (SO) phenotype ( n = 84) and were randomized within phenotype strata to MCE or usual care (73 per group; Fig. 1 ). Follow-up assessments at 12 and 24 weeks were completed by 97.3 % and 96.6 % of all randomized participants, respectively; within the MCE arm, 69/73 (94.5 %) and 68/73 (93.2 %) completed the 12- and 24-week assessments. Among all randomized MCE participants, median attendance over the 24-week program was 86.1 % of prescribed sessio",,,
PMC13173293,42131895.0,10.1002/jcsm.70306,Home-Based Intervention to Prevent Functional Decline in (Pre)frail Older Adults: The PromeTheus Randomized Controlled Trial.,2026.0,"Journal of cachexia, sarcopenia and muscle",https://pubmed.ncbi.nlm.nih.gov/42131895/,original_high_confidence,exercise_plus_nutrition,Home‐Based Intervention to Prevent Functional Decline in (Pre)frail Older Adults: The PromeTheus Randomized Controlled Trial,exclude,Protocol/review signal in full-text-mined fields,yes,yes,no,yes,yes,yes,yes,yes,no,no,yes,frailty;gait_speed;sppb;grip_strength;adl;falls;adherence;adverse_events,5 10.1002/jcsm.70306 JCSM70306 JCSM-D-24-01436 1 Original Article Original Article Home‐Based Intervention to Prevent Functional Decline in (Pre)frail Older Adults: The PromeTheus Randomized Controlled Trial Rapp Kilian https://orcid.org/0000-0003-1625-2571 1 kilian.rapp@rbk.de Nerz Corinna 1 Fleiner Tim 2 3 4 Denkinger Michael 2 3 Büchele Gisela 5 Rehm Martin 5 Mayer,d Muscle 2190-5991 2190-6009 Wiley PMC13173293 PMC13173293.1 13173293 13173293 42131895 10.1002/jcsm.70306 JCSM70306 JCSM-D-24-01436 1 Original Article Original Article Home‐Based Intervention to Prevent Functional Decline in (Pre)frail Older Adults: The PromeTheus Randomized Controlled Trial Rapp Kilian https://orcid.org/0000-0003-1625-2571 1 kilian.rapp@rbk.de Nerz Co,"ontrolled trial, 385 community‐dwelling (pre)frail older adults (clinical frailty scale 4–6, ≥ 70 years) were randomly allocated (1:1) into the intervention group (IG: n = 196) or control group (CG: n = 189). The IG underwent the PromeTheus programme for 12 months, which included an obligatory unsupervised home‐based physical exercise programme and facultative counsellin","Results Participants had a mean age of 81.2 ± 5.9 years, with 73.5% ( n = 283) being female. At the 12‐month follow‐up, a significant between‐group difference in favour of the IG was observed for the change in the LLFDI‐FC (1.38 points, 95% confidence interval [CI] 0.08, 2.68) but not for the change in the LSA (0.49 points, 95% CI –3.65, 4.64). Change in frailty status (odds ratio for being in a ‘better’ change status 1.72, 95% CI 1.11, 2.64) and SPPB (0.58 points, 95% CI 0.10, 1.05) also showed significant between‐group differences in favour of the IG. The intervention did not affect the short form LLFDI‐DC or fall rate ( p = 0.055–0.689). The stratified analysis showed significant improvements in the LLFDI‐FC, short‐form LLFDI‐DC (limitation), frailty status and SPPB ( p = 0.002–0.020) in the IG compared to the CG for participants with SPPB ≤ 6 points but not for those with SPPB > 6 points. There were no study‐related serious adverse events.
3 Results 3.1 Participant Flow and Baseline Characteristics Participants were recruited from May 2021 to November 2022 with the first enrolled on 25 May 2021 and the last completing the study on 27 November 2023. Details on screening and recruitment strategies have been reported elsewhere [ 19 ]. Out of 501 potential participants pre‐screened by GPs, 385 were eligible after telephone and cognitive in‐home screening and were randomized into the IG ( n = 196) and CG ( n = 189). Baseline characteristics were well‐balanced between the two groups (Table 1 ). Twelve (3.1%) participants dropped out directly after randomization and did not receive any further study‐related measures during the intervention period (IG: n = 9, 4.6%, CG: n = 3, 1.6%). Another 54 were lost to the 12‐month follow‐up (IG: n = 31, 15.8%, CG: n = 23, 12.2%). Figur",,,
PMC2435639,18364384.0,10.1210/jc.2007-1473,Effect of weight loss and exercise therapy on bone metabolism and mass in obese older adults: a one-year randomized controlled trial.,2008.0,The Journal of clinical endocrinology and metabolism,https://pubmed.ncbi.nlm.nih.gov/18364384/,original_high_confidence,multidomain,Effect of Weight Loss and Exercise Therapy on Bone Metabolism and Mass in Obese Older Adults: A One-Year Randomized Controlled Trial,defer_second_reviewer,Eligibility plausible but frailty/setting classification needs second review,yes,yes,no,yes,yes,yes,yes,no,no,no,no,frailty;falls,639 18364384 10.1210/jc.2007-1473 5838 1 Original Article 2 Endocrine Care Effect of Weight Loss and Exercise Therapy on Bone Metabolism and Mass in Obese Older Adults: A One-Year Randomized Controlled Trial Villareal Dennis T. Shah Krupa Banks Marian R. Sinacore David R. Klein Samuel Division of Geriatrics and Nutritional Science and Center for Human Nutrition (D.T.V,0021-972X 1945-7197 The Endocrine Society PMC2435639 PMC2435639.1 2435639 2435639 18364384 10.1210/jc.2007-1473 5838 1 Original Article 2 Endocrine Care Effect of Weight Loss and Exercise Therapy on Bone Metabolism and Mass in Obese Older Adults: A One-Year Randomized Controlled Trial Villareal Dennis T. Shah Krupa Banks Marian R. Sinacore David R. Klein Samuel Div,"5 kg/m 2 ), older (age 70 ± 5 yr) adults participated in the study. Intervention: Participants were randomly assigned to diet and exercise (treatment group; n = 17) or no therapy (control group; n = 10). Outcome Measures: Body weight decreased in the treatment group but not in the control group (−10 ± 2 vs . +1 ± 1%, P < 0.001). Compared with the control group, the treat",,,,
PMC3114602,21449785.0,10.1056/NEJMoa1008234,"Weight loss, exercise, or both and physical function in obese older adults.",2011.0,The New England journal of medicine,https://pubmed.ncbi.nlm.nih.gov/21449785/,original_high_confidence,exercise_only,"Weight Loss, Exercise, or Both and Physical Function in Obese Older Adults",defer_second_reviewer,Eligibility plausible but frailty/setting classification needs second review,yes,yes,no,yes,yes,yes,yes,no,no,no,no,frailty;gait_speed;sppb;adl;falls;quality_of_life;adherence;adverse_events,"he age-related decline in physical function and causes frailty in older adults; however, the appropriate treatment for obese older adults is controversial. METHODS In this 1-year, randomized, controlled trial, we evaluated the independent and combined effects of weight loss and exercise in 107 adults who were 65 years of age or older and obese. Participants were rando","yes pmc-collection-title NIHPA Author Manuscripts PMC3114602 PMC3114602.1 3114602 3114602 NIHMS287231 21449785 10.1056/NEJMoa1008234 NIHMS287231 NIHPA287231 1 Article Weight Loss, Exercise, or Both and Physical Function in Obese Older Adults Villareal Dennis T. M.D. Chode Suresh M.D. Parimi Nehu M.D. Sinacore David R. P.T., Ph.D. Hilton Tiffany P.T., Ph.D. Armamento",", we evaluated the independent and combined effects of weight loss and exercise in 107 adults who were 65 years of age or older and obese. Participants were randomly assigned to a control group, a weightmanagement (diet) group, an exercise group, or a weight-management-plus-exercise (diet–exercise) group. The primary outcome was the change in score on the modified Physic","RESULTS A total of 93 participants (87%) completed the study. In the intention-to-treat analysis, the score on the Physical Performance Test, in which higher scores indicate better physical status, increased more in the diet–exercise group than in the diet group or the exercise group (increases from baseline of 21% vs. 12% and 15%, respectively); the scores in all three of those groups increased more than the scores in the control group (in which the score increased by 1%) (P<0.001 for the between-group differences). Moreover, the peak oxygen consumption improved more in the diet–exercise group than in the diet group or the exercise group (increases of 17% vs. 10% and 8%, respectively; P<0.001); the score on the Functional Status Questionnaire, in which higher scores indicate better physical function, increased more in the diet–exercise group than in the diet group (increase of 10% vs. 4%, P<0.001). Body weight decreased by 10% in the diet group and by 9% in the diet–exercise group, but did not decrease in the exercise group or the control group (P<0.001). Lean body mass and bone mineral density at the hip decreased less in the diet–exercise group than in the diet group (reductions of 3% and 1%, respectively, in the diet–exercise group vs. reductions of 5% and 3%, respectively, in the diet group; P<0.05 for both comparisons). Strength, balance, and gait improved consistently in the diet–exercise group (P<0.05 for all comparisons). Adverse events included a small number of exercise-associated musculoskeletal injuries.
RESULTS STUDY POPULATION A total of 107 volunteers underwent randomization; 93 (87%) completed the study ( Fig. 1 ). Fourteen participants discontinued the intervention and were included in the intention-to-treat analyses (13 provided follow-up data at 6 mo",,,
PMC3490887,23009149.0,10.1186/1471-2318-12-58,A pilot randomized controlled trial to improve geriatric frailty.,2012.0,BMC geriatrics,https://pubmed.ncbi.nlm.nih.gov/23009149/,original_high_confidence,nutrition_only,A pilot randomized controlled trial to improve geriatric frailty,include_primary_accessible,Community/home/primary-care frailty RCT confirmed by mined full-text fields,yes,yes,no,yes,yes,yes,yes,no,no,yes,yes,frailty;grip_strength;adl;falls;quality_of_life;adherence,BMC Geriatr BMC Geriatr 33 bmcgeri BMC Geriatrics 1471-2318 BMC PMC3490887 PMC3490887.1 3490887 3490887 23009149 10.1186/1471-2318-12-58 1471-2318-12-58 1 Research Article A pilot randomized controlled trial to improve geriatric frailty Chan Ding-Cheng Derrick 1 doctord6226@yahoo.com Tsou Hsiao-Hui 6 tsouhh@nhru.org.tw Yang Rong-Sen 2 rsyang@ntuh.gov.tw Tsauo Jau-Yih,"ich permits unrestricted use, distribution, and reproduction in any medium, provided the original work is properly cited. Background Few randomized controlled trials (RCTs) report interventions targeting improvement of frailty status as an outcome. Methods This RCT enrolled 117 older adults (65-79 years of age) in Toufen, Taiwan who scored 3-6 on The Chinese Canadian St","-month) and less deterioration (−3.5 ± 9.7 vs −7.1 ± 8.7, p = 0.036, 12-month) of dominant leg extension power than non-PST subjects. Some secondary outcomes were also improved in control groups (non-EN or non-PST). No adverse effects were reported. Conclusions The three-month EN intervention resulted in short-term (3-month) frailty status improvement and long-term effec","Results Mean age was 71.4 ± 3.7 years, with 59% females. Baseline characteristic were generally comparable between groups. EN group subjects had a higher improvement rate on the primary outcome than non-EN group subjects (45% vs 27%, adjusted p = 0.008) at 3 months, but not 6 or 12 months. They also had more increase of serum 25(OH) vitamin D level (4.9 ± 7.7 vs 1.2 ± 5.4, p = 0.006) and lower percentage of osteopenia (74% vs 89% p = 0.042) at 12 months. PST group subjects had better improvement (2.7 ± 6.1 vs 0.2 ± 6.7, p = 0.035, 6-month) and less deterioration (−3.5 ± 9.7 vs −7.1 ± 8.7, p = 0.036, 12-month) of dominant leg extension power than non-PST subjects. Some secondary outcomes were also improved in control groups (non-EN or non-PST). No adverse effects were reported.
Results Participant flow From the 6,828 target population, the probability-proportional-to-size (PPS) sampling approach was employed to select 2,900 population-representative random samples for first-stage screening. However, only 845 completed the telephone interview, 548 of whom were eligible for second-stage screening. Half (N = 275) signed the informed consents and were screened at the hospital. The recruitment period was roughly 3 months. Following the 2 by 2 factorial design protocol, 117 out of the 151 eligible subjects were randomized into 4 groups: A (EN/PST), B(EN/non-PST), C(non-EN/PST), and D(non-EN/non-PST). Group A and B were combined into the EN group (N = 55) while group C and D were combined into the non-EN group (N = 62). Similarly, Group A and C became the PST group (N = 57) while group B and D were the non-PST group (N = 60). Eighteen of the 55 EN group subjects attended at least 50% of the 36 intervention sessions while 16 of the 57 PST subjects completed the 6 courses. At 12 ",,,
PMC4080753,24951180.0,10.1186/1471-2318-14-78,An individually-tailored multifactorial intervention program for older fallers in a middle-income developing country: Malaysian Falls Assessment and Intervention Trial (MyFAIT).,2014.0,BMC geriatrics,https://pubmed.ncbi.nlm.nih.gov/24951180/,original_high_confidence,multidomain,An individually-tailored multifactorial intervention program for older fallers in a middle-income developing country: Malaysian Falls Assessment and Intervention Trial (MyFAIT),exclude,Protocol/review signal in full-text-mined fields,yes,yes,no,yes,yes,yes,yes,yes,no,no,yes,frailty;grip_strength;adl;falls;quality_of_life;adherence;adverse_events,"ound In line with a rapidly ageing global population, the rise in the frequency of falls will lead to increased healthcare and social care costs. This study will be one of the few randomized controlled trials evaluating a multifaceted falls intervention in a low-middle income, culturally-diverse older Asian community. The primary objective of our paper is to evaluate",geri BMC Geriatrics 1471-2318 BMC PMC4080753 PMC4080753.1 4080753 4080753 24951180 10.1186/1471-2318-14-78 1471-2318-14-78 1 Study Protocol An individually-tailored multifactorial intervention program for older fallers in a middle-income developing country: Malaysian Falls Assessment and Intervention Trial (MyFAIT) Tan Pey June 1 peyjune@gmail.com Khoo Ee Ming 2 khooem@,"ments. Fallers will be randomized into 2 groups: to receive tailored multifactorial interventions (intervention group); or given lifestyle advice with continued conventional care (control group). Multifactorial interventions will target 6 specific risk factors. All participants will be re-assessed after 12 months. The primary outcome measure will be fall recurrence, meas",,,,
PMC4146519,24742587.0,10.1093/ageing/afu033,The Home-based Older People's Exercise (HOPE) trial: a pilot randomised controlled trial of a home-based exercise intervention for older people with frailty.,2014.0,Age and ageing,https://pubmed.ncbi.nlm.nih.gov/24742587/,original_high_confidence,digital_home_unclear_intervention,The Home-based Older People’s Exercise (HOPE) trial: a pilot randomised controlled trial of a home-based exercise intervention for older people with frailty,include_secondary_disease_specific,Frailty RCT but disease-specific population,yes,yes,no,yes,yes,yes,yes,no,yes,no,yes,frailty;adl;falls;quality_of_life;adherence;adverse_events,PMC4146519.1 4146519 4146519 EMS59308 24742587 10.1093/ageing/afu033 EMS59308 WTPA59308 WTMS59308 UKMS59308 1 Article The Home-based Older People’s Exercise (HOPE) trial: a pilot randomised controlled trial of a home-based exercise intervention for older people with frailty 16 4 2014 9 2014 43 5 241997 687 695 26 06 2014 01 03 2015 01 03 2015 20 02 2015 18 06 2024 Th,lection-title UKPMC Funders Author Manuscripts PMC4146519 PMC4146519.1 4146519 4146519 EMS59308 24742587 10.1093/ageing/afu033 EMS59308 WTPA59308 WTMS59308 UKMS59308 1 Article The Home-based Older People’s Exercise (HOPE) trial: a pilot randomised controlled trial of a home-based exercise intervention for older people with frailty 16 4 2014 9 2014 43 5 241997 687 695,"me and receiving case manager care, being housebound or attending day centres in Bradford, UK. Intervention participants received the HOPE programme; control participants received usual care. Objectives were to gather process, resource, management and scientific data to inform the design of a definitive trial. Primary outcome was mobility, measured using the timed-up-","Results 84 participants were recruited. 45 were randomised to intervention and 39 to control. 40 intervention participants and 30 control participants were included in the intention-to-treat analysis. There was a non-significant trend towards a clinically important improved outcome in the intervention group (mean adjusted between group difference in TUGT 28.6s, 95% CI −8.5, 65.9s). There were no differences in secondary outcomes.
Results Trial recruitment Between July 2010 and November 2011 474 potential participants were contacted to assess for eligibility and 84 (18%) were recruited. 45 were randomised to intervention and 39 to control. Seven participants withdrew from the trial, three were lost to follow-up and four participants died. Follow-up information is therefore available for 70 participants (83% of those randomised; 40 intervention participants and 30 control participants) (CONSORT diagram, figure 2 ). Web table 1 summarises recruitment rates from different sources. Baseline characteristics The mean age of participants was 79 years (standard deviation, SD, 9.2 years) and 71% were female. No important differences in baseline characteristics were identified ( table 1 ). The mean baseline EFS was 8.1 (SD 2.6). The overall mean baseline TUGT for all the participants was 51.0 seconds (SD 63.6 seconds). Intervention completion rates and participant adherence 28 participants in the intervention group (70%) completed the 12 week programme. Seven participants (18%) dropped out from the intervention, four participants were considered by the physiotherapist to have rehabilitation needs that were not provided by the HOPE programme and one relative withdrew a participant with moderate dementia, as they were non-compliant. Adherence diaries were returned by 27 of the 28 pa",,,
PMC4311184,25387728.0,10.1093/gerona/glu099,A physical activity intervention to treat the frailty syndrome in older persons-results from the LIFE-P study.,2015.0,"The journals of gerontology. Series A, Biological sciences and medical sciences",https://pubmed.ncbi.nlm.nih.gov/25387728/,original_high_confidence,multidomain,A Physical Activity Intervention to Treat the Frailty Syndrome in Older Persons—Results From the LIFE-P Study,defer_second_reviewer,Comparator not clearly confirmed from mined fields,yes,yes,no,yes,yes,no,yes,no,no,no,yes,frailty;gait_speed;grip_strength,"e and severity of frailty in a community-dwelling elders at risk of disability. Methods. Exploratory analyses from the Lifestyle Interventions and Independence for Elders pilot, a randomized controlled trial enrolling 424 community-dwelling persons (mean age=76.8 years) with sedentary lifestyle and at risk of mobility disability. Participants were randomized to a 12-m",nces and Medical Sciences 1079-5006 1758-535X Oxford University Press PMC4311184 PMC4311184.1 4311184 4311184 25387728 10.1093/gerona/glu099 1 Research Article A Physical Activity Intervention to Treat the Frailty Syndrome in Older Persons—Results From the LIFE-P Study Cesari Matteo 1 2 Vellas Bruno 1 2 Hsu Fang-Chi 3 Newman Anne B. 4 Doss Hani 5 King Abby C. 6 Manini T,,"Results. A significant ( p = .01) difference in frailty prevalence was observed at 12 months in the PA intervention group (10.0%; 95% confidence interval = 6.5%, 15.1%), relative to the successful aging group (19.1%; 95% confidence interval = 13.9%,15.6%). Over follow-up, in comparison to successful aging participants, the mean number of frailty criteria in the PA group was notably reduced for younger subjects, blacks, participants with frailty, and those with multimorbidity. Among the frailty criteria, the sedentary behavior was the one most affected by the intervention.",,,
PMC4319727,25659147.0,10.1371/journal.pone.0116256,"Effects of exercise and milk fat globule membrane (MFGM) supplementation on body composition, physical function, and hematological parameters in community-dwelling frail Japanese women: a randomized double blind, placebo-controlled, follow-up trial.",2015.0,PloS one,https://pubmed.ncbi.nlm.nih.gov/25659147/,original_high_confidence,multidomain_exercise_nutrition,"Effects of Exercise and Milk Fat Globule Membrane (MFGM) Supplementation on Body Composition, Physical Function, and Hematological Parameters in Community-Dwelling Frail Japanese Women: A Randomized Double Blind, Placebo-Controlled, Follow-Up Trial",exclude,Protocol/review signal in full-text-mined fields,yes,yes,no,yes,yes,yes,yes,yes,yes,yes,yes,frailty;gait_speed;grip_strength;adl;falls;adherence,"of Exercise and Milk Fat Globule Membrane (MFGM) Supplementation on Body Composition, Physical Function, and Hematological Parameters in Community-Dwelling Frail Japanese Women: A Randomized Double Blind, Placebo-Controlled, Follow-Up Trial Exercise and MFGM Intervention for Frailty Kim Hunkyung 1 * Suzuki Takao 2 Kim Miji 1 Kojima Narumi 1 Ota Noriyasu 3 Shimotoyodom","S One PLoS ONE 440 plosone plos PLoS ONE 1932-6203 PLOS PMC4319727 PMC4319727.1 4319727 4319727 25659147 10.1371/journal.pone.0116256 PONE-D-14-31959 1 Research Article Effects of Exercise and Milk Fat Globule Membrane (MFGM) Supplementation on Body Composition, Physical Function, and Hematological Parameters in Community-Dwelling Frail Japanese Women: A Randomized","Globule Membrane (MFGM) Supplementation on Body Composition, Physical Function, and Hematological Parameters in Community-Dwelling Frail Japanese Women: A Randomized Double Blind, Placebo-Controlled, Follow-Up Trial Exercise and MFGM Intervention for Frailty Kim Hunkyung 1 * Suzuki Takao 2 Kim Miji 1 Kojima Narumi 1 Ota Noriyasu 3 Shimotoyodome Akira 3 Hase Tadashi","Results Significant group×time interactions were observed for usual walking speed (P = 0.005), timed up & go (P<0.001), and insulin-like growth factor-binding protein 3 / insulin-like growth factor 1 ratio (P = 0.013). The frailty components revealed that weight loss, exhaustion, low physical activity, and slow walking speed were reversed, but low muscle strength did not significantly changed. Frailty reversal rate was significantly higher in the Ex+MFGM (57.6%) than in the MFGM (28.1%) or placebo (30.3%) groups at post-intervention (χ 2 = 8.827, P = 0.032), and at the follow-up was also significantly greater in the Ex+MFGM (45.5%) and Ex+Plac (39.4%) groups compared with the placebo (15.2%) group (χ 2 = 8.607, P = 0.035). The exercise+MFGM group had the highest odds ratio (OR) for frailty reversal at post-intervention and follow-up (OR = 3.12, 95% confidence interval (CI) = 1.13–8.60; and OR = 4.67, 95% CI = 1.45–15.08, respectively).
Results There were 3 dropouts (1 death, 1 fracture, 1 spouse care) at the post-survey, 5 dropouts at the follow-up (1 death, 1 femoral neck fracture, 1 hospitalization, 1 moved, 1 declined motivation). The fractures, hospitalizations and deaths were not caused by intervention. Baseline Characteristics and Group×Time Interactions All baseline characteristics were similar between the groups for demographic, physical function, hematological parameters, and interview variables ( Table 1 ). 10.1371/journal.pone.0116256.t001 Table 1 Selected variable characteristics of participants at baseline by study group. Variables* Ex+MFGM Ex+Placebo MFGM Placebo Variables * (n = 33) (n = 33) (n = 32) (n = 32) F value † P value Age (yr) 81.0 ± 2.6 81.1 ± 2.8 81.0 ± 2.8 80.3 ± 3.3 0.530 0.662 Height (cm) 147.7 ± 5.4 147.8 ± 6.7 146.1 ± 5.5 144.3 ± 5.8 2.625",,,
PMC4334409,25887235.0,10.1186/s12877-015-0002-7,MultiComponent Exercise and theRApeutic lifeStyle (CERgAS) intervention to improve physical performance and maintain independent living among urban poor older people--a cluster randomised controlled trial.,2015.0,BMC geriatrics,https://pubmed.ncbi.nlm.nih.gov/25887235/,original_high_confidence,multidomain_exercise_nutrition,MultiComponent Exercise and theRApeutic lifeStyle (CERgAS) intervention to improve physical performance and maintain independent living among urban poor older people - a cluster randomised controlled trial,exclude,Protocol/review signal in full-text-mined fields,yes,yes,no,yes,yes,yes,yes,yes,no,no,yes,frailty;gait_speed;grip_strength;adl;falls;quality_of_life;adherence;adverse_events,l MultiComponent Exercise and theRApeutic lifeStyle (CERgAS) intervention to improve physical performance and maintain independent living among urban poor older people - a cluster randomised controlled trial Loh Debbie Ann debbieloh@siswa.um.edu.my 1 Hairi Noran Naqiah noran@um.edu.my 1 Choo Wan Yuen ccwy@ummc.edu.my 1 Mohd Hairi Farizah farizah@um.edu.my 2 Peramalah,BMC Geriatr BMC Geriatr 33 bmcgeri BMC Geriatrics 1471-2318 BMC PMC4334409 PMC4334409.1 4334409 4334409 25887235 10.1186/s12877-015-0002-7 2 1 Study Protocol MultiComponent Exercise and theRApeutic lifeStyle (CERgAS) intervention to improve physical performance and maintain independent living among urban poor older people - a cluster randomised contr,ention arm (4 flats) and control arm (4 flats). The study statistician using a computer generated random number sequence will allocate the low-cost flats into the intervention and control group. The statistician using sealed envelopes will advise the study coordinator of the low-cost flats allocation. Allocation will be concealed from the research team recruiting the fla,,,,
PMC4511529,26201510.0,10.1136/bmj.h3830,Effectiveness of two year balance training programme on prevention of fall induced injuries in at risk women aged 75-85 living in community: Ossébo randomised controlled trial.,2015.0,BMJ (Clinical research ed.),https://pubmed.ncbi.nlm.nih.gov/26201510/,original_high_confidence,exercise_plus_nutrition,Effectiveness of two year balance training programme on prevention of fall induced injuries in at risk women aged 75-85 living in community: Ossébo randomised controlled trial,include_primary_accessible,Community/home/primary-care frailty RCT confirmed by mined full-text fields,yes,yes,no,yes,yes,yes,yes,no,no,no,yes,frailty;sppb;adl;falls;quality_of_life;adherence;adverse_events,bmj.h3830 khof025526 2 Research Effectiveness of two year balance training programme on prevention of fall induced injuries in at risk women aged 75-85 living in community: Ossébo randomised controlled trial El-Khoury Fabienne doctoral researcher 1 2 3 Cassou Bernard professor of public health and geriatrician 4 5 6 Latouche Aurélien professor in biostatistics 7 Aeger,ovided the original work is properly cited and the use is non-commercial. See: http://creativecommons.org/licenses/by-nc/4.0/ . Objective To assess the effectiveness of a two year exercise programme of progressive balance retraining in reducing injurious falls among women aged 75-85 at increased risk of falls and injuries and living in the community. Design Pragmati,"aged 75-85, living in their own home, and with diminished balance and gait capacities, randomly allocated to the experimental intervention group (exercise programme, n=352) or the control group (no intervention, n=354). Intervention Weekly supervised group sessions of progressive balance training offered in community based premises for two years, supplemented by individu","Results Trial participants and follow-up Recruitment took place between December 2007 and May 2011, and follow-up ended in June 2013. Table 1 presents baseline demographic and health related characteristics of participants in the two groups. Figure 1 describes the flow of participants through the trial. Around 11% of the women invited to a free balance examination responded positively and were examined (n=4221). Almost two thirds of the eligible women agreed to participate and were randomised to either the intervention (n=352) or the control group (n=354). On average, participants in the intervention group were offered 94.9 (SD 11.6) exercise sessions over the entire intervention period; 58 (16.5%) women never started the programme (fig 2 . Among women who started the programme, the median number of sessions attended was 53 (interquartile range 16-71), and the median length of participation in the programme (from first to last attended session) was 79 weeks (32-97). Fig 1 Flow through trial of women aged 75-85 who took part in two year balance training programme for prevention of fall induced injuries (intervention) or no such programme (control) Fig 2 Details of participation of women aged 75-85 in two year balance training programme for prevention of fall induced injuries. IQR=interquartile range Table 1 Baseline characteristics of women aged 75-85 who took part in two year balance training programme for prevention of fall induced injuries (intervention) or no such programme (control). Figures are means (SD) unless stated otherwise Control (n=354) Intervention (n=352) Age (years) 79.6 (2.8) 79.8 (2. 8) BMI (kg/m 2 ) 27.0 (4.6) 27.1 (4.6) No (%) who fell at least once in past year 159 (45) 137 (39) No (%) who used psychotropic drugs 140 (40) 149 (42) No (%) who lived a",,,
PMC4866031,27175793.0,10.1186/s12877-016-0277-3,The effects of a life goal-setting technique in a preventive care program for frail community-dwelling older people: a cluster nonrandomized controlled trial.,2016.0,BMC geriatrics,https://pubmed.ncbi.nlm.nih.gov/27175793/,original_high_confidence,exercise_plus_nutrition,The effects of a life goal-setting technique in a preventive care program for frail community-dwelling older people: a cluster nonrandomized controlled trial,include_secondary_setting,Frailty RCT but setting likely hospital/residential or mixed,yes,yes,no,yes,yes,yes,yes,no,yes,yes,yes,frailty;grip_strength;adl;falls;quality_of_life;adherence;adverse_events,"10.1186/s12877-016-0277-3 277 1 Research Article The effects of a life goal-setting technique in a preventive care program for frail community-dwelling older people: a cluster nonrandomized controlled trial Yuri Yoshimi yuri@tamateyama.ac.jpAQ3 Takabatake Shinichi Nishikawa Tomoko Oka Mari Fujiwara Taro Department of Rehabilitation Sciences, Faculty of Allied Health","eased risk of needing care. There have been many reports on preventive care programs for frail older people, but few have shown positive effects on disability prevention. Physical exercise programs for frail older people affect elements such as physical fitness and balance, but are less effective for disability outcomes and are not followed up in the longer term. We","plus standard preventive care program for community-dwelling frail older people. Methods We used a cluster nonrandomized controlled trial with seven intervention and nine matched control groups, with baseline assessment and follow-up at 3, 6, and 9 months. Participants were 176 frail older people, aged 65 years or over, living in the community in Izumi, Osaka, Japan. Al","Results The improvement on the Kihon Checklist for the intervention group was approximately 60 % from baseline to 9-months follow-up; the control group improved by approximately 40 %. The difference between groups was significant at 3-month ( p = 0.043) and 6-month ( p = 0.015) follow-ups but not at 9-month ( p = 0.098) follow-up. Analysis of QOL yielded a significant time × group interaction effect ( p = 0.022). The effect was significant at 3 months in the intervention group, but at no time in the control group.
Results Recruitment feasibility, protocol adherence, and safety Figure 2 summarizes participant study flow. We recruited 143 participants (77.6 % female) with an average age of 75.6 years (SD 5.7 years). Of these 143, 126 (88.1 %), 105 (73.4 %) and 89 (62.2 %) completed the 3-month, 6-month and 9-month assessment, respectively. 42 (52.5 %) of the intervention group and 47 (74.6 %) of the control group completed both baseline and 9-month follow-up protocols. Baseline characteristics Randomization resulted in comparable intervention and control groups at baseline (see Table 1 ). Females numbered 71(79.8 %); 34 (81.0 %) were in the intervention group, and 37 (78.0 %) in the control group. There were no significant differences between intervention and control group on any variables at baseline. Table 1 Characteristics of participants at baseline Variable Intervention group n = 42 Control group n = 47 P -value Sex (male/female) 8/34 10/37 0.794 a Age in years (mean ± SD) 75.32 ± 5.67 75.81 ± 6.97 0.715 b Previous history of clinical symptoms Bone and joint disease 28 33 0.719 a Nucleus disease 5 2 0.173 a Heart trouble 5 3 0.295 a Hypertention 14 22 0.196 a Diabetes 3 5 0.422 a Digestive system disease 4 6 0.444 a Depression 1 2 0.543 a QOL (Quality of Life) Self-r",,,
PMC5018561,26786203.0,10.1093/gerona/glv210,"Improved Function With Enhanced Protein Intake per Meal: A Pilot Study of Weight Reduction in Frail, Obese Older Adults.",2016.0,"The journals of gerontology. Series A, Biological sciences and medical sciences",https://pubmed.ncbi.nlm.nih.gov/26786203/,original_high_confidence,nutrition_only,"Improved Function With Enhanced Protein Intake per Meal: A Pilot Study of Weight Reduction in Frail, Obese Older Adults",defer_second_reviewer,Eligibility plausible but frailty/setting classification needs second review,yes,yes,no,yes,yes,yes,yes,no,no,no,no,frailty;gait_speed;sppb;grip_strength;adl;quality_of_life;adherence;adverse_events,"ntervention. Meal-based enhancement of protein intake could protect function and/or lean mass but has not been studied during geriatric obesity reduction. Methods: In this 6-month randomized controlled trial, 67 obese (body mass index ≥30kg/m 2 ) older (≥60 years) adults with a Short Physical Performance Battery score of 4–10 were randomly assigned to a traditional (C","ical Sciences 1079-5006 1758-535X Oxford University Press PMC5018561 PMC5018561.1 5018561 5018561 26786203 10.1093/gerona/glv210 1 Research Article Improved Function With Enhanced Protein Intake per Meal: A Pilot Study of Weight Reduction in Frail, Obese Older Adults Porter Starr Kathryn N. 1 2 Pieper Carl F. 1 3 Orenduff Melissa C. 1 McDonald Shelley R. 4 McClure","month weight loss intervention with a meal-based enhancement of protein quantity and quality lost similar amounts of weight but had greater functional improvements relative to the Control group. If confirmed, this dietary approach could have important implications for improving the functional status of this vulnerable population (ClinicalTrials.gov identifier: NCT0171575","Results: At the 6-month endpoint, there was significant ( p < .001) weight loss in both the Control (−7.5±6.2kg) and Protein (−8.7±7.4kg) groups. Both groups also improved function but the increase in the Protein (+2.4±1.7 units; p < .001) was greater than in the Control (+0.9±1.7 units; p < .01) group ( p = .02).
Results Study Population and Retention Of 93 eligible individuals, 26 were excluded at screening (see Consort diagram in Supplementary Material ). Baseline characteristics for the 67 participants enrolled (Control, n = 26 and Protein, n = 41) are shown in Table 1 . Due to time constraints that limited the trial duration, we randomized 11 participants to complete a 3 rather than a 6-month intervention (4 to Protein, 7 to Control). Two of those randomized to Protein and four of the Control participants, respectively, completed the 3 months and were assessed for all outcomes. Table 1. Descriptive Characteristics of Participants (Control n = 26, Protein n = 41; represented as mean ± SD or n [%]) Control Protein Total Age (y) 68.7±6.2 67.9±5.3 68.2±5.6 Body weight (kg) 101.8±17.1 104.1±21.1 103.2±19.6 BMI (kg/m 2 ) 36.4±5.5 37.2±6.8 36.9±6.3 Gender Female (%) 20 (77) 33 (80) 53 (79) Male (%) 6 (23) 8 (20) 14 (21) Race Black (%) 4 (15) 13 (32) 17 (25) White (%) 21 (81) 26 (63) 47 (70) Education ≤ High school (%) 6 (23) 9 (22) 15 (22) > High school (%) 20 (77) 32 (78) 52 (78) Energy intake (kcal) 1,880±416 1,985±792 1,947±680 Protein intake (g) 81.5±16.9 88.0±26.6 85.7±23.6 GFR (mL/min/1.73 m 2 ) *,† 76.3±16.8 78.1±14.9 77.4±15.6 Note : BMI = body mass index; GFR = glomerular filtration rate. *GFR was calculated as (mL/min/1.73 m 2 ) = 175 × (Scr) − 1.154×(Age) − 0.203 × (0.742 female) × (1.212 Black). † Normal GFR values were defined as ≥60mL/min/1.73 m 2 . The stud",,,
PMC5042153,27695646.0,10.18848/2160-1909/CGP/v07i02/1-10,The Impact of Strong for Life on the Physical Functioning and Health of Older Adults Receiving Home and Community-Based Services.,2017.0,Aging and society : an interdisciplinary journal,https://pubmed.ncbi.nlm.nih.gov/27695646/,original_high_confidence,exercise_only,The Impact of Strong for Life on the Physical Functioning and Health of Older Adults Receiving Home and Community-Based Services,include_primary_accessible,Community/home/primary-care frailty RCT confirmed by mined full-text fields,yes,yes,no,yes,yes,yes,yes,no,no,yes,yes,frailty;gait_speed;grip_strength;adl;falls;quality_of_life;adherence;adverse_events,"bjectives To test the effects of Strong for Life (SFL) on the physical performance and self-rated health of older adults receiving Home and Community-Based Services (HCBS). Design Randomized, two-group trial with pre-post measures. Setting In-home exercise program. Participants Clients aged 65-95 (n=42) and their Home Care Aide (HCA) (n=32) were randomly assigned to a","al performance and self-rated health of older adults receiving Home and Community-Based Services (HCBS). Design Randomized, two-group trial with pre-post measures. Setting In-home exercise program. Participants Clients aged 65-95 (n=42) and their Home Care Aide (HCA) (n=32) were randomly assigned to a usual care and SFL intervention or usual care control group. Inte",two-group trial with pre-post measures. Setting In-home exercise program. Participants Clients aged 65-95 (n=42) and their Home Care Aide (HCA) (n=32) were randomly assigned to a usual care and SFL intervention or usual care control group. Intervention Clients were instructed in SFL by their HCA and completed SFL 3 times per week for 12-weeks. Measurements Outcomes i,"Results Effect sizes were moderate for grip strength ( d = .38), pain ( d = .34), and PROMIS-global health ( d = .27). Small effect sizes were found for all other measures. Median quadriceps and TUG scores differentially improved among intervention participants versus controls. No adverse health events and high program satisfaction were reported. Frailty prevalence in the control group increased between baseline and post-test while frailty prevalence in the intervention group decreased during the same time period.
Results We made contact with 64 HCAs of whom 34 had at least one client enroll in the study ( Figure 1 ). There was approximately a one-month delay between telephone screening and intervention start date, during which clients were lost for a variety of reasons. Primary care physicians did not give medical clearance for participation (n=2). Upon arrival at the client's home to obtain informed consent, four clients could not be enrolled because they were not primarily-English speaking and were unable to provide informed consent. Seven additional participants deemed eligible during the telephone screening declined to enroll due to loss of interest. We were unable to reach eligible participants (n=2) after the telephone screening to sign informed consent and conduct baseline measurement. Finally, one client was hospitalized between the telephone screening and beginning of the intervention. Therefore, the final baseline sample consisted of 32 HCAs and their 42 clients. As shown in Table 1 , there were no significant differences in client demographics or baseline physical performance and self-rated health between intervention and control groups. There was, however, substantial within-group variability in physical performance measures. Overall, clients had a mean age",,,
PMC5234793,28085913.0,10.1371/journal.pone.0169613,Impact of a Home-Based Physical and Nutritional Intervention Program Conducted by Lay-Volunteers on Handgrip Strength in Prefrail and Frail Older Adults: A Randomized Control Trial.,2017.0,PloS one,https://pubmed.ncbi.nlm.nih.gov/28085913/,original_high_confidence,exercise_plus_nutrition,Impact of a Home-Based Physical and Nutritional Intervention Program Conducted by Lay-Volunteers on Handgrip Strength in Prefrail and Frail Older Adults: A Randomized Control Trial,exclude,Protocol/review signal in full-text-mined fields,yes,yes,no,yes,yes,yes,yes,yes,yes,yes,yes,frailty;gait_speed;sppb;grip_strength;adl;falls;quality_of_life;adherence;adverse_events,rcise Medicine Exercise Impact of a Home-Based Physical and Nutritional Intervention Program Conducted by Lay-Volunteers on Handgrip Strength in Prefrail and Frail Older Adults: A Randomized Control Trial A Lifestyle Program Provided by Volunteers Haider Sandra 1 * Dorner Thomas E. 1 Luger Eva 1 2 Kapan Ali 1 Titze Sylvia 3 Lackinger Christian 4 Schindler Karin E. 5 1,E-D-16-37135 1 Research Article Biology and Life Sciences Biomechanics Hand Strength Medicine and Health Sciences Public and Occupational Health Physical Activity Physical Fitness Exercise Strength Training Medicine and Health Sciences Sports and Exercise Medicine Exercise Strength Training Biology and Life Sciences Sports Science Sports and Exercise Medicine Exerci,"he older adults did not have to leave their home, which can be the first obstacle to attending an exercise program. The study also has some limitations. Firstly, we did not have a control group without any home visits at all. However, this was impracticable for ethical reasons. Secondly, the intervention was a standardized program, not allowing tailoring to the particula","Results Study participants and work flow As shown in Fig 1 , 285 hospitalized patients were checked for eligibility. Of this total, 73.0% did not fulfill the inclusion criteria, 70.1% of the people fulfilling the inclusion criteria declined participation, and 24.7% were excluded for other reasons. Finally, four patients from hospitals, amounting to 1.5%, participated in the study. The remaining 76 individuals (95.0%) were recruited via the media with two editorial features. 10.1371/journal.pone.0169613.g001 Fig 1 Flow chart of the participants. Baseline characteristics of the included participants are shown in Table 1 . In total, 67 (83.8%) persons were female and the participants had a mean age of 82.8 (SD: 8.0) years, ranging from 65 to 97 years. According to the SHARE-FI, 52 (65.0%) adults were frail, 27 (33.8%) were prefrail, and one (1.2%) participant was robust. In addition, 38 (47.5%) individuals were at risk of malnutrition or malnourished. Mean handgrip strength was 16.3 kg (SD: 7.0). The included participants obtained a physical performance score of 5.0 points (SD: 2.9) and had an appendicular skeletal muscle mass of 17.0 kg (SD: 3.3). No significant difference was observed between the PTN and SoSu groups. 10.1371/journal.pone.0169613.t001 Table 1 Baseline characteristics of study participants in each group. Physical training and nutrition group Social support group p-value a n = 39 n = 41 Sex Female, n (%) 33 (84.6) 34 (82.9) 0.838 Age (years) 83.0 (8.0) 82.5 (8.0) 0.775 Living arrangement Living alone, n (%) 27 (69.2) 33 (80.5) 0.305 Frailty status (SHARE-FI score) 2.9 (1.1) 2.8 (0.9) 0.497 Robust, n (%) 1 (2.6) 0 (0.0) 0.728 Prefrail, n (%) 14 (35.9) 13 (31.7) Frail, n (%) 24 (61.5) 28 (68.3) Nutritional status (MNA®-SF score) 10.9 (2.7) 11.1 (2.5) 0.729 No",,,
PMC5326822,27897406.0,10.1002/jcsm.12132,Integrated care for geriatric frailty and sarcopenia: a randomized control trial.,2017.0,"Journal of cachexia, sarcopenia and muscle",https://pubmed.ncbi.nlm.nih.gov/27897406/,original_high_confidence,exercise_plus_nutrition,Integrated care for geriatric frailty and sarcopenia: a randomized control trial,include_primary_accessible,Community/home/primary-care frailty RCT confirmed by mined full-text fields,yes,yes,yes,yes,yes,yes,yes,no,no,yes,yes,frailty;gait_speed;grip_strength;falls;quality_of_life;adherence;adverse_events,822 PMC5326822.1 5326822 5326822 27897406 10.1002/jcsm.12132 JCSM12132 JCSM-D-15-00201 1 Original Article Original Articles Integrated care for geriatric frailty and sarcopenia: a randomized control trial A RCT for geriatric frailty and sarcopenia D.‐C.(.D.). Chan et al. Chan Ding‐Cheng (Derrick) 1 2 Tsou Hsiao‐Hui 3 4 Chang Chirn‐Bin 5 6 Yang Rong‐Sen 7 Tsauo Jau‐Yih,"rmits use and distribution in any medium, provided the original work is properly cited, the use is non‐commercial and no modifications or adaptations are made. Abstract Background Exercise, nutrition, and psychological interventions may all have positive impacts on frailty and sarcopenia. However, it is not known whether an integrated care programme with all three c","the current study had a longer intervention period (6 months vs 3 months). Therefore, the maximum effect was shown at 6 months in the current study. In the prior pilot study, the control group received only the education booklet for home exercise. In the current study, the LLC group received face‐to‐face training for 2 h and an educational booklet/CD‐ROM to improve thei","Results Mean age was 71.6 ± 4.3 years, with 53% females. For the entire cohort, improvement of primary outcome was 35% at 3 months, increased to 40% at 6 months, and remained stable at 39% at 12 months. Improvement rates were similar in both groups. Compared with the LLC group, HLC participants had greater improvements in the following indices: energy expenditure of walking, 5 m walking time, dominant hand grip strength, timed‐up‐and‐go‐test, and one‐leg‐stand time — mainly at 6 and 12 month assessments.
Results Participant flow Overall 323 subjects received initial screening with the CCSHA_CFS and signed informed consent forms. Of those, 296 completed the first‐stage baseline assessments and enrolled in the study. The enrollment periods were roughly 3 months. Before randomization, 7 dropped out of the study, and 289 were randomized into HLC ( N = 143) and LLC ( N = 146) groups. The major reasons for dropouts were lost contact ( n = 2), and refusal ( n = 2). At the end of intervention (6 months), 87% of HLC subjects and 90% of LLC subjects returned for assessments. At the end of the study (12 months), 87% of the HLC subjects and 92% of the LLC subjects completed the final assessments (Figure 1). The major reason for attrition was lost contact ( n = 16 at 3 months; n = 22 at 6 months; n = 15 at 12 months). All 289 subjects were included in the ITT analyses. At all time points, the HLC group had a significantly higher proportion of subjects practicing at least 50% of the recommended home exercise sessions (63% vs 19% at 6 months, 60% vs 20% at 12 months, both p < 0.001) than the LLC group. In addition, 67% of HLC group subjects attended at least half of the hospital‐based exercise sessions. Baseline characteristics (Tables 1 and 2 ) Table 1 Baseline characteristics, total",,,
PMC5351552,27178766.0,10.1016/j.cct.2016.05.001,Identifying effective and feasible interventions to accelerate functional recovery from hospitalization in older adults: A randomized controlled pilot trial.,2016.0,Contemporary clinical trials,https://pubmed.ncbi.nlm.nih.gov/27178766/,original_high_confidence,exercise_plus_nutrition,Identifying Effective and Feasible Interventions to Accelerate Functional Recovery from Hospitalization in Older Adults: A Randomized Controlled Pilot Trial,include_primary_accessible,Community/home/primary-care frailty RCT confirmed by mined full-text fields,yes,yes,no,yes,yes,yes,yes,no,no,yes,yes,frailty;gait_speed;sppb;grip_strength;adl;falls;quality_of_life;adherence;adverse_events,"1016/j.cct.2016.05.001 NIHMS852867 NIHPA852867 1 Article Identifying Effective and Feasible Interventions to Accelerate Functional Recovery from Hospitalization in Older Adults: A Randomized Controlled Pilot Trial Deer Rachel R. a * Dickinson Jared M. b * Fisher Steve R. a c Ju Hyunsu d Volpi Elena a e a Sealy Center on Aging, The University of Texas Medical Branch. 3",IHPA Author Manuscripts PMC5351552 PMC5351552.1 5351552 5351552 NIHMS852867 27178766 10.1016/j.cct.2016.05.001 NIHMS852867 NIHPA852867 1 Article Identifying Effective and Feasible Interventions to Accelerate Functional Recovery from Hospitalization in Older Adults: A Randomized Controlled Pilot Trial Deer Rachel R. a * Dickinson Jared M. b * Fisher Steve R. a c Ju Hyuns,"acute medical condition. Subjects will be randomized to one of five interventions initiated immediately upon discharge: 1. protein supplementation, 2. in-home rehabilitation plus placebo supplementation, 3. in-home rehabilitation plus protein supplementation, 4. single testosterone injection, or 5. isocaloric placebo supplementation. Testing will occur during hosp",,,,
PMC5552187,28514618.0,10.1056/NEJMoa1616338,"Aerobic or Resistance Exercise, or Both, in Dieting Obese Older Adults.",2017.0,The New England journal of medicine,https://pubmed.ncbi.nlm.nih.gov/28514618/,original_high_confidence,exercise_only,"Aerobic or Resistance Exercise, or Both, in Dieting Obese Older Adults",include_secondary_disease_specific,Frailty RCT but disease-specific population,yes,yes,yes,yes,yes,yes,yes,no,yes,no,no,frailty;gait_speed;sppb;adl;falls;quality_of_life;adherence;adverse_events,"er adults, we evaluated the effectiveness of several exercise modes in reversing frailty and preventing reduction in muscle and bone mass induced by weight loss. Participants were randomly assigned to a weight-management program plus one of three exercise programs — aerobic training, resistance training, or combined aerobic and resistance training — or to a control group (no","n yes pmc-collection-title NIHPA Author Manuscripts PMC5552187 PMC5552187.1 5552187 5552187 NIHMS889796 28514618 10.1056/NEJMoa1616338 NIHMS889796 NIHPA889796 1 Article Aerobic or Resistance Exercise, or Both, in Dieting Obese Older Adults Villareal Dennis T. M.D. Aguirre Lina M.D. Gurney A. Burke Ph.D., P.T. Waters Debra L. Ph.D. Sinacore David R. Ph.D., P.T. Colombo","randomly assigned to a weight-management program plus one of three exercise programs — aerobic training, resistance training, or combined aerobic and resistance training — or to a control group (no weight-management or exercise program). The primary outcome was the change in Physical Performance Test score from baseline to 6 months (scores range from 0 to 36 points; high","RESULTS A total of 141 participants completed the study. The Physical Performance Test score increased more in the combination group than in the aerobic and resistance groups (27.9 to 33.4 points [21% increase] vs. 29.3 to 33.2 points [14% increase] and 28.8 to 32.7 points [14% increase], respectively; P=0.01 and P=0.02 after Bonferroni correction); the scores increased more in all exercise groups than in the control group (P<0.001 for between-group comparisons). Peak oxygen consumption (milliliters per kilogram of body weight per minute) increased more in the combination and aerobic groups (17.2 to 20.3 [17% increase] and 17.6 to 20.9 [18% increase], respectively) than in the resistance group (17.0 to 18.3 [8% increase]) (P<0.001 for both comparisons). Strength increased more in the combination and resistance groups (272 to 320 kg [18% increase] and 288 to 337 kg [19% increase], respectively) than in the aerobic group (265 to 270 kg [4% increase]) (P<0.001 for both comparisons). Body weight decreased by 9% in all exercise groups but did not change significantly in the control group. Lean mass decreased less in the combination and resistance groups than in the aerobic group (56.5 to 54.8 kg [3% decrease] and 58.1 to 57.1 kg [2% decrease], respectively, vs. 55.0 to 52.3 kg [5% decrease]), as did bone mineral density at the total hip (grams per square centimeter; 1.010 to 0.996 [1% decrease] and 1.047 to 1.041 [0.5% decrease], respectively, vs. 1.018 to 0.991 [3% decrease]) (P<0.05 for all comparisons). Exercise-related adverse events included musculoskeletal injuries.
RESULTS STUDY POPULATION A total of 160 participants underwent randomization, and 141 participants (88%) completed the study ( Fig. 1 ). Nineteen participants discontinued the intervention and were included",,,
PMC5603129,28951766.0,10.1155/2017/4807046,"Effect of Weight Loss, Exercise, or Both on Undercarboxylated Osteocalcin and Insulin Secretion in Frail, Obese Older Adults.",2017.0,Oxidative medicine and cellular longevity,https://pubmed.ncbi.nlm.nih.gov/28951766/,original_high_confidence,multidomain,"Effect of Weight Loss, Exercise, or Both on Undercarboxylated Osteocalcin and Insulin Secretion in Frail, Obese Older Adults",include_secondary_disease_specific,Frailty RCT but disease-specific population,yes,yes,no,yes,yes,yes,yes,no,yes,no,yes,frailty;gait_speed;adl;adherence;adverse_events,"nsulin secretion. The long-term effect of lifestyle interventions on UcOC and insulin secretion has not been investigated. Methods One hundred seven frail, obese older adults were randomized into the control ( N = 27), diet ( N = 26), exercise ( N = 26), and diet-exercise ( N = 28) groups for 1 year. Main outcomes included changes in UcOC and disposition index (DI). R","L Oxidative Medicine and Cellular Longevity 1942-0900 1942-0994 Wiley PMC5603129 PMC5603129.1 5603129 5603129 28951766 10.1155/2017/4807046 1 Clinical Study Effect of Weight Loss, Exercise, or Both on Undercarboxylated Osteocalcin and Insulin Secretion in Frail, Obese Older Adults http://orcid.org/0000-0002-4908-9873 Colleluori Georgia 1 2 3 Napoli Nicola 3 Phadnis","tes or fasting glucose of ≥126 mg·dl −1 [ 22 ]; and current smoking. 2.2. Study Design Participants ( n = 107) were randomly assigned to one of four groups stratified for sex: (1) control group, (2) 10% diet-induced weight-loss group (diet group), (3) exercise training without weight loss (exercise group), and (4) 10% diet-induced weight loss and exercise training (diet–","Results UcOC increased in the diet group (36 ± 11.6%) but not in the other groups ( P < 0.05 between groups). Although similar increases in DI occurred in the diet-exercise and diet groups at 6 months, DI increased more in the diet-exercise group (92.4 ± 11.4%) than in the diet group (61.9 ± 15.3%) at 12 months ( P < 0.05). UcOC and body composition changes predicted DI variation in the diet group only ( R 2 = 0.712), while adipocytokines and physical function changes contributed to DI variation in both the diet (∆ R 2 = 0.140 and 0.107) and diet-exercise (∆ R 2 = 0.427 and 0.243) groups ( P < 0.05 for all).
3. Results 3.1. Study Population The results of randomization, follow-up, and compliance have been reported [ 9 ]. Briefly, of the 107 participants randomized, 93 (87%) completed the intervention. Fourteen participants (4 in the control group, 3 in the diet group, 4 in the exercise group, and 3 in the diet-exercise group) did not complete the intervention for medical or personal reasons but were included in the intention-to-treat analyses. Baseline characteristics including body composition, bone turnover and BMD, physical function, and adipocytokines did not significantly differ among the groups ( Table 1 ). As reported, body weight decreased similarly in the diet group (−9.6 ± 1.2%) and diet-exercise group (−9.4 ± 0.8%), while weight was stable in the exercise group (−0.6% ± 0.7%) and control group (−0.2% ± 0.7%) [ 9 ]. 3.2. Undercarboxylated Osteocalcin Serum UcOC increased in the diet group at 6 months (29.2 ± 11.0%) and remained elevated at 12 months (36.0 ± 11.6%); in contrast, serum UcOC did not change in the control group, exercise group, and diet-exercise group ( P = 0.04 for the between-group differences) ( Table 2 , Figure 1(a) ). Total serum OC increased",,,
PMC5898617,29310138.0,10.7326/M16-2011,Effect of Physical Activity on Frailty: Secondary Analysis of a Randomized Controlled Trial.,2018.0,Annals of internal medicine,https://pubmed.ncbi.nlm.nih.gov/29310138/,original_high_confidence,exercise_only,Effect of Physical Activity on Frailty: Secondary Analysis of a Randomized Controlled Trial,exclude,Protocol/review signal in full-text-mined fields,yes,yes,yes,yes,yes,no,yes,yes,no,yes,yes,frailty;gait_speed;sppb;grip_strength;falls;quality_of_life;adherence;adverse_events,"pts PMC5898617 PMC5898617.1 5898617 5898617 NIHMS952500 29310138 10.7326/M16-2011 NIHMS952500 NIHPA952500 1 Article Effect of Physical Activity on Frailty: Secondary Analysis of a Randomized Controlled Trial Trombetti Andrea MD 1 2 Hars Mélany PhD 1 Hsu Fang-Chi PhD 3 Reid Kieran F. PhD 2 Church Timothy S. MD, PhD 4 Gill Thomas M. MD 5 King Abby C. PhD 6 Liu Christine","r the LIFE Study investigators 1 Division of Bone Diseases, Department of Internal Medicine Specialties, Geneva University Hospitals and Faculty of Medicine, Geneva, Switzerland 2 Nutrition, Exercise Physiology and Sarcopenia Laboratory, Jean Mayer USDA Human Nutrition Research Center on Aging, Tufts University, Boston, Massachusetts, United States of America 3 Depar",,"Results Over 24 months of follow-up, the risk of frailty (n=1623) was not significantly different in the PA group versus the health education group (adjusted prevalence difference, −0.021 [95%CI, −0.049 to 0.007]). Among the three criteria of the SOF index, the PA intervention was associated with improvement in the inability to rise from a chair criterion (adjusted prevalence difference, −0.050 [CI, −0.081 to −0.020]). Baseline frailty status did not modify the effect of PA on reducing incident MMD ( P for interaction=0.91).
RESULTS Of the 14,831 individuals who were screened, 1635 were randomized ( Appendix Figure 1 ). Overall, participants’ mean (SD) age was 78.9 (5.2) and 67.2% were women. Baseline characteristics were similar in the two randomization groups ( 14 , 16 ). At baseline, 12 participants had no frailty data and 19.7% (319/1623) of the participants were frail ( Table 1 ). The mean (SD) number of frailty criteria was 0.9 (0.8) ( Appendix Table 1 ). Intervention adherence over 24 months in the PA group did not differ between participants classified as frail and not frail at enrollment ( Appendix Tables 2 and 3 ). By month 24, 97 (5.9%) participants dropped out the study, including 53 deaths. Among non-frail participants at baseline, the cumulative incidence of first frailty was lower in the PA group than the HE group at 6-month (adjusted difference, −0.05 [CI, −0.09 to −0.01]; P =0.013) and 24-month follow-up (−0.06 [CI, −0.13 to −0.001]; P =0.048) ( Table 2 ). The difference at 6-month remained significant in IPW analyses. The adjusted prevalence difference for the risk of frailty was not significant in both the ITT and IPW analyses (−0.021 [CI, −0.049 to 0.007]; P =0.148 in ITT analysis) ( Table 3 ; Appendix Table 1 ). Conditional on the frailty status at ",,,
PMC5963011,29783928.0,10.1186/s12872-018-0839-8,Physical activity intervention for elderly patients with reduced physical performance after acute coronary syndrome (HULK study): rationale and design of a randomized clinical trial.,2018.0,BMC cardiovascular disorders,https://pubmed.ncbi.nlm.nih.gov/29783928/,original_high_confidence,digital_home_unclear_intervention,Physical activity intervention for elderly patients with reduced physical performance after acute coronary syndrome (HULK study): rationale and design of a randomized clinical trial,exclude,Protocol/review signal in full-text-mined fields,yes,no,no,yes,yes,yes,yes,yes,yes,yes,yes,frailty;gait_speed;sppb;grip_strength;adl;quality_of_life;adherence;adverse_events,-8 839 1 Study Protocol Physical activity intervention for elderly patients with reduced physical performance after acute coronary syndrome (HULK study): rationale and design of a randomized clinical trial Tonet Elisabetta tonet.elisabetta@gmail.com 1 Maietti Elisa e.maietti@ospfe.it 2 Chiaranda Giorgio G.Chiaranda@ausl.pc.it 3 Vitali Francesco francesco.vitali90@gmai,vasc Disord 17 bmccard BMC Cardiovascular Disorders 1471-2261 BMC PMC5963011 PMC5963011.1 5963011 5963011 29783928 10.1186/s12872-018-0839-8 839 1 Study Protocol Physical activity intervention for elderly patients with reduced physical performance after acute coronary syndrome (HULK study): rationale and design of a randomized clinical trial Tonet Elisabetta tonet.elisa,"vs. 7–9). A dedicated website assigns a unique treatment code, which dictates the treatment assignment for the subject. Patients are randomized in a 1:1 ratio to standard of care (control group) or to an early, tailored, low-cost physical activity intervention (experimental group). Patients not confirming an SPPB score 4 to 9 thirty days after discharge are excluded (Fig",,,,
PMC6008824,29988285.0,10.1155/2018/8916274,"Effects of Strength Training on Muscle Properties, Physical Function, and Physical Activity among Frail Older People: A Pilot Study.",2018.0,Journal of aging research,https://pubmed.ncbi.nlm.nih.gov/29988285/,original_high_confidence,exercise_only,"Effects of Strength Training on Muscle Properties, Physical Function, and Physical Activity among Frail Older People: A Pilot Study",include_primary_accessible,Community/home/primary-care frailty RCT confirmed by mined full-text fields,yes,yes,no,yes,yes,yes,no,no,no,no,yes,frailty;gait_speed;grip_strength;falls;quality_of_life;adherence,"ir climbing, rising from a chair, and preferred and maximal walking speed), and physical activity among frail elderly people receiving home-care services. Thirty participants were randomly assigned (by sex) to a control group (CON) or a strength training group (ST) performing a supervised training programme using elastic bands, box-lifting, and body weight exercises twice pe","use, distribution, and reproduction in any medium, provided the original work is properly cited. The aim of this study was to determine the effects of a 10-week strength training intervention on isometric strength, rate of force development (RFD), physical function (stair climbing, rising from a chair, and preferred and maximal walking speed), and physical activity amo",", and preferred and maximal walking speed), and physical activity among frail elderly people receiving home-care services. Thirty participants were randomly assigned (by sex) to a control group (CON) or a strength training group (ST) performing a supervised training programme using elastic bands, box-lifting, and body weight exercises twice per week. Twenty-three partici","3. Results 3.1. Maximal Strength and Rate of Force Development (RFD) For the maximal strength and RFD, there was no interaction for the ( F =0.714–4.114, p =0.0.3–0.409) or a main effect for groups ( F =0.032–0.269, p =0.390–0.861). With exceptions for maximal strength in the arm ( F =1.162, p =0.294), there was a main effect for time ( F =4.473–10.043, p =0.005–0.047). After the post hoc tests, the ST group had a 15.3% nonsignificant improvement in the leg extension test ( p =0.10, ES=0.31) and a 53.1% increase for peak RFD ( p =0.04, ES=0.69). In the elbow flexion test, a nonsignificant 51.3% improvement for peak RFD ( p =0.08, ES=0.60) was observed. No significant differences were observed for the CON ( p =0.16–1.00) (Figures 3 and 4 ). 3.2. Physical Function For the physical function tests, there was no interaction ( F =0.087–2.519, p =0.130–0.770) or a main effect for groups ( F =1.888–2.696, p =0.115–0.186) or time ( F =0.55–2.223, p =0.151–0.817) with one exception. The stair climbing test had significant main effect for time ( F =4.659, p =0.044). Despite an overall improvement in stair climbing of 26.6%, the improvement was not significant for the ST ( p =0.22). Furthermore, no significant difference was observed for the CON ( p =0.22). All details are presented in Table 2 . 3.3. Physical Activity (PA) For PA, there was no interaction ( F =0.009–0.939, p =0.341–0.927), main effects for time (0.001–0.223, p =0.644–0.980) or group ( F =0.120–4.178, p =0.059–0.734) for the variables overall PA, inactivity, moderate intensity, high intensity, and numbers of steps per day. However, an interaction was observed for the variable low intensity ( F =5.008, p =0.041). Post hoc tests demonstrated no differences between the groups ( p =0.480–1.000) or differences between pr",,,
PMC6248206,29346524.0,10.1093/gerona/glx259,"Effects of a Primary Care-Based Multifactorial Intervention on Physical and Cognitive Function in Frail, Elderly Individuals: A Randomized Controlled Trial.",2018.0,"The journals of gerontology. Series A, Biological sciences and medical sciences",https://pubmed.ncbi.nlm.nih.gov/29346524/,original_high_confidence,exercise_plus_nutrition,"Effects of a Primary Care-Based Multifactorial Intervention on Physical and Cognitive Function in Frail, Elderly Individuals: A Randomized Controlled Trial",include_primary_accessible,Community/home/primary-care frailty RCT confirmed by mined full-text fields,yes,yes,no,yes,yes,yes,yes,no,no,yes,yes,frailty;gait_speed;sppb;grip_strength;falls;quality_of_life;adherence;adverse_events,"ontology: Medical Sciences Articles Editor's Choice Effects of a Primary Care-Based Multifactorial Intervention on Physical and Cognitive Function in Frail, Elderly Individuals: A Randomized Controlled Trial Romera-Liebana Laura MD 1 2 3 Orfila Francesc MD, PhD 3 4 Segura Josep Maria MD, PhD 1 3 Real Jordi PhD 5 6 7 Fabra Maria Lluïsa Physio 8 Möller Mercedes MD 8 Lan","8206.1 6248206 6248206 29346524 10.1093/gerona/glx259 glx259 1 The Journal of Gerontology: Medical Sciences Articles Editor's Choice Effects of a Primary Care-Based Multifactorial Intervention on Physical and Cognitive Function in Frail, Elderly Individuals: A Randomized Controlled Trial Romera-Liebana Laura MD 1 2 3 Orfila Francesc MD, PhD 3 4 Segura Josep Maria MD, Ph","ls in Barcelona. A total of 352 patients, aged ≥65 years old with positive frailty screening, was randomized into two groups to receive a 12-week multidisciplinary intervention or usual care, with concealed allocation. The intervention consisted of: exercise training, intake of hyperproteic nutritional shakes, memory training, and medication review. Main outcome asses","Results A total of 347 participants (98.6%) completed the study, mean age 77.3 years, 89 prefrail subjects (25.3%), and 75.3% female ( n = 265). Eighteen-month assessments were performed in 76% of the sample. After 3 and 18 months, adjusted means difference between-groups showed significant improvements for the intervention group in all comparisons: Short Physical Performance Battery score improved 1.58 and 1.36 points ( p < .001), handgrip strength 2.84 and 2.49 kg ( p < .001), functional reach 4.3 and 4.52 cm ( p < .001), and number of prescriptions decreased 1.39 and 1.09 ( p < .001), respectively. Neurocognitive battery also showed significant improvements across all dimensions at 3 and 18 months.
Results Between January 2013 and January 2015, participants were randomized to the multi-intervention ( n = 176) or the control ( n = 176) groups. The main characteristics of our study sample according to randomization group are presented in Table 1 . A total of 265 participants (75.3%) were female, mean age 77.3 years, nearly half of them living alone (47.2%), The baseline features of the two groups were similar in terms of inclusion criteria, age, sex, civil status, cohabitation, comorbidity, and biological variables, including nutritional, functional, and mental performance, as shown in Supplementary Table 2 . Table 1. Baseline Characteristics by Treatment Group Control Group ( n = 176) Intervention Group ( n = 176) p Value Gender, n (%) Male 45 (25.6) 42 (23.9) .711 Female 131 (74.4) 134 (76.1) Age, years, mean ( SD ) 77.4 (7.7) 77.2 (6.8) .770 Living alone, n (%) 83 (47.2) 83 (47.2) 1.00 Marital Status, n (%) Single 23 (13.1) 22 (12.5) .884 Widowed 76 (43.2) 80 (45.5) Married 67 (38.1) 67 (38.1) Divorced 10 (5.7) 7 (4.0) Educational status, n (%) Unfinished studies 67",,,
PMC6251709,30138718.0,10.1016/j.cct.2018.08.004,Rationale and design of the Study To Understand Fall Reduction and Vitamin D in You (STURDY): A randomized clinical trial of Vitamin D supplement doses for the prevention of falls in older adults.,2018.0,Contemporary clinical trials,https://pubmed.ncbi.nlm.nih.gov/30138718/,original_high_confidence,exercise_plus_nutrition,Rationale and Design of the S tudy t o U nderstand Fall R eduction and vitamin D in Y ou (STURDY): A Randomized Clinical Trial of Vitamin D Supplement Doses for the Prevention of Falls in Older Adults,exclude,Protocol/review signal in full-text-mined fields,yes,no,no,yes,yes,yes,yes,yes,yes,no,yes,frailty;gait_speed;sppb;grip_strength;adl;falls;quality_of_life;adherence;adverse_events,"1507981 30138718 10.1016/j.cct.2018.08.004 NIHMS1507981 NIHPA1507981 1 Article Rationale and Design of the S tudy t o U nderstand Fall R eduction and vitamin D in Y ou (STURDY): A Randomized Clinical Trial of Vitamin D Supplement Doses for the Prevention of Falls in Older Adults Michos Erin D. MD, MHS 1 2 3 Mitchell Christine M. ScM 2 3 Miller Edgar R. III MD, PhD 2 3","edical costs of fatal and non-fatal falls for U.S. adults aged ≥65 years were estimated at $637.5 million and $31.3 billion, respectively, in 2015.[ 2 ] Identifying evidence-based interventions for fall prevention is paramount. Vitamin D, a fat-soluble vitamin, is critical for the maintenance of bone mineral density.[ 3 , 4 ] Optimal serum concentrations of 25-hydroxyvi","physical function are completed and physical performance is assessed. After the baseline visit, participants are asked to complete a run-in period of approximately 10 days, taking placebo pills and completing a fall and study pill calendar, to demonstrate their ability to adhere to study protocols. During the Randomization Visit , which generally takes place within","2.13.2 Analytic Plan for Stage 2 and Study Results Reporting At the start of Stage 2, we will perform the first of three formal interim analyses for efficacy; two additional analyses will occur during Stage 2 at equally spaced calendar time intervals. The primary efficacy analysis is a comparison of the time to first fall or death for the control (200 IU/day) group versus the combined three >200 IU/day groups while on the best dose using the logrank test. Participants will be analyzed in either the control or best dose group using all available time at risk while on the control or best dose. The proportionality of the hazards will be examined using standard diagnostic plots and inspection of the Schoenfeld residuals[ 49 ] as implemented in SAS PROC PHREG. Events and follow-up time while on the control or best dose will be included in this primary analysis; for participants switched to the best dose from either non-best dose, the clock for occurrence of a first fall or death will reset to the time from the switch to the best dose. We will examine the consistency of treatment effects for the primary outcome in subgroups of participants; 12 subgrouping factors, all measured at baseline, were specified in the protocol: race (African-American vs. non-African-American), 25(OH)D concentrations (10–19 vs. 20–29 ng/mL), physical function (SPPB total score <10 vs. ≥10), use of vitamin D supplements (none vs. any), total baseline vitamin D intake (<800 IU/day vs. ≥800 IU/day), gender, age (<80 years vs. ≥80 years), body mass index (BMI; <18.5 vs. ≥18.5 to <25 vs. ≥25 to <30 vs. ≥30), medications classes (any antihypertensive [including diuretics, ACE inhibitors, beta blockers or calcium channel blockers] vs. no antihypertensive and any diabetic drugs [insulin or oral anti-diabetic",,,
PMC6444357,30498835.0,10.1007/s12603-018-1127-0,Quality of Life and Mental Health in Older Adults with Obesity and Frailty: Associations with a Weight Loss Intervention.,2018.0,"The journal of nutrition, health & aging",https://pubmed.ncbi.nlm.nih.gov/30498835/,original_high_confidence,nutrition_only,Quality of Life and Mental Health in Older Adults with Obesity and Frailty: Associations with a Weight Loss Intervention,include_secondary_disease_specific,Frailty RCT but disease-specific population,yes,yes,no,yes,yes,yes,yes,no,yes,no,yes,frailty;gait_speed;sppb;falls;quality_of_life;adherence,oss intervention with quality of life and mental health in obese older adults with functional limitations. Design Combined-group analyses of secondary variables from the MEASUR-UP randomized controlled trial. Setting Academic medical center. Participants Obese community-dwelling men and women (N = 67; age ≥60; BMI ≥30) with functional limitations (Short Physical Perfo,"pmc J Nutr Health Aging J Nutr Health Aging 4760 jnha The Journal of Nutrition, Health & Aging 1279-7707 1760-4788 Elsevier PMC6444357 PMC6444357.2 6444357 12280460 30498835 10.1007/s12603-018-1127-0 S1279-7707(23)01064-3 2 Article Quality of Life and Mental","nt improvements in SPPB scores at the 6-month end point for both groups, with a significantly greater improvement in the SPPB score for the Protein group (+2.4 points) relative to Control group (+0.9 point) ( 22 ). Table 1 Baseline characteristics: Sociodemographics, anthropometrics, comorbidity and physical function 2 Total N=67 Age (years) 68.2 (5.6) Sex (female) 53 (7","Results Physical composite quality of life (SF-36) improved significantly at 3 months (β = 6.29, t2,48 = 2.60, p = 0.012) and 6 months (β = 10.03, t2,48 = 4.83, p < 0.001), as did several domains of physical quality of life. Baseline depression symptoms (CES-D and POMS) were found to predict lower amounts of weight loss; higher baseline sleep latency (PSQI) and anger (POMS) predicted less improvement in physical function (SPPB).
Results Sample characteristics are shown in Table 1 . The overall mean age was 68 years and BMI was 37 kg/m2; most participants were women, the majority were White, and all had completed high school. The most common comorbidity reported was hypertension. A total of eleven participants reported depression (at baseline), and seven reported other psychiatric conditions (i.e., anxiety, bipolar disorder or attention deficit hyperactivity disorder [ADHD]). Five participants had baseline CES-D scores of 16 or higher, indicating a risk of prevalent depression. Two participants had both a diagnosis of depression and CES-D score of 16+; overall, fourteen individuals had either high CES-D score (N = 3) or depression diagnosis (N = 9), or both (N = 2). None of the participants endorsed suicidal thoughts or behaviors during the study. As reported previously, there was significant weight loss (mean = –8.4 kg) and physiologically-important improvements in SPPB scores at the 6-month end point for both groups, with a significantly greater improvement in the SPPB score for the Protein group (+2.4 points) relative to Control group (+0.9 point) ( 22 ). Table 1 Baseline characteristics: Sociodemographics, anthropometrics, comorbidity and physical function 2 Total N=67 Age (years) 68.2 (5.6) Sex (female) 53 (79%) Race White 47 (70%) African American 17 (25%) Other 3 ",,,
PMC6524700,31133863.0,10.3389/fphys.2019.00445,Exercise and Dietary-Protein as a Countermeasure to Skeletal Muscle Weakness: Liverpool Hope University - Sarcopenia Aging Trial (LHU-SAT).,2019.0,Frontiers in physiology,https://pubmed.ncbi.nlm.nih.gov/31133863/,original_high_confidence,exercise_plus_nutrition,Exercise and Dietary-Protein as a Countermeasure to Skeletal Muscle Weakness: Liverpool Hope University – Sarcopenia Aging Trial (LHU-SAT),exclude,Protocol/review signal in full-text-mined fields,yes,yes,yes,yes,yes,yes,yes,yes,no,no,yes,frailty;gait_speed;sppb;grip_strength;adl;falls;adherence;adverse_events,"ion. Methods Forty-six, community-dwelling, previously untrained males, and females [age: 68 ± 5 years (mean ± SD); BMI: 27.8 ± 6.2 kg/m 2 ] who completed the trial were initially randomized to one of two independent arms [Exercise n = 24 (E); Exercise+Protein n = 22 (EP)]. Both arms completed 16 weeks of RE (performed to fatigue) (2 times/week) with FE (1 time/week)",ysiol Front. Physiol. Frontiers in Physiology 1664-042X Frontiers Media SA PMC6524700 PMC6524700.1 6524700 6524700 31133863 10.3389/fphys.2019.00445 1 Physiology Original Research Exercise and Dietary-Protein as a Countermeasure to Skeletal Muscle Weakness: Liverpool Hope University – Sarcopenia Aging Trial (LHU-SAT) Kirk Ben * Mooney Kate Amirabdollahian Farzad Kha,"Loon L. J. C. ( 2012 ). Protein supplementation increases muscle mass gain during prolonged resistance-type exercise training in frail elderly people: a randomized, double-blind, placebo-controlled trial. J. Am. Med. Dir. Assoc. 13 713 – 719 . 10.1016/j.jamda.2012.05.020 22770932 Tieland M. Verdijk L. B. de Groot L. C. P. G. M. van Loon L. J. C. ( 2015 ). Handgrip","Results As a result of dietary supplementation, protein intake increased in EP (∼1.2 ± 0.4 to 1.5 ± 0.7 g/kg/day) during the intervention. Maximal strength (1RM) values for leg press (E: +39 ± 7 kg, p = 0.006; EP: +63 ± 7 kg, p < 0.001), chest press (E: +22 ± 4 kg, p < 0.001; EP: +21 ± 6 kg, p < 0.001), and bicep curl (E: +7 ± 0 kg, p = 0.002; EP: +6 ± 1 kg, p = 0.008) significantly increased in E and EP respectively, with no differences between arms ( p > 0.05). Physical functioning in the obstacle course (E: -5.1 ± 6.8 s, p < 0.001; EP: -2.8 ± 0.8 s, p < 0.001) and short-physical performance battery scores (E: +0.5 ± 0.5, p = <0.001; EP: +0.4 ± 0.5, p = 0.038), and aerobic capacity in the 6-min walk test (E: +37 ± 24 m, p = 0.014; EP: +36 ± 3 m, p = 0.005) improved in E and EP respectively, with no differences between arms ( p > 0.05). No significant change was observed for markers of cardiometabolic health (glycaemic control or blood pressure) ( p > 0.05). At follow-up, 86% of older adults reported to performing physical activity ≥1 per week. Of those, 61% were still participating in strength- and cardiovascular- based exercise.
Results Subjects Participants included in the final analysis were distributed similarly in each arm and when split by gender no difference was detected ( p = 0.55). Additionally, arms did not differ in any baseline measure ( p > 0.05) (see Table 1 ). Table 1 Baseline characteristics of participants. Parameter E EP p value n = [number] 24 22 Gender [male/female] 12/12 9/13 0.55 Age [years] 66 ± 4 69 ± 6 0.16 Height [m] 1.68 ± 0.1 1.64 ± 0.1 0.13 Weight [kg] 79.5 ± 21.6 74.2 ± 18.1 0.32 BMI [kg/m 2 ] 28.1 ± 7.4 27.4 ± 4.9 0.63 Plasma glucose [mmol/L] 5.5 ± 0.6 5.4 ± 0.8 0.90 HbA1c [%] 5.5 ± 0.3 5.4 ± 0.3 0.67 Systolic blood pressure [mmHg] 142 ",,,
PMC6581490,31360662.0,,"An Interregional, Transdisciplinary and Good Practice-Based Approach for Frailty: the Mind&Gait Project.",2019.0,Translational medicine @ UniSa,https://pubmed.ncbi.nlm.nih.gov/31360662/,original_high_confidence,digital_home_unclear_intervention,"An Interregional, Transdisciplinary and Good Practice-Based Approach for Frailty: the Mind&Gait Project",defer_second_reviewer,Comparator not clearly confirmed from mined fields,yes,yes,no,yes,yes,no,yes,no,no,yes,no,frailty;gait_speed;adl;falls;quality_of_life;adverse_events,"consisting of a cognitive stimulation programme and a physical exercise programme; ii) an auto-blocking mechanism for rolling walkers with biofeedback acquisition (ABMRW); iii) a randomized clinical trial to assess CI′ effectiveness; and iv) a web-platform to be used as a repository that will support and disseminate the intervention materials, covering the action-lin","creasingly seek integrated, structured, adapted, creative, dynamic and economic strategies to prevent frailty. The arising need of an aged and frail population requires innovative interventions and products to prevent cognitive and physical decline. The interregional MIND&GAIT project aims to promote independent living in frail older adults by improving cognition and ga",,,,,
PMC6597702,31249332.0,10.1038/s41598-019-45767-y,Effects of Kinect-based exergaming on frailty status and physical performance in prefrail and frail elderly: A randomized controlled trial.,2019.0,Scientific reports,https://pubmed.ncbi.nlm.nih.gov/31249332/,original_high_confidence,multicomponent_exercise,Effects of Kinect-based exergaming on frailty status and physical performance in prefrail and frail elderly: A randomized controlled trial,exclude,Protocol/review signal in full-text-mined fields,yes,yes,no,yes,yes,yes,yes,yes,no,no,yes,frailty;gait_speed;sppb;grip_strength;falls;quality_of_life;adverse_events,"6597702 6597702 31249332 10.1038/s41598-019-45767-y 45767 1 Article Effects of Kinect-based exergaming on frailty status and physical performance in prefrail and frail elderly: A randomized controlled trial Liao Ying-Yi 1 Chen I.-Hsuan 2 Wang Ray-Yau rywang@ym.edu.tw 3 1 0000 0004 0573 0416 grid.412146.4 Department of Gerontological Health Care, National Taipei Unive","need to obtain permission directly from the copyright holder. To view a copy of this license, visit http://creativecommons.org/licenses/by/4.0/ . Frailty status can be improved by intervention. Both exergaming and combined exercise have been proposed for improving physical performance in community-dwelling elderly. However, whether frailty status can be improved by exer","e improved through interventions. Francisco et al . reported that frailty scores were reversed from 3.6 to 1.6 after 6 months of multicomponent exercises, while the frailty scores control group (without any intervention) remained unchanged (3.8) in the frail elderly. Kim et al . 18 also reported that exercise can decrease frailty scores after 3 months of traditional inte","Results As shown in the flowchart (Fig. 1 ), 110 individuals were initially screened for participation in this study. Among them, 61 qualified individuals were randomly assigned to either the exergaming group (EXER group, 31 participants) or the combined exercise group (CE group, 30 participants). Of the 61 participants, nine did not complete the study due to low levels of motivation (4 in the EXER group and 5 in the CE group). Therefore, a total of 52 participants (27 in the EXER group and 25 in the CE group) completed all the interventions and assessments. None of the participants reported any adverse events. Figure 1 Flowchart of this study. The demographic characteristics of the participants are presented in Table 1 . There were no significant differences in the demographic parameters of the two groups. Moreover, there was no significant difference between the two groups regarding all the outcome measures during the pre-intervention assessments (Tables 2 and 3 ). Table 1 Baseline demographic characteristics of the participants (N = 52). Exergaming group Combined exercise group P-value (N = 27) (N = 25) Age (years) 79.6 ± 8.5 84.1 ± 5.5 0.068 Gender (female/male) 19/8 17/8 0.853 Height (cm) 156 ± 5.2 159 ± 10.5 0.415 Body weight (kg) 52.6 ± 6.0 57.5 ± 8.8 0.185 BMI 21.5 ± 2.2 22.5 ± 2.4 0.331 Fall history in the past one year 8 9 0.653 Frailty score 3.0 ± 1.3 3.0 ± 1.4 0.994 Frailty status Prefrail/frail 11/16 9/16 0.726 Frailty phenotype (%) Weakness 20 (74.1%) 21 (84.0%) 0.381 Slow walking speed 21 (77.8%) 19 (76.0%) 0.879 Unintentional weight loss 3 (11.1%) 5 (20.0%) 0.375 Exhaustion 20 (74.1%) 14 (56.0%) 0.171 Low activity level 18 (66.7%) 15 (60.0%) 0.618 Data are presented as the mean ± SD or number. Table 2 Comparisons of frailty scores, frailty status, revers",,,
PMC6711410,31016897.0,10.1002/jcsm.12432,Effectiveness of a multimodal intervention in functionally impaired older people with type 2 diabetes mellitus.,2019.0,"Journal of cachexia, sarcopenia and muscle",https://pubmed.ncbi.nlm.nih.gov/31016897/,original_high_confidence,exercise_plus_nutrition,Effectiveness of a multimodal intervention in functionally impaired older people with type 2 diabetes mellitus,include_secondary_setting,Frailty RCT but setting likely hospital/residential or mixed,yes,yes,no,yes,yes,yes,yes,no,yes,yes,yes,frailty;gait_speed;sppb;adl;falls;quality_of_life;adherence;adverse_events,of a multimodal intervention on functional performance in frail and pre‐frail participants aged ≥70 years with type 2 diabetes mellitus. Methods The MID‐Frail study was a cluster‐randomized multicenter clinical trial conducted in 74 trial sites across seven European countries. The trial recruited 964 participants who were aged >70 years [mean age in intervention grou,91 2190-6009 Wiley PMC6711410 PMC6711410.1 6711410 6711410 31016897 10.1002/jcsm.12432 JCSM12432 JCSM-D-19-00007 1 Original Article Original Articles Effectiveness of a multimodal intervention in functionally impaired older people with type 2 diabetes mellitus Effectiveness of multimodal intervention in older frail people with DM L. Rodriguez‐Mañas et al . Rodriguez‐Mañ,"an countries. The trial recruited 964 participants who were aged >70 years [mean age in intervention group, 78.4 (SD 5.6) years, 49.2% male and 77.6 (SD 5.29) years, 52.4% male in usual care group], with type diabetes mellitus and determined to be frail or pre‐frail using Fried's frailty phenotype. Participants were allocated by trial site to follow either usual care","Results After 12 months, IG participants had mean SPPB scores 0.85 points higher than those in the UCG (95% CI, 0.44 to 1.26, P < 0.0001). Dropouts were higher in frail participants and in the intervention group, but significant differences in SPPB between treatment groups remained consistent after sensitivity analysis. Estimates suggest a mean saving following intervention of 428.02 EUR (2016) per patient per year, with ICER analysis indicating a consistent benefit of the described health care intervention over usual care. No statistically significant differences between groups were detected in any of the other secondary outcomes.
Results Recruitment opened in December 2014 and closed in February 2016 (see Supporting Information, Figure S1 ). Overall, 964 subjects (inclusion rate, 67%) were recruited and randomized across 74 sites (average cluster size 13). One hundred eleven subjects (89 allocated to IG and 22 allocated to UCG) withdrew from the study in the period between the randomization of the sites and the beginning of the intervention. Characteristics of subjects in both groups at the time of randomization are shown in Table 1 . Subjects were highly co‐morbid, with an average duration of T2DM > 15 years with 37.8% being frail. Both groups were functionally well balanced ( Table 2 ). Measures of daily living activity demonstrated a relatively high level of functioning despite their frailty status likely due to the exclusion criteria preventing recruitment of low‐functioning participants at baseline. Medication utilization was similar in both groups (Supporting Information, Table S1 ). Table 1 Characteristics of the participants at randomization Intervention (IG) n = 451 Usual care (UCG) n = 513 Total n = 964 Male, n (%) 222 (49.2) 269 (52.4) 491 (50.9) Age, mean ",,,
PMC6747215,31466229.0,10.3390/ijerph16173125,Effectiveness of a Combined Intervention on Psychological and Physical Capacities of Frail Older Adults: A Cluster Randomized Controlled Trial.,2019.0,International journal of environmental research and public health,https://pubmed.ncbi.nlm.nih.gov/31466229/,original_high_confidence,exercise_only,Effectiveness of a Combined Intervention on Psychological and Physical Capacities of Frail Older Adults: A Cluster Randomized Controlled Trial,exclude,Protocol/review signal in full-text-mined fields,yes,yes,no,yes,yes,yes,yes,yes,no,no,no,frailty;gait_speed;adl;falls;quality_of_life;adherence;adverse_events,747215 31466229 10.3390/ijerph16173125 ijerph-16-03125 1 Article Effectiveness of a Combined Intervention on Psychological and Physical Capacities of Frail Older Adults: A Cluster Randomized Controlled Trial https://orcid.org/0000-0002-3050-4264 Apóstolo João 1 * https://orcid.org/0000-0001-9035-8548 Dixe Maria dos Anjos 2 https://orcid.org/0000-0001-5889-5642 Bobrowi,Multidisciplinary Digital Publishing Institute (MDPI) PMC6747215 PMC6747215.1 6747215 6747215 31466229 10.3390/ijerph16173125 ijerph-16-03125 1 Article Effectiveness of a Combined Intervention on Psychological and Physical Capacities of Frail Older Adults: A Cluster Randomized Controlled Trial https://orcid.org/0000-0002-3050-4264 Apóstolo João 1 * https://orcid.org/000,"cts from two elderly end-user organizations. Of these, 44 (65.9% females, mean age of 80.5 ± 8.47 years) were considered eligible, being randomly allocated in experimental (EG) or control group (CG). Data collected at baseline and post-intervention. EG received CI three times a week during 12 weeks. CG received standard care. Non-parametric measures were considered. Resu","3. Results 3.1. Baseline Assessment As displayed in Table 1 , the 44 older adults that participated in the study had a mean age of 80.54 ± 8.47 years (ranged from 65 to 96) and 29 (65.9%) of them were female. The most common civil state was a widow. In terms of education, the results revealed that 63.6% frequented school between 1–4 years and 18.2% never went to school, which demonstrates a low level of education among participants. At baseline, the EG and CG were equivalent regarding sex, age, registration time in the end-user organization and the outcomes of interest ( Table 1 and Table 2 ), including the outcome related to gait parameters. The baseline data is similar with ITT analysis or excluding the dropouts, therefore, only the ITT analysis results are presented here. 3.2. Post-Intervention Assessment 3.2.1. Between-Group Analysis of Primary and Secondary Outcomes Between-group analyses ( Table 2 ) performed after intervention revealed statistically significant differences in depressive symptomatology measured through the GDS-10 ( U = 147.00, p = 0.024), with the EG presenting a lower mean number of symptoms than the CG. Regarding effect size, it was revealed to be small ( effect size = 0.118). No other significant differences in primary and secondary outcomes were observed (for more detailed data see Table 2 ). 3.2.2. Within-Group Analysis of Primary and Secondary Outcomes Within-group analyses (for more details see Table 2 and Table 3 ) comparing differences in the study outcomes from baseline to post-intervention revealed that the EG significantly reduced depressive symptomatology assessed through the GDS-10 ( Z = −2.27, p = 0.023), and risk of fall measured based on the gait and balance subtests from the Tinetti Test (Z = −2.61, p = 0.009), and the gait speed",,,
PMC6889427,31791364.0,10.1186/s12966-019-0855-9,Individualized home-based exercise and nutrition interventions improve frailty in older adults: a randomized controlled trial.,2019.0,The international journal of behavioral nutrition and physical activity,https://pubmed.ncbi.nlm.nih.gov/31791364/,original_high_confidence,nutrition_only,Individualized home-based exercise and nutrition interventions improve frailty in older adults: a randomized controlled trial,include_secondary_setting,Frailty RCT but setting likely hospital/residential or mixed,yes,yes,no,yes,yes,yes,yes,no,yes,yes,yes,frailty;gait_speed;grip_strength;adl;falls;quality_of_life;adherence;adverse_events,27 PMC6889427.1 6889427 6889427 31791364 10.1186/s12966-019-0855-9 855 1 Research Individualized home-based exercise and nutrition interventions improve frailty in older adults: a randomized controlled trial Hsieh Tsung-Jen tjhsieh@nhri.edu.tw 1 Su Shin-Chang maxmax0220@hotmail.com 2 Chen Chun-Wei chunwei.peter@gmail.com 3 Kang Yaw-Wen castle.kang@gmail.com 4 Hu Ming-,Int J Behav Nutr Phys Act Int J Behav Nutr Phys Act 243 ijbenutr The International Journal of Behavioral Nutrition and Physical Activity 1479-5868 BMC PMC6889427 PMC6889427.1 6889427 6889427 31791364 10.1186/s12966-019-0855-9 855 1 Research Individualized home-based exercise and nutrition inte,"95% CI: − 0.46, − 0.11; p = 0.002), and combination (− 0.34; 95% CI: − 0.52, − 0.16; p < 0.001) groups exhibited significantly greater improvements in the frailty scores than the control group. Significant improvements were also observed in several physical performance parameters in the exercise, nutrition, and combination groups, as well as in the 12-Item Short Form He","Results At the 6-month measurement, the exercise (difference in frailty score change from baseline: − 0.23; 95% confidence interval [CI]: − 0.41, − 0.05; p = 0.012), nutrition (− 0.28; 95% CI: − 0.46, − 0.11; p = 0.002), and combination (− 0.34; 95% CI: − 0.52, − 0.16; p < 0.001) groups exhibited significantly greater improvements in the frailty scores than the control group. Significant improvements were also observed in several physical performance parameters in the exercise, nutrition, and combination groups, as well as in the 12-Item Short Form Health Survey mental component summary score for the nutrition group.
Results Among the 1160 invited older adults, 737 (63.6%) refused to participate before assessing eligibility, 84 (7.2%) were ineligible, 20 eligible subjects (1.7%) dropped out in the run-in period, and an overall 319 (27.5%) eligible subjects agreed to participate and were randomized into four designated groups (as shown in Fig. 1 ). The compliance rates of follow-up assessment were 87, 80, and 78% for the 1-month, 3-month, and 6-month follow-ups, respectively. The mean age of study participants was 71.6 ± 5.7 years, and 39.8% of the participants were women. The prevalence rates of pre-frail older adults among the four designated groups were within 86.1–93.5% and the prevalence rates of frail older adults among the four designated groups were within 6.5–13.9%. Baseline demographics and health-related characteristics of the study participants in the four designated groups are shown in Table 1 . No statistically significant differences were observed in most variables, except for lower body flexibility, lower extremity strength, and the prevalence rate of diabetes mellitus. Fig. 1 Flow chart of study participants in the frailty intervention randomized control",,,
PMC7015250,31997543.0,10.1002/jcsm.12504,Comprehensive geriatric intervention in community-dwelling older adults: a cluster-randomized controlled trial.,2020.0,"Journal of cachexia, sarcopenia and muscle",https://pubmed.ncbi.nlm.nih.gov/31997543/,original_high_confidence,multidomain_exercise_nutrition,Comprehensive geriatric intervention in community‐dwelling older adults: a cluster‐randomized controlled trial,exclude,Protocol/review signal in full-text-mined fields,yes,yes,yes,yes,yes,yes,yes,yes,yes,yes,yes,frailty;gait_speed;grip_strength;adl;falls;quality_of_life;adherence;adverse_events,15250 31997543 10.1002/jcsm.12504 JCSM12504 JCSM-D-19-00074 1 Original Article Original Articles Comprehensive geriatric intervention in community‐dwelling older adults: a cluster‐randomized controlled trial Comprehensive geriatric intervention in older adults Y. Watanabe et al . Watanabe Yuya https://orcid.org/0000-0003-3970-1202 1 2 3 4 yuwatana@mail.doshisha.ac.jp,190-5991 2190-6009 Wiley PMC7015250 PMC7015250.1 7015250 7015250 31997543 10.1002/jcsm.12504 JCSM12504 JCSM-D-19-00074 1 Original Article Original Articles Comprehensive geriatric intervention in community‐dwelling older adults: a cluster‐randomized controlled trial Comprehensive geriatric intervention in older adults Y. Watanabe et al . Watanabe Yuya https://orcid.org/,"ion in this study may have additionally contributed to improvements in physical function and lower‐limb muscle size. There were some limitations to this study. First, there was no control group. Owing to the absence of a non‐intervention group, we cannot conclude that physical function did not improve simply as a result of being enrolled in this study. Second, it is note","Results Of the 526 participants identified, 517 (CS 243 age 74.0 ± 5.4 women 57.2%, HB 274 age 74.0 ± 5.6 women 58.8%) were enrolled. Nine (CS 8, HB 1) were excluded from the analysis because they did not participate in the pre‐intervention measurements. Both interventions significantly improved KES (CS 18.5%, HB 10.6%), normal walking speed (CS 3.7%, HB 2.8%), and MT (CS 3.2%, HB 3.5%). Greater improvement of KES was observed in the CS group ( P = 0.003). Maximum walking speed (CS 4.7%, HB 1.8%; P = 0.001) and timed up‐and‐go (CS −4.7%, HB −0.2%; P < 0.001) significantly improved in the CS group only.
Results Of 526 older adults identified, 517 (CS 243, HB 274) were enrolled ( Figure 2 ). Demographic status based on baseline mail survey 26 in both groups is described in Table 1 . There were significant more people who took medicine in the CS group than the HB group ( P = 0.032). Some self‐reported diseases such as diabetes ( P = 0.004), osteoporosis and arthropathy ( P = 0.012) were significantly higher in the CS group compared with the HB group. Nine (CS 8, HB 1) did not participate in the physical function measurements before the intervention and were excluded from the analysis. There were no changes in methods such as eligibility criteria after trial commencement. No significant harms, unintended side effects, or health‐related problems reported by the participants in the intervention programme were observed throughout the whole intervention period, although a few participants had exercise‐induced muscle pain in the early weeks of the programme. Table 1 Baseline characteristics of health‐related variables CS ( n = 251) HB ( n = 275) P ‐value Variables N N Education attainment (y) 227 12.3 ± 2.6 250 12.2 ± 2.6 0.754 Lives alone (%) 239 25 (10.5) 261 27 (10.3) 0.632 P",,,
PMC7155349,32300691.0,10.22540/JFSF-03-026,Breaking sedentary behaviour has the potential to increase/ maintain function in frail older adults.,2018.0,"Journal of frailty, sarcopenia and falls",https://pubmed.ncbi.nlm.nih.gov/32300691/,original_high_confidence,exercise_only,Breaking sedentary behaviour has the potential to increase/ maintain function in frail older adults,defer_second_reviewer,Comparator not clearly confirmed from mined fields,yes,yes,no,yes,yes,no,yes,no,yes,no,yes,frailty;gait_speed;adl;falls;quality_of_life;adverse_events,"viour (SB) reduction intervention (Stomp Out (Prolonged) Sitting (SOS)) in frail older adults. Methods: Participants (>65years) were recruited from sheltered housing complexes and randomized into 2 groups. On weeks 2, 6 and 10 both groups had face-to-face 40min motivational sessions, including feedback on physical function and SB. One group had the addition of real-ti",d under Creative Commons Attribution NonCommercial - ShareAlike 4.0 International Objectives: This pilot study aimed to evaluate the effect of a sedentary behaviour (SB) reduction intervention (Stomp Out (Prolonged) Sitting (SOS)) in frail older adults. Methods: Participants (>65years) were recruited from sheltered housing complexes and randomized into 2 groups. On week,,"Results: Twenty-three participants started the SOS intervention. Health issues led to high attrition in this frail population. TUG (4 seconds faster) and STS (>2 rises more in 30 seconds) scores improved significantly in both groups. There were no significant changes in SB parameters.
Results Recruitment & retention of participants Recruitment was difficult and retention was low, reflecting the frailty of the older adults recruited in the study. As can be seen from [ Figure 1 ], there were 2 phases of recruitment and the most common reason for withdrawal was participants’ health status. Figure 1 Consort Diagram for SOS Study. Descriptive statistics Twenty-three participants (17 female; mean age: 78.8±8.1; 12 VT group) were recruited and started week 1 ( Figure 1 ). The majority of participants were female and despite randomization there were baseline differences in the groups ( Table 2 ). The average waking day recording period was 14.0±0.2 hrs, this correlated well with the finding of the baseline sleep diaries (mean sleep reported=9.5±0.9 hrs, therefore 14.5 hrs remain as the waking period, N=15). Thirteen participants remained to the end of the study (one without AP monitor), representing 56.5% retention. Table 2 Descriptive statistics at baseline. Baseline Test VT Group N AP Group N Sex (% female) 67 12 67 11 Age (years, Mean (SD)) 74.0±6.1 12 83.2±7.7 11 BMI (kg/m 2 , Mean (SD)) 28.3±7.2 11 26.3±4.9 10 No. of Medications 5.3 †† 12 6.5 †† 11 No. educated >HS 3 12 0 11 Timed Up & Go (sec, Mean (SD)) 26.6±7.1 †† 11 29.8±16.1 †† 5 Employed 0 12 0 11 EuroQoL(score/5) † 1.6 12 1.5 11 >1 Fall /last year (%) 50 †† 12 63.6 †† 11 Widow (%) 16.7 12 54.5 11 Single (%) 16.7 12 36.4 11 Divorced (%) 33.3 12 0 11 Married (%) 33.3 12 9.1 11 † = The European Quality of Life Question",,,
PMC7203790,32375700.0,10.1186/s12877-020-01572-1,Sensor-based characterization of daily walking: a new paradigm in pre-frailty/frailty assessment.,2020.0,BMC geriatrics,https://pubmed.ncbi.nlm.nih.gov/32375700/,original_high_confidence,exercise_only,Sensor-based characterization of daily walking: a new paradigm in pre-frailty/frailty assessment,exclude,Randomized design not confirmed in mined full-text fields,no,yes,no,yes,yes,no,yes,no,no,no,yes,frailty;gait_speed;grip_strength;adl;falls;adherence,,"al. developed a frailty index based on impairments in cognitive status, mood, motivation, communication, mobility, balance, bowel and bladder function, activities of daily living, nutrition, social resources and number of comorbidities [ 13 ]; Mitnitski et al. constructed a frailty index based on 20 deficits as observed in a structural clinical examination based on t",,"Results One hundred twenty-six older adults (44 non-frail, 60 pre-frail, and 22 frail, based on the Fried index) were recruited. Step- and stride-times, frequency domain gait variability, and continuous walking quantitative measures were significantly different between non-frail and pre-frail/frail groups ( p < 0.05). Among the five different durations (20s, 30s, 40s, 50s and 60s), gait performance parameters extracted from 60s continuous walks provided the best frailty assessment results. Using the 60s gait performance parameters in the logistic model, pre-frail/frail group (vs. non-frail) was identified with 76.8% sensitivity and 80% specificity.
Results Demographic and clinical measures The study involved a total of 126 participants, among whom 44 were non-frail, 60 were pre-frail and 22 were frail according to the Fried frailty criteria [ 2 ]. Table 2 shows demographic and clinical characteristics. Pre-frail/frail participants were significantly older than non-frail participants, used assistive devices more frequently, had higher BMI, perceived tiredness, and fear of falling score ( p < 0.05) and lower performance scores in ADL ( p < 0.05). Table 2 Demographic and clinical characteristics Characteristics Non-frail (N) ( n = 44) Pre-frail/Frail (P/F) ( n = 82) p -value N vs P/F Age (years) 74.6 ± 6.5 81.2 ± 8.6 < 0.001 Height (cm) 161.7 ± 6.9 161.3 ± 9.5 0.797 Weight (kg) 67.2 ± 12.8 76.0 ± 18.1 0.005 Body mass index 25.7 ± 4.5 29.2 ± 6.5 0.002 Gender 0.190 Male 6 (13.6) 19 (23.2) Female 38 (86.4) 63 (76.8) History of falls 13 (29.5) 37 (45.1) 0.085 Falls Efficacy Scale - International 20.8 ± 4.2 31.3 ± 11.6 < 0.001 Use of assistive devices 4 (9.1) 41 (50.0) < 0.001 Mobility-tiredness scale 5.6 ± 0.8 4.1 ± 1.8 < 0.001 MMSE 29.2 ± 1.1 28.6 ± 1.6 0.060 CES-D 6.6 ± 5.7 ",,,
PMC7296266,32134208.0,10.1002/jcsm.12534,"Efficacy of multidomain interventions to improve physical frailty, depression and cognition: data from cluster-randomized controlled trials.",2020.0,"Journal of cachexia, sarcopenia and muscle",https://pubmed.ncbi.nlm.nih.gov/32134208/,original_high_confidence,multidomain_exercise_nutrition,"Efficacy of multidomain interventions to improve physical frailty, depression and cognition: data from cluster‐randomized controlled trials",include_secondary_disease_specific,Frailty RCT but disease-specific population,yes,yes,no,yes,yes,yes,yes,no,yes,no,yes,frailty;gait_speed;grip_strength;adl;falls;quality_of_life;adherence;adverse_events,"12534 JCSM12534 JCSM-D-19-00310 1 Original Article Original Articles Efficacy of multidomain interventions to improve physical frailty, depression and cognition: data from cluster‐randomized controlled trials Multimodal prevention of frailty and cognitive impairment L.‐K. Chen et al . Chen Liang‐Kung https://orcid.org/0000-0002-2387-8508 1 2 3 lkchen2@vghtpe.gov.tw Hw","190-5991 2190-6009 Wiley PMC7296266 PMC7296266.1 7296266 7296266 32134208 10.1002/jcsm.12534 JCSM12534 JCSM-D-19-00310 1 Original Article Original Articles Efficacy of multidomain interventions to improve physical frailty, depression and cognition: data from cluster‐randomized controlled trials Multimodal prevention of frailty and cognitive impairment L.‐K. Chen et al .","utcomes used a random number sequence generated by Excel 2013 (Microsoft, Redmond, WA, USA) to allocate participants in clusters, by simple direct sampling, 1:1 to intervention or control groups. Opaque sealed envelopes were used to conceal the interventions allocated from participants and assessors. Figure 1 Efficacy and Empowerment Studies : participant selection, rand","Results Efficacy Study participants ( n = 1082, 40 clusters) were 75.1 ± 6.3 years old, 68.7% women, and 64.7% prefrail/frail; analytic clusters: 19 intervention (410/549 completed) vs. 21 control (375/533 completed). Empowerment Study participants ( n = 440, 14 clusters) were 75.9 ± 7.1 years old, 83.6% women, and 56.7% prefrail/frail; analytic clusters: seven intervention (209/230 completed) vs. seven control (189/210 completed). The standard and enhanced multidomain interventions both reduced frailty and significantly improved aspects of physical, functional, and cognitive performance, especially among ≥75‐year‐olds. Standard multidomain intervention decreased depression [odds ratio 0.56, 95% confidence interval (CI) 0.32, 0.99] and malnutrition (odds ratio 0.45, 95% CI 0.26, 0.78) by 12 months and improved concentration at Months 6 (0.23, 95% CI 0.04, 0.42) and 12 (0.46, 95% CI 0.22, 0.70). Participant empowerment augmented activity (4.67 MET/h, 95% CI 1.64, 7.69) and gait speed (0.06 m/s, 95% CI 0.00, 0.11) at 6 months, with sustained improvements in delayed recall (0.63, 95% CI 0.20, 1.06) and MoCA performance (1.29, 95% CI 0.54, 2.03), and less prevalent malnutrition (odds ratio 0.39, 95% CI 0.18, 0.84), 3 months after the intervention ceased.
Results Participant disposition and characteristics Between 12 February 2014 and 5 May 2016, 1907 people ≥65 years old from 54 community center/neighborhood clusters across five regions of Taiwan were screened for participation in two complementary studies; 1522 (79.8%), all Chinese/Taiwanese, fulfilled eligibility criteria and consented to enroll ( Figure 1 ). The Efficacy Study assigned 19 clusters (549 participants) to receive multidomain intervention and 21 clusters (533 participants) to conventional health education. T",,,
PMC7312630,32466446.0,10.3390/ijerph17113760,Multicomponent Exercise Program Reduces Frailty and Inflammatory Biomarkers and Improves Physical Performance in Community-Dwelling Older Adults: A Randomized Controlled Trial.,2020.0,International journal of environmental research and public health,https://pubmed.ncbi.nlm.nih.gov/32466446/,original_high_confidence,exercise_plus_nutrition,Multicomponent Exercise Program Reduces Frailty and Inflammatory Biomarkers and Improves Physical Performance in Community-Dwelling Older Adults: A Randomized Controlled Trial,include_primary_accessible,Community/home/primary-care frailty RCT confirmed by mined full-text fields,yes,yes,no,yes,yes,yes,yes,no,no,no,yes,frailty;gait_speed;grip_strength;adl;falls;quality_of_life;adherence;adverse_events,13760 ijerph-17-03760 1 Article Multicomponent Exercise Program Reduces Frailty and Inflammatory Biomarkers and Improves Physical Performance in Community-Dwelling Older Adults: A Randomized Controlled Trial Sadjapong Uratcha 1 https://orcid.org/0000-0001-9023-2283 Yodkeeree Supachai 2 https://orcid.org/0000-0003-4283-7469 Sungkarat Somporn 3 https://orcid.org/0000-00,Health 1661-7827 1660-4601 Multidisciplinary Digital Publishing Institute (MDPI) PMC7312630 PMC7312630.1 7312630 7312630 32466446 10.3390/ijerph17113760 ijerph-17-03760 1 Article Multicomponent Exercise Program Reduces Frailty and Inflammatory Biomarkers and Improves Physical Performance in Community-Dwelling Older Adults: A Randomized Controlled Trial Sadjapong Uratcha,"ing an allocation concealment method, included 64 older adults (77.78 ± 7.24 years), were divided into two parallel groups using block randomization: an MCEP group ( n = 32) and a control group ( n = 32). The combined center- and home-based MCEP training consisted of chair aerobic, resistance, and balance, which was carried out 3 days per week for 24 weeks. A mixed model","3. Results 3.1. Baseline Descriptive Data The baseline characteristics of participants are presented in Table 2 . The demographic characteristics of participants between the MCEP and the control groups had no significant differences at baseline. The MCEP group attended a center based program based on an average of 34 of the 36 exercise sessions (94.4%) and home-based programs on average 21 of the 36 exercise sessions (57.5%). No study-related injuries or falls were reported (data not shown). 3.2. Changes in Physical Performance During the 24-Weeks Intervention Period Baseline and post-intervention (12 and 24 weeks) primary outcome data are presented in Table 3 and Figure 2 . Mixed model repeated measure ANOVA demonstrated significant interaction effects of group x time for balance variables as measured by Berg Balance Score (BBS) (p < 0.01) and Timed Up and Go (TUG) ( p < 0.01). Post hoc analyses revealed that the MCEP group < showed significant improvements in the BBS ( p < 0.01) and TUG ( p < 0.01) when compared to the control group and their baseline after both 12 and 24 weeks of the intervention. In the case of strength and endurance variables, the MCEP group showed greater improvements in strength (p = 0.03) and VO 2 Max ( p = 0.02) than the control group after 12 weeks of the intervention. However, there were no significant group x time interactions for these variables. 3.3. Changes in Frailty Score and HRQOL During the 24-Weeks Intervention Period Baseline and post-intervention (12 and 24 weeks) secondary outcome data are presented in Table 3 and Figure 2 . The mixed model repeated measure ANOVA revealed significant interaction effects of group x time for frailty score ( p < 0.01). Within-group analyses showed that the MCEP group had significantly decreased frail",,,
PMC7345634,32375239.0,10.3390/geriatrics5020029,"A Novel Exercise for Enhancing Visuospatial Ability in Older Adults with Frailty: Development, Feasibility, and Effectiveness.",2020.0,"Geriatrics (Basel, Switzerland)",https://pubmed.ncbi.nlm.nih.gov/32375239/,original_high_confidence,exercise_only,"A Novel Exercise for Enhancing Visuospatial Ability in Older Adults with Frailty: Development, Feasibility, and Effectiveness",exclude,Protocol/review signal in full-text-mined fields,yes,yes,no,yes,yes,no,yes,yes,yes,yes,no,frailty;gait_speed;grip_strength;adl;falls;adherence;adverse_events,"ons.org/licenses/by/4.0/ ). We aimed to develop a novel exercise to improve visuospatial ability and evaluate its feasibility and effectiveness in older adults with frailty. A non-randomized preliminary trial was conducted between June 2014 and March 2015. We recruited 35 adults with frailty (24 women), aged 66–92 years. Participants were assigned to either locomotive","cs 2308-3417 Multidisciplinary Digital Publishing Institute (MDPI) PMC7345634 PMC7345634.1 7345634 7345634 32375239 10.3390/geriatrics5020029 geriatrics-05-00029 1 Article A Novel Exercise for Enhancing Visuospatial Ability in Older Adults with Frailty: Development, Feasibility, and Effectiveness https://orcid.org/0000-0002-1969-5098 Nemoto Miyuki 1 * https://orcid.",,"3. Results The participant flow is illustrated in Figure 3 . A total of 22 candidates in the locomotive exercise group and 13 candidates in the visuospatial exercise group fulfilled the eligibility criteria and were enrolled. After 12 weeks, 17 (77.3%) of the locomotive exercise group and 11 (84.6%) of the visuospatial exercise group completed the post-intervention assessments. The reasons for missing assessments were mostly scheduling conflicts and medical reasons unrelated to this trial. The attendance rate was 83.8% (28.6%–100%) for the locomotive exercise group and 90.7% (64.3%–100%) for the visuospatial exercise group, with no significant difference in attendance between the two groups. Based on diary review, positive opinions included ‘it was fun like a puzzle’, ‘It was a program that would work for both the brain and the body’, ‘It was nice to enjoy it alone or in a group’, and ‘It was good that the difficulty gradually increased’. Negative opinions included ‘It was difficult to assemble cube according to the model photo’, and ‘I was tired with my brain’. Women tended to be slightly more alert than men. The program ended without injury or other adverse events. Table 1 shows the baseline characteristics. This study included 35 older adults with frailty (24 women), aged 66–92 years (80.1 [7.3] years). Weight and BMI were significantly smaller in the locomotive exercise group than in the visuospatial exercise group. More participants had low-back pain and knee pain in the visuospatial exercise group than in the locomotive exercise group. Cognitive functions were similar between the two groups. The MMSE score ranged from 22 to 30 points at baseline. Among the physical functions, usual gait speed was faster in the locomotive exercise group than the visuospatial exerci",,,
PMC7353446,32545408.0,10.3390/nu12061755,Nutrition and Sarcopenia-What Do We Know?,2020.0,Nutrients,https://pubmed.ncbi.nlm.nih.gov/32545408/,original_high_confidence,exercise_plus_nutrition,Nutrition and Sarcopenia—What Do We Know?,include_secondary_disease_specific,Frailty RCT but disease-specific population,yes,yes,yes,yes,yes,yes,yes,no,yes,no,no,frailty;gait_speed;sppb;grip_strength;quality_of_life;adherence,"been reviewed, along with their studied effects on the prevalence and incidence of sarcopenia, as well as their ability to preserve muscle mass and optimize physical performance. Randomized controlled trials appear to suggest a critical role for dietary intake of protein in preventing sarcopenia and muscle loss, although the optimal dose and type of protein is unknow","nutrients Nutrients 2072-6643 Multidisciplinary Digital Publishing Institute (MDPI) PMC7353446 PMC7353446.1 7353446 7353446 32545408 10.3390/nu12061755 nutrients-12-01755 1 Review Nutrition and Sarcopenia—What Do We Know? Ganapathy Aravinda 1 https://orcid.org/0000-0001-8593-343X Nieves Jeri W. 1 2 3 * 1 Institute of Human Nutrition, Columbia University, New York, NY","penia, supplementation for 12 weeks was given as 10 g whey protein along with 800 IU vitamin D with or without a program of resistance exercise as compared to exercise alone and a control group. In this study, the combination of exercise and whey protein improved appendicular muscle mass in sarcopenic adults, but not those with normal muscle mass but reduced muscle stren",,,,
PMC7373606,32702879.0,10.1097/MD.0000000000021187,Effects of concurrent aerobic and resistance exercise in frail and pre-frail older adults: A randomized trial of supervised versus home-based programs.,2020.0,Medicine,https://pubmed.ncbi.nlm.nih.gov/32702879/,original_high_confidence,exercise_only,Effects of concurrent aerobic and resistance exercise in frail and pre-frail older adults,include_primary_accessible,Community/home/primary-care frailty RCT confirmed by mined full-text fields,yes,yes,no,yes,yes,yes,yes,no,no,yes,yes,frailty;gait_speed;grip_strength;adl;adherence;adverse_events,"000000000021187 MD-D-20-01216 1 4600 Research Article Clinical Trial/Experimental Study Effects of concurrent aerobic and resistance exercise in frail and pre-frail older adults A randomized trial of supervised versus home-based programs Meng Nai-Hsin MD a b Li Chia-Ing PhD b c Liu Chiu-Shong MPH, MD b d Lin Chih-Hsueh MD, PhD b d Chang Chin-Kai MD a Chang Heng-Wei MD","7373606 PMC7373606.1 7373606 7373606 32702879 10.1097/MD.0000000000021187 MD-D-20-01216 1 4600 Research Article Clinical Trial/Experimental Study Effects of concurrent aerobic and resistance exercise in frail and pre-frail older adults A randomized trial of supervised versus home-based programs Meng Nai-Hsin MD a b Li Chia-Ing PhD b c Liu Chiu-Shong MPH, MD b d Lin Ch","with gas analysis; 6MW test may underestimate the improvement of the cardiopulmonary endurance obtained via cycle ergometer training. Finally, the present study did not include a control group in which no exercise intervention was given. 5 Conclusion In the present study, the 3-month supervised concurrent resistance and endurance exercise program improved the strength o","Results: After 3 months of supervised or home-based exercise, the average number of frailty criteria met and fat percentage decreased significantly. Strength of knee extensors, knee flexors and leg press improved significantly in supervised exercise group. In home-based exercise group, the strength of all muscle groups tested improved significantly, except for leg press strength. Walking speed improved in both groups, and timed-up-and-go and timed chair rise tests improved significantly only in supervised exercise group.
3 Results 3.1 Participant characteristics The CONSORT flow diagram is presented in Supplemental Digital Content (Figure S1). Among the 146 participants, 74 were allocated to SEG and 72 to HEG. Twenty-three percent (17/74) of the participants in SEG did not take the 3-month follow up tests. Five of them dropped out because of various diseases or trauma which were not related to the exercise program, and the rest of them quitted because of motivational or logistic reasons. No adverse event of exercise was reported in SEG. The rate of attendance during the intervention was 74.4% in SEG. A total of 32% (23/72) of the participants in HEG disagreed to undertake the 3-month follow up tests. The two groups did not differ in terms of age, gender, baseline frail status, the baseline circumferences, as well as the muscle strength and functional performance test results, except for mean thigh circumference which was greater in SEG (Tables 1 and 2 ). The anthropometric data of the two groups are summarized in Table 2 . Table 1 Characteristics of both groups at baseline. Table 2 The anthropometric data of the participants at baseline and after 3 months of exercise. 3.2 Effects of intervention Compared with baseline conditions, a significantly decrease in fat percenta",,,
PMC7409695,32762725.0,10.1186/s12877-020-01668-8,Nutrition assessment and geriatric associated conditions among community dwelling Iranian elderly people.,2020.0,BMC geriatrics,https://pubmed.ncbi.nlm.nih.gov/32762725/,original_high_confidence,nutrition_only,Nutrition assessment and geriatric associated conditions among community dwelling Iranian elderly people,defer_second_reviewer,Comparator not clearly confirmed from mined fields,yes,yes,no,yes,yes,no,yes,no,no,no,yes,frailty;adl;falls;quality_of_life,"tudy has been aimed to describe the nutritional status and its related socioeconomic and geriatric factors in community-dwelling elders with malnutrition. Method For this study, a randomized sampling among people aged 60 has been done ( n = 326). Information on nutrition status (full MNA) and health information, like cognitive status (MMSE), daily functional status (A",BMC Geriatr BMC Geriatr 33 bmcgeri BMC Geriatrics 1471-2318 BMC PMC7409695 PMC7409695.1 7409695 7409695 32762725 10.1186/s12877-020-01668-8 1668 1 Research Article Nutrition assessment and geriatric associated conditions among community dwelling Iranian elderly people Bakhtiari Afsaneh afbakhtiari@gmail.com 1 pourali Mahbobeh pourali6551@gmail.com 2 h,,"Results 28.1% of the participants suffered from poor nutrition. In the binary analysis, low MNA scores were associated with increasing age, female gender, lower education level, financial dependence, solitary life, poor self-rated health, multiple physical disabilities and chronic disease, polypharmacy, smoking, functional and cognitive decrease and frailty. In the final model of the multivariate analysis, living alone (OR:1.249,CI:1.105–2.620), multiple physical disabilities (OR:2.183,CI:1.246 ± 3..250) and chronic disease (OR: 2.148,CI:1.167–2.879) were independently associated with malnutrition. Also financial independency (OR:0.625,CI:0.233–0.938), functional ability on ADL (OR:0.536,CI:0.327–0.976) and IADL (OR:0.319,CI:0.194–0.856), normal cognitive (OR:0.456,CI:0.293–0.934) and no frailty (OR:0.253,CI:0.117–0.729) independently were inversely associated with malnutrition. The model was adjusted for all socio- demographic and health variables that were significantly related in the previous models.
Results Participants’ nutritional status The study sample consisted of 115 elderly women and 211 men. Their mean age was 68.82 ± 7.15 years with the prevalence of malnutrition and risk of malnutrition 3.0 and 25.1%, respectively. Women’s nutritional status was considerably worse than men. Nutritional status and its related factors Personal characteristics` binary analyses are depicted on Table 1 . Individuals with higher age, female gender, more children, less income and life without spouse (living alone or with children) had poorer nutritional status ( p < 0.001). 46% of the participants who lived with their children were either malnourished or at risk of malnutrition, while it was lower in the elderly who lived alone (33.4%). Greater level of nutritional disorders was ",,,
PMC7545899,33032532.0,10.1186/s12877-020-01805-3,A physical activity program versus usual care in the management of quality of life for pre-frail older adults with chronic pain: randomized controlled trial.,2020.0,BMC geriatrics,https://pubmed.ncbi.nlm.nih.gov/33032532/,original_high_confidence,multicomponent_exercise,A physical activity program versus usual care in the management of quality of life for pre-frail older adults with chronic pain: randomized controlled trial,include_primary_accessible,Community/home/primary-care frailty RCT confirmed by mined full-text fields,yes,yes,no,yes,yes,yes,yes,no,no,yes,yes,frailty;gait_speed;sppb;grip_strength;adl;falls;quality_of_life;adverse_events,10.1186/s12877-020-01805-3 1805 1 Research Article A physical activity program versus usual care in the management of quality of life for pre-frail older adults with chronic pain: randomized controlled trial http://orcid.org/0000-0001-7028-1862 Otones Pedro pedro.otones@salud.madrid.org 1 García Eva 2 Sanz Teresa 3 4 Pedraz Azucena 2 1 grid.418921.7 0000 0001 2348 819,"n waiver ( http://creativecommons.org/publicdomain/zero/1.0/ ) applies to the data made available in this article, unless otherwise stated in a credit line to the data. Background Exercise has shown being effective for managing chronic pain and preventing frailty status in older adults but the effect of an exercise program in the quality of life of pre-frail older a",iatr 33 bmcgeri BMC Geriatrics 1471-2318 BMC PMC7545899 PMC7545899.1 7545899 7545899 33032532 10.1186/s12877-020-01805-3 1805 1 Research Article A physical activity program versus usual care in the management of quality of life for pre-frail older adults with chronic pain: randomized controlled trial http://orcid.org/0000-0001-7028-1862 Otones Pedro pedro.otones@salud,"Results The follow-up period (3 months) was completed by 32 patients (73%), 17 in the control group and 15 in the intervention group. Most participants were women (78.1%) with a mean age (standard deviation) of 77.2 (5.9) years and a mean pain intensity of 48.1 (24.4) mm. No relevant differences were found between groups at baseline. After the intervention, mean differences in the EuroQol Index Value between control and intervention groups were significant (− 0.19 95% CI(− 0.33- -0.04)) and remained after 3 months follow-up (− 0.21 95% CI(− 0.37- -0.05)). Participants in the exercise group showed better results in pain intensity and frailty after the intervention, and an improvement in physical performance after the intervention and after 3 months.
Results Participants’ demographic and clinical characteristics Fifty-nine pre-frail older adults with chronic pain were invited to participate in the study. Fifteen patients refused to participate and 44 were randomly assigned to the control or intervention group. Finally, 32 participants finished the randomized controlled trial and were analysed, this was the result of a loss of participants in both groups during the 3 months follow-up due to not being able to come to the intervention (intervention group, n = 5), not coming to follow-up (control group, n = 5), hospitalisation (intervention group, n = 1) and illness of a relative (intervention group, n = 1) (Fig. 1 ). Fig. 1 CONSORT flow diagram Participants had a mean (Standard Deviation, SD) age of 77.2 (5.9) years and a mean (SD) pain intensity of 48.1 (24.4) mm. There were a majority of women, 78.1 and 21.9% were men. No statistically significant differences were found between control group and intervention group excluding mean age of intervention group participants, whic",,,
PMC7874375,32114877.0,10.1177/0733464820902652,"The Otago Exercise Program With or Without Motivational Interviewing for Community-Dwelling Older Adults: A 12-Month Follow-Up of a Randomized, Controlled Trial.",2021.0,Journal of applied gerontology : the official journal of the Southern Gerontological Society,https://pubmed.ncbi.nlm.nih.gov/32114877/,original_high_confidence,exercise_only,"The Otago Exercise Program With or Without Motivational Interviewing for Community-Dwelling Older Adults: A 12-Month Follow-Up of a Randomized, Controlled Trial",exclude,Protocol/review signal in full-text-mined fields,yes,yes,no,yes,yes,yes,yes,yes,no,no,yes,frailty;gait_speed;sppb;grip_strength;adl;falls;quality_of_life;adherence;adverse_events,"52 10.1177_0733464820902652 1 Physical Activity The Otago Exercise Program With or Without Motivational Interviewing for Community-Dwelling Older Adults: A 12-Month Follow-Up of a Randomized, Controlled Trial https://orcid.org/0000-0003-0527-0627 Tuvemo Johnson Susanna 1 Anens Elisabeth 1 Johansson Ann-Christin 2 Hellström Karin 1 1 Uppsala University, Sweden 2 Mälard","ection-domain yes pmc-collection-title Sage Choice PMC7874375 PMC7874375.1 7874375 7874375 32114877 10.1177/0733464820902652 10.1177_0733464820902652 1 Physical Activity The Otago Exercise Program With or Without Motivational Interviewing for Community-Dwelling Older Adults: A 12-Month Follow-Up of a Randomized, Controlled Trial https://orcid.org/0000-0003-0527-0627","ople 75 years and older who needed walking aids and/or home help service. In total, 175 participants were randomized into three groups: OEP ( n = 61), OEP with MI ( n = 58), and a control group ( n = 56) ( M age = 83 years). Measures were physical performance, physical activity level, balance, grip strength, fall-related self-efficacy, fall rate, and fall injury rate. Th","Results A total of 175 participants were enrolled. No significant baseline differences were observed among the three groups, the OEP ( n = 61), OEP + MI ( n = 58), and control ( n = 56), in any of the measures presented in Table 1 . Of the participants, 48 individuals (79%) in the OEP group, 48 individuals (83%) in the OEP + MI group, and 53 individuals (95%) in the control group completed the follow-up at 12 months ( Figure 1 ). No significant differences were found in any of the baseline measures between those who were lost to follow-up and those who completed the 12-month follow-up. Of the remaining 96 participants in the two intervention groups, 62 individuals (65%) met the PP criteria (OEP, n = 29 and OEP + MI, n = 33) of 208 exercise sessions including walks (two walks plus two exercise sessions per week) over the 12-month period. Three home-exercise sessions per week were achieved by 13 participants in the OEP group (21% of allocated) and by 13 participants in the OEP + MI group (22% of allocated), and a frequency of three exercise sessions + three walks per week were achieved by nine participants in each of the intervention groups. Further information regarding adherence data related to this study has been analyzed and presented earlier ( Arkkukangas et al., 2018 ). Table 1. Baseline Characteristics and Baseline Test Outcomes of the Study Participants: n = 175, Numbers and (%), Outcomes, M (SD) / median [IQR] . Characteristics OEP ( n = 61) OEP + MI ( n = 58) Control ( n = 56) Total ( N = 175) Age, years 83.4 (5.0) 83.7 (4.1) 82.3 (4.7) 83 (4.7) Women/men 41/20 (67.2/32.8) 40/18 (69.0/31.0) 41/15 (73.2/26.8) 122/53 (69.7/30.3) Highest level of education Elementary or junior secondary high/girls’ school 37 (60.7) 29 (50.0) 35 (62.5) 101 (57.7) Upper secondary sch",,,
PMC7912527,33513714.0,10.3390/md19020062,Limited Benefit of Marine Protein Hydrolysate on Physical Function and Strength in Older Adults: A Randomized Controlled Trial.,2021.0,Marine drugs,https://pubmed.ncbi.nlm.nih.gov/33513714/,original_high_confidence,exercise_plus_nutrition,Limited Benefit of Marine Protein Hydrolysate on Physical Function and Strength in Older Adults: A Randomized Controlled Trial,defer_second_reviewer,Eligibility plausible but frailty/setting classification needs second review,yes,no,no,yes,yes,yes,yes,no,yes,no,no,frailty;gait_speed;sppb;grip_strength;falls;quality_of_life;adherence;adverse_events,527.1 7912527 7912527 33513714 10.3390/md19020062 marinedrugs-19-00062 1 Article Limited Benefit of Marine Protein Hydrolysate on Physical Function and Strength in Older Adults: A Randomized Controlled Trial https://orcid.org/0000-0002-6317-5516 Nygård Linda Kornstad 1 * https://orcid.org/0000-0001-7716-7122 Mundal Ingunn 1 2 https://orcid.org/0000-0001-9453-9821 Dahl,Multidisciplinary Digital Publishing Institute (MDPI) PMC7912527 PMC7912527.1 7912527 7912527 33513714 10.3390/md19020062 marinedrugs-19-00062 1 Article Limited Benefit of Marine Protein Hydrolysate on Physical Function and Strength in Older Adults: A Randomized Controlled Trial https://orcid.org/0000-0002-6317-5516 Nygård Linda Kornstad 1 * https://orcid.org/0000,"a supplement of marine protein hydrolysate (MPH) on measures of physical function and strength. Eighty-six older adults received nutritional supplements containing 3 g of MPH or a placebo for up to 12 months. Short Physical Performance Battery (SPPB), grip strength and gait speed were measured, and dietary intake was registered at baseline, 6 months, and 12 months.","2. Results The mean age of the participants in this study was 72.7 (SD 8.2) years: 72.5 (SD 8.3) and 73.1 (SD 8.2) years in women and men, respectively. Forty participants (46.5%) had higher education, and 30 participants (34.9%) lived alone. Forty-two participants (48.8%) reported that they performed strength exercises at least once a week, and 45 participants (52.3%) reported being physically active daily. The mean protein intake was 71.8 g (SD 23.6) and 83.7 g (SD 19.0), corresponding to 1.1 g/kg BW (SD 0.4) and 1.0 g/kg BW (SD 0.2) in women and men, respectively. Energy intake was 1728 kcal (SD 542) in women and 1958 kcal (SD 498) in men. The mean baseline values of SPPB were 10.5 points (SD 2.4): 10.3 points (SD 2.6) and 11.0 points (SD 1.8) in women and men, respectively. The top SPPB score of 12 points was reached by 44 participants (51.2%). The mean baseline value of grip strength was 33.0 kg (SD 11.6): 26.7 kg (SD 6.7) and 45.5 kg (SD 8.4) in women and men, respectively. Nine women (15.8%) had a grip strength <20 kg, and two men (6.9%) had a grip strength <30 kg. The mean baseline gait speed was 1.0m/s (SD 0.3) in both women and men. Characteristics of the participants in the intervention group and control group are shown in Table 1 , including intake of energy, protein, and seafood, levels of 25-hydroxy vitamin D, outcome measures of physical function, and compliance with intervention/control. At the 6-month follow-up, 26 participants reported gastrointestinal problems related to the tablets, in the form of increased gas or slight nausea, constipation or diarrhea. Further, 26 participants reported some difficulties swallowing the tablets. However, these problems were apparent in both the intervention and control groups (gastrointestinal symptoms p = 0.64 and s",,,
PMC7913348,33546255.0,10.3390/ijerph18041396,Randomized Controlled Trial on the Effects of a Combined Intervention of Computerized Cognitive Training Preceded by Physical Exercise for Improving Frailty Status and Cognitive Function in Older Adults.,2021.0,International journal of environmental research and public health,https://pubmed.ncbi.nlm.nih.gov/33546255/,original_high_confidence,multidomain,Randomized Controlled Trial on the Effects of a Combined Intervention of Computerized Cognitive Training Preceded by Physical Exercise for Improving Frailty Status and Cognitive Function in Older Adults,include_primary_accessible,Community/home/primary-care frailty RCT confirmed by mined full-text fields,yes,yes,no,yes,yes,yes,yes,no,no,no,yes,frailty;gait_speed;quality_of_life,Health 1661-7827 1660-4601 Multidisciplinary Digital Publishing Institute (MDPI) PMC7913348 PMC7913348.1 7913348 7913348 33546255 10.3390/ijerph18041396 ijerph-18-01396 1 Article Randomized Controlled Trial on the Effects of a Combined Intervention of Computerized Cognitive Training Preceded by Physical Exercise for Improving Frailty Status and Cognitive Function in,lishing Institute (MDPI) PMC7913348 PMC7913348.1 7913348 7913348 33546255 10.3390/ijerph18041396 ijerph-18-01396 1 Article Randomized Controlled Trial on the Effects of a Combined Intervention of Computerized Cognitive Training Preceded by Physical Exercise for Improving Frailty Status and Cognitive Function in Older Adults https://orcid.org/0000-0001-7051-4689 Yu Ruby,"es (game 1-8). The games were also performed on a tablet. Please refer to Table 1 for details of games. 2.4.3. Video Watching + PE (Control) Group Participants randomized into the control group also visited the centers two times per week for 1.5 h (for 12 weeks), and performed a 1-h PE program (aerobic + resistance exercise) immediately followed by a 30-min session of vi","3. Results A total of 347 older adults aged 50 or older were randomly assigned into the multi-domain CCT + PE group ( n = 117), the two-domain CCT + PE group ( n = 116) and the control group ( n = 114). The characteristics of the participants at baseline within each group are presented in Table 2 . The mean age of the participants was 64.2 years, 85.6% were women and 68% were classified as pre-frail (data not shown). Comparison of the baseline characteristics did not show any statistical differences in age, sex, marital status, educational level, living arrangement, frailty levels and cognitive functions (RCS score, HKLLT-LT score, HKLLT-DRT score) between the groups, although FAB scores showed a difference (multi-domain CCT + PE, 14.5 ± 2.4, vs. two-domain CCT + PE, 15.6 ± 2.1, vs. control group, 14.7 ± 2.6, p < 0.01). At week 12, FRAIL scores significantly decreased in the multi- and two-domain CCT + PE groups (multi-domain CCT + PE, −0.4 ± 1.0, p < 0.001; two-domain CCT + PE, −0.4 ± 0.8, p < 0.001) but not in the control group. The differences between the groups were significant ( p < 0.05). Improvement in RCS scores were observed in both multi- and two-domain CCT + PE groups (multi-domain CCT + PE, 0.6 ± 2.0, p < 0.01; two-domain CCT + PE, 0.5 ± 1.8, p < 0.01), but not in the control group. Both HKTLL-TL and HKLLT-DRT scores increased in all study groups (all p < 0.01), but the increase was higher in the CCT + PE groups than in the control group ( p < 0.05). FAB scores also increased in all study groups (all p < 0.001), but the differences between the groups were not significant. ( Table 3 ). Sub-group analyses were performed to examine the training effects according to the baseline RCS values of the participants. Among those with RCS ≥ 8 ( n = 135), FRAIL score sig",,,
PMC7978459,33742266.0,10.1007/s11121-021-01221-y,Effectiveness of Community-Delivered Functional Power Training Program for Frail and Pre-frail Community-Dwelling Older Adults: a Randomized Controlled Study.,2021.0,Prevention science : the official journal of the Society for Prevention Research,https://pubmed.ncbi.nlm.nih.gov/33742266/,original_high_confidence,exercise_only,Effectiveness of Community-Delivered Functional Power Training Program for Frail and Pre-frail Community-Dwelling Older Adults: a Randomized Controlled Study,include_secondary_setting,Frailty RCT but setting likely hospital/residential or mixed,yes,yes,yes,yes,yes,yes,yes,no,yes,yes,yes,frailty;gait_speed;sppb;grip_strength;adl;falls;adherence;adverse_events,3742266 10.1007/s11121-021-01221-y 1221 2 Article Effectiveness of Community-Delivered Functional Power Training Program for Frail and Pre-frail Community-Dwelling Older Adults: a Randomized Controlled Study Tou Nien Xiang 1 http://orcid.org/0000-0002-7853-4112 Wee Shiou-Liang weeshiouliang@gmail.com 1 2 3 Seah Wei Ting 1 Ng Daniella Hui Min 1 Pang Benedict Wei Jun 1,ndomized controlled trial was conducted at four local senior activity centers in Singapore. Sixty-one community-dwelling older adults with low handgrip strength were randomized to intervention (IG) or control (CG) group. The IG underwent the FPT program (power and balance exercises using simple equipment) delivered by a community service provider. The 12-week program co,learance prior to exercise participation and excluded subjects who did not meet the medical criteria. Participants enrolled at each site were then randomly allocated to either the control group (CG) or the intervention group (IG) with a 1:1 allocation ratio based on computerized block randomization with randomly selected block sizes of 4 or 6. Participants were stratifie,"Results Figure 1 presents the study flow from screening to analyses. A total of 110 participants were screened for eligibility through partnership with four senior activity centers in this study, of which 61 were randomized into either the CG ( n = 31) or IG ( n = 30). In partnership with a fifth senior activity center, another 50 individuals were screened, 33 completed pre-participation medical examination, and 31 eligible signed informed consent on 4 Feb 2020. The first case of Coronavirus Disease 2019 (COVID-19) in Singapore was confirmed on 23 January 2020. We could not proceed with the study after health authority mandated suspension of all group senior activities with effect from 8 Feb 2020 and the decision was made in May 2020 (with suspension still in force) to close the study and perform analyses on the 61 participants from the four centers. Post hoc power analysis revealed that this sample size was adequate to detect effects of moderate size. Four participants in the CG and seven participants in the IG did not complete the study. Table 2 presents the descriptive characteristics of both CG and IG. No significant differences were found in baseline measures between the two groups. Fig. 1 Study flow diagram. ITT, intention-to-treat Table 2 Baseline characteristics of participants in both CG and IG Control group ( n = 30) Intervention group ( n = 27) p Age (years) 71.53 ± 7.99 72.07 ± 8.14 0.802 Gender, female 28 (93.3%) 25 (92.6%) 1.000 Housing, < 3 rooms apartment 17 (56.7%) 12 (44.4%) 0.448 BMI (kg/m 2 ) 23.45 ± 3.59 25.30 ± 5.44 0.141 WC (cm) 83.68 ± 11.00 86.41 ± 11.62 0.369 MMSE 26.30 ± 3.22 25.48 ± 2.87 0.315 PA (kcal/week) 3448.80 ± 2613.28 3835.37 ± 2410.26 0.564 Smoking history a 0.587 Current smoker 1 (3.3%) 0 (0.0%) Ex-smoker 3 (10.0%) 2 (7.4%) Non-smok",,,
PMC7990826,33583000.0,10.1007/s41999-020-00438-4,The sarcopenia and physical frailty in older people: multi-component treatment strategies (SPRINTT) project: description and feasibility of a nutrition intervention in community-dwelling older Europeans.,2021.0,European geriatric medicine,https://pubmed.ncbi.nlm.nih.gov/33583000/,original_high_confidence,exercise_plus_nutrition,The sarcopenia and physical frailty in older people: multi-component treatment strategies (SPRINTT) project: description and feasibility of a nutrition intervention in community-dwelling older Europeans,include_secondary_setting,Frailty RCT but setting likely hospital/residential or mixed,yes,yes,yes,yes,yes,yes,yes,no,yes,yes,yes,frailty;gait_speed;sppb;falls;quality_of_life;adherence,"opy of this licence, visit http://creativecommons.org/licenses/by/4.0/ . Aim To describe the methods and feasibility of the nutritional intervention carried out within the SPRINTT Randomized cotrolled trial. We also illustrate how nutrition interventionists identified participants at risk of malnutrition and the lessons learnt from the nutrition intervention. Findings",1999-020-00438-4 438 1 Research Paper The sarcopenia and physical frailty in older people: multi-component treatment strategies (SPRINTT) project: description and feasibility of a nutrition intervention in community-dwelling older Europeans http://orcid.org/0000-0001-5901-3584 Jyväkorpi S. K. satu.jyvakorpi@gery.fi 1 Ramel A. 2 Strandberg T. E. 1 3 Piotrowicz K. 4 Bł,"H Travison TG Reid KF Nutritional supplementation with physical activity improves muscle composition in mobility-limited older adults, The VIVE2 Study: a randomized, double-blind, placebo-controlled trial J Gerontol A Biol Sci Med Sci 2017 73 95 101 10.1093/gerona/glx141 28977347 PMC6555188 16. Mori H Tokuda Y Effect of whey protein supplementation after resistance","Findings SPRINTT nutrition intervention was well-received by the majority of the participants. It was mainly carried out using tailored nutrition counselling, but also other means of delivering the intervention were successfully used. Compared with a standard nutrition prescription, an individualized protocol to diagnose malnutrition and follow-up by tailored nutrition counselling helped achieve nutritional targets more effectively in spite of diversity of population in nutritional habits and in some cases reluctance to accept changes.
Results Nutrition interventionists from all study sites responded to the survey. All responders found that the SPRINTT nutrition intervention was feasible for the target population, and it was well received by the majority. The identification of participants at nutritional risk was accomplished by combining information from interviews, questionnaires, clinical and laboratory data. Although the nutrition intervention was mainly carried out using individual nutritional counselling, other assisting methods were used as appropriate.
Results All of the SPRINTT nutrition interventionists responded to the survey. All responders considered the SPRINTT nutrition intervention feasible for the target population and well received by the majority of the participants. Identification of SPRINTT participants at nutritional risk Participants at nutritional risk were identified by combining information from questionnaires, clinical assessments, and biomarker data presented in Table 2 . Three-day food diaries, body weight or body mass index (BMI) and the Mini Nutritional Assessment (MNA) were used by more than 80% of nutrition interventionists. In addition, they used check lists and nutrition anamnesis, and carried out nutritional interviews (oral and quest",,,
PMC8086796,33937294.0,10.3389/fmed.2021.660463,"Possible Sarcopenia and Impact of Dual-Task Exercise on Gait Speed, Handgrip Strength, Falls, and Perceived Health.",2021.0,Frontiers in medicine,https://pubmed.ncbi.nlm.nih.gov/33937294/,original_high_confidence,exercise_plus_nutrition,"Possible Sarcopenia and Impact of Dual-Task Exercise on Gait Speed, Handgrip Strength, Falls, and Perceived Health",include_secondary_setting,Frailty RCT but setting likely hospital/residential or mixed,yes,yes,yes,yes,yes,yes,yes,no,yes,yes,yes,frailty;gait_speed;sppb;grip_strength;adl;falls;quality_of_life,"gait speed, SPPB score, and reducing the prevalence of poor HGS with significant improvement in perceived health, cognition, and reduction in falls and frailty. Future prospective randomized control trials are needed to evaluate the effectiveness of dual-task interventions in reversing sarcopenia. sarcopenia grip strength gait speed dual-task exercise frailty perceive","ine 2296-858X Frontiers Media SA PMC8086796 PMC8086796.1 8086796 8086796 33937294 10.3389/fmed.2021.660463 1 Medicine Original Research Possible Sarcopenia and Impact of Dual-Task Exercise on Gait Speed, Handgrip Strength, Falls, and Perceived Health Merchant Reshma Aziz 1 2 * Chan Yiong Huak 3 Hui Richard Jor Yeong 4 Lim Jia Yi 2 Kwek Sing Cheer 4 Seetharaman Santh","festyle. Possible sarcopenia was defined as either having poor HGS or SG (<1 m/s) according to the Asian Working Group for Sarcopenia recommendations ( 17 ). Both the Exercise and Control groups had baseline assessments at 0 and 3 months. Ethics approval was obtained from Domain-Specific Review Board of National Healthcare Group, Singapore. All participants provided writ","Results A total of 111 participants with either poor HGS or SG, participated in the HAPPY Program and completed assessment at 3rd month ( Figure 1 ). The mean age of the Exercise group was 75.9 years old and 73.0% were women. The participants attended an average of 13 sessions over 3 months. Data of 40 participants recruited from the primary care practices with either HGS or SG, and did not participate in any intervention was used as “Control”. Comparison of baseline characteristics between the Exercise and Control groups are shown in Table 1 . The Exercise group had more female (73.0 vs. 47.5%), were older (75.9 vs. 72.5years old), had higher prevalence of fall (32.4 vs. 15.0%), lower BMI (23.7 vs. 25.8), and education (4.0 vs. 7.2 years) than the Control group. Prevalence of chronic conditions was however higher in the Control group where almost 3 in 4 had multi-morbidities, 84.6% had hyperlipidemia, and 46.2% had diabetes mellitus. Majority of the participants in the Control group were pre-frail (97.4%), had higher cognitive score, better balance (3.7 vs. 3.1), and greater HGS (22.2 vs. 19.6kg). Table 1 Baseline characteristics of participants in exercise and control groups. Exercise ( n = 111) Control ( n = 40) P -value Gender <0.01 Male 30 (27.0) 21 (52.5) Female 81 (73.0) 19 (47.5) Age, years 75.9 ± 7.3 72.5 ± 5.5 <0.01 Ethnicity <0.01 Chinese 105 (62.1) 30 (71.4) Malay 3 (42.9) 6 (85.7) Indian 3 (75.0) 4 (80.0) BMI, kg/m 2 23.7 ± 4.2 25.8 ± 4.3 <0.01 Education, years 4.0 ± 3.7 7.2 ± 3.8 <0.01 Exercise sessions attended, number 13 ± 6 - At least 1 fall in past year 36 (32.4) 6 (15.0) 0.035 Fear of fall 83 (74.8) 31 (86.1) 0.073 Multi-morbidities, (At least two chronic conditions) 54 (48.6) 29 (74.4) <0.01 Hypertension 65 (58.6) 27 (69.2) 0.239 Hyperlipidemia 57 (5",,,
PMC8097036,33968874.0,10.3389/fpubh.2021.610184,Effectiveness of a Community-Based Muscle Strengthening Exercise Program to Increase Muscle Strength Among Pre-frail Older Persons in Malaysia: A Pilot Study.,2021.0,Frontiers in public health,https://pubmed.ncbi.nlm.nih.gov/33968874/,original_high_confidence,exercise_only,Effectiveness of a Community-Based Muscle Strengthening Exercise Program to Increase Muscle Strength Among Pre-frail Older Persons in Malaysia: A Pilot Study,defer_second_reviewer,Comparator not clearly confirmed from mined fields,yes,yes,no,yes,yes,no,yes,no,no,no,yes,frailty;gait_speed;sppb;grip_strength;falls;quality_of_life;adherence,intervention program among pre-frail older persons showed favorable trend toward improvement of upper and lower extremities muscle strength. This study should be further tested in randomized control trial to confirm its effectiveness. exercise muscle strength older persons community-dwelling pre-frail Universiti Putra Malaysia 10.13039/501100004530 pmc-status-qastatus,tiers Media SA PMC8097036 PMC8097036.1 8097036 8097036 33968874 10.3389/fpubh.2021.610184 1 Public Health Original Research Effectiveness of a Community-Based Muscle Strengthening Exercise Program to Increase Muscle Strength Among Pre-frail Older Persons in Malaysia: A Pilot Study Raja Adnan Raja Nurzatul Efah 1 * Mat Din Hazwan 1 Ashari Asmidawati 2 Minhat Halimatu,,"Results A total of 32 older persons aged 60 years or older with pre-frail symptoms were recruited from the community center. From a total of 36 participants who began the study at the baseline, 32 participants remained until the end of the study corresponding to 88.9% of adherence rate. The dropout cases were removed from the analysis. The mean age of the respondents was 66.8 ± 4.76SD. More than half (56.3%) of the participants were male. Approximately 47% of respondents had received secondary education followed by primary (37.5%) and tertiary (15.6%). A majority of them were married (93.8%) and never smoked (77.0%). As for comorbidity status, 21.9% had no disease, 37.5% had at least one disease, 15.6% presented with two diseases and 25.0% were burdened with up to three diseases. Participant characteristics is presented in Table 2 . Table 2 Characteristics of subjects and baseline comparison for timed up and go, Berg balance, sit-to-stand, and hand grip strength measurement. Study variable Number (%) Mean ± SD TUG BB STS HG Age 66.81 ± 4.76 a 0.10 b −0.18 b 0.13 b 0.14 b Gender Male 14 (43.7) 12.03 ± 3.82 52.14 ± 6.31 13.91 ± 2.88 26.21 ± 3.77 * Female 18 (56.3) 10.62 ± 2.28 53.17 ± 2.41 14.57 ± 3.13 15.33 ± 4.84 * Education level Primary 12 (37.5) 10.61 ± 3.33 52.08 ± 3.00 13.72 ± 3.95 20.54 ± 7.73 Secondary 15 (46.9) 11.73 ± 3.20 52.53 ± 5.89 14.92 ± 2.25 19.67 ± 5.93 Tertiary 5 (15.6) 11.31 ± 2.28 54.80 ± 1.79 13.76 ± 2.40 20.30 ± 9.50 Marital status Single 2 (6.2) 8.89 ± 0.70 53.50 ± 2.12 12.83 ± 0.09 11.25 ± 3.89 Married 30 (93.8) 11.40 ± 3.12 52.67 ± 4.62 14.38 ± 2.99 20.68 ± 6.78 Smoking status Never smoked 26 (77.0) 11.12 ± 2.66 53.35 ± 2.50 14.41 ± 2.88 18.62 ± 6.92 Ever smoked 6 (23.0) 11.79 ± 4.81 50.00 ± 9.10 13.74 ± 3.68 26.50 ± 1.64 Comorbidity 0 7 (21.9) ",,,
PMC8385532,34092633.0,10.3233/jad-201607,"Multidomain Intervention for Reversal of Cognitive Frailty, Towards a Personalized Approach (AGELESS Trial): Study Design.",2021.0,,https://europepmc.org/article/MED/34092633,expanded_accessible_search,multidomain,"Multidomain Intervention for Reversal of Cognitive Frailty, Towards a Personalized Approach (AGELESS Trial): Study Design",include_primary_accessible,Community/home/primary-care frailty RCT confirmed by mined full-text fields,yes,yes,no,yes,yes,yes,yes,no,no,no,yes,frailty;gait_speed;grip_strength;falls;quality_of_life;adherence;adverse_events,"factors influencing adherence toward this intensive intervention. Methods: A total of 1,000 community dwelling older adults, aged 60 years and above will be screened for CF. This randomized controlled trial involves recruitment of 330 older adults with CF from urban, semi-urban, and rural areas in Malaysia. Multidomain intervention comprised of physical, nutritional,","c-is-collection-domain yes pmc-collection-title IOS Press Open Library PMC8385532 PMC8385532.1 8385532 8385532 34092633 10.3233/JAD-201607 JAD201607 1 Research Article Multidomain Intervention for Reversal of Cognitive Frailty, Towards a Personalized Approach (AGELESS Trial): Study Design P. Ponvel et al. Multidomain Intervention for Reversal of Cognitive Frailty Ponvel","laysia. Multidomain intervention comprised of physical, nutritional, cognitive, and psychosocial aspects will be provided to participants in the experimental group ( n = 165). The control group ( n = 165) will continue their usual care with their physician. Primary outcomes include CF status, physical function, psychosocial and nutritional status as well as cognitive per",Results: The multidomain intervention developed from this trial is expected to be cost effective compared to usual care as well as able is to reverse CF.,,,
PMC8395892,34449605.0,10.3390/geriatrics6030072,Enhancement of Anticipatory Postural Adjustments by Virtual Reality in Older Adults with Cognitive and Motor Deficits: A Randomised Trial.,2021.0,"Geriatrics (Basel, Switzerland)",https://pubmed.ncbi.nlm.nih.gov/34449605/,original_high_confidence,exercise_only,Enhancement of Anticipatory Postural Adjustments by Virtual Reality in Older Adults with Cognitive and Motor Deficits: A Randomised Trial,include_secondary_setting,Frailty RCT but setting likely hospital/residential or mixed,yes,yes,no,yes,yes,yes,yes,no,no,yes,no,frailty;gait_speed;grip_strength;falls;adverse_events,05 10.3390/geriatrics6030072 geriatrics-06-00072 1 Article Enhancement of Anticipatory Postural Adjustments by Virtual Reality in Older Adults with Cognitive and Motor Deficits: A Randomised Trial Bourrelier Julien 1 Fautrelle Lilian 2 3 Haratyk Etienne 4 https://orcid.org/0000-0002-5518-9803 Manckoundia Patrick 1 5 Mérienne Frédéric 6 Mourey France 1 4 Kubicki Alexan,g arm movements and walking initiation and allowing an optimal coordination between posture and movement. Several studies reported the significant benefits of virtual reality (VR) exercises in frail older adults to decrease the anxiety of falling and to induce improvements in behavioural and cognitive abilities in rehabilitation processes. The aim of this study was,"ed to the use of a Nintendo Wii system. Methods: Frail older adults ( n = 37) were included in this study who were randomized and divided into a VR exercises group (VR group) or a control group using the Nintendo Wii system (CTRL group). Finally, 22 patients were included in the data treatment. APA were studied through muscular activation timings measured with electromyo","3. Results To achieve the main aim of this study, the effects of the virtual reality training were assessed by comparing the post-training phase results with those obtained in the pre-training phase. In relation to the finger reaction times, the ANOVA revealed no session (F(1,12) = 0.860, p = 0.37), no group (F(1,12) = 0.310, p = 0.59), and no interaction effects (F(1,12) < 0.01, p = 0.99) ( Figure 4 left column). Regarding the finger velocity peaks, the ANOVA revealed no group effect (F(1,12) = 1.63, p = 0.226), a significant session effect (F(1,12) = 12.67, p < 0.01, η 2 = 0.52), as well as a significant interaction of training group x session effect (F(1,12) = 19.79, p < 0.001, η 2 = 0.62) ( Figure 4 , right part). More precisely, the Tukey HSD post-hoc tests highlighted faster finger velocity peaks in the post-test phase solely for the VR group ( p < 0.001). Interestingly, the finger velocity peaks in the post-test phase were significantly faster in the VR group than in the CTRL group ( p < 0.01). Figure 5 shows the average activation timing of whole sequences in the pre- and post-test phase for the VR and the CTRL group. As previously mentioned, linear correlations were used as a measure of similarity and for comparison between groups and time points. During the pre-test session and for the 10 bilateral recorded muscles, no initiation time appeared before the finger movement onset. To compare these four average activation timing sequences, the correlation coefficient R between pairs of conditions were computed and the p -value was reported according to the Pearson’s Correlation Table. The average activation timing sequence in the pre-test phase between the VR and the CTRL group of the patients were strongly correlated (R = 0.98, p < 0.001). Only the sequence of the",,,
PMC8499414,34620081.0,10.1186/s11556-021-00273-x,Effectiveness of a community-delivered pneumatic machine resistance training programme (Gym Tonic) for older adults at neighbourhood senior centres - a randomized controlled trial.,2021.0,European review of aging and physical activity : official journal of the European Group for Research into Elderly and Physical Activity,https://pubmed.ncbi.nlm.nih.gov/34620081/,original_high_confidence,exercise_only,Effectiveness of a community-delivered pneumatic machine resistance training programme (Gym Tonic) for older adults at neighbourhood senior centres – a randomized controlled trial,include_primary_accessible,Community/home/primary-care frailty RCT confirmed by mined full-text fields,yes,yes,no,yes,yes,yes,yes,no,no,yes,yes,frailty;gait_speed;sppb;grip_strength;adl;falls;quality_of_life;adherence;adverse_events,73-x 273 1 Research Article Effectiveness of a community-delivered pneumatic machine resistance training programme (Gym Tonic) for older adults at neighbourhood senior centres – a randomized controlled trial Lee Shuen Yee 1 Goh Alycia 2 Tan Ken 2 Choo Pei Ling 1 3 Ong Peck Hoon 1 Wong Wai Pong 1 http://orcid.org/0000-0002-7853-4112 Wee Shiou-Liang weeshiouliang@gmail.,1813-7253 1861-6909 BMC PMC8499414 PMC8499414.1 8499414 8499414 34620081 10.1186/s11556-021-00273-x 273 1 Research Article Effectiveness of a community-delivered pneumatic machine resistance training programme (Gym Tonic) for older adults at neighbourhood senior centres – a randomized controlled trial Lee Shuen Yee 1 Goh Alycia 2 Tan Ken 2 Choo Pei Ling 1 3 Ong Peck H,"ree hundred eighteen community-dwelling older adults aged ≥65 years were randomized into 12-week (twice/week) coach-supervised-community-based-GT-programme( n = 168) and wait-list control groups( n = 150). After 12 weeks, the intervention group continued with GT-training and the control group received supervised-GT-programme for further 12 weeks (partial-crossover-design","Results After 12 weeks, lower-extremity muscle strength improved by 11–26%(all p < 0.05) and fast gait-speed improved by 7%( p = 0.008) in GT-intervention group( n = 132) than controls( n = 118), regardless of frailty status. Other physical function performance did not differ between control and intervention groups after 12 weeks (all p > 0.05). Frailty score improved by 0.5 in the intervention but not control group( p = 0.004). Within the intervention group, lower-extremity muscle strength and physical function outcomes improved at 24 weeks compared with baseline (all p < 0.001). Within controls, lower-extremity muscle strength, SPPB, repeated-chair-sit-to-stand and fast gait-speed improved post-GT (24-week) compared to both pre-GT (12-week) and baseline. Programme adherence was high in intervention [0–12-weeks,90%(SD,13%); 12–24-weeks,89%(SD,17%)] and control [12–24-weeks,90%(SD,19%)] groups.
Results Participant characteristics Three hundred eighteen participants were recruited and randomized into intervention ( n = 168) and wait-list control ( n = 150) groups. Prior to baseline measurement, 3(2%) and 22(15%) participants withdrew from the intervention and control groups respectively, due to unrelated medical conditions, lack of time or interest (Fig. 1 ). A total of 165 (75.8% women) and 128 (72.7% women) participants in the intervention and control groups completed baseline assessment respectively. From baseline to 12 weeks, 33(20%) participants from the intervention group and 10(8%) participants from the control group withdrew, due to unrelated medical conditions, transportation or commitment issues. After 12 weeks, 132 (77.3% women) and 118 (72.9% women) participants started and completed the GT intervention and control phase, respectively, and had outcome data fo",,,
PMC8581390,34351363.0,10.1093/ageing/afab149,Long-term effect of a 24-week multicomponent intervention on physical performance and frailty in community-dwelling older adults.,2021.0,Age and ageing,https://pubmed.ncbi.nlm.nih.gov/34351363/,original_high_confidence,exercise_plus_nutrition,Long-term effect of a 24-week multicomponent intervention on physical performance and frailty in community-dwelling older adults,exclude,Protocol/review signal in full-text-mined fields,yes,yes,yes,yes,yes,yes,yes,yes,no,no,yes,frailty;gait_speed;sppb;grip_strength;adl;falls;quality_of_life;adherence;adverse_events,"stract Introduction Multicomponent interventions improve physical function and frailty in older adults, but their long-term benefit remains uncertain. Methods This prospective non-randomised study was conducted in 383 older Koreans (mean age, 76.8 years; female 72.3%) who were living alone or receiving medical aid. Of these, 187 individuals chose to receive a 24-week","s PMC8581390 PMC8581390.1 8581390 8581390 34351363 10.1093/ageing/afab149 afab149 1 Editor's Choice Research Paper AcademicSubjects/MED00280 ageing/5 Long-term effect of a 24-week multicomponent intervention on physical performance and frailty in community-dwelling older adults Oh Gahee Marcus Institute for Aging Research , Hebrew Senior Life, Boston, MA, USA Lee Heayon D","week intervention that consisted of group exercise, nutritional supplements, depression management, deprescribing and home hazard reduction. The remaining 196 individuals received usual care. We compared the short physical performance battery (SPPB) score (0–12 points), frailty phenotype scale (0–5 points) and deficit-accumulation frailty index (0–1) at baseline, 6, 1","Results After 1:1 propensity score matching ( n = 117 per group), the mean SPPB scores for the intervention and comparison groups were 7.6 versus 7.6 at baseline, 10.7 versus 7.1 at 6 months (mean difference, 3.5; 95% confidence interval [CI], 2.8–4.2), 9.1 versus 7.8 at 18 months (1.3; 95% CI, 0.6–2.0) and 8.6 versus 7.5 at 30 months (1.1; 95% CI, 0.4–1.8). The intervention group had lower frailty phenotype scale (1.1 versus 1.8; difference, −0.7; 95% CI −1.0 to −0.3) and frailty index (0.22 versus 0.27; difference, −0.04; −0.06 to −0.02) at 6 months, but similar scores at 18 and 30 months. The 30-month mean institutionalisation-free survival time was 28.5 months in the intervention group versus 23.3 months in the comparison group (difference, 5.2 months; 95% CI, 3.1–7.4).
Results Characteristics of study population Intervention participants were older than individuals receiving usual care (mean age, 77.1 [interquartile range (IQR) 74–80] versus 75.6 years [IQR 71–79]), and more likely to be women (75.9 versus 68.4%). Intervention group had lower grip strength, which is below the cutoff value for the definition of sarcopenia (17.3 versus 20.2 kg; cutoff is <26 kg for men and <18 kg for women, definition from Asian Working Group for Sarcopenia) [ 39 ], more at risk of malnutrition (Mini Nutritional Assessment-Short Form score ≤11, 52.9 versus 41.8%), had higher prevalence of polypharmacy (31.0 versus 23.5%), risk of depression (CES-D score ≥16, 23.0 versus 21.6%) and fall in the last year (21.9 versus 13.8%). The intervention group also had worse SPPB score (7.4 versus 8.4) and were more frail (frailty phenotype scale, 2.3 versus 1.8; frailty index, 0.27 versus 0.23) ( Table 2 ). Table 2 Comparison of baseline characteristics before and after propensity score matching B",,,
PMC8705961,34960050.0,10.3390/nu13124499,Exercise and Nutrition Impact on Osteoporosis and Sarcopenia-The Incidence of Osteosarcopenia: A Narrative Review.,2021.0,,https://europepmc.org/article/MED/34960050,expanded_accessible_search,exercise_plus_nutrition,Exercise and Nutrition Impact on Osteoporosis and Sarcopenia—The Incidence of Osteosarcopenia: A Narrative Review,exclude,Protocol/review signal in full-text-mined fields,yes,no,yes,yes,yes,no,yes,yes,no,no,no,frailty;gait_speed;grip_strength;falls;quality_of_life;adherence,"Therefore, they cannot reach final conclusions. In addition, osteosarcopenia seems to be caused by the effects of osteoporosis and sarcopenia on elderly. Larger meta-analyses and randomized controlled trials are needed designed based on strict inclusion criteria, in order to describe the exact role of exercise and nutrition on osteoporosis and sarcopenia. osteosarcop",nutrients Nutrients 2072-6643 Multidisciplinary Digital Publishing Institute (MDPI) PMC8705961 PMC8705961.1 8705961 8705961 34960050 10.3390/nu13124499 nutrients-13-04499 1 Review Exercise and Nutrition Impact on Osteoporosis and Sarcopenia—The Incidence of Osteosarcopenia: A Narrative Review https://orcid.org/0000-0002-6408-6128 Papadopoulou Sousana K. 1 Papadimitr,,,,,
PMC8977963,35150086.0,10.1002/jcsm.12925,"Effects of Vivifrail multicomponent intervention on functional capacity: a multicentre, randomized controlled trial.",2022.0,,https://europepmc.org/article/MED/35150086,expanded_accessible_search,multicomponent_exercise,"Effects of Vivifrail multicomponent intervention on functional capacity: a multicentre, randomized controlled trial",exclude,Protocol/review signal in full-text-mined fields,yes,yes,no,yes,yes,yes,yes,yes,no,yes,yes,frailty;sppb;grip_strength;adl;falls;quality_of_life;adherence;adverse_events,"35150086 10.1002/jcsm.12925 JCSM12925 JCSM-D-21-00415 1 Original Article Original Articles Effects of Vivifrail multicomponent intervention on functional capacity: a multicentre, randomized controlled trial Vivifrail multicomponent intervention and functional capacity Á. Casas‐Herrero et al . Casas‐Herrero Álvaro 1 2 3 † Sáez de Asteasu Mikel L. 2 3 † Antón‐Rodrigo I","e 2190-5991 2190-6009 Wiley PMC8977963 PMC8977963.1 8977963 8977963 35150086 10.1002/jcsm.12925 JCSM12925 JCSM-D-21-00415 1 Original Article Original Articles Effects of Vivifrail multicomponent intervention on functional capacity: a multicentre, randomized controlled trial Vivifrail multicomponent intervention and functional capacity Á. Casas‐Herrero et al . Casas‐Herrer","over usual‐care. The mean adherence to the exercise sessions was 79% in the first month and 68% in the following 2 months. The intervention group showed a mean increase (over the control group) of 0.86 points on the SPPB scale (95% confidence interval [CI] 0.32, 1.41 points; P < 0.01) after 1 month of intervention and 1.40 points (95% CI 0.82, 1.98 points; P < 0.001) af","Results The Vivifrail exercise programme provided significant benefits in functional capacity over usual‐care. The mean adherence to the exercise sessions was 79% in the first month and 68% in the following 2 months. The intervention group showed a mean increase (over the control group) of 0.86 points on the SPPB scale (95% confidence interval [CI] 0.32, 1.41 points; P < 0.01) after 1 month of intervention and 1.40 points (95% CI 0.82, 1.98 points; P < 0.001) after 3 months. Participants in the usual‐care group showed no significant benefit in functional capacity (mean change of −0.17 points [95% CI −0.54, 0.19 points] after 1 month and −0.33 points [95% CI −0.70, 0.04 points] after 3 months), whereas the exercise intervention reversed this trend (0.69 points [95% CI 0.29, 1.09 points] after 1 month and 1.07 points [95% CI 0.63, 1.51 points] after 3 months). Exercise group also obtained significant benefits in cognitive function, muscle function, and depression after 3 months over control group ( P < 0.05). No between‐group differences were obtained in other secondary endpoints ( P > 0.05).
Results The study flow diagram is shown in Figure 1 . Of the 188 patients included in the analyses, 132 were women (70.2%); the mean age was 84.1 (4.8) years (range 73–95 years). Demographic and clinical characteristics of the participants are shown in Table 1 . The mean adherence to the exercise sessions in the intervention group was 79% in the first 4 weeks and 68% in the following 8 weeks, and 5% of the participants in the control group received physical rehabilitation. No adverse effects associated with the prescribed exercises were recorded, and no patient had to stop the intervention because of it. Figure 1 Study flow diagram. Table 1 Baseline characteristics of the participant",,,
PMC8994906,35399053.0,10.1186/s12877-022-02888-w,The effects of vitamin D supplementation on frailty in older adults at risk for falls.,2022.0,BMC geriatrics,https://pubmed.ncbi.nlm.nih.gov/35399053/,original_high_confidence,exercise_plus_nutrition,The effects of vitamin D supplementation on frailty in older adults at risk for falls,include_primary_accessible,Community/home/primary-care frailty RCT confirmed by mined full-text fields,yes,yes,no,yes,yes,yes,yes,no,no,no,yes,frailty;gait_speed;grip_strength;falls;adherence;adverse_events,"supplementation on frailty using data from the Study To Understand Fall Reduction and Vitamin D in You (STURDY). Methods The STURDY trial, a two-stage Bayesian, response-adaptive, randomized controlled trial, enrolled 688 community-dwelling adults aged ≥ 70 years with a low serum 25(OH)D level (10–29 ng/mL) and elevated fall risk. Participants were initially randomize",gistration ClinicalTrials.gov: NCT02166333 . Supplementary Information The online version contains supplementary material available at 10.1186/s12877-022-02888-w. Keywords Frailty Nutrition supplementation Vitamin D3 Randomized controlled trial pmc-status-qastatus 0 pmc-status-live yes pmc-status-embargo no pmc-status-released yes pmc-prop-open-access yes pmc-prop-ol,"D3. Once the 1000 IU/d was selected as the best higher dose, other higher dose groups were reassigned to the 1000 IU/d group and new enrollees were randomized 1:1 to 1000 IU/d or control group. Data were collected at baseline, 3, 12, and 24 months. Frailty phenotype was based on number of the following conditions: unintentional weight loss, exhaustion, slowness, low act","Results Among 687 participants (mean age 77.1 ± 5.4, 44% women) with frailty assessment at baseline, 208 (30%) were robust, 402 (59%) were pre-frail, and 77 (11%) were frail. Overall, there was no significant difference in risk of frailty outcomes comparing the pooled higher doses (PHD; ≥ 1000 IU/d) vs. 200 IU/d. When comparing each higher dose vs. 200 IU/d, the 2000 IU/d group had nearly double the risk of worsening frailty status (HR = 1.89, 95% CI: 1.13–3.16), while the 4000 IU/d group had a lower risk of developing frailty (HR = 0.22, 95% CI: 0.05–0.97). There were no significant associations between vitamin D doses and frailty status in the analyses stratified by baseline serum 25(OH)D level.
Results The primary STURDY population consisted of 688 participants including 349 in the PHD group and 339 in the 200 IU/d dose group. In the burn-in cohort, 406 participants were randomized in each of three higher doses ( n = 67) or the control dose ( n = 205). A total of 687 participants had complete frailty assessment at baseline. The sample characteristics are displayed in Table 1 and a flow chart of the analytic sample is presented in Supplementary Fig. 1 . Table 1 Baseline characteristics by vitamin D treatment groups All ( N = 687) Primary Analysis Population ( N = 687) Burn-in cohort ( n = 405) b Control (200 IU/d) ( n = 339) Pooled Higher Doses (PHD) a ( n = 348) 200 IU/d ( n = 205) 1000 IU/d ( n = 66) 2000 IU/d ( n = 67) 4000 IU/d ( n = 67) Age (years), mean ± SD 77.1 ± 5.4 77.1 ± 5.4 77.2 ± 5.4 77.7 ± 5.6 76.4 ± 4.4 77.3 ± 4.6 79.1 ± 5.9 Sex , no. (%) Male 388 (56.5) 198 (58.4) 190 (54.6) 88 (42.9) 28 (42.4) 29 (43.3) 27 (40.3) Female 299 (43.5) 141 (41.6) 158 (45.4) 117 (57.1) 38 (57.6) 38 (56.7) 40 (59.7) Race , no. (%) c White 542 (79.7) 276 (82.4) 266 (77.1) 171",,,
PMC9245897,35771806.0,10.1002/14651858.cd010494.pub2,Mobility training for increasing mobility and functioning in older people with frailty.,2022.0,,https://europepmc.org/article/MED/35771806,expanded_accessible_search,exercise_only,Mobility training for increasing mobility and functioning in older people with frailty,include_primary_accessible,Community/home/primary-care frailty RCT confirmed by mined full-text fields,yes,yes,no,yes,yes,yes,yes,no,no,no,yes,frailty;sppb;adl;falls;quality_of_life;adverse_events,"ational Institutes of Health Ongoing Trials Register, and the World Health Organization International Clinical Trials Registry Platform (June 2021). Selection criteria We included randomised controlled trials (RCTs) evaluating the effects of mobility training on mobility and function in frail people aged 65+ years living in the community. We defined community as those","Organization's International Classification of Functioning, Disability and Health (ICF) defines mobility as: changing and maintaining a body position, walking, and moving. Common interventions used to increase mobility include functional exercises, such as sit‐to‐stand, walking, or stepping practice. Objectives To summarise the evidence for the benefits and safety of m","mobility). High‐certainty evidence showed that mobility training improves the level of mobility upon completion of the intervention period. The mean mobility score was 4.69 in the control group, and with mobility training, this score improved by 1.00 point (95% confidence interval (CI) 0.51 to 1.51) on the Short Physical Performance Battery (on a scale of 0 to 12; higher","Main results This review included 12 RCTs, with 1317 participants, carried out in 9 countries. The median number of participants in the trials was 97. The mean age of the included participants was 82 years. The majority of trials had unclear or high risk of bias for one or more items. All trials compared mobility training with a control intervention (defined as one that is not thought to improve mobility, such as general health education, social visits, very gentle exercise, or ""sham"" exercise not expected to impact on mobility). High‐certainty evidence showed that mobility training improves the level of mobility upon completion of the intervention period. The mean mobility score was 4.69 in the control group, and with mobility training, this score improved by 1.00 point (95% confidence interval (CI) 0.51 to 1.51) on the Short Physical Performance Battery (on a scale of 0 to 12; higher scores indicate better mobility levels) (12 studies, 1151 participants). This is a clinically significant change (minimum clinically important difference: 0.5 points; absolute improvement of 8% (4% higher to 13% higher); number needed to treat for an additional beneficial outcome (NNTB) 5 (95% CI 3.00 to 9.00)). This benefit was maintained at six months post‐intervention. Moderate‐certainty evidence (downgraded for inconsistency) showed that mobility training likely improves the level of functioning upon completion of the intervention. The mean function score was 86.1 in the control group, and with mobility training, this score improved by 8.58 points (95% CI 3.00 to 14.30) on the Barthel Index (on a scale of 0 to 100; higher scores indicate better functioning levels) (9 studies, 916 participants) (absolute improvement of 9% (3% higher to 14% higher)). This result did not reach clinical s",,,
PMC9320394,35887850.0,10.3390/jcm11144077,Frailty Status Improvement after 5-Month Multicomponent Program PROMUFRA in Community-Dwelling Older People: A Randomized Controlled Trial.,2022.0,,https://europepmc.org/article/MED/35887850,expanded_accessible_search,digital_home_unclear_intervention,Frailty Status Improvement after 5-Month Multicomponent Program PROMUFRA in Community-Dwelling Older People: A Randomized Controlled Trial,include_primary_accessible,Community/home/primary-care frailty RCT confirmed by mined full-text fields,yes,yes,no,yes,yes,yes,yes,no,no,yes,yes,frailty;gait_speed;grip_strength;falls;adherence;adverse_events,9320394 9320394 35887850 10.3390/jcm11144077 jcm-11-04077 1 Article Frailty Status Improvement after 5-Month Multicomponent Program PROMUFRA in Community-Dwelling Older People: A Randomized Controlled Trial https://orcid.org/0000-0003-4345-5251 Barrachina-Igual Joaquín 1 2 https://orcid.org/0000-0002-1915-9906 Pablos Ana 2 * https://orcid.org/0000-0002-2118-9792 Pére,sciplinary Digital Publishing Institute (MDPI) PMC9320394 PMC9320394.1 9320394 9320394 35887850 10.3390/jcm11144077 jcm-11-04077 1 Article Frailty Status Improvement after 5-Month Multicomponent Program PROMUFRA in Community-Dwelling Older People: A Randomized Controlled Trial https://orcid.org/0000-0003-4345-5251 Barrachina-Igual Joaquín 1 2 https://orcid.org/0000-0002-1,"etry, pain and muscle function parameters in frail and pre-frail community-dwelling older people. Eighty-one participants were randomly allocated to the intervention group (IG) or control group (CG). The IG performed PROMUFRA for 20 weeks, using six strength exercises with three series of 8–12 repetitions until muscular failure, and seven myofascial exercises, with one s","3. Results 3.1. Baseline Characteristics of Participants A group of 96 frail or pre-frail older adults voluntarily participated in this study. A total of 84.4% ( n = 81) completed the post-intervention test. Figure 1 shows the flow chart of the study participants. Table 1 describes the general characteristics of the participants in the two groups. Significant differences were found between the IG and CG in fat mass ( p = 0.025) and in knee extension ROM ( p = 0.012). 3.2. Kinanthropometry, Physical Frailty, and Muscle Function Parameters An interaction effect was observed in muscle mass, fat mass, skeletal muscle mass index, hip flexion with knee bending ROM and knee extension ROM, with a moderate effect size post-intervention ( Table 2 ). These interaction effects and simple effects can be seen in Figure 2 . Significant differences were found in the CG ( p < 0.05) for muscle mass, in the IG for skeletal muscle mass index (SMMI) ( p < 0.05), knee extension ROM ( p < 0.001) and hip flexion with knee straight ROM ( p < 0.01). Moreover, there were significant differences in fat mass ( p < 0.05) and knee extension ROM ( p < 0.05) at pre-intervention, and in fat mass ( p < 0.01) and hip flexion with bended knee ( p < 0.01) at post-intervention. After the intervention, a decrease in the mean number of frailty criteria was observed in favor of the intervention group. The frailty criteria number (FCN) were 2.34 (1.25) in the IG and 2.44 (1.02) in the CG ( p = 0.717) at baseline, versus 1.45 (1.28) in the IG and 2.09 (1.11) in the CG ( p = 0.026) after intervention. Simple effects showed that there were intra-group differences in the IG (0.89; 95% CI 0.56–1.22; p < 0.001). The FCN in the IG presented values lower than in the CG (0.64; 95% CI 0.07–1.21; p = 0.028) at the end of t",,,
PMC9388057,35766913.0,10.24095/hpcdp.42.6.02,"Encouraging older adults with pre-frailty and frailty to ""MoveStrong"": an analysis of secondary outcomes for a pilot randomized controlled trial.",2022.0,,https://europepmc.org/article/MED/35766913,expanded_accessible_search,exercise_plus_nutrition,Original quantitative research - Encouraging older adults with pre-frailty and frailty to “MoveStrong”: an analysis of secondary outcomes for a pilot randomized controlled trial,defer_second_reviewer,Comparator not clearly confirmed from mined fields,yes,yes,no,yes,yes,no,yes,no,no,no,no,frailty;gait_speed;grip_strength;falls;quality_of_life,"highlights_clean_SD 1 Article Original quantitative research - Encouraging older adults with pre-frailty and frailty to “MoveStrong”: an analysis of secondary outcomes for a pilot randomized controlled trial Rodrigues Isabel B. PhD 1 Wagler Justin B. BSc 1 Keller Heather PhD 1,2 Thabane Lehana PhD 3 Weston Zachary J. MSc 4,5 Straus Sharon E. MSc, MD 6,7 Papaioannou Al","d-wedge randomized controlled trial evaluated the MoveStrong program for teaching adults who have frailty/pre-frailty about balance and functional strength training and sufficient protein intake to prevent falls and improve mobility. Methods: We recruited individuals aged 60 years and over, with a FRAIL scale score of 1 or higher and at least one chronic condition,",,"Results: Of 44 participants (mean [SD] age 79 [9.82] years), 35 were pre-frail and 9 were frail. At follow-up, participants had significantly improved grip strength (1.63 kg, 95% CI: 0.62 to 2.63); sit-to-stand functioning (2 sit-to-stands, 95% CI: 1 to 3); and dynamic balance (1.68 s, 95% CI: 0.47 to 2.89). There were no significant improvements in gait speed, HRQoL index scores, self-rated health, physical activity levels (aerobic activity and strength training) or protein intake. GEE analysis revealed an interaction between exposure to MoveStrong and gait speed, sit-to-stand functioning, dynamic balance and HRQoL index scores. The total cost to administer the program and purchase equipment was CAD 14700, equivalent to CAD 377 per participant.",,,
PMC9634412,36341237.0,10.3389/fmed.2022.971497,Intrinsic capacity rather than intervention exposure influences reversal to robustness among prefrail community-dwelling older adults: A non-randomized controlled study of a multidomain exercise and nutrition intervention.,2022.0,Frontiers in medicine,https://pubmed.ncbi.nlm.nih.gov/36341237/,original_high_confidence,multidomain_exercise_nutrition,Intrinsic capacity rather than intervention exposure influences reversal to robustness among prefrail community-dwelling older adults: A non-randomized controlled study of a multidomain exercise and nutrition intervention,include_primary_accessible,Community/home/primary-care frailty RCT confirmed by mined full-text fields,yes,yes,yes,yes,yes,yes,yes,no,no,no,yes,frailty;gait_speed;sppb;grip_strength;adl;falls;quality_of_life;adherence,"22.971497 1 Medicine Original Research Intrinsic capacity rather than intervention exposure influences reversal to robustness among prefrail community-dwelling older adults: A non-randomized controlled study of a multidomain exercise and nutrition intervention Tay Laura 1 2 * Tay Ee-Ling 3 Mah Shi Min 3 Latib Aisyah 4 Ng Yee-Sien 2 5 1 Geriatric Medicine, Department o",iers in Medicine 2296-858X Frontiers Media SA PMC9634412 PMC9634412.1 9634412 9634412 36341237 10.3389/fmed.2022.971497 1 Medicine Original Research Intrinsic capacity rather than intervention exposure influences reversal to robustness among prefrail community-dwelling older adults: A non-randomized controlled study of a multidomain exercise and nutrition intervention T,"the Asian Working Group for Sarcopenia cut-offs. Participants who fulfilled operational criteria for prefrailty but declined enrolment in the intervention programme served as the control group. All participants completed baseline IC assessment: locomotion (Short Physical Performance Battery, 6-minute walk test), vitality (nutritional status, muscle mass), sensory (self-","Results Of 81 participants (70.0 ± 6.6 years, 79.0% female), 52 participants (64.2%) were enrolled in the multi-domain intervention, and 29 participants (35.8%) who declined intervention constituted the control group. There was no difference in age, gender and baseline composite IC between groups. Reversal to robustness at 1-year was similar between intervention and control groups (30.8% vs. 44.8% respectively, p = 0.206). Reduced prevalence of depression was observed among participants in the intervention group at 1-year relative to baseline (7.8% vs. 23.1%, p = 0.022). In multiple logistic regression, intervention had no effect on prefrailty reversal, while higher composite IC exhibited reduced likelihood of remaining prefrail at 1-year (OR = 0.67, 95% CI 0.45–1.00, p = 0.049).
Results Among 209 participants with complete IC data and meeting operational criteria for prefrailty, only 81 were available for 1-year follow-up owing to restrictions imposed by the COVID-19 pandemic. Fifty two participants (64.2%) were enrolled in the multi-domain exercise and nutritional intervention programme, and 29 participants (35.8%) who declined intervention constituted the control group. There was no difference in age and composite IC score between participants who attended 1-year review compared with those who were excluded, although male participants were more likely to have been excluded albeit not statistically significant (21.0% vs. 32.8%, p = 0.064). Median attendance at group-based exercise and nutritional sessions was 72.7% (interquartile range: 18.2–81.8). Weekly exercise target was achieved only for 5 (interquartile range: 1–9) weeks over the intervention period. Baseline characteristics Intervention and control group participants were similar in age, gender, education level",,,
PMC9757806,36528997.0,10.1016/j.gerinurse.2022.11.019,Efficacy of a multicomponent exercise training program intervention in community-dwelling older adults during the COVID-19 pandemic: A cluster randomized controlled trial.,2023.0,"Geriatric nursing (New York, N.Y.)",https://pubmed.ncbi.nlm.nih.gov/36528997/,original_high_confidence,multidomain,Efficacy of a multicomponent exercise training program intervention in community-dwelling older adults during the COVID-19 pandemic: A cluster randomized controlled trial,include_secondary_disease_specific,Frailty RCT but disease-specific population,yes,yes,no,yes,yes,yes,yes,no,yes,no,yes,frailty;gait_speed;sppb;grip_strength;falls;quality_of_life;adherence,"7-4572(22)00277-4 1 Featured Article Efficacy of a multicomponent exercise training program intervention in community-dwelling older adults during the COVID-19 pandemic: A cluster randomized controlled trial Chang Shu-Hung PhD a b d ⁎ Chiang Ching-Cheng PhD c Chien Nai-Hui PhD d a Graduate Institute of Gerontology and Health Care Management, Geriatric and Long-Term Ca",on-title Elsevier - PMC COVID-19 Collection PMC9757806 PMC9757806.1 9757806 9757806 36528997 10.1016/j.gerinurse.2022.11.019 S0197-4572(22)00277-4 1 Featured Article Efficacy of a multicomponent exercise training program intervention in community-dwelling older adults during the COVID-19 pandemic: A cluster randomized controlled trial Chang Shu-Hung PhD a b d ⁎ Chiang Chi,"ificant effect on the sit-to-stand (five repetitions), grip strength, 10 m walk, gait speed, step length, stride length, timed up and go, and static balance tests. Compared to the control group, the experimental group showed significant changes in all the dependent variables except dynamic balance ( p < 0.05). 40 Another study found that a community-delivered group-based","Results Baseline measurements The participants were 60–85 years old with a mean age of 67.55 years (SD = 7.86 years), 70.1% were female, 77.2% were married, 5.4% were current smokers, 9.0% were current drinkers, and 37.7% had hypertension. There were no statistically significant differences between the two arms in terms of their demographic characteristics at baseline ( Table 1 ). The control arm performed significantly better than the intervention arm for the tandem stand ( Table 2 ). Table 1 Baseline comparison of demographic characteristics between the intervention and control arms. Table 1 Variables ALL( n = 167) Intervention ( n = 82) Control ( n = 85) p Age a , mean (SD) 67.55 (7.86) 61.3 (9.8) 59.8 (7.5) 0.47 Gender 0.60 Male 50 (29.9) 23 (28.0) 27 (31.8) Female 117 (70.1) 59 (72.0) 58 (68.2) Employed 0.76 Yes 29 (17.4) 15 (18.3) 14 (16.5) No 138 (82.6) 67 (81.7) 71 (83.5) Marriage status 0.09 Yes 129 (77.2) 68 (82.9) 61 (71.8) No 38 (22.8) 14 (17.1) 24 (28.2) Education 0.18 Elementary school 77 (46.1) 32 (39.0) 45 (52.9) Junior high school 45 (26.9) 26 (21.7) 19 (22.4) > Senior high school 45 (26.9) 24 (29.3) 21 (24.7) Diabetes 0.77 Yes 30 (18.0) 14 (17.1) 16 (18.8) No 137 (82.0) 68 (82.9) 69 (81.2) Hypertension 0.12 Yes 63 (37.7) 26 (31.7) 37 (43.5) No 104 (62.3) 56 (68.3) 48 (56.5) Current smoker b 0.10 Yes 9 (5.4) 2 (2.4) 7 (8.2) No 158 (94.6) 80 (97.6) 78 (91.8) Current drinker 0.84 Yes 15 (9.0) 7 (8.5) 8 (9.4) No 152 (91.0) 75 (91.5) 77 (90.6) a Independent t -test. b Fisher's exact test Others: chi-squared test. Table 2 Baseline comparison of PA, prefrailty, and physical performance between the intervention and control arms. Table 2 All n (%) Intervention n (%) Control n (%) χ 2 p PA a Regular LTPA 69 (41.3) 36 (43.9) 33 (38.8) 0.44 0.505 VPA 32 (19.2) 16 ",,,
PMC9799251,36580558.0,10.1093/ageing/afac303,Effects of a 12-week Vivifrail exercise program on intrinsic capacity among frail cognitively impaired community-dwelling older adults: secondary analysis of a multicentre randomised clinical trial.,2022.0,,https://europepmc.org/article/MED/36580558,expanded_accessible_search,multicomponent_exercise,Effects of a 12-week Vivifrail exercise program on intrinsic capacity among frail cognitively impaired community-dwelling older adults: secondary analysis of a multicentre randomised clinical trial,include_primary_accessible,Community/home/primary-care frailty RCT confirmed by mined full-text fields,yes,yes,no,yes,yes,yes,yes,no,no,yes,yes,frailty;gait_speed;sppb;grip_strength;falls;quality_of_life;adherence;adverse_events,"eing/15 Effects of a 12-week Vivifrail exercise program on intrinsic capacity among frail cognitively impaired community-dwelling older adults: secondary analysis of a multicentre randomised clinical trial https://orcid.org/0000-0002-2507-6015 Sánchez-Sánchez Juan Luis Gérontopôle de Toulouse, Institut du Vieillissement, Centre Hospitalier Universitaire de Toulouse ,",Press PMC9799251 PMC9799251.1 9799251 9799251 36580558 10.1093/ageing/afac303 afac303 1 Research Paper AcademicSubjects/MED00280 ageing/19 ageing/15 Effects of a 12-week Vivifrail exercise program on intrinsic capacity among frail cognitively impaired community-dwelling older adults: secondary analysis of a multicentre randomised clinical trial https://orcid.org/000,"tia were recruited in the Geriatric clinics of three tertiary hospitals in Spain. Subjects were randomised to participate in the 12-week home-based individualised Vivifrail MCE or usual care. An IC index was created based on the z -score of the locomotion (Short Physical Performance Battery), cognitive (Montreal Cognitive Assessment), psychology (15-item Geriatric Dep","Results After the 3-month intervention, linear mixed models showed significant between-group differences in the evolution of the IC composite score (β=0.48; 95% confidence interval [CI] = 0.24, 0.74; P < 0.001), IC Locomotion (β = 0.42; 95% CI = 0.10, 0.74; P < 0.001), IC Cognition (β = 0.45; 95% CI = 0.03, 0.87; P < 0.05) and IC Vitality domains (β = 0.50; 95% CI = 0.25, 0.74 at 3-month) favouring the MCE group.
Results Characterisation of the sample One hundred and eighty-eight subjects were included in the present study (mean age [SD] = 84.06 ± 4.77; 70.2% [ n = 132] women). Demographic and clinical characteristics of the sample are displayed in Table 1 . Mean adherence to the intervention in the VG was 79% in the first month and 68% in the following 2 months. No adverse effects were reported by the participants nor their proxies during the follow-up. Evolution on IC and IC domains according to randomisation group After the 3-month intervention, we found significant differences in the evolution of the IC composite score favouring the VG (β = 0.48; 95% confidence interval [CI] = 0.24, 0.74; P < 0.001). Regarding the analyses on the individual IC domains, a better evolution in the IC Locomotion (both at 1- [β = 0.36; 95% CI = 0.21, 0.51; P < 0.001] and 3-month time-points [β = 0.42; 95% CI = 0.10, 0.; P < 0.001]), IC Cognition (at 1- [β = 0.33; 95% CI = 0.01, 0.65; P < 0.05] and 3-month time-points [β = 0.45; 95% CI = 0.03, 0.87; P < 0.05]) and IC Vitality domains (β = 0.50; 95% CI = 0.25, 0.74 at 3-month time-points) was displayed by the VG compared to subjects in the CG. No significant differences were found in the evolution of the IC Psychology domain between the VG and the CG. The sensory domain logistic regression analyses did not reveal differences on the risk of",,,
PMC9830714,36636457.0,10.2147/cia.s391700,Protein-Added Healthy Lunch-Boxes Combined with Exercise for Improving Physical Fitness and Vascular Function in Pre-Frail Older Women: A Community-Based Randomized Controlled Trial.,2023.0,,https://europepmc.org/article/MED/36636457,expanded_accessible_search,exercise_plus_nutrition,Protein-Added Healthy Lunch-Boxes Combined with Exercise for Improving Physical Fitness and Vascular Function in Pre-Frail Older Women: A Community-Based Randomized Controlled Trial,exclude,Protocol/review signal in full-text-mined fields,yes,yes,no,yes,yes,yes,yes,yes,yes,no,yes,frailty;gait_speed;sppb;grip_strength;adherence;adverse_events,91700 1 Original Research Protein-Added Healthy Lunch-Boxes Combined with Exercise for Improving Physical Fitness and Vascular Function in Pre-Frail Older Women: A Community-Based Randomized Controlled Trial Park et al Park et al Park Wonil 1 2 Lee Jaesung 1 Hong Kwangseok 3 http://orcid.org/0000-0002-9901-7624 Park Hun-Young 4 5 Park Saejong 6 Kim Nahyun 1 Park Jongh,pmc Clin Interv Aging Clin Interv Aging 502 clinintag cia Clinical Interventions in Aging 1176-9092 1178-1998 Dove Press PMC9830714 PMC9830714.1 9830714 9830714 36636457 10.2147/CIA.S391700 391700 1 Original Research Protein-Added Healthy Lunch-Boxes Combined,"tive in physical fitness levels and vascular functions in pre-frail older women. Patients and Methods Sixty participants aged ≥ 65 years (81.5 ± 4.3 yrs) were divided equally into control group, diet group, aerobic exercise and diet group, and aerobic exercise with electromyostimulation and diet group. For 8 weeks, the participants received a set of protein-added meals t","Results There were no group differences in age, height, weight, body mass index, free fat mass, and %body fat at baseline. The right grip strength significantly increased in the diet group, aerobic exercise and diet group, and aerobic exercise with electromyostimulation and diet group (p < 0.05). Short physical performance battery, 6-min walking distance, and flow-mediated dilation significantly increased in the aerobic exercise and diet group and aerobic exercise with electromyostimulation and diet group (p < 0.05). Blood pressure and pulse wave velocity did not differ between interventions. High-density lipoprotein-cholesterol levels significantly increased after 8 weeks in all intervention groups (p < 0.05). There were no significant differences in glucose, HbA1c, total cholesterol, low-density lipoprotein-cholesterol, triglyceride, insulin, Homeostatic Model Assessment for Insulin Resistance, nitric oxide, and C-reactive protein levels.
Results A total of 60 participants aged ≥ 65 (mean age, 81.5 ± 4.3 yrs) were registered in this study ( Table 1 ). The participant’s compliance with the study protocol was 97% and 92% in the exercise and dietary interventions, respectively, based on the exercise log and dietary survey. Four participants dropped out either because of relocation (n = 1) because they were unsatisfied with the randomized result (n = 2) or for other personal reasons (n = 1). Therefore, 56 participants (93.3%) completed the 8-week intervention program ( Figure 1 ). The 8-week adherence rate was 95%, 97%, and 91% for the DG, ADG, and AEDG, respectively. There were no safety issues related to exercise and diet during the 8-week intervention period. Selected participant characteristics are listed in Table 1 . The groups did not differ in age, height, weight, ",,,
PMC9859571,36673644.0,10.3390/healthcare11020276,Effect of the Active Aging-in-Place-Rehabilitation Nursing Program: A Randomized Controlled Trial.,2023.0,,https://europepmc.org/article/MED/36673644,expanded_accessible_search,exercise_only,Effect of the Active Aging-in-Place–Rehabilitation Nursing Program: A Randomized Controlled Trial,defer_second_reviewer,Eligibility plausible but frailty/setting classification needs second review,yes,yes,no,yes,yes,yes,yes,no,no,no,no,frailty;gait_speed;grip_strength;adl;falls;quality_of_life;adherence;adverse_events,PI) PMC9859571 PMC9859571.1 9859571 9859571 36673644 10.3390/healthcare11020276 healthcare-11-00276 1 Article Effect of the Active Aging-in-Place–Rehabilitation Nursing Program: A Randomized Controlled Trial https://orcid.org/0000-0002-5838-0080 Faria Ana da Conceição Alves 1 2 * Martins Maria Manuela F. P. S. 3 4 https://orcid.org/0000-0001-9982-9537 Ribeiro Olga Mar,"ilitation nurses have a relevant role, and the AAP-RNP seems to be effective in improving functional capacity and lifestyles in frail older adults. aged frailty lifestyle physical exercise rehabilitation nursing This research received no external funding. pmc-status-qastatus 0 pmc-status-live yes pmc-status-embargo no pmc-status-released yes pmc-prop-open-access yes","1. Study Design, Setting and Sample This study was an interventional, single-blind, randomized controlled trial (RCT) with two parallel groups, the experimental group (EG) and the control group (CG), and followed the Consolidated Standards of Reporting Trials statement (CONSORT) [ 31 ]. The participants included 30 frail older adults enrolled at a health care unit in nor","3. Results As displayed in Table 2 , the 30 older adults who participated in this study had a mean age of 81 ± 4.89, ranging from 71 to 86 years. The majority of the older adults were female (70%), widowed (63.33%), and had not completed elementary school (2.48 ± 1.58). Households were composed of a mean of 3 ± 1.12 people. Regarding health status/illness, we found that, on mean, the older adults had 4.41 ± 1.74 diseases and consumed 6.29 ± 1.94 medications. Most were hypertensive (76.67%) and had problems in their daily lives associated with decreased vision (93.3%) and hearing (70%). Before the program began, the EG and CG were equivalent with respect to gender, age, associated diseases, and frailty status. All EG participants had an adherence rate for the 24 sessions of the program greater than 95% (not 100% due to acute illness), with a significant benefit in relation to usual care being observed between the two evaluation moments (baseline and post-program), and there were no differences according to adherence. Improvements in statistical significance ( p < 0.05) in the multidimensional and physical frailty variables assessed using TFI and Fried’s phenotype are shown in Table 3 . Improvements were also observed in the EG in functional fitness, handgrip strength, independence in BADL, balance, and subjective perception of effort. There was an improvement in independence in IADL, however it was not statistically significant, according to Table 4 . After analyzing the results of all domains of the ILP scale, we found that the variables where the most positive change occurred were in relational behavior, physical activity habits, and stress management. There was an improvement in the adherence to adequate nutritional habits, but it was not statistically significant; re",,,
PMC9869795,36700164.0,10.2147/cia.s388026,Effects of High-Intensity Resistance Training on Visceral Adipose Tissue and Abdominal Aortic Calcifications in Older Men with Osteosarcopenia - Results from the FrOST Study.,2023.0,,https://europepmc.org/article/MED/36700164,expanded_accessible_search,exercise_only,Effects of High-Intensity Resistance Training on Visceral Adipose Tissue and Abdominal Aortic Calcifications in Older Men with Osteosarcopenia – Results from the FrOST Study,exclude,Relevant frailty/function/safety outcome not confirmed,yes,no,yes,yes,yes,yes,no,no,no,no,yes,,"ard plaques in the renal arteries, truncus celiacus and superior mesenteric artery in comparison with a non-exercising control group. Materials and Methods Study Design FrOST is a randomized controlled longitudinal exercise study with 18 months of training. The project was initiated and performed by the Institute of Medical Physics (IMP), Friedrich-Alexander-Universit",pmc Clin Interv Aging Clin Interv Aging 502 clinintag cia Clinical Interventions in Aging 1176-9092 1178-1998 Dove Press PMC9869795 PMC9869795.1 9869795 9869795 36700164 10.2147/CIA.S388026 388026 1 Original Research Effects of High-Intensity Resistance Train,steosarcopenia aged 72 years and older were randomly allocated to a supervised high-intensity resistance training (HIT-RT) twice weekly for 18 months (EG; n=21) and a non-training control group (CG; n=22). Non-contrast enhanced 2-point Dixon MRI scans covering mid L2 to mid L3 were acquired to measure VAT volume inside the abdominal cavity. Volume of AAC and hard plaques,"Results Significant reduction of VAT volume in the EG (−7.7%; p<0.001) combined with no change in the CG (−1.3%; p=0.46) resulted in a significant 6.4% between group effect (p=0.022). We observed a significant increase of AAC volume in EG (+10.3%; p<0.001) and CG (12.0%; p<0.001). AAC differences between groups were not significant (p=0.57). In vascular outlets increases in volume of the hard plaques were observed in both groups, however, not all of them were significant. There was no significant correlation between changes in VAT and AAC volumes.
Results Baseline Characteristics Table 1 shows participant characteristics at BL. Apart from body height and protein intake parameters were not significantly different in the two groups. Per inclusion all participants had osteosarcopenia. Accepting that a body fat rate of 27%–30% constitutes obesity in men 21 most participants (75%–94%) can be considered as (osteosarcopenic) obese and one third of the subjects of the CG and EG respectively were affected by the MetSyn. 22 At baseline VAT volume of the combined group was significantly correlated with BMI (r = 0.66) and MetSyn Z-Score 7 (r = 0.70). In contrast there were no significant correlations between AAC volume of the combined group with BMI (r = 0.1) and MetSyn Z-Score (r = 0.05). VAT volume was also not significantly correlated with AAC volume (r = 0.18). Table 1 Baseline Characteristics of Control (CG) and Exercise Group (EG) Variable CG (n=22) EG (n=21) p-value Age [years] 79.2 ± 4.7 77.8 ± 3.6 0.262 Body height [cm] 169.2 ± 5.5 172.8 ± 5.2 0.039 Body Mass Index [kg/m 2 ] 24.5 ± 1.9 25.0 ± 3.0 0.515 Total body fat [%] a 33.6 ± 4.0 34.5 ± 6.1 0.563 SMI [kg/m 2 ] 6.89 ± 0.31 7.01 ± 0.27 0.671 Metabolic Syndrome Z-Score [Z] −4.22 ± 3.70 −3.14 ± 4.66 0.322 Physical activity",,,
PMC9886361,36239451.0,10.1152/physrev.00037.2021,Multisystem physiological perspective of human frailty and its modulation by physical activity.,2023.0,,https://europepmc.org/article/MED/36239451,expanded_accessible_search,exercise_only,Multisystem physiological perspective of human frailty and its modulation by physical activity,exclude,Protocol/review signal in full-text-mined fields,yes,yes,yes,yes,yes,yes,yes,yes,yes,no,yes,frailty;gait_speed;sppb;grip_strength;adl;falls;quality_of_life;adherence;adverse_events,"ich may partially explain why the meta-analysis failed to show any significant associations. The mixed results from longitudinal analyses ( 79 ) are in line with the findings of a randomized control trial (RCT) that was unable to show any impact of treatment of hypertension on the onset of frailty ( 228 ). However, a possible explanation for these RCT data may be that","of Nottingham, Queen’s Medical Centre , Nottingham, United Kingdom 3 Division of Medical Oncology, Department of Medicine, Duke University , Durham, North Carolina 4 Department of Nutritional Sciences, Faculty of Health and Medical Sciences, University of Surrey , Guildford, United Kingdom 5 MRC-Versus Arthritis Centre for Musculoskeletal Ageing Research, Institute o",ollow-up Aligned with activity guidelines c Frail only Kim et al. 2015 (RCT) ( 387 ) 131 (100%); 80.9 ± 2.9 Fried frailty Frail (100%); mean score = 3.7 ± 0.7 1 ) Control (dietary placebo) 2 × week 3 mo + 4 mo follow-up No (no specified aerobic) Frailty reclassified (3 mo) 2 ) Dietary supplement (MFGM) 60-min/session 1 ) 30.3% MFGM + Ex > Placebo & MFGM alone 3 ) M,,,,
