pmcid,table_index,table_label,outcome,arm_signal,numeric_tokens,candidate_numeric_context,effect_extract_status,extractor_note,pmid,doi,title,intervention_node_prelim
PMC10720710,1,Table 1,frailty_status_or_score,yes,62,"Table 1. Baseline sociodemographic and medical characteristics of the frail/pre-frail older adults.. Table 1 Baseline sociodemographic and medical characteristics of the frail/pre-frail older adults. Total ( n = 163) Control group ( n = 83) Educational group ( n = 80) p Sex, n (%) Men 54 (33.1) 37 (44.6) 17 (21.3) 0.001 Women 109 (66.9) 46 (55.4) 63 (78.8) Age (years, median [IQR]) 73.9 [69.4–78.9] 74.9 [70.8–80.7] 73.1 [68.5–76.5] 0.019 Height (cm, mean ± SD) 1.59 ± 0.09 1.62 ± 0.09 1.56 ± 0.09 0.001 Body mass 74.35 ± 14.90 75.96 ± 15.77 72.90 ± 14.41 0.16 Schoolarity, n (%) Less than primary school 25 (15.3) 12 (14.5) 13 (16.2) 0.013 Primary school 77 (47.2) 49 (59.0) 28 (35.0) Secondary school 39 (24.0) 15 (18.1) 24 (30.0) University and above 22 (13.5) 7 (8.4) 15 (18.8) Housing, n (%) Not alone 99 (62.7) 54 (68.4) 45 (57.0) 0.124 Alone 59 (37.3) 25 (42.4) 34 (43.0) Need for walking assistance, n (%) No 125 (80.1) 57 (74.0) 68 (86.1) 0.059 Yes 31 (19.9) 20 (",candidate_table_found,Requires author extraction of arm-level n/mean/SD or events/denominators.,38098822.0,10.3389/fpubh.2023.1267666,"Effects of an educational intervention on frailty status, physical function, physical activity, sleep patterns, and nutritional status of older adults with frailty or pre-frailty: the FRAGSALUD study.",nutrition_only
PMC10720710,2,Table 2,frailty_status_or_score,yes,54,"Table 2. Comparison of participant frailty outcomes before and after the intervention.. Table 2 Comparison of participant frailty outcomes before and after the intervention. Control group (83) Educational group (80) PRE POST PRE POST Total fried (points, median [IQR]) 2.0 [2.0–3.0] 2.0 [1.0–3.0] 2.0 [1.0–2.0]† 1.0 [0.0–2.0]*† Fried’s category, n (%) Robust 0 (0) 0 (0) 0 (0) 24 (30)*† Pre-frail 45 (54,2) 43 (51.8) 65 (81.3)† 50 (62.5)*† Frail 38 (45,8) 40 (48.2) 15 (18.8)† 6 (7.5)* Unintended weight loss, n (%) Lost <5% of body mass 52 (62.7) 69 (83.1) 57 (71.3) 68 (85)* Lost >5% of body mass 31 (37.3) 14 (16.9) 23 (28.8) 12 (15)* Self-reported exhaustion and fatigue, n (%) Did not meet the criteria 23 (27.7) 21 (25.3) 20 (25) 40 (50)*† Met the criteria 60 (72.3) 62 (74.7) 60 (75) 40 (50)*† Physical activity expenditure, n (%) Low 14 (16.9) 19 (22.9) 4 (5)† 11 (13.8) Normal 69 (83.1) 63 (75.9) 76 (95)† 69 (86.3)* Gait speed, n (%",candidate_table_found,Requires author extraction of arm-level n/mean/SD or events/denominators.,38098822.0,10.3389/fpubh.2023.1267666,"Effects of an educational intervention on frailty status, physical function, physical activity, sleep patterns, and nutritional status of older adults with frailty or pre-frailty: the FRAGSALUD study.",nutrition_only
PMC10720710,2,Table 2,gait_speed,yes,73,"ticipant frailty outcomes before and after the intervention.. Table 2 Comparison of participant frailty outcomes before and after the intervention. Control group (83) Educational group (80) PRE POST PRE POST Total fried (points, median [IQR]) 2.0 [2.0–3.0] 2.0 [1.0–3.0] 2.0 [1.0–2.0]† 1.0 [0.0–2.0]*† Fried’s category, n (%) Robust 0 (0) 0 (0) 0 (0) 24 (30)*† Pre-frail 45 (54,2) 43 (51.8) 65 (81.3)† 50 (62.5)*† Frail 38 (45,8) 40 (48.2) 15 (18.8)† 6 (7.5)* Unintended weight loss, n (%) Lost <5% of body mass 52 (62.7) 69 (83.1) 57 (71.3) 68 (85)* Lost >5% of body mass 31 (37.3) 14 (16.9) 23 (28.8) 12 (15)* Self-reported exhaustion and fatigue, n (%) Did not meet the criteria 23 (27.7) 21 (25.3) 20 (25) 40 (50)*† Met the criteria 60 (72.3) 62 (74.7) 60 (75) 40 (50)*† Physical activity expenditure, n (%) Low 14 (16.9) 19 (22.9) 4 (5)† 11 (13.8) Normal 69 (83.1) 63 (75.9) 76 (95)† 69 (86.3)* Gait speed, n (%) Low 28 (33.7) 38 (45.8) 22 (27.5) 13 (16.3)† Normal 55 (66.3) 45 (54.2) 58 (72.5) 67 (83.8)† Handgrip strength, n (%) Low 69 (83.1) 69 (83.1) 39 (48.8) 20 (25)* Normal 14 (16.9) 14 (16.9) 41 (51.3) 60 (75)* IQR, interquartile range[percentile 25 – percentile 75]. * p < 0.05 compared to the pre-intervention moment within the same group; † p < 0.05 compared to the control group at the same moment.",candidate_table_found,Requires author extraction of arm-level n/mean/SD or events/denominators.,38098822.0,10.3389/fpubh.2023.1267666,"Effects of an educational intervention on frailty status, physical function, physical activity, sleep patterns, and nutritional status of older adults with frailty or pre-frailty: the FRAGSALUD study.",nutrition_only
PMC10720710,2,Table 2,grip_strength,yes,72,"s before and after the intervention. Control group (83) Educational group (80) PRE POST PRE POST Total fried (points, median [IQR]) 2.0 [2.0–3.0] 2.0 [1.0–3.0] 2.0 [1.0–2.0]† 1.0 [0.0–2.0]*† Fried’s category, n (%) Robust 0 (0) 0 (0) 0 (0) 24 (30)*† Pre-frail 45 (54,2) 43 (51.8) 65 (81.3)† 50 (62.5)*† Frail 38 (45,8) 40 (48.2) 15 (18.8)† 6 (7.5)* Unintended weight loss, n (%) Lost <5% of body mass 52 (62.7) 69 (83.1) 57 (71.3) 68 (85)* Lost >5% of body mass 31 (37.3) 14 (16.9) 23 (28.8) 12 (15)* Self-reported exhaustion and fatigue, n (%) Did not meet the criteria 23 (27.7) 21 (25.3) 20 (25) 40 (50)*† Met the criteria 60 (72.3) 62 (74.7) 60 (75) 40 (50)*† Physical activity expenditure, n (%) Low 14 (16.9) 19 (22.9) 4 (5)† 11 (13.8) Normal 69 (83.1) 63 (75.9) 76 (95)† 69 (86.3)* Gait speed, n (%) Low 28 (33.7) 38 (45.8) 22 (27.5) 13 (16.3)† Normal 55 (66.3) 45 (54.2) 58 (72.5) 67 (83.8)† Handgrip strength, n (%) Low 69 (83.1) 69 (83.1) 39 (48.8) 20 (25)* Normal 14 (16.9) 14 (16.9) 41 (51.3) 60 (75)* IQR, interquartile range[percentile 25 – percentile 75]. * p < 0.05 compared to the pre-intervention moment within the same group; † p < 0.05 compared to the control group at the same moment.",candidate_table_found,Requires author extraction of arm-level n/mean/SD or events/denominators.,38098822.0,10.3389/fpubh.2023.1267666,"Effects of an educational intervention on frailty status, physical function, physical activity, sleep patterns, and nutritional status of older adults with frailty or pre-frailty: the FRAGSALUD study.",nutrition_only
PMC10720710,3,Table 3,sppb,yes,157,"Table 3. Comparison of participant outcomes before and after the intervention.. Table 3 Comparison of participant outcomes before and after the intervention. Control group (83) Educational group (80) PRE POST PRE POST Physical function Side-by-side test (s, median [IQR]) 10.0 [0.7–10.0] 10.0 [7.1–10.0]* 10.0 [10.0–10.0]† 10.0 [10.0–10.0]† Semi tandem test (s, median [IQR]) 10.0 [0.0–10.0] 10.0 [0.0–10.0] 10.0 [10.0–10.0]† 10.0 [10.0–10.0]† Tandem test (s, median [IQR]) 3.2 [0.0–10.0] 3.1 [0.0–10.0] 10.0 [4.5–10.0]† 10.0 [8.0–10.0]*† 4-meter gait test (s, median [IQR]) 5.3 [4.5–7.3] 6.2 [4.8–10.1]* 4.9 [4.1–6.0]† 4.2 [4.0–5.7]*† Five-repetition sit-to-stand test (s, median [IQR]) 15.0 [12.0–40.0] 17.7 [12.9–39.9] 15.3 [11.9–19.9]† 11.1 [9.6–13.8]*† SPPB score (points, median [IQR]) 7.0 [4.8–9.0] 6.0 [4.0–8.0]* 9.0 [8.0–10.0]† 10.0 [9.0–12.0]*† Handgrip strength (kg, median [IQR]) 20.0 [13.6–26.9] 20.0 [12.5–26.6] 20.6 [17.3–27.2]† 20.1 [16.6–26.3] STS relative muscle power (W/kg, median [IQR]) 0.6 [0.2–0.8] 0.5 [0.2–0.6] 0.6 [0.4–0.8] 0.8 [0.6–1.0]*† Physical activity Inactitivy (min/day, mean ± sd) 802.26 ± 139.74 810.4 ± 131.97 829.31 ± 110.43 836.49 ± 104.27 MVPA (min/day, median [IQR]) 0.0 [0.0–11.3] 3.2 [0.0–22.5] 1.7 [0.0–8.3] 1.7 [0.0–9.1] LPA (min/day, mean ± sd) 116.24 ± 140.34 103.27 ± 62.53 98.98 ± 47.21 91.67 ± 47.14 Sleep behaviour Bedtime (h/day, mean ± sd) 7.69 ± 1.48 8.21 ± 1.80 7.71 ± 1.53 7.97 ± 1.44 Sleep time (h/day, mean ± sd) 6.38 ± 1.46 6.82 ± 1.67 6.66 ± 1.41 6.94 ± 1.32 Awakenings (number/day, mean ± sd) 12.98 ± 4.31 14.30 ± 4.55* 13.44 ± 4.27 13.33 ± 4.42 Sleep efficiency (%, median [IQR]) 86.6 [82.2–89.9] 85.",candidate_table_found,Requires author extraction of arm-level n/mean/SD or events/denominators.,38098822.0,10.3389/fpubh.2023.1267666,"Effects of an educational intervention on frailty status, physical function, physical activity, sleep patterns, and nutritional status of older adults with frailty or pre-frailty: the FRAGSALUD study.",nutrition_only
PMC10720710,3,Table 3,grip_strength,yes,167,"Table 3. Comparison of participant outcomes before and after the intervention.. Table 3 Comparison of participant outcomes before and after the intervention. Control group (83) Educational group (80) PRE POST PRE POST Physical function Side-by-side test (s, median [IQR]) 10.0 [0.7–10.0] 10.0 [7.1–10.0]* 10.0 [10.0–10.0]† 10.0 [10.0–10.0]† Semi tandem test (s, median [IQR]) 10.0 [0.0–10.0] 10.0 [0.0–10.0] 10.0 [10.0–10.0]† 10.0 [10.0–10.0]† Tandem test (s, median [IQR]) 3.2 [0.0–10.0] 3.1 [0.0–10.0] 10.0 [4.5–10.0]† 10.0 [8.0–10.0]*† 4-meter gait test (s, median [IQR]) 5.3 [4.5–7.3] 6.2 [4.8–10.1]* 4.9 [4.1–6.0]† 4.2 [4.0–5.7]*† Five-repetition sit-to-stand test (s, median [IQR]) 15.0 [12.0–40.0] 17.7 [12.9–39.9] 15.3 [11.9–19.9]† 11.1 [9.6–13.8]*† SPPB score (points, median [IQR]) 7.0 [4.8–9.0] 6.0 [4.0–8.0]* 9.0 [8.0–10.0]† 10.0 [9.0–12.0]*† Handgrip strength (kg, median [IQR]) 20.0 [13.6–26.9] 20.0 [12.5–26.6] 20.6 [17.3–27.2]† 20.1 [16.6–26.3] STS relative muscle power (W/kg, median [IQR]) 0.6 [0.2–0.8] 0.5 [0.2–0.6] 0.6 [0.4–0.8] 0.8 [0.6–1.0]*† Physical activity Inactitivy (min/day, mean ± sd) 802.26 ± 139.74 810.4 ± 131.97 829.31 ± 110.43 836.49 ± 104.27 MVPA (min/day, median [IQR]) 0.0 [0.0–11.3] 3.2 [0.0–22.5] 1.7 [0.0–8.3] 1.7 [0.0–9.1] LPA (min/day, mean ± sd) 116.24 ± 140.34 103.27 ± 62.53 98.98 ± 47.21 91.67 ± 47.14 Sleep behaviour Bedtime (h/day, mean ± sd) 7.69 ± 1.48 8.21 ± 1.80 7.71 ± 1.53 7.97 ± 1.44 Sleep time (h/day, mean ± sd) 6.38 ± 1.46 6.82 ± 1.67 6.66 ± 1.41 6.94 ± 1.32 Awakenings (number/day, mean ± sd) 12.98 ± 4.31 14.30 ± 4.55* 13.44 ± 4.27 13.33 ± 4.42 Sleep efficiency (%, median [IQR]) 86.6 [82.2–89.9] 85.3 [81.1–88.7] 84.8 [81.1–91.0] 87.8 [81.1–91.0] Nutritional assessment IMC (kg/m2, mean ± sd) 28.85 ±",candidate_table_found,Requires author extraction of arm-level n/mean/SD or events/denominators.,38098822.0,10.3389/fpubh.2023.1267666,"Effects of an educational intervention on frailty status, physical function, physical activity, sleep patterns, and nutritional status of older adults with frailty or pre-frailty: the FRAGSALUD study.",nutrition_only
PMC10826892,1,Table 1.,frailty_status_or_score,yes,40,"Table 1.. Comparison of Baseline Sociodemographic, Clinical, and Frailty between Intervention Arms. Table 1. Comparison of Baseline Sociodemographic, Clinical, and Frailty between Intervention Arms Variable HAP-E (N=80) TC (N=87) Test Statistic (95% CI) Sociodemographics Age 73.2 (7.7) 71.6 (7.5) d = 0.22 (−0.09, 0.52) % Female 68% 72% OR = 1.21 (0.59, 2.50) Race (%White) 82% 90% OR = 2.01 (0.73, 5.92) % Married/Partnered 33% 36% OR = 1.14 (0.58, 2.30) % College Educated 50% 60% OR = 1.57 (0.81, 3.08) Clinical SBP (mmHg) 135.7 (20.2) 134.1 (16.3) d = 0.09 (−0.23, 0.41) DBP (mmHg) 69.3 (10.0) 69.5 (9.6) d = −0.02 (−0.33, 0.29) BMI (kg/m 2 ) 28.8 (6.1) 29.9 (6.9) d = −0.18 (−0.48, 0.13) MoCA 25.2 (3.2) 25.4 (3.7) d = −0.06 (−0.37, 0.25) % Frail (FI ≥ 0.25) 36% 31% OR = 1.26 (0.63, 2.53) Frailty Index (FI) 0.224 (0.10) 0.224 (0.09) d = 0.00 (−0.31, 0.31) Means (SD) and proportions (%) for sociodemographic and clinical variables at baseline between two intervent",candidate_table_found,Requires author extraction of arm-level n/mean/SD or events/denominators.,37458963.0,10.1007/s40520-023-02504-w,Tai Chi versus health education as a frailty intervention for community-dwelling older adults with hypertension.,mind_body
PMC10851592,,,,no,0,,no_candidate_table_found,No relevant outcome table was identified by text mining; author must inspect full text manually.,38326734.0,10.1186/s12877-024-04736-5,Effects of high-intensity training on fatty infiltration in paraspinal muscles in elderly males with osteosarcopenia - the randomized controlled FrOST study.,exercise_only
PMC11411904,3,Table 3,frailty_status_or_score,yes,51,Table 3. Distribution of Individual Variables in the Frail-VIG Scale. Table 3 Distribution of Individual Variables in the Frail-VIG Scale Domain S.No. Variable Description Baseline End-line Intervention Group ( N =60)n(%) Control Group ( N =61)n(%) 𝝌 2 value p value Intervention Group ( N =57)n(%) Control Group ( N =52)n(%) 𝝌 2 value p value Functional 1 IADL Money management Needs help managing financial matters 15 (25.0) 11 (18.0) 0.870 0.351 11 (19.3) 9 (17.3) 0.072 0.78 2 Telephone use Needs help using the telephone 43 (71.7) 49 (80.3) 1.250 0.264 39 (68.4) 43 (82.7) 2.972 0.08 3 Medications Needs assistance in preparing or administering medications 46 (76.7) 51 (83.60 0.916 0.338 11 (19.3) 45 (86.5) 49.215 0.001 4 ADL* Barthel Index (BI) No dependency (BI ≥95) 1 (1.7) 0 (0.0) - - 1 (1.7) 0 (0.0) - - Mild - moderate dependency (BI 90-65) 45 (75.0) 46 (75.4) 0.12 0.912 46 (80.7) 38 (73) 1.282 0.25 Moderate - severe dependency (BI 60-25) 14 (,candidate_table_found,Requires author extraction of arm-level n/mean/SD or events/denominators.,39300347.0,10.1186/s12877-024-05351-0,Hybrid model of care for older persons for improvement of frailty index-a community-based interventional study in an urban setting.,multidomain
PMC11411904,3,Table 3,adl_iadl,yes,74,Table 3. Distribution of Individual Variables in the Frail-VIG Scale. Table 3 Distribution of Individual Variables in the Frail-VIG Scale Domain S.No. Variable Description Baseline End-line Intervention Group ( N =60)n(%) Control Group ( N =61)n(%) 𝝌 2 value p value Intervention Group ( N =57)n(%) Control Group ( N =52)n(%) 𝝌 2 value p value Functional 1 IADL Money management Needs help managing financial matters 15 (25.0) 11 (18.0) 0.870 0.351 11 (19.3) 9 (17.3) 0.072 0.78 2 Telephone use Needs help using the telephone 43 (71.7) 49 (80.3) 1.250 0.264 39 (68.4) 43 (82.7) 2.972 0.08 3 Medications Needs assistance in preparing or administering medications 46 (76.7) 51 (83.60 0.916 0.338 11 (19.3) 45 (86.5) 49.215 0.001 4 ADL* Barthel Index (BI) No dependency (BI ≥95) 1 (1.7) 0 (0.0) - - 1 (1.7) 0 (0.0) - - Mild - moderate dependency (BI 90-65) 45 (75.0) 46 (75.4) 0.12 0.912 46 (80.7) 38 (73) 1.282 0.25 Moderate - severe dependency (BI 60-25) 14 (23.3) 15 (24.6) 10 (17.6) 14 (26.9) Absolute dependency (BI ≤20) 0 (0.0) 0 (0.0) - - 0 (0.0) 0 (0.0) - - Nutrition 5 Malnutrition Weight loss ≥5% in the last 6 months 33 (55.0) 32 (52.5) 0.08 0.779 8 (14.0) 36 (69.2) 34.415 0.001 Cognitive # 6 Degree of cognitive impairment No impairment (GDS=1) 49 (81,candidate_table_found,Requires author extraction of arm-level n/mean/SD or events/denominators.,39300347.0,10.1186/s12877-024-05351-0,Hybrid model of care for older persons for improvement of frailty index-a community-based interventional study in an urban setting.,multidomain
PMC11411904,3,Table 3,falls,yes,116,"6 months 33 (55.0) 32 (52.5) 0.08 0.779 8 (14.0) 36 (69.2) 34.415 0.001 Cognitive # 6 Degree of cognitive impairment No impairment (GDS=1) 49 (81.7) 51 (83.60) 0.079 0.778 46 (80.7) 44 (84.6) 0.289 0.59 Mild - moderate (GDS 2-5) 11 (18.3) 10 (16.4) 11 (19.3) 8 (15.4) Severe - very severe (GDS ≥6) 0 (0.0) 0 (0.0) - - 0 (0.0) 0 (0.0) - - Emotional 7 Depressive syndrome Need for antidepressants 0 (0.0) 1 (1.5) - - 0 (0.0) 2 (3.1) - - 8 Insomnia/anxiety Frequent need for antipsychotics with a sedative effect 46 (73.0) 46 (75.0) 0.03 0.871 20 (35.1) 45 (69.2) 29.903 0.001 Social 9 Social vulnerability Healthcare professional perceives the presence of social vulnerability 21 (35.0) 24 (39.0) 0.24 0.621 12 (21) 24 (36.9) 7.746 0.005 Geriatric syndromes 10 Delirium Presence of delirium and/or behaviour requiring antipsychotic drugs in the last 6 months 1 (2.0) 1 (2.0) - - 0 (0.0) 2 (3.8) - - 11 Falls In the last 6 months, ≥ 2 falls or hospitalisation due to a fall 24 (40.0) 33 (54.0) 2.028 0.15 3 (5.3) 18 (34.6) 15.062 0.001 12 Ulcers Presence of ulcer (pressure or vascular, any grade) 1 (1.6) 4 (6.5) - - 1 (1.7) 10 (19.2) 9.154 0.002 13 Polypharmacy Taking ≥ 5 drugs 59 (98.3) 58 (95.1) - - 51 (89.5) 52 (100.0) - - 14 Dysphagia While eating or drinking? Presence of aspiration or respiratory infections during the last 6 months? 35 (58.3) 35 (57.3) 0.01 0.915 9 (15.8) 42 (80.8) 46.117 0.001 Severe symptoms 15 Pain Need for ≥ 2 conventional analgesics and/or strong opioids for pain control 58 (97.0) 57 (93.0) - - 35 (61.4) 49 (94.2) 16.579 0.001 16 Dyspnea Impeding the ability to leave house and/or opioids are frequently needed 37 (61.6) 38 (62.3) 0.018 0.89 25 (43.9) 48 (92.3) 28.856 0.001 Diseases 17 Cancer Active cancer on treatment 1 (1.6) 0 (0.0) - - 1 (1.7) 0 (0.0) - - 18 Respira",candidate_table_found,Requires author extraction of arm-level n/mean/SD or events/denominators.,39300347.0,10.1186/s12877-024-05351-0,Hybrid model of care for older persons for improvement of frailty index-a community-based interventional study in an urban setting.,multidomain
PMC11411904,4,Table 4,frailty_status_or_score,yes,49,Table 4. Comparability of Frailty Index across various socio-demographic variables within Groups. Table 4 Comparability of Frailty Index across various socio-demographic variables within Groups n Intervention Group [Median (IQR)] p value n Control Group [Median (IQR)] p value Age # (in years) 60-74 51 0.20 (0.20-0.24) 0.152 43 0.44 (0.40-0.48) 0.833 ≥75 6 0.26 (0.20-0.34) 9 0.44 (0.38-0.48) Gender # Male 34 0.20 (0.20-0.24) 0.294 29 0.44 (0.36-0.44) 0.028 Female 23 0.24 (0.20-0.26) 23 0.44 (0.42-0.48) Source of Income # Salaried/Self-employed 13 0.24 (0.20-0.32) 0.175 12 0.42 (0.39-0.44) 0.155 Pension/Dependent on caregiver 44 0.20 (0.20-0.24) 40 0.44 (0.40-0.48) Educational Status* No formal education 18 0.24 (0.20-0.28) 0.912 16 0.40 (0.36-0.44) 0.271 Primary-High school 24 0.24 (0.20-0.28) 20 0.44 (0.43-0.48) Intermediate & above 15 0.20 (0.16-0.24) 16 0.44 (0.39-0.45) #Mann Whitney U test *Kruskal-Wallis Test,candidate_table_found,Requires author extraction of arm-level n/mean/SD or events/denominators.,39300347.0,10.1186/s12877-024-05351-0,Hybrid model of care for older persons for improvement of frailty index-a community-based interventional study in an urban setting.,multidomain
PMC11411904,5,Table 5,frailty_status_or_score,yes,87,Table 5. Unadjusted and adjusted estimates for change in frailty index through DID analysis. Table 5 Unadjusted and adjusted estimates for change in frailty index through DID analysis Variables Unadjusted Model 1 Model 2 Estimate SE p value Estimate SE p value Estimate SE p value (Intercept) 0.353 0.021 <0.001 0.199 0.065 0.002 0.167 0.062 0.007 Group 0.013 0.013 0.318 0.005 0.013 0.691 0.005 0.012 0.685 Timeline -0.324 0.029 <0.001 -0.326 0.027 <0.001 -0.324 0.027 <0.001 Age 0.002 8.581 x10 -04 0.063 0.002 8.010 x10 -04 0.015 Sex 0.030 0.009 0.001 0.032 0.009 0.001 Family support 0.003 0.011 0.026 0.025 0.011 0.025 Per capita income -2.581 x10 -06 1.105 x10 -06 0.020 -2.307 x10 -06 1.093 x10 -06 0.035 Marital.Status 0.013 0.011 0.263 Religion -0.010 0.007 0.179 Age of caregiver -1.277 x10 -04 0.005 0.790 Group:Timeline 0.190 0.018 0.001 0.190 0.017 0.001 0.190 0.175 0.001,candidate_table_found,Requires author extraction of arm-level n/mean/SD or events/denominators.,39300347.0,10.1186/s12877-024-05351-0,Hybrid model of care for older persons for improvement of frailty index-a community-based interventional study in an urban setting.,multidomain
PMC11411904,6,Table 6,frailty_status_or_score,yes,22,Table 6. Frailty Status of the participants based on single point cut-off for Frailty Index. Table 6 Frailty Status of the participants based on single point cut-off for Frailty Index Frailty Status Baseline End-line Intervention Group ( N =60) n (%) Control Group ( N =61) n (%) 𝝌 2 value p value Intervention Group ( N =57) n (%) Control Group ( N =52) n (%) 𝝌 2 value p value Frailty Index <0.35 20 (33.33) 17 (27.86) 0.425 0.514 51 (89.5) 4 (7.7) 72.754 0.001 Frailty Index >0.35 40 (66.67) 44 (72.13) 6 (10.5) 48 (92.3),candidate_table_found,Requires author extraction of arm-level n/mean/SD or events/denominators.,39300347.0,10.1186/s12877-024-05351-0,Hybrid model of care for older persons for improvement of frailty index-a community-based interventional study in an urban setting.,multidomain
PMC11411904,7,Table 7,gait_speed,yes,35,Table 7. SPPB scores of the participants in the study. Table 7 SPPB scores of the participants in the study S.No. Components [Median (IQR)] Baseline End-line Intervention Group (n=60) Control Group (n=61) p value Intervention Group (n=57) Control Group (n=52) p value 1 Balance Test 2 (2-2.5) 2 (1-2) 0.049 3 (2-3) 2 (1-2) 0.001 2 Chair Rise Test 2 (1-2) 2 (1-2) 0.178 2 (2-3) 1 (1-2) 0.001 3 5m Gait Speed Test 2 (1-2) 2 (1-2) 0.831 2 (2-3) 2 (1-2) 0.001 4 Total SPPB score 5 (5-6) 5 (4-6) 0.768 7 (6-8) 5 (4-5) 0.001 Mann Whitney U test,candidate_table_found,Requires author extraction of arm-level n/mean/SD or events/denominators.,39300347.0,10.1186/s12877-024-05351-0,Hybrid model of care for older persons for improvement of frailty index-a community-based interventional study in an urban setting.,multidomain
PMC11411904,7,Table 7,sppb,yes,35,Table 7. SPPB scores of the participants in the study. Table 7 SPPB scores of the participants in the study S.No. Components [Median (IQR)] Baseline End-line Intervention Group (n=60) Control Group (n=61) p value Intervention Group (n=57) Control Group (n=52) p value 1 Balance Test 2 (2-2.5) 2 (1-2) 0.049 3 (2-3) 2 (1-2) 0.001 2 Chair Rise Test 2 (1-2) 2 (1-2) 0.178 2 (2-3) 1 (1-2) 0.001 3 5m Gait Speed Test 2 (1-2) 2 (1-2) 0.831 2 (2-3) 2 (1-2) 0.001 4 Total SPPB score 5 (5-6) 5 (4-6) 0.768 7 (6-8) 5 (4-5) 0.001 Mann Whitney U test,candidate_table_found,Requires author extraction of arm-level n/mean/SD or events/denominators.,39300347.0,10.1186/s12877-024-05351-0,Hybrid model of care for older persons for improvement of frailty index-a community-based interventional study in an urban setting.,multidomain
PMC11411904,8,Table 8,frailty_status_or_score,yes,24,Table 8. Frailty Status of participants based on SPPB Score. Table 8 Frailty Status of participants based on SPPB Score Frailty Status Baseline End-line Intervention Group ( N =60) n (%) Control Group ( N =61) n (%) 𝝌 2 value p value Intervention Group ( N =57) n (%) Control Group ( N =52) n (%) 𝝌 2 value p value Frail (≤5/12) 32 (53.3) 31 (50.8) 0.076 0.782 9 (15.8) 43 (82.7) 48.788 0.001 Not Frail (>5/12) 28 (46.7) 30 (49.2) 48 (84.2) 9 (17.3),candidate_table_found,Requires author extraction of arm-level n/mean/SD or events/denominators.,39300347.0,10.1186/s12877-024-05351-0,Hybrid model of care for older persons for improvement of frailty index-a community-based interventional study in an urban setting.,multidomain
PMC11411904,8,Table 8,sppb,yes,24,Table 8. Frailty Status of participants based on SPPB Score. Table 8 Frailty Status of participants based on SPPB Score Frailty Status Baseline End-line Intervention Group ( N =60) n (%) Control Group ( N =61) n (%) 𝝌 2 value p value Intervention Group ( N =57) n (%) Control Group ( N =52) n (%) 𝝌 2 value p value Frail (≤5/12) 32 (53.3) 31 (50.8) 0.076 0.782 9 (15.8) 43 (82.7) 48.788 0.001 Not Frail (>5/12) 28 (46.7) 30 (49.2) 48 (84.2) 9 (17.3),candidate_table_found,Requires author extraction of arm-level n/mean/SD or events/denominators.,39300347.0,10.1186/s12877-024-05351-0,Hybrid model of care for older persons for improvement of frailty index-a community-based interventional study in an urban setting.,multidomain
PMC11523852,1,Table 1,frailty_status_or_score,yes,75,".359 Sex, n (%) Male 27(37.5) 23(31.9) 0.484 Female 45(62.5) 49(68.1) Educational level, n (%) 0.553 Primary school or lower 19(26.4) 17(23.6) Junior high school 36(50.0) 33(45.8) Senior high school 7(9.7) 13(18.1) Junior college or higher 10(13.9) 9(12.5) Marital status, n (%) 0.851 In marriage 52(72.2) 53(73.6) Others (Unmarried, divorced, widowed) 20(27.8) 19(26.4) Monthly income, n (%) 0.865 ≤ 3999¥ 15(20.8) 15(20.8) 4000–6999¥ 50(69.4) 48(66.7) ≥ 7000¥ 7(9.7) 9(12.5) Occupation before retirement, n (%) 0.677 In charge of enterprises and institutions/administrative personnel 12(16.7) 10(13.9) Professionals 9(12.5) 14(19.4) Workers 39(54.2) 35(48.6) Others 12(16.7) 13(18.1) Living status, n (%) 0.820 Solitary 11(15.3) 12(16.7) Non-solitary 61(84.7) 60(83.3) Smoking, n (%) Yes 12(16.7) 8(11.1) 0.335 No 60(83.3) 64 (88.9) Drinking, n (%) Yes 15(20.8) 10(13.9) 0.271 No 57(79.2) 62(86.1) Frailty 1.64 ± 0.48 1.51 ± 0.50 0.131 Self-efficacy for exercise 2.15 ± 0.86 2.25 ± 0.92 0.513 PCS 36.18 ± 8.18 37.11 ± 8.15 0.492 MCS 40.26 ± 8.00 39.05 ± 7.43 0.347 Note PCS, physical component summary; MCS, mental component summary",candidate_table_found,Requires author extraction of arm-level n/mean/SD or events/denominators.,39478450.0,10.1186/s12877-024-05464-6,Combining motivational and exercise intervention components to reverse pre-frailty and promote self-efficacy among community-dwelling pre-frail older adults: a randomized controlled trial.,multicomponent_exercise
PMC11523852,2,Table 2,frailty_status_or_score,yes,21,Table 2. Comparisons of frailty status for the intervention and control groups. Table 2 Comparisons of frailty status for the intervention and control groups Time Frailty status Intervention group Control group χ 2 p -value n (%) n (%) Week 8 Non-frailty 11(16.4) 3(4.3) 5.556 0.062 Pre-frailty 54(80.6) 64(91.4) frailty 2(3.0) 3(4.3) Week 24 Non-frailty 42(63.6) 9(13.4) 35.465 < 0.001 Pre-frailty 21(31.8) 50(74.6) frailty 3(4.5) 8(11.9),candidate_table_found,Requires author extraction of arm-level n/mean/SD or events/denominators.,39478450.0,10.1186/s12877-024-05464-6,Combining motivational and exercise intervention components to reverse pre-frailty and promote self-efficacy among community-dwelling pre-frail older adults: a randomized controlled trial.,multicomponent_exercise
PMC12092390,,,,no,0,,no_candidate_table_found,No relevant outcome table was identified by text mining; author must inspect full text manually.,40400914.0,10.3389/fnagi.2025.1581892,Multi-pathway blood biomarkers to target and monitor multidimensional prevention of cognitive and functional decline (nested in the IN-TeMPO study framed within the world-wide FINGERS network).,multidomain
PMC12188645,1,Table 1,frailty_status_or_score,yes,44,Table 1. Descriptive characteristics of the pre-frail community-dwelling older adults.. Table 1 Descriptive characteristics of the pre-frail community-dwelling older adults. Kinect intervention group ( N = 30) Control group ( N = 30) p -Value Age (year) 69.10 ± 5.76 68.70 ± 4.31 0.762 Sex Female 25 (83.3%) 24 (80.0%) 0.111 Male 5 (16.7%) 6 (20.0%) Height (cm) 156.73 ± 7.15 157.80 ± 6.69 0.563 Weight (kg) 58.26 ± 9.25 60.27 ± 12.55 0.484 Number of falls (time/year) 0.37 ± 0.76 0.15 ± 0.40 0.176 BMI 23.78 ± 3.24 24.06 ± 4.60 0.789 Education level High school or above 19 (63.3%) 15 (50.0%) 0.297 Under junior high school 11 (36.7%) 15 (50.0%) Living status Live with family 26 (86.7%) 28 (93.3%) 0.671 Living alone 4 (13.3%) 2 (6.7%) Data are presented as mean ± SD for continuous variables; number (frequency) for category variables.,candidate_table_found,Requires author extraction of arm-level n/mean/SD or events/denominators.,40567995.0,10.3389/fpubh.2025.1498606,Effects of physical fitness using a Kinect system for pre-frail community-dwelling older adults.,multicomponent_exercise
PMC12188645,1,Table 1,falls,yes,44,Table 1. Descriptive characteristics of the pre-frail community-dwelling older adults.. Table 1 Descriptive characteristics of the pre-frail community-dwelling older adults. Kinect intervention group ( N = 30) Control group ( N = 30) p -Value Age (year) 69.10 ± 5.76 68.70 ± 4.31 0.762 Sex Female 25 (83.3%) 24 (80.0%) 0.111 Male 5 (16.7%) 6 (20.0%) Height (cm) 156.73 ± 7.15 157.80 ± 6.69 0.563 Weight (kg) 58.26 ± 9.25 60.27 ± 12.55 0.484 Number of falls (time/year) 0.37 ± 0.76 0.15 ± 0.40 0.176 BMI 23.78 ± 3.24 24.06 ± 4.60 0.789 Education level High school or above 19 (63.3%) 15 (50.0%) 0.297 Under junior high school 11 (36.7%) 15 (50.0%) Living status Live with family 26 (86.7%) 28 (93.3%) 0.671 Living alone 4 (13.3%) 2 (6.7%) Data are presented as mean ± SD for continuous variables; number (frequency) for category variables.,candidate_table_found,Requires author extraction of arm-level n/mean/SD or events/denominators.,40567995.0,10.3389/fpubh.2025.1498606,Effects of physical fitness using a Kinect system for pre-frail community-dwelling older adults.,multicomponent_exercise
PMC12188645,2,Table 2,grip_strength,yes,170,"Table 2. Outcome measure scores between groups at week 0, 8, and 12.. Table 2 Outcome measure scores between groups at week 0, 8, and 12. Weeks Week 0 Week 8 Week 12 Week 0–8 Week 0–12 P a Week 0–8 P b Week 0–12 P b BMI EG 23.78 ± 3.24 23.41 ± 3.45 22.85 ± 5.12 0.057 0.205 0.309 0.214 CG 24.06 ± 4.60 24.02 ± 4.63 24.03 ± 4.65 0.326 0.231 WHR EG 0.88 ± 0.06 0.88 ± 0.05 0.89 ± 0.06 0.105 0.225 0.503 0.268 CG 0.88 ± 0.07 0.88 ± 0.06 0.88 ± 0.06 0.592 0.797 30CST EG 10.73 ± 3.02 13.13 ± 2.86 13.20 ± 3.01 <0.001 c <0.001 c 0.002 0.277 CG 9.93 ± 2.63 10.63 ± 2.73 11.60 ± 3.07 0.038 <0.001 Grip strength Right hand EG 22.43 ± 11.62 21.27 ± 8.22 21.00 ± 8.62 0.531 0.441 0.382 0.647 CG 20.53 ± 7.13 21.10 ± 7.42 20.03 ± 7.30 0.498 0.36 Left hand EG 20.40 ± 7.47 21.10 ± 6.92 19.90 ± 7.66 0.186 0.485 0.723 0.373 CG 21.07 ± 7.60 21.47 ± 7.31 21.47 ± 7.31 0.566 0.596 6MWT EG 359.07 ± 63.34 413.50 ± 95.46 431.53 ± 93.27 <0.001 c <0.001 c 0.104 0.016 CG 363.90 ± 70.20 393.60 ± 71.56 397.63 ± 78.94 0.018 0.008 WHOQOL-BREF EG 3.61 ± 0.37 3.85 ± 0.30 3.82 ± 0.31 <0.001 c 0.003 c 0.024 0.038 CG 3.64 ± 0.34 3.72 ± 0.37 3.67 ± 0.40 0.180 0.586 BREQ-2 EG 47.57 ± 6.75 49.87 ± 8.62 51.27 ± 5.56 0.180 0.008 0.936 1.000 CG 53.97 ± 17.22 55.97 ± 14.77 57.67 ± 14.09 0.560 0.279 EG, experimental group; CG, control group; BMI, body mass index; WHR, waist to hip ratio; 30CST, 30 Second Chair Stand Test; 6MWT, 6-minute walk test; WHOQOL-BREF, Quality-of-Life Questionnaire by World Health Organization-BREF; BREQ-",candidate_table_found,Requires author extraction of arm-level n/mean/SD or events/denominators.,40567995.0,10.3389/fpubh.2025.1498606,Effects of physical fitness using a Kinect system for pre-frail community-dwelling older adults.,multicomponent_exercise
PMC12188645,2,Table 2,quality_of_life,yes,168,"oups at week 0, 8, and 12. Weeks Week 0 Week 8 Week 12 Week 0–8 Week 0–12 P a Week 0–8 P b Week 0–12 P b BMI EG 23.78 ± 3.24 23.41 ± 3.45 22.85 ± 5.12 0.057 0.205 0.309 0.214 CG 24.06 ± 4.60 24.02 ± 4.63 24.03 ± 4.65 0.326 0.231 WHR EG 0.88 ± 0.06 0.88 ± 0.05 0.89 ± 0.06 0.105 0.225 0.503 0.268 CG 0.88 ± 0.07 0.88 ± 0.06 0.88 ± 0.06 0.592 0.797 30CST EG 10.73 ± 3.02 13.13 ± 2.86 13.20 ± 3.01 <0.001 c <0.001 c 0.002 0.277 CG 9.93 ± 2.63 10.63 ± 2.73 11.60 ± 3.07 0.038 <0.001 Grip strength Right hand EG 22.43 ± 11.62 21.27 ± 8.22 21.00 ± 8.62 0.531 0.441 0.382 0.647 CG 20.53 ± 7.13 21.10 ± 7.42 20.03 ± 7.30 0.498 0.36 Left hand EG 20.40 ± 7.47 21.10 ± 6.92 19.90 ± 7.66 0.186 0.485 0.723 0.373 CG 21.07 ± 7.60 21.47 ± 7.31 21.47 ± 7.31 0.566 0.596 6MWT EG 359.07 ± 63.34 413.50 ± 95.46 431.53 ± 93.27 <0.001 c <0.001 c 0.104 0.016 CG 363.90 ± 70.20 393.60 ± 71.56 397.63 ± 78.94 0.018 0.008 WHOQOL-BREF EG 3.61 ± 0.37 3.85 ± 0.30 3.82 ± 0.31 <0.001 c 0.003 c 0.024 0.038 CG 3.64 ± 0.34 3.72 ± 0.37 3.67 ± 0.40 0.180 0.586 BREQ-2 EG 47.57 ± 6.75 49.87 ± 8.62 51.27 ± 5.56 0.180 0.008 0.936 1.000 CG 53.97 ± 17.22 55.97 ± 14.77 57.67 ± 14.09 0.560 0.279 EG, experimental group; CG, control group; BMI, body mass index; WHR, waist to hip ratio; 30CST, 30 Second Chair Stand Test; 6MWT, 6-minute walk test; WHOQOL-BREF, Quality-of-Life Questionnaire by World Health Organization-BREF; BREQ-2, Behavior Regulation in Exercise Questionnaire-2. a Intergroup analysis. b Intragroup analysis. c p < 0.05.",candidate_table_found,Requires author extraction of arm-level n/mean/SD or events/denominators.,40567995.0,10.3389/fpubh.2025.1498606,Effects of physical fitness using a Kinect system for pre-frail community-dwelling older adults.,multicomponent_exercise
PMC12275761,,,,no,0,,no_candidate_table_found,No relevant outcome table was identified by text mining; author must inspect full text manually.,32259186.0,10.14283/jfa.2020.13,"Multi-Component Exercise with High-Intensity, Free-Weight, Functional Resistance Training in Pre-Frail Females: A Quasi-Experimental, Pilot Study.",multicomponent_exercise
PMC12280510,1,Table 1,gait_speed,yes,67,"istics of participants Characteristic Overall (n=86) Control (n=43) Intervention (n=43) P-value Mean SD Mean SD Mean SD Age (years) 75.6 (5.6) 76.7 (5.3) 74.4 (5.6) 0.06 Men : Women 6 : 80 2 : 41 4 : 39 Oral functions Number of teeth 18.7 (9.4) 15.3 (10.3) 22.0 (7.1) 0.001 Occlusal force (log [N]) 2.3 (0.4) 2.2 (0.4) 2.4 (0.4) 0.019 Tongue-lip motor function /pa/ (number/s) 6.1 (0.8) 6.1 (0.8) 6.2 (0.8) 0.89 /ta/ (number/s) 6.2 (0.7) 6.1 (0.7) 6.3 (0.7) 0.42 /ka/ (number/s) 5.8 (0.8) 5.7 (1.0) 5.8 (0.7) 0.69 Tongue pressure (kPa) 32.4 (8.0) 31.8 (8.6) 32.9 (7.4) 0.55 Masticatory function (mg/dL) 137.6 (48.7) 122.1 (50.6) 152.8 (42.0) 0.003 Physical properties and activities BMI (kg/m 2 ) 23.7 (3.6) 24.3 (4.1) 23.1 (3.0) 0.13 Body fat percentage (%) 33.5 (6.7) 35.3 (5.8) 31.8 (7.0) 0.016 SMI (kg/m 2 ) 8.2 (1.0) 8.1 (1.1) 8.2 (0.8) 0.38 HGS (kg) 21.6 (4.8) 20.9 (4.1) 22.4 (5.3) 0.14 Usual walking speed (m/s) 1.5 (0.3) 1.5 (0.3) 1.5 (0.3) 0.45 TUG (s) 7.0 (1.5) 7.0 (1.7) 7.0 (1.2) 0.92 SD, Standard deviation; BMI, Body mass index; SMI, Skeletal muscle mass index; HGS, Hand grip strength; TUG, Time of timed up and go test",candidate_table_found,Requires author extraction of arm-level n/mean/SD or events/denominators.,31367733.0,10.1007/s12603-019-1216-8,"Positive Effects of ""Textured Lunches"" Gatherings and Oral Exercises Combined with Physical Exercises on Oral and Physical Function in Older Individuals: A Cluster Randomized Controlled Trial.",nutrition_only
PMC12280510,1,Table 1,grip_strength,no,60,"6 : 80 2 : 41 4 : 39 Oral functions Number of teeth 18.7 (9.4) 15.3 (10.3) 22.0 (7.1) 0.001 Occlusal force (log [N]) 2.3 (0.4) 2.2 (0.4) 2.4 (0.4) 0.019 Tongue-lip motor function /pa/ (number/s) 6.1 (0.8) 6.1 (0.8) 6.2 (0.8) 0.89 /ta/ (number/s) 6.2 (0.7) 6.1 (0.7) 6.3 (0.7) 0.42 /ka/ (number/s) 5.8 (0.8) 5.7 (1.0) 5.8 (0.7) 0.69 Tongue pressure (kPa) 32.4 (8.0) 31.8 (8.6) 32.9 (7.4) 0.55 Masticatory function (mg/dL) 137.6 (48.7) 122.1 (50.6) 152.8 (42.0) 0.003 Physical properties and activities BMI (kg/m 2 ) 23.7 (3.6) 24.3 (4.1) 23.1 (3.0) 0.13 Body fat percentage (%) 33.5 (6.7) 35.3 (5.8) 31.8 (7.0) 0.016 SMI (kg/m 2 ) 8.2 (1.0) 8.1 (1.1) 8.2 (0.8) 0.38 HGS (kg) 21.6 (4.8) 20.9 (4.1) 22.4 (5.3) 0.14 Usual walking speed (m/s) 1.5 (0.3) 1.5 (0.3) 1.5 (0.3) 0.45 TUG (s) 7.0 (1.5) 7.0 (1.7) 7.0 (1.2) 0.92 SD, Standard deviation; BMI, Body mass index; SMI, Skeletal muscle mass index; HGS, Hand grip strength; TUG, Time of timed up and go test",candidate_table_found,Requires author extraction of arm-level n/mean/SD or events/denominators.,31367733.0,10.1007/s12603-019-1216-8,"Positive Effects of ""Textured Lunches"" Gatherings and Oral Exercises Combined with Physical Exercises on Oral and Physical Function in Older Individuals: A Cluster Randomized Controlled Trial.",nutrition_only
PMC12280510,3,Table 3,gait_speed,yes,50,"Table 3. Physical properties and activities at baseline and after 12 weeks for the control and intervention groups. Table 3 Physical properties and activities at baseline and after 12 weeks for the control and intervention groups Variable Control Intervention Between-Group Differences Differences Baseline Mean SD 12 weeks Mean SD P-value Baseline Mean SD 12 weeks Mean SD P-value P-value BMI (kg/m 2 ) 24.3 (4.1) 24.0 (3.9) 0.181 23.1 (3.0) 22.8 (2.9) &lt;0.001 0.639 Body fat (%) 35.3 (5.8) 34.8 (6.0) 0.060 31.8 (7.0) 30.7 (6.4) &lt;0.001 0.014 SMI (kg/m 2 ) 8.1 (1.1) 8.2 (0.9) 0.209 8.2 (0.8) 8.3 (0.8) 0.102 0.783 HGS (kg) 20.9 (4.1) 20.8 (4.0) 0.547 22.4 (5.3) 21.7 (4.8) 0.026 0.425 Walking speed (m/s) 1.5 (0.3) 1.5 (0.3) 0.103 1.5 (0.3) 1.6 (0.2) 0.021 0.289 TUG (s) 7.0 (1.7) 6.9 (1.7) 0.201 7.0 (1.2) 6.5 (1.0) &lt;0.001 0.006 SD, Standard deviation; BMI, Body mass index; SMI, Skeletal muscle mass index; HGS, Hand grip strength; TUG, Time of timed up and go test",candidate_table_found,Requires author extraction of arm-level n/mean/SD or events/denominators.,31367733.0,10.1007/s12603-019-1216-8,"Positive Effects of ""Textured Lunches"" Gatherings and Oral Exercises Combined with Physical Exercises on Oral and Physical Function in Older Individuals: A Cluster Randomized Controlled Trial.",nutrition_only
PMC12280510,3,Table 3,grip_strength,yes,49,"ties and activities at baseline and after 12 weeks for the control and intervention groups. Table 3 Physical properties and activities at baseline and after 12 weeks for the control and intervention groups Variable Control Intervention Between-Group Differences Differences Baseline Mean SD 12 weeks Mean SD P-value Baseline Mean SD 12 weeks Mean SD P-value P-value BMI (kg/m 2 ) 24.3 (4.1) 24.0 (3.9) 0.181 23.1 (3.0) 22.8 (2.9) &lt;0.001 0.639 Body fat (%) 35.3 (5.8) 34.8 (6.0) 0.060 31.8 (7.0) 30.7 (6.4) &lt;0.001 0.014 SMI (kg/m 2 ) 8.1 (1.1) 8.2 (0.9) 0.209 8.2 (0.8) 8.3 (0.8) 0.102 0.783 HGS (kg) 20.9 (4.1) 20.8 (4.0) 0.547 22.4 (5.3) 21.7 (4.8) 0.026 0.425 Walking speed (m/s) 1.5 (0.3) 1.5 (0.3) 0.103 1.5 (0.3) 1.6 (0.2) 0.021 0.289 TUG (s) 7.0 (1.7) 6.9 (1.7) 0.201 7.0 (1.2) 6.5 (1.0) &lt;0.001 0.006 SD, Standard deviation; BMI, Body mass index; SMI, Skeletal muscle mass index; HGS, Hand grip strength; TUG, Time of timed up and go test",candidate_table_found,Requires author extraction of arm-level n/mean/SD or events/denominators.,31367733.0,10.1007/s12603-019-1216-8,"Positive Effects of ""Textured Lunches"" Gatherings and Oral Exercises Combined with Physical Exercises on Oral and Physical Function in Older Individuals: A Cluster Randomized Controlled Trial.",nutrition_only
PMC12285095,1,Table 1,frailty_status_or_score,yes,166,"tics 1. Age 74.95 7.31 78.61 7.49 0.15 2. Biological gender 0.28 Male 16 37.20 12 31.60 Female 27 62.80 26 68.40 3. Level of education 4.73 Illiterate 4 9.30 0 0.00 Elementary school 12 27.90 12 31.60 Junior high school to senior high school 14 32.60 17 44.70 College or higher 13 30.20% 9 23.70 4. Marital status 2.51 Unmarried 1 2.30 0 0.00 Married 32 74.40 24 63.20 Divorced 0 0.00 0 0.00 Widowed 10 23.30 14 36.80 5. Living situation 1.02 Not living alone 41 95.30 34 89.50 Living alone 2 4.70 4 10.50 6. Smoking history 1.04 Yes 5 11.60 2 5.30 No 38 88.40 36 94.70 7. Alcohol consumption history 0.00 Yes 8 18.60 7 18.40 No 35 81.40 31 81.60 8. Perceived economic status 3.25 No financial pressure 30 69.80 23 60.50 Slight economic pressure 8 18.60 11 28.90 Moderate economic stress 3 7.00 4 10.50 Great economic pressure 2 4.70 0 0.00 9. Number of chronic diseases 0.93 0.74 0.97 0.94 0.68 10. Frailty status 1.01 Pre-frailty stage 31 72.10 31 81.60 Frailty stage 12 27.90 7 18.40 PA SPPB 10.70 1.60 10.76 2.24 2.05 Timed 4-meter walk speed (sec) 4.19 0.86 5.05 3.21 5.53 * FTSST (sec) 11.36 3.17 11.68 4.08 0.68 Grip strength (Kg) 24.90 7.98 22.97 9.24 1.25 TUG (sec) 11.33 2.25 11.88 5.37 5.73 * PA level (MET/h) 3.79 3.28 8.06 7.05 18.06 *** Kinanthropometric BMI (kg/m 2 ) 23.86 3.12 23.82 3.15 0.60 MUAC (cm) 27.45 2.59 27.57 2.57 0.08 CC (cm) 32.87 4.30 33.86 2.35 7.09 * EG Experimental group, CG Control group, SD Standard Deviation, SPPB Short Physical Performance Battery, FTSST Five Times Sit to Stand test, TUG Timed Up and Go test, PA physical activity, BMI body mass index, MUAC mid-upper arm circumference, CC calf circumference * p < 0.05, ** p < 0.01, *** p < 0.001",candidate_table_found,Requires author extraction of arm-level n/mean/SD or events/denominators.,40696284.0,10.1186/s12877-025-06171-6,Application of the Fitness and Nutrition Program for Seniors (FANS) to improve Physical Activity and Kinanthropometric Measures among Community-Dwelling Older Adults living with Frailty: a Quasi-experimental Study.,nutrition_only
PMC12285095,1,Table 1,gait_speed,yes,149,".73 Illiterate 4 9.30 0 0.00 Elementary school 12 27.90 12 31.60 Junior high school to senior high school 14 32.60 17 44.70 College or higher 13 30.20% 9 23.70 4. Marital status 2.51 Unmarried 1 2.30 0 0.00 Married 32 74.40 24 63.20 Divorced 0 0.00 0 0.00 Widowed 10 23.30 14 36.80 5. Living situation 1.02 Not living alone 41 95.30 34 89.50 Living alone 2 4.70 4 10.50 6. Smoking history 1.04 Yes 5 11.60 2 5.30 No 38 88.40 36 94.70 7. Alcohol consumption history 0.00 Yes 8 18.60 7 18.40 No 35 81.40 31 81.60 8. Perceived economic status 3.25 No financial pressure 30 69.80 23 60.50 Slight economic pressure 8 18.60 11 28.90 Moderate economic stress 3 7.00 4 10.50 Great economic pressure 2 4.70 0 0.00 9. Number of chronic diseases 0.93 0.74 0.97 0.94 0.68 10. Frailty status 1.01 Pre-frailty stage 31 72.10 31 81.60 Frailty stage 12 27.90 7 18.40 PA SPPB 10.70 1.60 10.76 2.24 2.05 Timed 4-meter walk speed (sec) 4.19 0.86 5.05 3.21 5.53 * FTSST (sec) 11.36 3.17 11.68 4.08 0.68 Grip strength (Kg) 24.90 7.98 22.97 9.24 1.25 TUG (sec) 11.33 2.25 11.88 5.37 5.73 * PA level (MET/h) 3.79 3.28 8.06 7.05 18.06 *** Kinanthropometric BMI (kg/m 2 ) 23.86 3.12 23.82 3.15 0.60 MUAC (cm) 27.45 2.59 27.57 2.57 0.08 CC (cm) 32.87 4.30 33.86 2.35 7.09 * EG Experimental group, CG Control group, SD Standard Deviation, SPPB Short Physical Performance Battery, FTSST Five Times Sit to Stand test, TUG Timed Up and Go test, PA physical activity, BMI body mass index, MUAC mid-upper arm circumference, CC calf circumference * p < 0.05, ** p < 0.01, *** p < 0.001",candidate_table_found,Requires author extraction of arm-level n/mean/SD or events/denominators.,40696284.0,10.1186/s12877-025-06171-6,Application of the Fitness and Nutrition Program for Seniors (FANS) to improve Physical Activity and Kinanthropometric Measures among Community-Dwelling Older Adults living with Frailty: a Quasi-experimental Study.,nutrition_only
PMC12285095,1,Table 1,sppb,yes,154,"male 27 62.80 26 68.40 3. Level of education 4.73 Illiterate 4 9.30 0 0.00 Elementary school 12 27.90 12 31.60 Junior high school to senior high school 14 32.60 17 44.70 College or higher 13 30.20% 9 23.70 4. Marital status 2.51 Unmarried 1 2.30 0 0.00 Married 32 74.40 24 63.20 Divorced 0 0.00 0 0.00 Widowed 10 23.30 14 36.80 5. Living situation 1.02 Not living alone 41 95.30 34 89.50 Living alone 2 4.70 4 10.50 6. Smoking history 1.04 Yes 5 11.60 2 5.30 No 38 88.40 36 94.70 7. Alcohol consumption history 0.00 Yes 8 18.60 7 18.40 No 35 81.40 31 81.60 8. Perceived economic status 3.25 No financial pressure 30 69.80 23 60.50 Slight economic pressure 8 18.60 11 28.90 Moderate economic stress 3 7.00 4 10.50 Great economic pressure 2 4.70 0 0.00 9. Number of chronic diseases 0.93 0.74 0.97 0.94 0.68 10. Frailty status 1.01 Pre-frailty stage 31 72.10 31 81.60 Frailty stage 12 27.90 7 18.40 PA SPPB 10.70 1.60 10.76 2.24 2.05 Timed 4-meter walk speed (sec) 4.19 0.86 5.05 3.21 5.53 * FTSST (sec) 11.36 3.17 11.68 4.08 0.68 Grip strength (Kg) 24.90 7.98 22.97 9.24 1.25 TUG (sec) 11.33 2.25 11.88 5.37 5.73 * PA level (MET/h) 3.79 3.28 8.06 7.05 18.06 *** Kinanthropometric BMI (kg/m 2 ) 23.86 3.12 23.82 3.15 0.60 MUAC (cm) 27.45 2.59 27.57 2.57 0.08 CC (cm) 32.87 4.30 33.86 2.35 7.09 * EG Experimental group, CG Control group, SD Standard Deviation, SPPB Short Physical Performance Battery, FTSST Five Times Sit to Stand test, TUG Timed Up and Go test, PA physical activity, BMI body mass index, MUAC mid-upper arm circumference, CC calf circumference * p < 0.05, ** p < 0.01, *** p < 0.001",candidate_table_found,Requires author extraction of arm-level n/mean/SD or events/denominators.,40696284.0,10.1186/s12877-025-06171-6,Application of the Fitness and Nutrition Program for Seniors (FANS) to improve Physical Activity and Kinanthropometric Measures among Community-Dwelling Older Adults living with Frailty: a Quasi-experimental Study.,nutrition_only
PMC12285095,1,Table 1,grip_strength,yes,140," to senior high school 14 32.60 17 44.70 College or higher 13 30.20% 9 23.70 4. Marital status 2.51 Unmarried 1 2.30 0 0.00 Married 32 74.40 24 63.20 Divorced 0 0.00 0 0.00 Widowed 10 23.30 14 36.80 5. Living situation 1.02 Not living alone 41 95.30 34 89.50 Living alone 2 4.70 4 10.50 6. Smoking history 1.04 Yes 5 11.60 2 5.30 No 38 88.40 36 94.70 7. Alcohol consumption history 0.00 Yes 8 18.60 7 18.40 No 35 81.40 31 81.60 8. Perceived economic status 3.25 No financial pressure 30 69.80 23 60.50 Slight economic pressure 8 18.60 11 28.90 Moderate economic stress 3 7.00 4 10.50 Great economic pressure 2 4.70 0 0.00 9. Number of chronic diseases 0.93 0.74 0.97 0.94 0.68 10. Frailty status 1.01 Pre-frailty stage 31 72.10 31 81.60 Frailty stage 12 27.90 7 18.40 PA SPPB 10.70 1.60 10.76 2.24 2.05 Timed 4-meter walk speed (sec) 4.19 0.86 5.05 3.21 5.53 * FTSST (sec) 11.36 3.17 11.68 4.08 0.68 Grip strength (Kg) 24.90 7.98 22.97 9.24 1.25 TUG (sec) 11.33 2.25 11.88 5.37 5.73 * PA level (MET/h) 3.79 3.28 8.06 7.05 18.06 *** Kinanthropometric BMI (kg/m 2 ) 23.86 3.12 23.82 3.15 0.60 MUAC (cm) 27.45 2.59 27.57 2.57 0.08 CC (cm) 32.87 4.30 33.86 2.35 7.09 * EG Experimental group, CG Control group, SD Standard Deviation, SPPB Short Physical Performance Battery, FTSST Five Times Sit to Stand test, TUG Timed Up and Go test, PA physical activity, BMI body mass index, MUAC mid-upper arm circumference, CC calf circumference * p < 0.05, ** p < 0.01, *** p < 0.001",candidate_table_found,Requires author extraction of arm-level n/mean/SD or events/denominators.,40696284.0,10.1186/s12877-025-06171-6,Application of the Fitness and Nutrition Program for Seniors (FANS) to improve Physical Activity and Kinanthropometric Measures among Community-Dwelling Older Adults living with Frailty: a Quasi-experimental Study.,nutrition_only
PMC12285095,2,Table 2,gait_speed,yes,117,Table 2. GEE analysis was conducted to assess the effectiveness of the intervention on PA. Table 2 GEE analysis was conducted to assess the effectiveness of the intervention on PA Variable Estimate SE 95% CI Wald χ 2 SPPB Group EG vs. CG −0.327 0.262 −0.841 0.187 1.554 Time Mid-test (T2) vs. Pre-test (T1) −0.031 0.149 −0.324 0.261 0.044 Post-test (T3) vs. Pre-test (T1) 0.341 0.258 −0.165 0.847 1.741 Interaction (group*time) Group * Time [Mid-test (T2) vs. Pre-test (T1)] a 0.210 0.246 −0.272 0.691 0.729 Group * Time [Post-test (T3) vs. Pre-test (T1)] b 0.140 0.312 −0.472 0.752 0.200 Timed 4-meter walk speed Group EG vs. CG −0.694 0.357 −1.393 0.006 3.775 Time Mid-test (T2) vs. Pre-test (T1) −0.741 0.316 −1.363 −0.119 5.451 * Post-test (T3) vs. Pre-test (T1) −0.141 0.307 −0.743 0.462 0.209 Interaction (group * time) Group * Time [Mid-test (T2) vs. Pre-test (T1)] a 0.506 0.363 −0.205 1.218 1.948 Group * Time [Post-test (T3) vs. Pre-test (T1)] b 0.111 0.369 −0.612 0.834 0.090 FTSST Group EG vs. CG −0.015 0.566 −1.124 1.093 0.001 Time Mid-test (T2) vs. Pre-test (T1) −0.895 0.396 −1.672 −0.118 5.103 * Post-test (T3) vs. Pre-test (T1) −0.500 0.621 −1.717 0.717 0.647 Interaction (group * time) Group * Time [Mid-test (T2) vs. Pre-test (T1)] a 1.196 0.570 0.079 2.314 4.401 * Group * Time [Post-test (T3) vs. Pre-test (T1)] b −0.202 0.697 −1.569 1.164 0.084 Grip strength Group EG vs. CG 2.034 1.919 −1.728 5.795 1.123 Time Mid-test (T2) vs. Pre-test (T1) 0.591 0.971 −1.313 2.494 0.370 Post-test (T3) v,candidate_table_found,Requires author extraction of arm-level n/mean/SD or events/denominators.,40696284.0,10.1186/s12877-025-06171-6,Application of the Fitness and Nutrition Program for Seniors (FANS) to improve Physical Activity and Kinanthropometric Measures among Community-Dwelling Older Adults living with Frailty: a Quasi-experimental Study.,nutrition_only
PMC12285095,2,Table 2,sppb,yes,83,Table 2. GEE analysis was conducted to assess the effectiveness of the intervention on PA. Table 2 GEE analysis was conducted to assess the effectiveness of the intervention on PA Variable Estimate SE 95% CI Wald χ 2 SPPB Group EG vs. CG −0.327 0.262 −0.841 0.187 1.554 Time Mid-test (T2) vs. Pre-test (T1) −0.031 0.149 −0.324 0.261 0.044 Post-test (T3) vs. Pre-test (T1) 0.341 0.258 −0.165 0.847 1.741 Interaction (group*time) Group * Time [Mid-test (T2) vs. Pre-test (T1)] a 0.210 0.246 −0.272 0.691 0.729 Group * Time [Post-test (T3) vs. Pre-test (T1)] b 0.140 0.312 −0.472 0.752 0.200 Timed 4-meter walk speed Group EG vs. CG −0.694 0.357 −1.393 0.006 3.775 Time Mid-test (T2) vs. Pre-test (T1) −0.741 0.316 −1.363 −0.119 5.451 * Post-test (T3) vs. Pre-test (T1) −0.141 0.307 −0.743 0.462 0.209 Interaction (group * time) Group * Time [Mid-test (T2) vs. Pre-test (T1)] a 0.506 0.363 −0.205 1.218 1.948 Group * Time [Post-test (T3) vs. Pre-test (T1)] b 0.111 0.369 −0.612 0.834 0.090 FTSST Group EG vs. CG −0.015 0.566 −1.124 1.093 0.001 Time Mid-test (T2) vs. Pre-test (T1) −0.895 0.396 −1.672 −0.118 5.103 * Post-tes,candidate_table_found,Requires author extraction of arm-level n/mean/SD or events/denominators.,40696284.0,10.1186/s12877-025-06171-6,Application of the Fitness and Nutrition Program for Seniors (FANS) to improve Physical Activity and Kinanthropometric Measures among Community-Dwelling Older Adults living with Frailty: a Quasi-experimental Study.,nutrition_only
PMC12285095,2,Table 2,grip_strength,yes,159, (T1)] a 0.210 0.246 −0.272 0.691 0.729 Group * Time [Post-test (T3) vs. Pre-test (T1)] b 0.140 0.312 −0.472 0.752 0.200 Timed 4-meter walk speed Group EG vs. CG −0.694 0.357 −1.393 0.006 3.775 Time Mid-test (T2) vs. Pre-test (T1) −0.741 0.316 −1.363 −0.119 5.451 * Post-test (T3) vs. Pre-test (T1) −0.141 0.307 −0.743 0.462 0.209 Interaction (group * time) Group * Time [Mid-test (T2) vs. Pre-test (T1)] a 0.506 0.363 −0.205 1.218 1.948 Group * Time [Post-test (T3) vs. Pre-test (T1)] b 0.111 0.369 −0.612 0.834 0.090 FTSST Group EG vs. CG −0.015 0.566 −1.124 1.093 0.001 Time Mid-test (T2) vs. Pre-test (T1) −0.895 0.396 −1.672 −0.118 5.103 * Post-test (T3) vs. Pre-test (T1) −0.500 0.621 −1.717 0.717 0.647 Interaction (group * time) Group * Time [Mid-test (T2) vs. Pre-test (T1)] a 1.196 0.570 0.079 2.314 4.401 * Group * Time [Post-test (T3) vs. Pre-test (T1)] b −0.202 0.697 −1.569 1.164 0.084 Grip strength Group EG vs. CG 2.034 1.919 −1.728 5.795 1.123 Time Mid-test (T2) vs. Pre-test (T1) 0.591 0.971 −1.313 2.494 0.370 Post-test (T3) vs. Pre-test (T1) 0.699 0.775 −0.819 2.218 0.815 Interaction (group * time) Group * Time [Mid-test (T2) vs. Pre-test (T1)] a −0.947 1.138 −3.204 1.256 0.733 Group * Time [Post-test (T3) vs. Pre-test (T1)] b −0.709 1.163 −2.989 1.571 0.371 TUG Group EG vs. CG 0.211 0.503 −0.775 1.197 0.175 Time Mid-test (T2) vs. Pre-test (T1) 0.226 0.392 −0.954 0.995 0.331 Post-test (T3) vs. Pre-test (T1) −0.180 0.391 −0.946 0.585 0.213 Interaction (group * time) Group * Time [Mid-test (T2) vs. Pre-test (T1)] a −0.322 0.446 −1.197 0.552 0.521 Group * Time [Post-test (T3) vs. Pre-test (T1)] b −1.304 0.498 −2.280 −0.328 6.856 ** PA level Group EG vs. CG −4.604 1.177 −6.911 −2.298 15.306 *** Time Mid-test (T2) vs. Pre-test (T1) 2.245 1.522 −0.378 5.228 2.175 Post-test (T3) vs. Pr,candidate_table_found,Requires author extraction of arm-level n/mean/SD or events/denominators.,40696284.0,10.1186/s12877-025-06171-6,Application of the Fitness and Nutrition Program for Seniors (FANS) to improve Physical Activity and Kinanthropometric Measures among Community-Dwelling Older Adults living with Frailty: a Quasi-experimental Study.,nutrition_only
PMC12285095,3,Table 3,gait_speed,yes,89,".217 Group * Time [Post-test (T3) vs. Pre-test (T1)] b −0.081 0.333 −0.735 0.572 0.060 MUAC Group EG vs. CG 0.201 0.502 −0.783 1.185 0.160 Time Mid-test (T2) vs. Pre-test (T1) 0.045 0.402 −0.742 0.832 0.013 Post-test (T3) vs. Pre-test (T1) −2.480 0.386 −3.236 −1.724 41.335 *** Interaction (group*time) Group * Time [Mid-test (T2) vs. Pre-test (T1)] a −0.528 0.528 −1.563 0.506 1.003 Group * Time [Post-test (T3) vs. Pre-test (T1)] b 2.194 0.494 1.225 3.163 19.695 *** CC Group EG vs. CG −0.800 0.753 −2.275 0.675 1.131 Time Mid-test (T2) vs. Pre-test (T1) 0.355 0.316 −0.265 0.975 1.259 Post-test (T3) vs. Pre-test (T1) −3.183 0.357 −3.883 −2.483 79.456 *** Interaction (group * time) Group * Time [Mid-test (T2) vs. Pre-test (T1)] a −0.183 0.730 −1.614 1.248 0.063 Group * Time [Post-test (T3) vs. Pre-test (T1)] b 2.500 0.786 0.964 4.036 10.181 ** The adjustments were made with the timed 4-meter walk speed, TUG, PA level, and CC as covariates T1: Data collection was conducted before the intervention. T2: The second data collection was carried out in the third month of the intervention. T3: The third data collection was conducted after the completion of the intervention in the sixth month EG Experimental group, CG Control group, SE Standard Error, CI Confidence Interval, BMI body mass index, MUAC mid-upper arm circumference, CC calf circumference * p < 0.05; ** p < 0.01; *** p < 0.001 a 【EG[Mid-test (T2) vs. Pre-test (T1)]】vs【CG[Mid-test (T2) vs. Pre-test (T1)]】 b 【EG[Post-test (T3) vs. Pre-test (T1)]】vs【CG[Post-test (T3) vs. Pre-test (T1)]】",candidate_table_found,Requires author extraction of arm-level n/mean/SD or events/denominators.,40696284.0,10.1186/s12877-025-06171-6,Application of the Fitness and Nutrition Program for Seniors (FANS) to improve Physical Activity and Kinanthropometric Measures among Community-Dwelling Older Adults living with Frailty: a Quasi-experimental Study.,nutrition_only
PMC12579327,,,,no,0,,no_candidate_table_found,No relevant outcome table was identified by text mining; author must inspect full text manually.,41174950.0,10.1111/liv.70418,A Metagenomics Approach to Frailty in Patients With Cirrhosis Undergoing a Multifactorial Intervention.,nutrition_only
PMC12624186,1,TABLE 1,frailty_status_or_score,no,10,"TABLE 1. Measurements of clinical signs/symptoms of oral frailty.. TABLE 1 Measurements of clinical signs/symptoms of oral frailty. Clinical signs Measurements Poor oral hygiene The total number of microorganisms (CFU/mL) is 106.5 or more Oral dryness The measured value obtained by a recommended moisture checker is less than 27.0 Reduced occlusal force The occlusal force is less than 200 N Decreased tongue‐lip motor function The number of any counts of /pa/, /ta/ or /ka/ produced per second is less than 6 Decreased tongue pressure The maximum tongue pressure is less than 30 kPa Decreased masticatory function The glucose concentration obtained by chewing gelatin gummies is less than 100 mg/dL Deterioration of swallowing function The total score of EAT‐10 is 3 or higher",candidate_table_found,Requires author extraction of arm-level n/mean/SD or events/denominators.,40767365.0,10.1111/joor.70031,Effects of Multidirectional Head Lift Exercise Based on Proprioceptive Neuromuscular Facilitation Techniques on Oropharyngeal Swallowing Muscles in Community-Dwelling Older Adults With Oral Frailty.,unclear
PMC12754865,2,Table 2,frailty_status_or_score,no,6,"Table 2. Key elements on the optimization of CGA in primary care. Table 2 Key elements on the optimization of CGA in primary care 1/A computerized tool • The use of a digital, online comprehensive geriatric assessment (CGA) with a personalized care plan (PCP) could increase the tool’s feasibility in primary care settings. 2/A flexible framework • The CGA-PCP tool helps to formalize often scattered practices by providing a structured framework for consultations. The tool should be viewed more as a guide for focusing attention on frailty in general practice than as an assessment tool. • To improve feasibility, data entry over several sessions should be possible. • In each domain, plan a two-step evaluation: an initial rapid screening test (compatible with the duration of a consultation in primary care) followed by a more in-depth assessment if an anomaly is detected. To screen for a cognitive impairment, for example, administer the clock drawing test and the 5-word memory test; if an anomaly is found, administer the Mini Mental State Examination and a neurocognitive assessment. • To improve feasibility, allow for task delegation in general and completion of the CGA a nurse in particular. The PCP must be drawn up by the general practitioner. 3/Clear communication with patients • In order to establish a high-quality PCP, pay close attention to the patient’s level of comprehension. Completing a PCP requires decision-making",candidate_table_found,Requires author extraction of arm-level n/mean/SD or events/denominators.,41469541.0,10.1186/s12875-025-03085-5,Barriers to and facilitators of comprehensive geriatric assessment in primary care in France: a qualitative study exploring physicians' and nurses' experiences.,multidomain
PMC12790065,1,Table 1,frailty_status_or_score,yes,16,"Table 1. . 1-RM 1 Repetition Maximum 400 M GS 400-meter gait speed 6MWT 6 Min Walk Test ADL Activities of Daily Living AEs Adverse Events BDO ( R )-1,3-butanediol BH-BD Bis-hexanoyl ( R )-1,3-butanediol ΒHB Beta-hydroxybutyrate BMI Body Mass Index BO-BD Bis-octanoyl ( R )-1,3-butanediol BTQ Beverage Tolerability Questionnaire CSHA Canadian Study of Health and Aging CRF Case Report Form D3Cr Deuterated creatine DSST Digit Symbol Substitution Test IADL Instrumental Activities of Daily Living ITT Intention to treat KEs Ketone Esters MAT-sf Mobility Assessment Tool, Short Form MoCA Montreal Cognitive Assessment PLA Placebo PP Per protocol QoL Quality of Life SASP Senescence-associated Secretory Phenotype SoF-IT SOMMA Frailty — Interventional Trials SPPB Short Physical Performance Battery V2F Vigor to Frailty Score VO 2 peak Oxygen consumption at peak exercise",candidate_table_found,Requires author extraction of arm-level n/mean/SD or events/denominators.,41313689.0,10.1016/j.tjfa.2025.100106,"Exploratory functional and quality of life outcomes with daily consumption of the ketone ester bis-octanoyl (R)-1,3-butanediol in healthy older adults: a randomized, parallel arm, double-blind, placebo-controlled study.",nutrition_only
PMC12790065,1,Table 1,gait_speed,yes,16,"Table 1. . 1-RM 1 Repetition Maximum 400 M GS 400-meter gait speed 6MWT 6 Min Walk Test ADL Activities of Daily Living AEs Adverse Events BDO ( R )-1,3-butanediol BH-BD Bis-hexanoyl ( R )-1,3-butanediol ΒHB Beta-hydroxybutyrate BMI Body Mass Index BO-BD Bis-octanoyl ( R )-1,3-butanediol BTQ Beverage Tolerability Questionnaire CSHA Canadian Study of Health and Aging CRF Case Report Form D3Cr Deuterated creatine DSST Digit Symbol Substitution Test IADL Instrumental Activities of Daily Living ITT Intention to treat KEs Ketone Esters MAT-sf Mobility Assessment Tool, Short Form MoCA Montreal Cognitive Assessment PLA Placebo PP Per protocol QoL Quality of Life SASP Senescence-associated Secretory Phenotype SoF-IT SOMMA Frailty — Interventional Trials SPPB Short Physical Performance Battery V2F Vigor to Frailty Score VO 2 peak Oxygen consumption at peak exercise",candidate_table_found,Requires author extraction of arm-level n/mean/SD or events/denominators.,41313689.0,10.1016/j.tjfa.2025.100106,"Exploratory functional and quality of life outcomes with daily consumption of the ketone ester bis-octanoyl (R)-1,3-butanediol in healthy older adults: a randomized, parallel arm, double-blind, placebo-controlled study.",nutrition_only
PMC12790065,1,Table 1,sppb,yes,16,"Table 1. . 1-RM 1 Repetition Maximum 400 M GS 400-meter gait speed 6MWT 6 Min Walk Test ADL Activities of Daily Living AEs Adverse Events BDO ( R )-1,3-butanediol BH-BD Bis-hexanoyl ( R )-1,3-butanediol ΒHB Beta-hydroxybutyrate BMI Body Mass Index BO-BD Bis-octanoyl ( R )-1,3-butanediol BTQ Beverage Tolerability Questionnaire CSHA Canadian Study of Health and Aging CRF Case Report Form D3Cr Deuterated creatine DSST Digit Symbol Substitution Test IADL Instrumental Activities of Daily Living ITT Intention to treat KEs Ketone Esters MAT-sf Mobility Assessment Tool, Short Form MoCA Montreal Cognitive Assessment PLA Placebo PP Per protocol QoL Quality of Life SASP Senescence-associated Secretory Phenotype SoF-IT SOMMA Frailty — Interventional Trials SPPB Short Physical Performance Battery V2F Vigor to Frailty Score VO 2 peak Oxygen consumption at peak exercise",candidate_table_found,Requires author extraction of arm-level n/mean/SD or events/denominators.,41313689.0,10.1016/j.tjfa.2025.100106,"Exploratory functional and quality of life outcomes with daily consumption of the ketone ester bis-octanoyl (R)-1,3-butanediol in healthy older adults: a randomized, parallel arm, double-blind, placebo-controlled study.",nutrition_only
PMC12790065,1,Table 1,adl_iadl,yes,16,"Table 1. . 1-RM 1 Repetition Maximum 400 M GS 400-meter gait speed 6MWT 6 Min Walk Test ADL Activities of Daily Living AEs Adverse Events BDO ( R )-1,3-butanediol BH-BD Bis-hexanoyl ( R )-1,3-butanediol ΒHB Beta-hydroxybutyrate BMI Body Mass Index BO-BD Bis-octanoyl ( R )-1,3-butanediol BTQ Beverage Tolerability Questionnaire CSHA Canadian Study of Health and Aging CRF Case Report Form D3Cr Deuterated creatine DSST Digit Symbol Substitution Test IADL Instrumental Activities of Daily Living ITT Intention to treat KEs Ketone Esters MAT-sf Mobility Assessment Tool, Short Form MoCA Montreal Cognitive Assessment PLA Placebo PP Per protocol QoL Quality of Life SASP Senescence-associated Secretory Phenotype SoF-IT SOMMA Frailty — Interventional Trials SPPB Short Physical Performance Battery V2F Vigor to Frailty Score VO 2 peak Oxygen consumption at peak exercise",candidate_table_found,Requires author extraction of arm-level n/mean/SD or events/denominators.,41313689.0,10.1016/j.tjfa.2025.100106,"Exploratory functional and quality of life outcomes with daily consumption of the ketone ester bis-octanoyl (R)-1,3-butanediol in healthy older adults: a randomized, parallel arm, double-blind, placebo-controlled study.",nutrition_only
PMC12790065,1,Table 1,quality_of_life,yes,16,"Table 1. . 1-RM 1 Repetition Maximum 400 M GS 400-meter gait speed 6MWT 6 Min Walk Test ADL Activities of Daily Living AEs Adverse Events BDO ( R )-1,3-butanediol BH-BD Bis-hexanoyl ( R )-1,3-butanediol ΒHB Beta-hydroxybutyrate BMI Body Mass Index BO-BD Bis-octanoyl ( R )-1,3-butanediol BTQ Beverage Tolerability Questionnaire CSHA Canadian Study of Health and Aging CRF Case Report Form D3Cr Deuterated creatine DSST Digit Symbol Substitution Test IADL Instrumental Activities of Daily Living ITT Intention to treat KEs Ketone Esters MAT-sf Mobility Assessment Tool, Short Form MoCA Montreal Cognitive Assessment PLA Placebo PP Per protocol QoL Quality of Life SASP Senescence-associated Secretory Phenotype SoF-IT SOMMA Frailty — Interventional Trials SPPB Short Physical Performance Battery V2F Vigor to Frailty Score VO 2 peak Oxygen consumption at peak exercise",candidate_table_found,Requires author extraction of arm-level n/mean/SD or events/denominators.,41313689.0,10.1016/j.tjfa.2025.100106,"Exploratory functional and quality of life outcomes with daily consumption of the ketone ester bis-octanoyl (R)-1,3-butanediol in healthy older adults: a randomized, parallel arm, double-blind, placebo-controlled study.",nutrition_only
PMC12790065,1,Table 1,adverse_events,yes,16,"Table 1. . 1-RM 1 Repetition Maximum 400 M GS 400-meter gait speed 6MWT 6 Min Walk Test ADL Activities of Daily Living AEs Adverse Events BDO ( R )-1,3-butanediol BH-BD Bis-hexanoyl ( R )-1,3-butanediol ΒHB Beta-hydroxybutyrate BMI Body Mass Index BO-BD Bis-octanoyl ( R )-1,3-butanediol BTQ Beverage Tolerability Questionnaire CSHA Canadian Study of Health and Aging CRF Case Report Form D3Cr Deuterated creatine DSST Digit Symbol Substitution Test IADL Instrumental Activities of Daily Living ITT Intention to treat KEs Ketone Esters MAT-sf Mobility Assessment Tool, Short Form MoCA Montreal Cognitive Assessment PLA Placebo PP Per protocol QoL Quality of Life SASP Senescence-associated Secretory Phenotype SoF-IT SOMMA Frailty — Interventional Trials SPPB Short Physical Performance Battery V2F Vigor to Frailty Score VO 2 peak Oxygen consumption at peak exercise",candidate_table_found,Requires author extraction of arm-level n/mean/SD or events/denominators.,41313689.0,10.1016/j.tjfa.2025.100106,"Exploratory functional and quality of life outcomes with daily consumption of the ketone ester bis-octanoyl (R)-1,3-butanediol in healthy older adults: a randomized, parallel arm, double-blind, placebo-controlled study.",nutrition_only
PMC12790065,2,Table 1,sppb,yes,58,"Table 1. Changes in physical and cognitive function outcomes from pre- to post- 12 weeks of daily consumption of ketone ester or placebo in n = 23 healthy older adults. Abbreviations : 1RM; 1-rep max, KE, ketone ester; PLA, placebo; MoCA, Montreal Cognitive Assessment; SPPB, Short Physical Performance Battery.* rows show Min/Max for Pre and Post data, or Lower and Upper 95 % CI for Change data.. Table 1 Changes in physical and cognitive function outcomes from pre- to post- 12 weeks of daily consumption of ketone ester or placebo in n = 23 healthy older adults. Abbreviations : 1RM; 1-rep max, KE, ketone ester; PLA, placebo; MoCA, Montreal Cognitive Assessment; SPPB, Short Physical Performance Battery.* rows show Min/Max for Pre and Post data, or Lower and Upper 95 % CI for Change data. Table 1: Pre Post Change ANOCVOA Results KE PLA KE PLA KE PLA SumSq Df F value P value PHYSICAL FUNCTION SPPB Score Mean 10.42 10.36 10.64 10.73 0.00 0.36 0.57 1 3.013 0.099 SD 1.24 1.86 1.03 1.62 0.45 0.50 Min / Lower 95 % CI* 8 6 8 7 −0.3 0.025 Max / Upper 95 % CI* 12 12 12 12 0.3 0.703 Median 11 11 11 11 0 0 Reps at 70 % of 1RM Mean 28.67 39.73 26.20 40.40 −0.70 −1.10 3.88",candidate_table_found,Requires author extraction of arm-level n/mean/SD or events/denominators.,41313689.0,10.1016/j.tjfa.2025.100106,"Exploratory functional and quality of life outcomes with daily consumption of the ketone ester bis-octanoyl (R)-1,3-butanediol in healthy older adults: a randomized, parallel arm, double-blind, placebo-controlled study.",nutrition_only
PMC12790065,2,Table 1,grip_strength,yes,218,"tion outcomes from pre- to post- 12 weeks of daily consumption of ketone ester or placebo in n = 23 healthy older adults. Abbreviations : 1RM; 1-rep max, KE, ketone ester; PLA, placebo; MoCA, Montreal Cognitive Assessment; SPPB, Short Physical Performance Battery.* rows show Min/Max for Pre and Post data, or Lower and Upper 95 % CI for Change data. Table 1: Pre Post Change ANOCVOA Results KE PLA KE PLA KE PLA SumSq Df F value P value PHYSICAL FUNCTION SPPB Score Mean 10.42 10.36 10.64 10.73 0.00 0.36 0.57 1 3.013 0.099 SD 1.24 1.86 1.03 1.62 0.45 0.50 Min / Lower 95 % CI* 8 6 8 7 −0.3 0.025 Max / Upper 95 % CI* 12 12 12 12 0.3 0.703 Median 11 11 11 11 0 0 Reps at 70 % of 1RM Mean 28.67 39.73 26.20 40.40 −0.70 −1.10 3.88 1 0.097 0.759 SD 8.97 21.94 6.61 21.77 7.30 5.15 Min / Lower 95 % CI* 20 20 13 16 −5.92 −4.79 Max / Upper 95 % CI* 50 89 35 84 4.525 2.586 Median 25.5 30 26.5 35.5 0 0.5 Grip Strength (kgs) Mean 33.75 35.09 32.75 35.73 −1.00 0.64 17.14 1 0.575 0.457 SD 12.90 13.90 12.31 14.78 4.82 5.99 Min / Lower 95 % CI* 12 11 17 12 −4.07 −3.39 Max / Upper 95 % CI* 50 54 56 60 2.065 4.659 Median 36 38 32 40 −1 0 COGNITIVE FUNCTION MoCA Score Mean 26.33 27.55 28.00 27.64 1.67 0.09 3.86 1 1.444 0.244 SD 2.57 1.37 1.71 1.91 1.97 2.07 Min / Lower 95 % CI* 22 25 25 25 0.415 −1.3 Max / Upper 95 % CI* 30 30 30 30 2.918 1.483 Median 26.5 27 28.5 29 1.5 0 Trails A Time (s) Mean 39.08 37.00 33.25 35.36 −5.83 −1.64 44.85 1 0.729 0.403 SD 12.66 19.89 7.34 11.24 11.77 15.07 Min / Lower 95 % CI* 21 21 23 21 −13.3 −11.8 Max / Upper 95 % CI* 67 92 52 57 1.644 8.491 Median 38.5 31 32 35 −4 0 Trails B Time (s) Mean 88.92 70.09 81.25 68.73 −7.67 −1.36 2.79 1 0.005 0.942 SD 33.84 23.45 34.58 20.73 30.49 16.31 Min / Lower 95 % CI* 31 39 28 36 −27 −12.3 Max / Upper 95 % CI* 154 106 134 94 11.7 9.59 Medi",candidate_table_found,Requires author extraction of arm-level n/mean/SD or events/denominators.,41313689.0,10.1016/j.tjfa.2025.100106,"Exploratory functional and quality of life outcomes with daily consumption of the ketone ester bis-octanoyl (R)-1,3-butanediol in healthy older adults: a randomized, parallel arm, double-blind, placebo-controlled study.",nutrition_only
PMC12790065,3,Table 2,gait_speed,yes,50,"Table 2. Spearman correlations between outcomes and MAT-sf in the subset of SOMMA participants with gait speed 0.6–1.0 m/s.. Table 2 Spearman correlations between outcomes and MAT-sf in the subset of SOMMA participants with gait speed 0.6–1.0 m/s. Table 2: Outcome Women Men N Unadjusted Adjusted N Unadjusted Adjusted VO 2 peak [Weight Adj] 222 0.386 (0.261, 0.498) 0.376 (0.251, 0.49) 132 0.42 (0.257, 0.555) 0.382 (0.221, 0.527) 400 M Gait Speed 222 0.392 (0.266, 0.509) 0.305 (0.177, 0.426) 132 0.483 (0.341, 0.619) 0.459 (0.309, 0.588) Leg Power [Weight Adj] 222 0.413 (0.29, 0.514) 0.369 (0.241, 0.484) 132 0.303 (0.134, 0.452) 0.218 (0.04, 0.388) 1RM Leg Press 222 0.313 (0.185, 0.434) 0.303 (0.173, 0.422) 132 0.223 (0.055, 0.376) 0.219 (0.048, 0.38) Muscle Mass [Weight Adj] 209 0.259 (0.116, 0.388) 0.254 (0.12, 0.383) 126 0.401 (0.232, 0.536) 0.349 (0.179, 0.504) DSST 222 0.14 (0.007, 0.264) 0.059 (−0.07, 0.189) 132 0.203 (0.043, 0.363) 0.144 (−0.032, 0.312) Sedentary Time 181 −0.052 (−0.192, 0.1",candidate_table_found,Requires author extraction of arm-level n/mean/SD or events/denominators.,41313689.0,10.1016/j.tjfa.2025.100106,"Exploratory functional and quality of life outcomes with daily consumption of the ketone ester bis-octanoyl (R)-1,3-butanediol in healthy older adults: a randomized, parallel arm, double-blind, placebo-controlled study.",nutrition_only
PMC12820345,1,TABLE 1,frailty_status_or_score,yes,96," 1. Baseline characteristics of the study population according to GDF‐15 status.. TABLE 1 Baseline characteristics of the study population according to GDF‐15 status. Variables Total Low GDF‐15 High GDF‐15 N (%) 1096 927 (84.58) 169 (15.42) Age 75.30 ± 4.37 74.81 ± 4.05 78.00 ± 5.01 Female sex 613 (63.92%) 553 (67.77%) 60 (41.96%) *** MAPT group Multidomain intervention + omega‐3 274 (25.00%) 238 (25.67%) 36 (20.28%) Omega‐3 267 (24.36%) 215 (23.19%) 52 (31.47%) Multidomain intervention 276 (25.18%) 233 (25.13%) 43 (27.27%) Placebo 279 (25.46%) 241 (26.00%) 38 (20.98%) Body mass index (kg/m 2 ) 26.22 ± 4.06 26.14 ± 4.01 26.66 ± 4.29 Education No diploma or primary school certificate 215 (22.73%) 185 (23.04%) 30 (20.97%) Secondary education 320 (33.83%) 263 (32.75%) 57(39.86%) High school diploma 146 (15.43%) 125 (15.57%) 21 (14.69%) University level 265 (28.01%) 230 (28.64%) 35 (24.48%) Fried frailty phenotype Robust 507 (52.87%) 453 (5.51%) 54 (37.76%) *** Pre‐frail 420 (43.80%) 344 (42.16%) 76 (53.15%) Frail 32 (3.34%) 19 (2.33%) 13 (9.09%) Fried frailty phenotype criteria Weight loss 19 (1.98%) 9 (1.10%) 10 (6.99%) *** Weakness 175 (18.25%) 143 (17.52%) 32 (22.38%) Low physical activity 131 (13.66%) 100 (12.25%) 31 (21.68%) ** Fatigue 175 (18.25%) 143 (17.52%) 32 (22.38%) Low gait speed 40 (4.17%) 24 (2.94%) 16 (11.19%) *** GDF‐15 (pg/mL) 1127.42 ± 511.69 960.70 ± 253.94 2041.91 ± 597.07 *** IL‐6 (pg/mL) 3.89 ± 12.19 3.67 ± 13.11 5.10 ± 4.58 Abbreviations: GDF‐15, growth differentiation factor 15; IL‐6: interleukin 6. * p < 0.05. ** p < 0.005. *** p < 0.001.",candidate_table_found,Requires author extraction of arm-level n/mean/SD or events/denominators.,41560403.0,10.1002/jcsm.70182,Associations Between Growth Differentiating Factor-15 and Frailty in Older Adults From the MAPT Study.,multidomain
PMC12820345,1,TABLE 1,gait_speed,yes,76,"(25.67%) 36 (20.28%) Omega‐3 267 (24.36%) 215 (23.19%) 52 (31.47%) Multidomain intervention 276 (25.18%) 233 (25.13%) 43 (27.27%) Placebo 279 (25.46%) 241 (26.00%) 38 (20.98%) Body mass index (kg/m 2 ) 26.22 ± 4.06 26.14 ± 4.01 26.66 ± 4.29 Education No diploma or primary school certificate 215 (22.73%) 185 (23.04%) 30 (20.97%) Secondary education 320 (33.83%) 263 (32.75%) 57(39.86%) High school diploma 146 (15.43%) 125 (15.57%) 21 (14.69%) University level 265 (28.01%) 230 (28.64%) 35 (24.48%) Fried frailty phenotype Robust 507 (52.87%) 453 (5.51%) 54 (37.76%) *** Pre‐frail 420 (43.80%) 344 (42.16%) 76 (53.15%) Frail 32 (3.34%) 19 (2.33%) 13 (9.09%) Fried frailty phenotype criteria Weight loss 19 (1.98%) 9 (1.10%) 10 (6.99%) *** Weakness 175 (18.25%) 143 (17.52%) 32 (22.38%) Low physical activity 131 (13.66%) 100 (12.25%) 31 (21.68%) ** Fatigue 175 (18.25%) 143 (17.52%) 32 (22.38%) Low gait speed 40 (4.17%) 24 (2.94%) 16 (11.19%) *** GDF‐15 (pg/mL) 1127.42 ± 511.69 960.70 ± 253.94 2041.91 ± 597.07 *** IL‐6 (pg/mL) 3.89 ± 12.19 3.67 ± 13.11 5.10 ± 4.58 Abbreviations: GDF‐15, growth differentiation factor 15; IL‐6: interleukin 6. * p < 0.05. ** p < 0.005. *** p < 0.001.",candidate_table_found,Requires author extraction of arm-level n/mean/SD or events/denominators.,41560403.0,10.1002/jcsm.70182,Associations Between Growth Differentiating Factor-15 and Frailty in Older Adults From the MAPT Study.,multidomain
PMC12820345,2,TABLE 2,frailty_status_or_score,no,87,"TABLE 2. Ordinal logistic regression examining cross‐sectional associations between plasma GDF‐15 and frailty status (odds of presenting 1 frailty trait more at baseline).. TABLE 2 Ordinal logistic regression examining cross‐sectional associations between plasma GDF‐15 and frailty status (odds of presenting 1 frailty trait more at baseline). Plasma GDF‐15 Model 1 a ( N = 959) Model 2 b ( N = 946) Model 3 c ( N = 945) OR 95% CI p p 95% CI p OR 95% CI p Model 4 d ( N = 945) Threshold 1: Cut‐off Low GDF‐15 (< 1500 pg/mL) Ref. Ref. Ref. High GDF‐15 (≥ 1500 pg/mL) 1.95 1.33–2.86 0.001 1.85 1.26–2.72 0.002 1.78 1.24–2.56 0.002 1.49 1.03–2.15 0.033 Threshold 2: Quartiles GDF‐15 Q1 (≤ 799 pg/mL) GDF‐15 Q2 (> 799.0, ≤ 1009.0 pg/mL) 1.10 0.76–1.59 0.606 1.04 0.72–1.51 0.837 1.03 0.71–1.50 0.857 0.95 0.65–1.40 0.795 GDF‐15 Q3 (> 1009.0, ≤ 1312.0 pg/mL) 1.26 0.87–1.82 0.223 1.21 0.83–1.76 0.330 1.19 0.82–1.74 0.360 1.14 0.78–1.68 0.504 GDF‐15 Q4 (> 1312.0 pg/mL) 1.90 1.28–2.81 0.001 1.77 1.18–2.63 0.005 1.",candidate_table_found,Requires author extraction of arm-level n/mean/SD or events/denominators.,41560403.0,10.1002/jcsm.70182,Associations Between Growth Differentiating Factor-15 and Frailty in Older Adults From the MAPT Study.,multidomain
PMC12820345,3,TABLE 3,frailty_status_or_score,no,90,"TABLE 3. Logistic regression examining cross‐sectional associations between plasma GDF‐15 and frailty (presenting > 3 criteria at baseline).. TABLE 3 Logistic regression examining cross‐sectional associations between plasma GDF‐15 and frailty (presenting > 3 criteria at baseline). Model 1 a ( N = 959) Model 2 b ( N = 946) Model 3 c ( N = 945) Model 4 d ( N = 945) Plasma GDF‐15 OR 95% CI p p 95% CI p OR 95% CI p OR 95% CI p Threshold 1: Cut‐off Low GDF‐15 (< 1500 pg/mL) Ref. Ref. Ref. High GDF‐15 (≥ 1500 pg/mL) 3.63 1.61–8.20 0.002 3.57 1.58–8.05 0.002 3.56 1.58–8.03 0.002 3.49 1.46–8.32 0.005 Threshold 2: Quartiles GDF‐15 Q1 (≤ 799 pg/mL) Ref. Ref. Ref. GDF‐15 Q2 (> 799.0, ≤ 1009.0 pg/mL) 3.10 0.32–30.10 0.330 3.05 0.31–29.67 0.337 3.04 0.31–29.63 0.338 1.87 0.18–19.36 0.598 GDF‐15 Q3 (> 1009.0, ≤ 1312.0 pg/mL) 8.96 1.11–72.22 0.039 8.85 1.10–71.52 0.041 8.87 1.10–71.74 0.041 8.67 1.05–71.77 0.045 GDF‐15 Q4 (> 1312.0 pg/mL) 20.44 2.60–160.34 0.004 20.06 2.55–157.75 0.004 20.25 2.57–159.",candidate_table_found,Requires author extraction of arm-level n/mean/SD or events/denominators.,41560403.0,10.1002/jcsm.70182,Associations Between Growth Differentiating Factor-15 and Frailty in Older Adults From the MAPT Study.,multidomain
PMC12820345,4,TABLE 4,frailty_status_or_score,no,95,"TABLE 4. Mixed‐effect ordinal logistic regression examining associations between plasma GDF‐15 and frailty evolution over time.. TABLE 4 Mixed‐effect ordinal logistic regression examining associations between plasma GDF‐15 and frailty evolution over time. Plasma GDF‐15 Model 1 a ( N = 1085) Model 2 b ( N = 1064) Model 3 c ( N = 1063) Model 4 d ( N = 1061) OR 95% CI p p 95% CI p OR 95% CI p OR 95% CI p Threshold 1: cut‐off Low GDF‐15 (< 1500 pg/mL) Ref. Ref. Ref. High GDF‐15 (≥ 1500 pg/mL) 1.07 1.98–1.15 0.120 1.06 0.98–1.14 0.173 1.06 0.97–1.14 0.167 1.05 0.97–1.14 0.203 Threshold 2: Quartiles GDF‐15 Q1 (≤ 799 pg/mL) Ref. GDF‐15 Q2 (> 799.0, ≤ 1009.0 pg/mL) 0.97 0.91–1.05 0.480 0.97 0.90–1.05 0.464 0.97 0.91–1.05 0.488 0.98 0.91–1.05 0.570 GDF‐15 Q3 (> 1009.0, ≤ 1312.0 pg/mL) 0.96 0.88–1.02 0.229 0.95 0.89–1.03 0.215 0.96 0.89–1.03 0.230 0.96 0.89–1.03 0.282 GDF‐15 Q4 (> 1312.0 pg/mL) 1.01 0.94–1.09 0.815 0.99 0.93–1.07 0.961 1.00 0.93–1.08 0.988 1.00 0.93–1.08 0.919 GDF‐15 as continuous 1‐S",candidate_table_found,Requires author extraction of arm-level n/mean/SD or events/denominators.,41560403.0,10.1002/jcsm.70182,Associations Between Growth Differentiating Factor-15 and Frailty in Older Adults From the MAPT Study.,multidomain
PMC12820345,5,TABLE 5,frailty_status_or_score,no,100,"TABLE 5. Cox proportional hazard models for incident frailty over the follow‐up.. TABLE 5 Cox proportional hazard models for incident frailty over the follow‐up. Plasma GDF‐15 Model 1 a ( N = 865) Model 2 b ( N = 853) Model 3 c ( N = 852) Model 4 d ( N = 852) HR 95% CI p HR 95% CI p HR 95% CI p HR 95% CI p Threshold 1: Cut‐off Low GDF‐15 (< 1500 pg/mL) Ref. Ref. High GDF‐15 (≥ 1500 pg/mL) 1.69 1.03–2.78 0.039 1.63 0.99–2.70 0.055 1.63 0.99–2.69 0.057 1.40 0.85–2.33 0.187 Threshold 2: Quartiles GDF‐15 Q1 (≤ 799 pg/mL) Ref. Ref. Ref. GDF‐15 Q2 (> 799.0, ≤ 1009.0 pg/mL) 0.82 0.45–1.49 0.513 0.82 0.45–1.49 0.510 0.81 0.44–1.48 0.496 0.79 0.43–1.43 0.433 GDF‐15 Q3 (> 1009.0, ≤ 1312.0 pg/mL) 0.74 0.40–1.35 0.320 0.73 0.40–1.35 0.320 0.73 0.40–1.34 0.308 0.73 0.40–1.35 0.317 GDF‐15 Q4 (> 1312.0 pg/mL) 1.21 0.68–2.17 0.522 1.17 0.65–2.10 0.604 1.15 0.64–2.08 0.742 1.11 0.61–2.00 0.737 GDF‐15 as continuous 1‐SD increase 1.15 0.97–1.36 0.120 1.14 0.96–1.35",candidate_table_found,Requires author extraction of arm-level n/mean/SD or events/denominators.,41560403.0,10.1002/jcsm.70182,Associations Between Growth Differentiating Factor-15 and Frailty in Older Adults From the MAPT Study.,multidomain
PMC12877681,1,Table 1,frailty_status_or_score,no,88," (4.74) 70.1 (5.02) Male sex, N (%) 17 (34.0) 12 (24.0) 21 (43.8) 23 (46.9) 22 (44.0) Education, N (%) No formal schooling 13 (26.5) 9 (18.0) 13 (27.1) 6 (12.2) 10 (20.0) Primary school 20 (40.8) 27 (54.0) 22 (45.8) 22 (44.9) 29 (58.0) Secondary or higher 16 (32.7) 14 (28.0) 13 (27.1) 21 (42.9) 11 (22.0) MMSE, Mean (SD) 28.8 (1.70) 29.1 (1.29) 29.1 (1.19) 29.1 (1.06) 28.6 (1.79) Medical comorbidities ≥5, N (%) 0 (0.0) 2 (4.0) 5 (10.4) 3 (6.1) 2 (4.0) BMI, kg/m2, Mean (SD) 24.0 (4.31) 23.1 (2.70) 23.5 (3.03) 24.4 (3.79) 23.6 (3.35) 6 Meters Fast Gait, sec, Mean (SD) 5.8 (1.81) 5.4 (1.16) 6.1 (2.08) 5.4 (1.25) 5.6 (2.07) Knee extension, kg, Mean (SD) 14.0 (5.27) 12.9 (3.88) 14.1 (4.63) 14.9 (5.50) 15.5 (4.73) Energy score, Mean (SD) 10.7 (1.23) 10.5 (1.20) 10.8(1.10) 10.7 (1.38) 10.6 (1.55) PA score (min/day), Mean (SD) 165.7 (104.7) 179.3 (113.3) 162.5 (117.2) 160.6 (116.0) 176.9 (111.0) Frailty status Mean (SD) score, (range: 0-5) 2.1 (0.78) 2.0 (0.91) 2.2 (0.85) 2.1 (0.81) 1.8 (0.80) Pre-frail, N (%) 33 (67.4) 37 (74.0) 29 (60.4) 36 (73.5) 43 (86.0) Frail, N (%) 16 (32.7) 13 (26.0) 19 (39.6) 13 (26.5) 7 (14.0) GDS, Mean (SD) 0.6 (1.38) 0.7 (0.82) 0.6 (0.89) 0.7 (1.75) 0.5 (0.86) Depressive symptoms (GDS≥2), N (%) 5 (10.2) 7 (14.0) 8 (16.7) 5 (10.2) 7 (14.0)",candidate_table_found,Requires author extraction of arm-level n/mean/SD or events/denominators.,28972245.0,10.1007/s12603-016-0867-y,Multi-Domains Lifestyle Interventions Reduces Depressive Symptoms among Frail and Pre-Frail Older Persons: Randomized Controlled Trial.,multidomain
PMC12877681,4,Table 4,frailty_status_or_score,no,53,"Table 4. Relationships between changes in total frailty and component measures with changes in GDS depression scores over 12 months. Table 4 Relationships between changes in total frailty and component measures with changes in GDS depression scores over 12 months Unadjusted Adjusted ¶ Frailty changes b SE t p b SE t p Total frailty score 0.140 0.067 2.109 0.036 0.109 0.072 1.515 0.131 Weight, kg -0.056 0.031 -1.776 0.078 -0.059 0.032 -1.867 0.064 Knee extension strength, kg -0.009 0.014 -0.649 0.517 -0.003 0.014 -0.237 0.813 6 Meters Fast Gait, seconds 0.099 0.046 2.174 0.031 0.105 0.048 2.190 0.030 Energy score -0.122 0.031 -3.951 0.000 -0.116 0.031 -3.690 0.000 Physical activity, min/day 0.000 0.001 -0.443 0.658 0.000 0.001 -0.619 0.537 ¶ Adjusted for sex, age and treatment allocation",candidate_table_found,Requires author extraction of arm-level n/mean/SD or events/denominators.,28972245.0,10.1007/s12603-016-0867-y,Multi-Domains Lifestyle Interventions Reduces Depressive Symptoms among Frail and Pre-Frail Older Persons: Randomized Controlled Trial.,multidomain
PMC12880481,1,Table 1,frailty_status_or_score,yes,99,Table 1. Fundamental demographic features of the subjects at baseline. Table 1 Fundamental demographic features of the subjects at baseline Items WQX 1 (n = 52) WQXSE 2 (n = 54) SE 3 (n = 57) P-value Total (n=163) Sex (male/Female) 22/30 28/26 25/32 0.781 75/88 Age (years) 73.30±3.89 72.13±4.17 70.74±3.52 0.139 72.06±3.86 Body height (cm) 164.72±7.48 167.68±7.82 165.54±8.22 0.100 165.98±7.84 Body mass (kg) 65.24±5.14 62.55±6.99 63.05±6.88 0.055 63.62±6.34 Frail Score 3.73±0.79 3.56±0.66 3.67±0.72 0.453 3.65±0.72 Unintentional weight loss (Yes/No) 38/14 35/19 43/14 0.436 116/47 Gait velocity (Yes/No) 41/11 40/14 42/15 0.789 123/40 Grip strength (Yes/No) 47/5 46/8 48/9 0.604 141/22 Self-reported fatigue (Yes/No) 36/16 42/12 40/17 0.553 118/45 Low level of physical activity phenotype (Yes/No) 32/20 35/19 36/21 0.941 103/60 1. Wu Qin Xi exercise group; 2. hybrid training combining Wu Qin Xi exercise with strength and endurance training group; 3. strength and endurance training group.,candidate_table_found,Requires author extraction of arm-level n/mean/SD or events/denominators.,37960913.0,10.1007/s12603-023-1991-0,Hybrid Exercise Program Enhances Physical Fitness and Reverses Frailty in Older Adults: Insights and Predictions from Machine Learning.,exercise_plus_nutrition
PMC12880481,1,Table 1,grip_strength,yes,99,Table 1. Fundamental demographic features of the subjects at baseline. Table 1 Fundamental demographic features of the subjects at baseline Items WQX 1 (n = 52) WQXSE 2 (n = 54) SE 3 (n = 57) P-value Total (n=163) Sex (male/Female) 22/30 28/26 25/32 0.781 75/88 Age (years) 73.30±3.89 72.13±4.17 70.74±3.52 0.139 72.06±3.86 Body height (cm) 164.72±7.48 167.68±7.82 165.54±8.22 0.100 165.98±7.84 Body mass (kg) 65.24±5.14 62.55±6.99 63.05±6.88 0.055 63.62±6.34 Frail Score 3.73±0.79 3.56±0.66 3.67±0.72 0.453 3.65±0.72 Unintentional weight loss (Yes/No) 38/14 35/19 43/14 0.436 116/47 Gait velocity (Yes/No) 41/11 40/14 42/15 0.789 123/40 Grip strength (Yes/No) 47/5 46/8 48/9 0.604 141/22 Self-reported fatigue (Yes/No) 36/16 42/12 40/17 0.553 118/45 Low level of physical activity phenotype (Yes/No) 32/20 35/19 36/21 0.941 103/60 1. Wu Qin Xi exercise group; 2. hybrid training combining Wu Qin Xi exercise with strength and endurance training group; 3. strength and endurance training group.,candidate_table_found,Requires author extraction of arm-level n/mean/SD or events/denominators.,37960913.0,10.1007/s12603-023-1991-0,Hybrid Exercise Program Enhances Physical Fitness and Reverses Frailty in Older Adults: Insights and Predictions from Machine Learning.,exercise_plus_nutrition
PMC12880481,2,Table 2,gait_speed,yes,69,"Table 2. . The outcomes of the repeated measures ANOVA for the assessment variables were obtained for each group at pre-intervention and at post-intervention. Table 2 . The outcomes of the repeated measures ANOVA for the assessment variables were obtained for each group at pre-intervention and at post-intervention Parameters WQX 1 (n=52) WQXSE 2 (n=54) SE 3 (n=57) Group X Time# Baseline 24-Weeks Baseline 24-Weeks Baseline 24-Weeks partial i2 10 m MWS (m/s) 0.71 ± 0.13 0.81 ± 0.14†,*** 0.74 ± 0.14 1.08 ± 0.14 †,*** 0.73 ± 0.13 0.93 ± 0.14 †,*** 0.218*** TUGT (s) 12.00 ± 1.32 11.63 ± 1.21† 11.91 ± 0.98 10.98 ± 1.24 †,*** 11.90 ± 1.65 11.19 ± 1.29 ** 0.016 Grip Strength (kg) 18.32 ± 3.08 19.30 ± 3.46† 18.23 ± 3.35 21.31 ± 3.44 †,*** 17.93 ± 3.14 21.63 ± 3.26 †,*** 0.065** 6 min WT (m) 350.29 ± 40.27 369.32 ± 36.33†,* 361.69 ± 39.40 388.71 ± 45.68 ** 365.07 ± 42.11 392.45 ± 47.49 †,*** 0.004 # repeated-measures ANOVA analysis; *p < 0.05, ** p < 0.01, *** p < 0.001 denotes significant difference within the group before and after intervention, † denotes the significant difference between groups. 1. Wu Qin Xi group; 2. hybrid training combining Wu Qin Xi exercise with strength and endurance training group; 3. strength and endurance training group.",candidate_table_found,Requires author extraction of arm-level n/mean/SD or events/denominators.,37960913.0,10.1007/s12603-023-1991-0,Hybrid Exercise Program Enhances Physical Fitness and Reverses Frailty in Older Adults: Insights and Predictions from Machine Learning.,exercise_plus_nutrition
PMC12880481,2,Table 2,grip_strength,yes,69,"Table 2. . The outcomes of the repeated measures ANOVA for the assessment variables were obtained for each group at pre-intervention and at post-intervention. Table 2 . The outcomes of the repeated measures ANOVA for the assessment variables were obtained for each group at pre-intervention and at post-intervention Parameters WQX 1 (n=52) WQXSE 2 (n=54) SE 3 (n=57) Group X Time# Baseline 24-Weeks Baseline 24-Weeks Baseline 24-Weeks partial i2 10 m MWS (m/s) 0.71 ± 0.13 0.81 ± 0.14†,*** 0.74 ± 0.14 1.08 ± 0.14 †,*** 0.73 ± 0.13 0.93 ± 0.14 †,*** 0.218*** TUGT (s) 12.00 ± 1.32 11.63 ± 1.21† 11.91 ± 0.98 10.98 ± 1.24 †,*** 11.90 ± 1.65 11.19 ± 1.29 ** 0.016 Grip Strength (kg) 18.32 ± 3.08 19.30 ± 3.46† 18.23 ± 3.35 21.31 ± 3.44 †,*** 17.93 ± 3.14 21.63 ± 3.26 †,*** 0.065** 6 min WT (m) 350.29 ± 40.27 369.32 ± 36.33†,* 361.69 ± 39.40 388.71 ± 45.68 ** 365.07 ± 42.11 392.45 ± 47.49 †,*** 0.004 # repeated-measures ANOVA analysis; *p < 0.05, ** p < 0.01, *** p < 0.001 denotes significant difference within the group before and after intervention, † denotes the significant difference between groups. 1. Wu Qin Xi group; 2. hybrid training combining Wu Qin Xi exercise with strength and endurance training group; 3. strength and endurance training group.",candidate_table_found,Requires author extraction of arm-level n/mean/SD or events/denominators.,37960913.0,10.1007/s12603-023-1991-0,Hybrid Exercise Program Enhances Physical Fitness and Reverses Frailty in Older Adults: Insights and Predictions from Machine Learning.,exercise_plus_nutrition
PMC12929997,1,Table 1a,adl_iadl,yes,104,"Table 1a. Participant demographics. Table 1a Participant demographics A No pain 153 (51.7%) B Slight pain 110 (37.2%) C Moderate to extreme pain 33 (11.1%) p-value Age* 74.8 ± 7.6 73.3 ± 7.7 75.3 ± 8.5 0.34 BMI* 23.5 ± 3.6 24.6 ± 4.3 23.6 ± 4.3 0.053 Gender#,** 0.411 Male 34 (57.6) 19 (32.2) 6 (10.2) Female 119 (50.2) 91 (38.4) 27 (11.4) Ethnicity#,** 0.11 Chinese 137 (51.1) 101 (37.7) 30 (11.2) Malay 15 (68.2) 7 (31.8) 0 (0) Indian 1 (20.0) 2 (40.0) 2 (40.0) Others 0 (0) 0 (0) 1 (100) Years of education* 4.6 ± 4.1 5.1 ± 4.1 4.3 ± 4.3 0.619 Multimorbidity (≥ 2 illnesses)** 76 (49.7) 55 (50.0) 16 (48.5) 0.987 Number of medications (daily)* 1.66 ± 1.30 1.65 ± 1.66 1.88 ± 1.49 0.724 Number of exercise sessions attended over 3 months* 12.9 ± 7.73 16.4 ± 7.0 13.9 ± 7.2 0.017 a Moderate/vigorous intensity exercises ≥ 5 times weekly** 41 (27.7) 36 (33.6) 10 (30.3) 0.674 At least 1 ADL impairment** 13 (8.5) 8 (7.3) 6 (18.2) 0.144 At least 1 IADL impairment** 18 (11.8) 21 (19.1) 12 (36.4) 0.005 b EQ5D VAS* 76.0 ± 14.1 68.2 ± 14.3 63.6 ± 17.6 <0.001 a , b , c EQ5D Index* 0.93 ± 0.14 0.70 ± 0.15 0.59 ± 0.2 <0.001 a , b , c At risk of social isolation** 67 (45.3) 59 (55.7) 19 (57.6) 0.166 Notes: # indicates row percentages are shown instead of column percentages, * continuous variables were analyzed with One-way ANOVA, **categorical variables were analyzed using Chi-square test, a p<0.05 for A vs B, b p<0.05 for A vs C, c p<0.05 for B vs C; Abbreviations: BMI, Body mass index; VAS, Visual analogue scale; ADL, Activities of daily living; IADL, Instrumental activities of daily living",candidate_table_found,Requires author extraction of arm-level n/mean/SD or events/denominators.,34725661.0,10.1007/s12603-021-1671-x,"Association of Pain and Impact of Dual-Task Exercise on Function, Cognition and Quality of Life.",exercise_plus_nutrition
PMC12929997,1,Table 1a,adherence,yes,104,"Table 1a. Participant demographics. Table 1a Participant demographics A No pain 153 (51.7%) B Slight pain 110 (37.2%) C Moderate to extreme pain 33 (11.1%) p-value Age* 74.8 ± 7.6 73.3 ± 7.7 75.3 ± 8.5 0.34 BMI* 23.5 ± 3.6 24.6 ± 4.3 23.6 ± 4.3 0.053 Gender#,** 0.411 Male 34 (57.6) 19 (32.2) 6 (10.2) Female 119 (50.2) 91 (38.4) 27 (11.4) Ethnicity#,** 0.11 Chinese 137 (51.1) 101 (37.7) 30 (11.2) Malay 15 (68.2) 7 (31.8) 0 (0) Indian 1 (20.0) 2 (40.0) 2 (40.0) Others 0 (0) 0 (0) 1 (100) Years of education* 4.6 ± 4.1 5.1 ± 4.1 4.3 ± 4.3 0.619 Multimorbidity (≥ 2 illnesses)** 76 (49.7) 55 (50.0) 16 (48.5) 0.987 Number of medications (daily)* 1.66 ± 1.30 1.65 ± 1.66 1.88 ± 1.49 0.724 Number of exercise sessions attended over 3 months* 12.9 ± 7.73 16.4 ± 7.0 13.9 ± 7.2 0.017 a Moderate/vigorous intensity exercises ≥ 5 times weekly** 41 (27.7) 36 (33.6) 10 (30.3) 0.674 At least 1 ADL impairment** 13 (8.5) 8 (7.3) 6 (18.2) 0.144 At least 1 IADL impairment** 18 (11.8) 21 (19.1) 12 (36.4) 0.005 b EQ5D VAS* 76.0 ± 14.1 68.2 ± 14.3 63.6 ± 17.6 <0.001 a , b , c EQ5D Index* 0.93 ± 0.14 0.70 ± 0.15 0.59 ± 0.2 <0.001 a , b , c At risk of social isolation** 67 (45.3) 59 (55.7) 19 (57.6) 0.166 Notes: # indicates row percentages are shown instead of column percentages, * continuous variables were analyzed with One-way ANOVA, **categorical variables were analyzed using Chi-square test, a p<0.05 for A vs B, b p<0.05 for A vs C, c p<0.05 for B vs C; Abbreviations: BMI, Body mass index; VAS, Visual analogue scale; ADL, Activities of daily living; IADL, Instrumental activities of daily living",candidate_table_found,Requires author extraction of arm-level n/mean/SD or events/denominators.,34725661.0,10.1007/s12603-021-1671-x,"Association of Pain and Impact of Dual-Task Exercise on Function, Cognition and Quality of Life.",exercise_plus_nutrition
PMC12929997,3,Table 1c,frailty_status_or_score,no,70,"Table 1c. Physical function. Table 1c Physical function A No pain 153 (51.7%) B Slight pain 110 (37.2%) C Moderate to extreme pain 33 (11.1%) p-value FRAILTY LEVEL** 0.002 b Robust 55 (35.9) 25 (22.7) 4 (12.1) Pre-frail 95 (62.1) 78 (70.9) 24 (72.7) Frail 3 (2.0) 7 (6.4) 5 (15.2) Fatigue** 75 (49.0) 71 (64.5) 25 (75.8) 0.004 a , b Resistance** 16 (10.5) 16 (14.5) 10 (30.3) 0.015 b Aerobic** 7 (4.6) 9 (8.2) 7 (21.2) 0.014 b More than 5 illnesses** 7 (4.6) 6 (5.5) 2 (6.1) 0.975 Loss of weight** 18 (11.8) 15 (13.6) 9 (27.3) 0.061 Sarcopenia** 7 (4.6) 9 (8.2) 6 (18.2) 0.037 b Have difficulty carrying more than 10 pounds** 39 (25.5) 34 (30.9) 21 (63.6) <0.001 b , c Have difficulty walking across the room** 6 (3.9) 7 (6.4) 7 (21.2) 0.001 b , c Have difficulty transferring from bed or chair** 8 (5.2) 6 (5.5) 5 (15.2) 0.17 Have difficulty climbing a flight of 10 stairs** 25 (16.3) 30 (27.3) 12 (36.4) 0.018 b More than 1 fall in the last year** 29 (19.0) 32 (29.1) 16 (48.5) 0.002 b SPPB score* 9.93 ± 1.81 9.84 ± 2.43 8.52 ± 3.02 0.013 b , c Balance* ",candidate_table_found,Requires author extraction of arm-level n/mean/SD or events/denominators.,34725661.0,10.1007/s12603-021-1671-x,"Association of Pain and Impact of Dual-Task Exercise on Function, Cognition and Quality of Life.",exercise_plus_nutrition
PMC12929997,3,Table 1c,gait_speed,no,91," 25 (75.8) 0.004 a , b Resistance** 16 (10.5) 16 (14.5) 10 (30.3) 0.015 b Aerobic** 7 (4.6) 9 (8.2) 7 (21.2) 0.014 b More than 5 illnesses** 7 (4.6) 6 (5.5) 2 (6.1) 0.975 Loss of weight** 18 (11.8) 15 (13.6) 9 (27.3) 0.061 Sarcopenia** 7 (4.6) 9 (8.2) 6 (18.2) 0.037 b Have difficulty carrying more than 10 pounds** 39 (25.5) 34 (30.9) 21 (63.6) <0.001 b , c Have difficulty walking across the room** 6 (3.9) 7 (6.4) 7 (21.2) 0.001 b , c Have difficulty transferring from bed or chair** 8 (5.2) 6 (5.5) 5 (15.2) 0.17 Have difficulty climbing a flight of 10 stairs** 25 (16.3) 30 (27.3) 12 (36.4) 0.018 b More than 1 fall in the last year** 29 (19.0) 32 (29.1) 16 (48.5) 0.002 b SPPB score* 9.93 ± 1.81 9.84 ± 2.43 8.52 ± 3.02 0.013 b , c Balance* 3.36 ± 0.94 3.33 ± 1.06 3.16 ± 1.17 0.547 Gait* 3.75 ± 0.53 3.67 ± 0.72 3.03 ± 1.00 <0.001 b , c Chair- stand* 2.82 ± 1.11 2.84 ± 1.22 2.34 ± 1.36 0.178 Gait speed (m/s)* 1.05 ± 0.26 1.05 ± 0.32 0.87 ± 0.33 0.013 b , c Grip strength (kg)* 21.2 ± 5.59 21.3 ± 5.74 19.2 ± 4.61 0.18 Notes: *continuous variables were analyzed with One-way ANOVA, **categorical variables were analyzed using Chi-square test, a p<0.05 for A vs B, b p<0.05 for A vs C, c p<0.05 for B vs C; Abbreviations: SPPB, short physical performance battery",candidate_table_found,Requires author extraction of arm-level n/mean/SD or events/denominators.,34725661.0,10.1007/s12603-021-1671-x,"Association of Pain and Impact of Dual-Task Exercise on Function, Cognition and Quality of Life.",exercise_plus_nutrition
PMC12929997,3,Table 1c,sppb,no,105,"ain 110 (37.2%) C Moderate to extreme pain 33 (11.1%) p-value FRAILTY LEVEL** 0.002 b Robust 55 (35.9) 25 (22.7) 4 (12.1) Pre-frail 95 (62.1) 78 (70.9) 24 (72.7) Frail 3 (2.0) 7 (6.4) 5 (15.2) Fatigue** 75 (49.0) 71 (64.5) 25 (75.8) 0.004 a , b Resistance** 16 (10.5) 16 (14.5) 10 (30.3) 0.015 b Aerobic** 7 (4.6) 9 (8.2) 7 (21.2) 0.014 b More than 5 illnesses** 7 (4.6) 6 (5.5) 2 (6.1) 0.975 Loss of weight** 18 (11.8) 15 (13.6) 9 (27.3) 0.061 Sarcopenia** 7 (4.6) 9 (8.2) 6 (18.2) 0.037 b Have difficulty carrying more than 10 pounds** 39 (25.5) 34 (30.9) 21 (63.6) <0.001 b , c Have difficulty walking across the room** 6 (3.9) 7 (6.4) 7 (21.2) 0.001 b , c Have difficulty transferring from bed or chair** 8 (5.2) 6 (5.5) 5 (15.2) 0.17 Have difficulty climbing a flight of 10 stairs** 25 (16.3) 30 (27.3) 12 (36.4) 0.018 b More than 1 fall in the last year** 29 (19.0) 32 (29.1) 16 (48.5) 0.002 b SPPB score* 9.93 ± 1.81 9.84 ± 2.43 8.52 ± 3.02 0.013 b , c Balance* 3.36 ± 0.94 3.33 ± 1.06 3.16 ± 1.17 0.547 Gait* 3.75 ± 0.53 3.67 ± 0.72 3.03 ± 1.00 <0.001 b , c Chair- stand* 2.82 ± 1.11 2.84 ± 1.22 2.34 ± 1.36 0.178 Gait speed (m/s)* 1.05 ± 0.26 1.05 ± 0.32 0.87 ± 0.33 0.013 b , c Grip strength (kg)* 21.2 ± 5.59 21.3 ± 5.74 19.2 ± 4.61 0.18 Notes: *continuous variables were analyzed with One-way ANOVA, **categorical variables were analyzed using Chi-square test, a p<0.05 for A vs B, b p<0.05 for A vs C, c p<0.05 for B vs C; Abbreviations: SPPB, short physical performance battery",candidate_table_found,Requires author extraction of arm-level n/mean/SD or events/denominators.,34725661.0,10.1007/s12603-021-1671-x,"Association of Pain and Impact of Dual-Task Exercise on Function, Cognition and Quality of Life.",exercise_plus_nutrition
PMC12929997,3,Table 1c,grip_strength,no,86,"0.015 b Aerobic** 7 (4.6) 9 (8.2) 7 (21.2) 0.014 b More than 5 illnesses** 7 (4.6) 6 (5.5) 2 (6.1) 0.975 Loss of weight** 18 (11.8) 15 (13.6) 9 (27.3) 0.061 Sarcopenia** 7 (4.6) 9 (8.2) 6 (18.2) 0.037 b Have difficulty carrying more than 10 pounds** 39 (25.5) 34 (30.9) 21 (63.6) <0.001 b , c Have difficulty walking across the room** 6 (3.9) 7 (6.4) 7 (21.2) 0.001 b , c Have difficulty transferring from bed or chair** 8 (5.2) 6 (5.5) 5 (15.2) 0.17 Have difficulty climbing a flight of 10 stairs** 25 (16.3) 30 (27.3) 12 (36.4) 0.018 b More than 1 fall in the last year** 29 (19.0) 32 (29.1) 16 (48.5) 0.002 b SPPB score* 9.93 ± 1.81 9.84 ± 2.43 8.52 ± 3.02 0.013 b , c Balance* 3.36 ± 0.94 3.33 ± 1.06 3.16 ± 1.17 0.547 Gait* 3.75 ± 0.53 3.67 ± 0.72 3.03 ± 1.00 <0.001 b , c Chair- stand* 2.82 ± 1.11 2.84 ± 1.22 2.34 ± 1.36 0.178 Gait speed (m/s)* 1.05 ± 0.26 1.05 ± 0.32 0.87 ± 0.33 0.013 b , c Grip strength (kg)* 21.2 ± 5.59 21.3 ± 5.74 19.2 ± 4.61 0.18 Notes: *continuous variables were analyzed with One-way ANOVA, **categorical variables were analyzed using Chi-square test, a p<0.05 for A vs B, b p<0.05 for A vs C, c p<0.05 for B vs C; Abbreviations: SPPB, short physical performance battery",candidate_table_found,Requires author extraction of arm-level n/mean/SD or events/denominators.,34725661.0,10.1007/s12603-021-1671-x,"Association of Pain and Impact of Dual-Task Exercise on Function, Cognition and Quality of Life.",exercise_plus_nutrition
PMC12929997,3,Table 1c,falls,no,107,"n. Table 1c Physical function A No pain 153 (51.7%) B Slight pain 110 (37.2%) C Moderate to extreme pain 33 (11.1%) p-value FRAILTY LEVEL** 0.002 b Robust 55 (35.9) 25 (22.7) 4 (12.1) Pre-frail 95 (62.1) 78 (70.9) 24 (72.7) Frail 3 (2.0) 7 (6.4) 5 (15.2) Fatigue** 75 (49.0) 71 (64.5) 25 (75.8) 0.004 a , b Resistance** 16 (10.5) 16 (14.5) 10 (30.3) 0.015 b Aerobic** 7 (4.6) 9 (8.2) 7 (21.2) 0.014 b More than 5 illnesses** 7 (4.6) 6 (5.5) 2 (6.1) 0.975 Loss of weight** 18 (11.8) 15 (13.6) 9 (27.3) 0.061 Sarcopenia** 7 (4.6) 9 (8.2) 6 (18.2) 0.037 b Have difficulty carrying more than 10 pounds** 39 (25.5) 34 (30.9) 21 (63.6) <0.001 b , c Have difficulty walking across the room** 6 (3.9) 7 (6.4) 7 (21.2) 0.001 b , c Have difficulty transferring from bed or chair** 8 (5.2) 6 (5.5) 5 (15.2) 0.17 Have difficulty climbing a flight of 10 stairs** 25 (16.3) 30 (27.3) 12 (36.4) 0.018 b More than 1 fall in the last year** 29 (19.0) 32 (29.1) 16 (48.5) 0.002 b SPPB score* 9.93 ± 1.81 9.84 ± 2.43 8.52 ± 3.02 0.013 b , c Balance* 3.36 ± 0.94 3.33 ± 1.06 3.16 ± 1.17 0.547 Gait* 3.75 ± 0.53 3.67 ± 0.72 3.03 ± 1.00 <0.001 b , c Chair- stand* 2.82 ± 1.11 2.84 ± 1.22 2.34 ± 1.36 0.178 Gait speed (m/s)* 1.05 ± 0.26 1.05 ± 0.32 0.87 ± 0.33 0.013 b , c Grip strength (kg)* 21.2 ± 5.59 21.3 ± 5.74 19.2 ± 4.61 0.18 Notes: *continuous variables were analyzed with One-way ANOVA, **categorical variables were analyzed using Chi-square test, a p<0.05 for A vs B, b p<0.05 for A vs C, c p<0.05 for B vs C; Abbreviations: SPPB, short physical performance battery",candidate_table_found,Requires author extraction of arm-level n/mean/SD or events/denominators.,34725661.0,10.1007/s12603-021-1671-x,"Association of Pain and Impact of Dual-Task Exercise on Function, Cognition and Quality of Life.",exercise_plus_nutrition
PMC12929997,4,Table 2,frailty_status_or_score,yes,74,"d with pain intensity. Table 2 Factors associated with pain intensity Slight pain Moderate to extreme pain OR (95% CI) p-value OR (95% CI) p-value Age 0.974 (0.94–1.01) 0.101 1.01 (0.96–1.06) 0.759 BMI 1.08 (1.01–1.15) 0.27 1.01 (0.91–1.11) 0.916 Gender (Male) 0.672 (0.36–1.24) 0.206 0.715 (0.27–1.86) 0.492 Education years 1.02 (0.96–1.08) 0.434 0.976 (0.89–1.07) 0.614 Multimorbidity (≥2 illnesses) 1.00 (0.61–1.63) 1.00 1.06 (0.50–2.25) 0.874 Moderate and vigorous exercise 0.785 (0.46–1.34) 0.375 0.916 (0.40–2.08) 0.834 At least 1 ADL impairment 0.86 (0.34–2.17) 0.752 2.44 (0.85–6.99) 0.096 At least 1 IADL impairment 1.61 (0.82–3.13) 0.165 3.85 (1.66–9.09) 0.002 cMMSE 1.09 (1.01–1.17) 0.023 1.01 (0.92–1.13) 0.751 MOCA 1.06 (1.01–1.12) 0.029 0.97 (0.91–1.04) 0.362 Depression 2.62 (1.05–6.49) 0.037 6.62 (2.31–18.87) 0.001 Low mental vitality 1.651 (0.876–3.11) 0.121 3.57 (1.55–8.23) 0.003 Frail or pre-frail 1.85 (1.06–3.23) 0.029 3.95 (1.32–11.76) 0.014 Sarcopenia 1.65 (0.62–4.42) 0.32 4.12 (1.32–12.82) 0.015 SPPB 0.99 (0.88–1.11) 0.874 0.80 (0.69–0.93) 0.004 Gait Speed 1.12 (0.47–2.64) 0.791 0.11 (0.03–0.48) 0.003 Grip Strength 1.00 (0.96–1.05) 0.928 0.93 (0.86–1.00) 0.050 Notes: Odds ratio were calculated with multinomial logistic regression with No pain group as the reference; Abbreviations: cMMSE, Chinese mini mental state examination; MoCA, Montreal cognitive assessment; SPPB, short physical performance battery",candidate_table_found,Requires author extraction of arm-level n/mean/SD or events/denominators.,34725661.0,10.1007/s12603-021-1671-x,"Association of Pain and Impact of Dual-Task Exercise on Function, Cognition and Quality of Life.",exercise_plus_nutrition
PMC12929997,4,Table 2,gait_speed,yes,69," 1.01 (0.96–1.06) 0.759 BMI 1.08 (1.01–1.15) 0.27 1.01 (0.91–1.11) 0.916 Gender (Male) 0.672 (0.36–1.24) 0.206 0.715 (0.27–1.86) 0.492 Education years 1.02 (0.96–1.08) 0.434 0.976 (0.89–1.07) 0.614 Multimorbidity (≥2 illnesses) 1.00 (0.61–1.63) 1.00 1.06 (0.50–2.25) 0.874 Moderate and vigorous exercise 0.785 (0.46–1.34) 0.375 0.916 (0.40–2.08) 0.834 At least 1 ADL impairment 0.86 (0.34–2.17) 0.752 2.44 (0.85–6.99) 0.096 At least 1 IADL impairment 1.61 (0.82–3.13) 0.165 3.85 (1.66–9.09) 0.002 cMMSE 1.09 (1.01–1.17) 0.023 1.01 (0.92–1.13) 0.751 MOCA 1.06 (1.01–1.12) 0.029 0.97 (0.91–1.04) 0.362 Depression 2.62 (1.05–6.49) 0.037 6.62 (2.31–18.87) 0.001 Low mental vitality 1.651 (0.876–3.11) 0.121 3.57 (1.55–8.23) 0.003 Frail or pre-frail 1.85 (1.06–3.23) 0.029 3.95 (1.32–11.76) 0.014 Sarcopenia 1.65 (0.62–4.42) 0.32 4.12 (1.32–12.82) 0.015 SPPB 0.99 (0.88–1.11) 0.874 0.80 (0.69–0.93) 0.004 Gait Speed 1.12 (0.47–2.64) 0.791 0.11 (0.03–0.48) 0.003 Grip Strength 1.00 (0.96–1.05) 0.928 0.93 (0.86–1.00) 0.050 Notes: Odds ratio were calculated with multinomial logistic regression with No pain group as the reference; Abbreviations: cMMSE, Chinese mini mental state examination; MoCA, Montreal cognitive assessment; SPPB, short physical performance battery",candidate_table_found,Requires author extraction of arm-level n/mean/SD or events/denominators.,34725661.0,10.1007/s12603-021-1671-x,"Association of Pain and Impact of Dual-Task Exercise on Function, Cognition and Quality of Life.",exercise_plus_nutrition
PMC12929997,4,Table 2,sppb,yes,72,"lue OR (95% CI) p-value Age 0.974 (0.94–1.01) 0.101 1.01 (0.96–1.06) 0.759 BMI 1.08 (1.01–1.15) 0.27 1.01 (0.91–1.11) 0.916 Gender (Male) 0.672 (0.36–1.24) 0.206 0.715 (0.27–1.86) 0.492 Education years 1.02 (0.96–1.08) 0.434 0.976 (0.89–1.07) 0.614 Multimorbidity (≥2 illnesses) 1.00 (0.61–1.63) 1.00 1.06 (0.50–2.25) 0.874 Moderate and vigorous exercise 0.785 (0.46–1.34) 0.375 0.916 (0.40–2.08) 0.834 At least 1 ADL impairment 0.86 (0.34–2.17) 0.752 2.44 (0.85–6.99) 0.096 At least 1 IADL impairment 1.61 (0.82–3.13) 0.165 3.85 (1.66–9.09) 0.002 cMMSE 1.09 (1.01–1.17) 0.023 1.01 (0.92–1.13) 0.751 MOCA 1.06 (1.01–1.12) 0.029 0.97 (0.91–1.04) 0.362 Depression 2.62 (1.05–6.49) 0.037 6.62 (2.31–18.87) 0.001 Low mental vitality 1.651 (0.876–3.11) 0.121 3.57 (1.55–8.23) 0.003 Frail or pre-frail 1.85 (1.06–3.23) 0.029 3.95 (1.32–11.76) 0.014 Sarcopenia 1.65 (0.62–4.42) 0.32 4.12 (1.32–12.82) 0.015 SPPB 0.99 (0.88–1.11) 0.874 0.80 (0.69–0.93) 0.004 Gait Speed 1.12 (0.47–2.64) 0.791 0.11 (0.03–0.48) 0.003 Grip Strength 1.00 (0.96–1.05) 0.928 0.93 (0.86–1.00) 0.050 Notes: Odds ratio were calculated with multinomial logistic regression with No pain group as the reference; Abbreviations: cMMSE, Chinese mini mental state examination; MoCA, Montreal cognitive assessment; SPPB, short physical performance battery",candidate_table_found,Requires author extraction of arm-level n/mean/SD or events/denominators.,34725661.0,10.1007/s12603-021-1671-x,"Association of Pain and Impact of Dual-Task Exercise on Function, Cognition and Quality of Life.",exercise_plus_nutrition
PMC12929997,4,Table 2,grip_strength,yes,66,".91–1.11) 0.916 Gender (Male) 0.672 (0.36–1.24) 0.206 0.715 (0.27–1.86) 0.492 Education years 1.02 (0.96–1.08) 0.434 0.976 (0.89–1.07) 0.614 Multimorbidity (≥2 illnesses) 1.00 (0.61–1.63) 1.00 1.06 (0.50–2.25) 0.874 Moderate and vigorous exercise 0.785 (0.46–1.34) 0.375 0.916 (0.40–2.08) 0.834 At least 1 ADL impairment 0.86 (0.34–2.17) 0.752 2.44 (0.85–6.99) 0.096 At least 1 IADL impairment 1.61 (0.82–3.13) 0.165 3.85 (1.66–9.09) 0.002 cMMSE 1.09 (1.01–1.17) 0.023 1.01 (0.92–1.13) 0.751 MOCA 1.06 (1.01–1.12) 0.029 0.97 (0.91–1.04) 0.362 Depression 2.62 (1.05–6.49) 0.037 6.62 (2.31–18.87) 0.001 Low mental vitality 1.651 (0.876–3.11) 0.121 3.57 (1.55–8.23) 0.003 Frail or pre-frail 1.85 (1.06–3.23) 0.029 3.95 (1.32–11.76) 0.014 Sarcopenia 1.65 (0.62–4.42) 0.32 4.12 (1.32–12.82) 0.015 SPPB 0.99 (0.88–1.11) 0.874 0.80 (0.69–0.93) 0.004 Gait Speed 1.12 (0.47–2.64) 0.791 0.11 (0.03–0.48) 0.003 Grip Strength 1.00 (0.96–1.05) 0.928 0.93 (0.86–1.00) 0.050 Notes: Odds ratio were calculated with multinomial logistic regression with No pain group as the reference; Abbreviations: cMMSE, Chinese mini mental state examination; MoCA, Montreal cognitive assessment; SPPB, short physical performance battery",candidate_table_found,Requires author extraction of arm-level n/mean/SD or events/denominators.,34725661.0,10.1007/s12603-021-1671-x,"Association of Pain and Impact of Dual-Task Exercise on Function, Cognition and Quality of Life.",exercise_plus_nutrition
PMC12929997,4,Table 2,adl_iadl,yes,75,"Table 2. Factors associated with pain intensity. Table 2 Factors associated with pain intensity Slight pain Moderate to extreme pain OR (95% CI) p-value OR (95% CI) p-value Age 0.974 (0.94–1.01) 0.101 1.01 (0.96–1.06) 0.759 BMI 1.08 (1.01–1.15) 0.27 1.01 (0.91–1.11) 0.916 Gender (Male) 0.672 (0.36–1.24) 0.206 0.715 (0.27–1.86) 0.492 Education years 1.02 (0.96–1.08) 0.434 0.976 (0.89–1.07) 0.614 Multimorbidity (≥2 illnesses) 1.00 (0.61–1.63) 1.00 1.06 (0.50–2.25) 0.874 Moderate and vigorous exercise 0.785 (0.46–1.34) 0.375 0.916 (0.40–2.08) 0.834 At least 1 ADL impairment 0.86 (0.34–2.17) 0.752 2.44 (0.85–6.99) 0.096 At least 1 IADL impairment 1.61 (0.82–3.13) 0.165 3.85 (1.66–9.09) 0.002 cMMSE 1.09 (1.01–1.17) 0.023 1.01 (0.92–1.13) 0.751 MOCA 1.06 (1.01–1.12) 0.029 0.97 (0.91–1.04) 0.362 Depression 2.62 (1.05–6.49) 0.037 6.62 (2.31–18.87) 0.001 Low mental vitality 1.651 (0.876–3.11) 0.121 3.57 (1.55–8.23) 0.003 Frail or pre-frail 1.85 (1.06–3.23) 0.029 3.95 (1.32–11.76) 0.014 Sarcopenia 1.65 (0.62–4.42) 0.32 4.12 (1.32–12.82) 0.015 SPPB 0.99 (0.88–1.11) 0.874 0.80 (0.69–0.93) 0.004 Gait Speed 1.12 (0.47–2.64) 0.791 0.11 (0.03–0.48) 0.003 Grip Strength 1.00 (0.96–1.05) 0.928 0.93 (0.86–1.00) 0.050 Notes: Odds ratio were calculated with multinomial logistic regression with No pain group as the reference; Abbreviations: cMMSE, Chinese mini mental state examination; MoCA, Montreal cognitive assessment; SPPB, short physical performance battery",candidate_table_found,Requires author extraction of arm-level n/mean/SD or events/denominators.,34725661.0,10.1007/s12603-021-1671-x,"Association of Pain and Impact of Dual-Task Exercise on Function, Cognition and Quality of Life.",exercise_plus_nutrition
PMC12929997,5,Table 3,gait_speed,yes,51,"Table 3. Effect of exercise on physical and cognitive function. Table 3 Effect of exercise on physical and cognitive function No pain (n=109) Slight pain (n=69) Moderate to extreme pain (n=26) Mean difference (95% CI) p-value Mean difference (95% CI) p-value Mean difference (95% CI) p-value SPPB score 0.55 (0.28–0.82) <0.001 0.49 (0.10–0.89) 0.021 0.38 (−0.45–1.20) 0.285 SPPB Balance 0.28 (0.11–0.45) 0.003 0.25 (0.03–0.46) 0.028 0.08 (−0.64–0.47) 0.811 SPPB Gait 0.04 (−0.05–0.14) 0.394 0.03 (−0.09–0.15) 0.593 0.29 (−0.03–0.61) 0.058 SPPB Chair-stand 0.23 (0.02–0.44) 0.032 0.23 (−0.05–0.51) 0.093 0.17 (−0.15–0.49) 0.305 Gait speed (m/s) 0.03 (−0.02–0.08) 0.109 0.04 (−0.01–0.08) 0.297 0.07 (−0.003–0.036) 0.035 cMMSE score 1.04 (0.50–1.58) <0.001 1.06 (0.33–1.79) <0.001 1.00 (−0.15–2.15) 0.043 MoCA score 1.34 (0.61–2.07) 0.002 1.71 (0.95–2.46) <0.001 1.54 (0.32–2.76) 0.022 Notes: Wilcoxon signed rank test was used to compare baseline and 3-month data; Abbreviations: cMMSE, Chinese mini mental state examination; MoCA, Montreal cognitive assessment; SPPB, short physical performance battery",candidate_table_found,Requires author extraction of arm-level n/mean/SD or events/denominators.,34725661.0,10.1007/s12603-021-1671-x,"Association of Pain and Impact of Dual-Task Exercise on Function, Cognition and Quality of Life.",exercise_plus_nutrition
PMC12929997,5,Table 3,sppb,yes,51,"Table 3. Effect of exercise on physical and cognitive function. Table 3 Effect of exercise on physical and cognitive function No pain (n=109) Slight pain (n=69) Moderate to extreme pain (n=26) Mean difference (95% CI) p-value Mean difference (95% CI) p-value Mean difference (95% CI) p-value SPPB score 0.55 (0.28–0.82) <0.001 0.49 (0.10–0.89) 0.021 0.38 (−0.45–1.20) 0.285 SPPB Balance 0.28 (0.11–0.45) 0.003 0.25 (0.03–0.46) 0.028 0.08 (−0.64–0.47) 0.811 SPPB Gait 0.04 (−0.05–0.14) 0.394 0.03 (−0.09–0.15) 0.593 0.29 (−0.03–0.61) 0.058 SPPB Chair-stand 0.23 (0.02–0.44) 0.032 0.23 (−0.05–0.51) 0.093 0.17 (−0.15–0.49) 0.305 Gait speed (m/s) 0.03 (−0.02–0.08) 0.109 0.04 (−0.01–0.08) 0.297 0.07 (−0.003–0.036) 0.035 cMMSE score 1.04 (0.50–1.58) <0.001 1.06 (0.33–1.79) <0.001 1.00 (−0.15–2.15) 0.043 MoCA score 1.34 (0.61–2.07) 0.002 1.71 (0.95–2.46) <0.001 1.54 (0.32–2.76) 0.022 Notes: Wilcoxon signed rank test was used to compare baseline and 3-month data; Abbreviations: cMMSE, Chinese mini mental state examination; MoCA, Montreal cognitive assessment; SPPB, short physical performance battery",candidate_table_found,Requires author extraction of arm-level n/mean/SD or events/denominators.,34725661.0,10.1007/s12603-021-1671-x,"Association of Pain and Impact of Dual-Task Exercise on Function, Cognition and Quality of Life.",exercise_plus_nutrition
PMC12968357,1,TABLE 1,frailty_status_or_score,yes,97,ABLE 1. Baseline characteristics of participants.. TABLE 1 Baseline characteristics of participants. n Total sample Completed ( n = 134) Not completed ( n = 103) Control ( n = 105) Intervention ( n = 132) Age 237 78.1 (5.2) 77.8 (5.1) 78.5 (5.4) 79.3 (5.2) † 77.1 (5.0) † Sex Female 237 162 (68.4) 99 (73.9) * 63 (61.2) * 70 (66.7) 92 (69.7) Male 75 (31.6) 35 (26.1) * 40 (38.8) * 35 (33.3) 40 (30.3) BMI 237 29.7 (12.6) 29.3 (4.9) 30.2 (18.3) 28.1 (4.9) 30.9 (16.3) Charlson index 237 1.3 (1.5) 1.0 (1.3) † 1.6 (1.7) † 1.5 (0.1) 1.4 (0.1) Number drugs 237 7.6 (3.9) 7.4 (4.1) 7.9 (3.7) 7.7 (4.3) 7.5 (3.5) Barthel index 237 97 (4) 97 (4) 97 (4) 98 (4) * 96 (4) * Lawton index 237 7.4 (1.1) 7.6 (0.9) 7.2 (1.4) 7.4 (0.9) 7.4 (1.3) FAC = 5 235 199 (84.7) 89 (86.4) 110 (83.3) SPPB 237 7.9 (2.3) 8.1 (2.2) 7.7 (2.5) 7.9 (2.2) 8.0 (2.4) MNA‐SF 237 12.6 (1.7) 12.7 (1.8) 12.5 (1.7) 12.6 (1.6) 12.6 (1.8) Frailty phenotype: Frail 237 61 (25.7) 32 (23.9) 29 (28.2) 26 (24.8) 35 (26.5) Number frailty criteria 237 1.7 (1.2) 1.7 (1.3) 1.8 (1.2) 1.6 (1.2) 1.8 (1.3) Gait speed (m/s) 237 0.68 (0.19) 0.68 (0.19) 0.68 (0.19) 0.66 (0.18) 0.70 (0.19) Gait speed < 0.8 m/s 237 200 (84.4) 119 (88.8) * 81 (78.6) * 89 (84.8) 111 (84.1) Note : All data are means (standard deviation) or number of participants (percentage). Abbreviations: BMI: body mass index; FAC: functional ambulation category of holden; MNA‐SF: Mini‐Nutritional Assessment Short Form; SPPB: short physical performance battery. * p < 0.05. † p < 0.01.,candidate_table_found,Requires author extraction of arm-level n/mean/SD or events/denominators.,41456342.0,10.1111/jgs.70266,Efficacy of a Multicomponent Intervention for Frailty or Physical Function in Prefrail or Frail Older Adults: FRAILMERIT Multicenter Clinical Trial.,exercise_plus_nutrition
PMC12968357,1,TABLE 1,gait_speed,yes,94,103) Control ( n = 105) Intervention ( n = 132) Age 237 78.1 (5.2) 77.8 (5.1) 78.5 (5.4) 79.3 (5.2) † 77.1 (5.0) † Sex Female 237 162 (68.4) 99 (73.9) * 63 (61.2) * 70 (66.7) 92 (69.7) Male 75 (31.6) 35 (26.1) * 40 (38.8) * 35 (33.3) 40 (30.3) BMI 237 29.7 (12.6) 29.3 (4.9) 30.2 (18.3) 28.1 (4.9) 30.9 (16.3) Charlson index 237 1.3 (1.5) 1.0 (1.3) † 1.6 (1.7) † 1.5 (0.1) 1.4 (0.1) Number drugs 237 7.6 (3.9) 7.4 (4.1) 7.9 (3.7) 7.7 (4.3) 7.5 (3.5) Barthel index 237 97 (4) 97 (4) 97 (4) 98 (4) * 96 (4) * Lawton index 237 7.4 (1.1) 7.6 (0.9) 7.2 (1.4) 7.4 (0.9) 7.4 (1.3) FAC = 5 235 199 (84.7) 89 (86.4) 110 (83.3) SPPB 237 7.9 (2.3) 8.1 (2.2) 7.7 (2.5) 7.9 (2.2) 8.0 (2.4) MNA‐SF 237 12.6 (1.7) 12.7 (1.8) 12.5 (1.7) 12.6 (1.6) 12.6 (1.8) Frailty phenotype: Frail 237 61 (25.7) 32 (23.9) 29 (28.2) 26 (24.8) 35 (26.5) Number frailty criteria 237 1.7 (1.2) 1.7 (1.3) 1.8 (1.2) 1.6 (1.2) 1.8 (1.3) Gait speed (m/s) 237 0.68 (0.19) 0.68 (0.19) 0.68 (0.19) 0.66 (0.18) 0.70 (0.19) Gait speed < 0.8 m/s 237 200 (84.4) 119 (88.8) * 81 (78.6) * 89 (84.8) 111 (84.1) Note : All data are means (standard deviation) or number of participants (percentage). Abbreviations: BMI: body mass index; FAC: functional ambulation category of holden; MNA‐SF: Mini‐Nutritional Assessment Short Form; SPPB: short physical performance battery. * p < 0.05. † p < 0.01.,candidate_table_found,Requires author extraction of arm-level n/mean/SD or events/denominators.,41456342.0,10.1111/jgs.70266,Efficacy of a Multicomponent Intervention for Frailty or Physical Function in Prefrail or Frail Older Adults: FRAILMERIT Multicenter Clinical Trial.,exercise_plus_nutrition
PMC12968357,1,TABLE 1,sppb,yes,97,TABLE 1. Baseline characteristics of participants.. TABLE 1 Baseline characteristics of participants. n Total sample Completed ( n = 134) Not completed ( n = 103) Control ( n = 105) Intervention ( n = 132) Age 237 78.1 (5.2) 77.8 (5.1) 78.5 (5.4) 79.3 (5.2) † 77.1 (5.0) † Sex Female 237 162 (68.4) 99 (73.9) * 63 (61.2) * 70 (66.7) 92 (69.7) Male 75 (31.6) 35 (26.1) * 40 (38.8) * 35 (33.3) 40 (30.3) BMI 237 29.7 (12.6) 29.3 (4.9) 30.2 (18.3) 28.1 (4.9) 30.9 (16.3) Charlson index 237 1.3 (1.5) 1.0 (1.3) † 1.6 (1.7) † 1.5 (0.1) 1.4 (0.1) Number drugs 237 7.6 (3.9) 7.4 (4.1) 7.9 (3.7) 7.7 (4.3) 7.5 (3.5) Barthel index 237 97 (4) 97 (4) 97 (4) 98 (4) * 96 (4) * Lawton index 237 7.4 (1.1) 7.6 (0.9) 7.2 (1.4) 7.4 (0.9) 7.4 (1.3) FAC = 5 235 199 (84.7) 89 (86.4) 110 (83.3) SPPB 237 7.9 (2.3) 8.1 (2.2) 7.7 (2.5) 7.9 (2.2) 8.0 (2.4) MNA‐SF 237 12.6 (1.7) 12.7 (1.8) 12.5 (1.7) 12.6 (1.6) 12.6 (1.8) Frailty phenotype: Frail 237 61 (25.7) 32 (23.9) 29 (28.2) 26 (24.8) 35 (26.5) Number frailty criteria 237 1.7 (1.2) 1.7 (1.3) 1.8 (1.2) 1.6 (1.2) 1.8 (1.3) Gait speed (m/s) 237 0.68 (0.19) 0.68 (0.19) 0.68 (0.19) 0.66 (0.18) 0.70 (0.19) Gait speed < 0.8 m/s 237 200 (84.4) 119 (88.8) * 81 (78.6) * 89 (84.8) 111 (84.1) Note : All data are means (standard deviation) or number of participants (percentage). Abbreviations: BMI: body mass index; FAC: functional ambulation category of holden; MNA‐SF: Mini‐Nutritional Assessment Short Form; SPPB: short physical performance battery. * p < 0.05. † p < 0.01.,candidate_table_found,Requires author extraction of arm-level n/mean/SD or events/denominators.,41456342.0,10.1111/jgs.70266,Efficacy of a Multicomponent Intervention for Frailty or Physical Function in Prefrail or Frail Older Adults: FRAILMERIT Multicenter Clinical Trial.,exercise_plus_nutrition
PMC12968357,1,TABLE 1,adl_iadl,yes,97,TABLE 1. Baseline characteristics of participants.. TABLE 1 Baseline characteristics of participants. n Total sample Completed ( n = 134) Not completed ( n = 103) Control ( n = 105) Intervention ( n = 132) Age 237 78.1 (5.2) 77.8 (5.1) 78.5 (5.4) 79.3 (5.2) † 77.1 (5.0) † Sex Female 237 162 (68.4) 99 (73.9) * 63 (61.2) * 70 (66.7) 92 (69.7) Male 75 (31.6) 35 (26.1) * 40 (38.8) * 35 (33.3) 40 (30.3) BMI 237 29.7 (12.6) 29.3 (4.9) 30.2 (18.3) 28.1 (4.9) 30.9 (16.3) Charlson index 237 1.3 (1.5) 1.0 (1.3) † 1.6 (1.7) † 1.5 (0.1) 1.4 (0.1) Number drugs 237 7.6 (3.9) 7.4 (4.1) 7.9 (3.7) 7.7 (4.3) 7.5 (3.5) Barthel index 237 97 (4) 97 (4) 97 (4) 98 (4) * 96 (4) * Lawton index 237 7.4 (1.1) 7.6 (0.9) 7.2 (1.4) 7.4 (0.9) 7.4 (1.3) FAC = 5 235 199 (84.7) 89 (86.4) 110 (83.3) SPPB 237 7.9 (2.3) 8.1 (2.2) 7.7 (2.5) 7.9 (2.2) 8.0 (2.4) MNA‐SF 237 12.6 (1.7) 12.7 (1.8) 12.5 (1.7) 12.6 (1.6) 12.6 (1.8) Frailty phenotype: Frail 237 61 (25.7) 32 (23.9) 29 (28.2) 26 (24.8) 35 (26.5) Number frailty criteria 237 1.7 (1.2) 1.7 (1.3) 1.8 (1.2) 1.6 (1.2) 1.8 (1.3) Gait speed (m/s) 237 0.68 (0.19) 0.68 (0.19) 0.68 (0.19) 0.66 (0.18) 0.70 (0.19) Gait speed < 0.8 m/s 237 200 (84.4) 119 (88.8) * 81 (78.6) * 89 (84.8) 111 (84.1) Note : All data are means (standard deviation) or number of participants (percentage). Abbreviations: BMI: body mass index; FAC: functional ambulation category of holden; MNA‐SF: Mini‐Nutritional Assessment Short Form; SPPB: short physical performance battery. * p < 0.05. † p < 0.01.,candidate_table_found,Requires author extraction of arm-level n/mean/SD or events/denominators.,41456342.0,10.1111/jgs.70266,Efficacy of a Multicomponent Intervention for Frailty or Physical Function in Prefrail or Frail Older Adults: FRAILMERIT Multicenter Clinical Trial.,exercise_plus_nutrition
PMC13008612,2,Table 2.,quality_of_life,yes,139,".85 23.99 ± 2.93 24.17 ± 2.70 0.849 Calf circumference (cm) 30.51 ± 2.38 30.80 ± 2.46 29.66 ± 1.94 0.137 Arm circumference (cm) 24.54 ± 2.51 24.59 ± 2.56 24.41 ± 2.41 0.871 Physiological Health HbA1c (%) 6.17 ± 1.02 6.02 ± 0.92 6.59 ± 1.23 0.096 Glucose (mg/dL) 148.65 ± 49.24 153.11 ± 44.95 135.50 ± 59.65 0.192 Total cholesterol (mg/dL) 178.30 ± 39.55 175.23 ± 38.19 187.33 ± 43.17 0.265 HDL cholesterol (mg/dL) 50.69 ± 12.40 50.13 ± 11.46 52.33 ± 15.08 0.519 Triglycerides (mg/dL) 147.97 ± 77.34 148.51 ± 77.64 146.39 ± 78.67 0.921 SBP (mmHg) 136.61 ± 14.97 135.72 ± 15.47 139.22 ± 13.43 0.395 DBP (mmHg) 75.07 ± 10.16 75.04 ± 10.65 75.17 ± 8.82 0.963 Emotional health Loneliness 17.04 ± 6.77 16.21 ± 5.96 19.10 ± 8.32 0.103 Resilience 53.03 ± 10.41 55.13 ± 10.22 50.94 ± 11.68 0.084 Depression 5.94 ± 1.71 5.45 ± 1.29 6.44 ± 2.17 0.082 Social support 47.30 ± 8.28 47.72 ± 7.74 46.89 ± 8.68 0.705 Quality of life 8.19 ± 3.02 7.83 ± 2.67 8.56 ± 4.06 0.390 KOHIP-14 32.32 ± 11.88 32.32 ± 11.55 32.50 ± 13.02 0.922 DHI 7.75 ± 10.48 6.91 ± 9.84 8.00 ± 7.82 0.670 MNA 23.65 ± 3.29 23.97 ± 3.34 23.33 ± 2.68 0.465 NQ-E 49.38 ± 6.12 49.23 ± 6.34 49.61 ± 5.54 0.819 n (%) or Mean ± SD. BMI, body mass index; HbA1c, hemoglobin A1c; HDL, high-density lipoprotein; SBP, systolic blood pressure; DBP, diastolic blood pressure; KOHIP-14, Korea Oral Health Impact Profile-14; DHI, Dysphagia Handicap Index; MNA, Mini Nutrition Assessment; NQ-E, Nutrition Quotient-Elderly. 1) P -values from t-test and Chi-square tests.",candidate_table_found,Requires author extraction of arm-level n/mean/SD or events/denominators.,41821346.0,10.5720/kjcn.2025.00353,"Effects of senior-friendly foods on health, nutritional status, and dietary intake among rural elderly women in Korea: a quasi-experimental study.",nutrition_only
PMC13008612,3,Table 3.,frailty_status_or_score,yes,126,"hanges in physical health among participants (n = 71) Physical health Pre-int. Post-int. 2 Months after-int. Within-subject effects Time Group Group × time Weight (kg) 0.614 2.764 0.535 Int. 53.61 ± 8.36 52.82 ± 8.15 52.74 ± 8.69 Con. 52.39 ± 9.69 51.44 ± 9.68 51.28 ± 8.94 BMI (kg/m 2 ) 0.674 0.834 0.686 Int. 23.99 ± 2.93 23.67 ± 2.85 23.57 ± 2.67 Con. 24.17 ± 2.70 23.78 ± 2.57 23.81 ± 2.66 Calf circumference (cm) 0.692 0.194 0.671 Int. 30.80 ± 2.46 31.19 ± 3.09 30.29 ± 3.04 Con. 29.66 ± 1.94 28.97 ± 2.10 29.04 ± 2.29 Arm circumference (cm) 0.687 0.744 0.534 Int. 24.59 ± 2.56 25.21 ± 2.72 25.64 ± 2.37 Con. 24.41 ± 2.41 22.82 ± 2.26 22.85 ± 2.20 Skeletal muscle mass 0.561 0.263 0.041 Int. 18.51 ± 2.55 18.63 ± 2.79 18.94 ± 3.14 Con. 17.62 ± 3.61 17.63 ± 1.93 16.79 ± 2.76 Body fat mass 0.172 0.522 0.071 Int. 18.43 ± 5.34 17.40 ± 5.35 17.00 ± 5.47 Con. 17.19 ± 5.57 16.36 ± 4.89 17.86 ± 5.02 Frailty score 0.113 0.172 0.884 Int. 9.08 ± 1.96 9.45 ± 1.70 9.00 ± 2.02 Con. 7.78 ± 1.93 8.44 ± 1.98 7.83 ± 1.69 Frailty Int. Normal 25 (47.2) 27 (50.9) 23 (43.4) Pre-frailty 28 (52.8) 26 (49.1) 30 (56.6) Frailty 0 (0.0) 0 (0.0) 0 (0.0) Con. Normal 5 (27.8) 4 (22.2) 3 (16.7) Pre-frailty 13 (72.2) 14 (77.8) 15 (83.3) Frailty 0 (0.0) 0 (0.0) 0 (0.0) Mean ± SD or n (%). The P -value for physical health was calculated using repeated-measures ANOVA. Int., intervention; Con., control; BMI, body mass index.",candidate_table_found,Requires author extraction of arm-level n/mean/SD or events/denominators.,41821346.0,10.5720/kjcn.2025.00353,"Effects of senior-friendly foods on health, nutritional status, and dietary intake among rural elderly women in Korea: a quasi-experimental study.",nutrition_only
PMC13008612,5,Table 5.,quality_of_life,yes,97," Changes in emotional health among participants (n = 71). Table 5. Changes in emotional health among participants (n = 71) Emotional health Pre-int. Post-int. 2 Months after-int. Within-subject effects Time Group Group × time Loneliness 0.933 0.01 0.933 Int. 16.21 ± 5.96 16.38 ± 6.91 16.06 ± 6.66 Con. 19.10 ± 8.32 20.33 ± 12.07 20.56 ± 10.16 Resilience 0.009 0.045 0.485 Int. 55.13 ± 10.22 56.28 ± 7.06 52.49 ± 11.14 Con. 50.94 ± 11.68 55.44 ± 9.72 47.50 ± 17.25 Depression 0.399 0.012 0.545 Int. 5.45 ± 1.29 5.25 ± 1.02 5.57 ± 1.73 Normal 8 (15.1) 11 (20.7) 10 (18.9) Mild 44 (83.0) 42 (79.3) 43 (81.1) Severe 1 (1.9) 0 (0.0) 0 (0.0) Con. 6.44 ± 2.18 5.89 ± 1.68 5.94 ± 1.89 Normal 2 (10.0) 2 (15.0) 2 (10.0) Mild 14 (80.0) 15 (80.0) 15 (85.0) Severe 2 (10.0) 1 (5.0) 1 (5.0) Social support 0.062 0.728 0.398 Int. 47.72 ± 7.74 48.59 ± 5.47 47.23 ± 7.02 Con. 46.89 ± 8.68 50.06 ± 9.13 45.17 ± 9.73 Quality of life 0.048 0.025 0.63 Int. 7.83 ± 2.67 8.00 ± 2.67 6.87 ± 1.79 Con. 8.56 ± 4.06 9.28 ± 3.25 8.44 ± 2.89 Mean ± SD or n (%). The P -value for emotional health was calculated using repeated-measures ANOVA. Int., intervention; Con., control.",candidate_table_found,Requires author extraction of arm-level n/mean/SD or events/denominators.,41821346.0,10.5720/kjcn.2025.00353,"Effects of senior-friendly foods on health, nutritional status, and dietary intake among rural elderly women in Korea: a quasi-experimental study.",nutrition_only
PMC13064644,1,Table 1,sppb,yes,52,"Table 1. Baseline characteristics of cases with complete primary outcome (SPPB) data at 6 months a. Table 1 Baseline characteristics of cases with complete primary outcome (SPPB) data at 6 months a Characteristic or Score Intervention Group ( n = 85) Control Group ( n = 85) Characteristic Age, y, mean (SD) 82.5 (5.8) 82.7 (6.7) Sex, men 39 (46) 47 (55) Level of education b Primary 41 (48) 31 (36) Secondary 22 (26) 23 (27) Higher 22 (26) 30 (35) Living together 43 (51) 36 (42) Length of stay, d, median (IQR) 6 (4-9) 8 (5-11) c LVEF, %, mean (SD) 36.8 (12.4) 37.3 (14.1) Charlson Comorbidity Index, median (IQR) 2 (1-4) 2 (1-4) MMSE, mean (SD) 25.5 (3.4) 25.1 (3.4) Fear of falling, median (IQR) d 2 (0-6) 2 (0-6) Baseline score for physical functioning SPPB n = 66, 19 missing n = 65, 20 missing Mean (SD) 4.1 (3.2) 5.1 (3.1) 0-4: severe 35 (53) 29 (45) 5 or 6: moderate 13 (20) 17 (26) 7 or 8: mild 11 (17) 12 (19) 9-12: no limitation 7 (11) 7 (11) Steps n = 51, 34 missin",candidate_table_found,Requires author extraction of arm-level n/mean/SD or events/denominators.,41786620.0,10.1093/ptj/pzag020,Effects of home-based cardiac rehabilitation integrated in the cardiac care bridge transitional care program on the physical functioning of older patients who are frail: secondary analysis of a randomized trial.,digital_home_unclear_intervention
PMC13064644,1,Table 1,grip_strength,yes,66,"f cases with complete primary outcome (SPPB) data at 6 months a Characteristic or Score Intervention Group ( n = 85) Control Group ( n = 85) Characteristic Age, y, mean (SD) 82.5 (5.8) 82.7 (6.7) Sex, men 39 (46) 47 (55) Level of education b Primary 41 (48) 31 (36) Secondary 22 (26) 23 (27) Higher 22 (26) 30 (35) Living together 43 (51) 36 (42) Length of stay, d, median (IQR) 6 (4-9) 8 (5-11) c LVEF, %, mean (SD) 36.8 (12.4) 37.3 (14.1) Charlson Comorbidity Index, median (IQR) 2 (1-4) 2 (1-4) MMSE, mean (SD) 25.5 (3.4) 25.1 (3.4) Fear of falling, median (IQR) d 2 (0-6) 2 (0-6) Baseline score for physical functioning SPPB n = 66, 19 missing n = 65, 20 missing Mean (SD) 4.1 (3.2) 5.1 (3.1) 0-4: severe 35 (53) 29 (45) 5 or 6: moderate 13 (20) 17 (26) 7 or 8: mild 11 (17) 12 (19) 9-12: no limitation 7 (11) 7 (11) Steps n = 51, 34 missing n = 49, 36 missing Median (IQR) 29 (13-44) 34 (20-55) Grip strength, mean (SD) Men 28.1 (10.1) 28.3 (7.7) Women 17.8 (5.4) 19.1 (14.4) ALDS score, median (IQR) 77 (60-89) 78 (69-89) a Data are reported as numbers (percentages) of participants unless otherwise indicated. Measurements were performed <72 h after hospital admission, except for the Short Physical Performance Battery (SPPB), 2-min step test, and grip strength test, which were mainly conducted shortly before discharge. At baseline, 19 intervention group and 20 control group participants were unable or unwilling to rise from bed, in which case the SPPB was not feasible; in addition, 34 and 36 participants in the respective groups declined to perform the 2-min step test, citing concerns regarding its physical demands. These participants were discharged from the hospital before a revisit could take place. Abbreviations: ALDS = Amsterdam Linear Disability Scale; IQR = interquartile range; LVEF = l",candidate_table_found,Requires author extraction of arm-level n/mean/SD or events/denominators.,41786620.0,10.1093/ptj/pzag020,Effects of home-based cardiac rehabilitation integrated in the cardiac care bridge transitional care program on the physical functioning of older patients who are frail: secondary analysis of a randomized trial.,digital_home_unclear_intervention
PMC13064644,2,Table 2,sppb,yes,53,"Table 2. Primary and secondary outcomes at baseline and at 6 months in cases with complete data a. Table 2 Primary and secondary outcomes at baseline and at 6 months in cases with complete data a Outcome, No. (%) of Participants Baseline 6-mo Follow-up Mean Difference: Adjusted Unadjusted Adjusted Primary: SPPB score b Intervention, 66 (78) 4.1 (3.2) 6.1 (3.2) 6.3 (5.7 to 6.8) 0.8 (0.0 to 1.6) c Control, 65 (76) 5.1 (3.1) 6.1 (2.6) 5.5 (4.9 to 6.0) Secondary 2-min step test Intervention, 51 (60) 33.2 (27.8) 42.0 (29.9) 44.2 (36.9 to 51.5) 3.9 (−6.7 to 14.5) Control, 49 (58) 37.7 (25.7) 45.9 (29.5) 40.3 (32.6 to 47.9) Handgrip strength, kg, in men Intervention, 39 (100) 28.1 (10.1) 25.4 (10.4) 25.6 (23.5 to 27.7) −0.8 (−3.7 to 2.0) Control, 46 (98) 28.3 (7.7) 27.0 (8.3) 26.4 (24.2 to 28.3) Handgrip strength, kg, in women Intervention, 45 (98) 17.8 (5.4) 15.2 (6.1) 14.6 (12.8 to16.4) 0.9 (−1.8 to 3.5) Control, 35 (92) 19.1 (14.4) 14.0 (5.0) 13.8 (11.8 to 15.6) ALDS Intervention, 85 (100) 71.3 (18.0) 70.9 (17.7) 72.4 (69.4 to 75.4) −1.8 (−6.1 to 2.5) Control, 85 (100) 76.1 (12.6) 75.8 (16.8) 74.2 (71.2 to 77.2) a Numbers and percentages of participants were based on 85 intervention group and 85 c",candidate_table_found,Requires author extraction of arm-level n/mean/SD or events/denominators.,41786620.0,10.1093/ptj/pzag020,Effects of home-based cardiac rehabilitation integrated in the cardiac care bridge transitional care program on the physical functioning of older patients who are frail: secondary analysis of a randomized trial.,digital_home_unclear_intervention
PMC13064644,2,Table 2,grip_strength,yes,54,"Table 2. Primary and secondary outcomes at baseline and at 6 months in cases with complete data a. Table 2 Primary and secondary outcomes at baseline and at 6 months in cases with complete data a Outcome, No. (%) of Participants Baseline 6-mo Follow-up Mean Difference: Adjusted Unadjusted Adjusted Primary: SPPB score b Intervention, 66 (78) 4.1 (3.2) 6.1 (3.2) 6.3 (5.7 to 6.8) 0.8 (0.0 to 1.6) c Control, 65 (76) 5.1 (3.1) 6.1 (2.6) 5.5 (4.9 to 6.0) Secondary 2-min step test Intervention, 51 (60) 33.2 (27.8) 42.0 (29.9) 44.2 (36.9 to 51.5) 3.9 (−6.7 to 14.5) Control, 49 (58) 37.7 (25.7) 45.9 (29.5) 40.3 (32.6 to 47.9) Handgrip strength, kg, in men Intervention, 39 (100) 28.1 (10.1) 25.4 (10.4) 25.6 (23.5 to 27.7) −0.8 (−3.7 to 2.0) Control, 46 (98) 28.3 (7.7) 27.0 (8.3) 26.4 (24.2 to 28.3) Handgrip strength, kg, in women Intervention, 45 (98) 17.8 (5.4) 15.2 (6.1) 14.6 (12.8 to16.4) 0.9 (−1.8 to 3.5) Control, 35 (92) 19.1 (14.4) 14.0 (5.0) 13.8 (11.8 to 15.6) ALDS Intervention, 85 (100) 71.3 (18.0) 70.9 (17.7) 72.4 (69.4 to 75.4) −1.8 (−6.1 to 2.5) Control, 85 (100) 76.1 (12.6) 75.8 (16.8) 74.2 (71.2 to 77.2) a Numbers and percentages of participants were based on 85 intervention group and 85 control group participants with complete Short Physical Performance Battery (SPPB) follow-up data. Unadjusted outcome scores are presented as means (SDs); adjusted (for baseline, age, and sex) scores are presented as least squares means (95% CIs). The effect sizes for the outcomes are shown as between-group differences i",candidate_table_found,Requires author extraction of arm-level n/mean/SD or events/denominators.,41786620.0,10.1093/ptj/pzag020,Effects of home-based cardiac rehabilitation integrated in the cardiac care bridge transitional care program on the physical functioning of older patients who are frail: secondary analysis of a randomized trial.,digital_home_unclear_intervention
PMC3490887,1,Table 1,frailty_status_or_score,no,13,"Table 1. The modified Cardiovascular Health Study_ Phenotypic Classification of Frailty (CHS_PCF) criteria. Table 1 The modified Cardiovascular Health Study_ Phenotypic Classification of Frailty (CHS_PCF) criteria Characteristics Definition Weight loss Unintentional weight loss of more than 3 kg, or greater than 5% of body weight of the previous year Exhaustion Based on the Center for Epidemiologic Studies Depression Scale (CES-D). Self-report of either of: “I felt that everything I did was an effort” and “I could not get going.” were at least occasionally or more frequent Low activity level Based on the Taiwan International Physical Activity Questionnaire Short Form (IPAQ-SF). Weekly energy expenditure for activities ≧ 2 metabolic equivalent tasks (METs) of fewer than 383 kcal for men and 270 kcal for women Slowness Five-meter walking time, by gender and height: Men: time ≧7 s for height ≦ 173 cm or time ≧ 6 s for height > 173 cm Women: time ≧ 7 s for height ≦ 159 cm or t",candidate_table_found,Requires author extraction of arm-level n/mean/SD or events/denominators.,23009149.0,10.1186/1471-2318-12-58,A pilot randomized controlled trial to improve geriatric frailty.,nutrition_only
PMC3490887,1,Table 1,grip_strength,no,47,"ed Cardiovascular Health Study_ Phenotypic Classification of Frailty (CHS_PCF) criteria Characteristics Definition Weight loss Unintentional weight loss of more than 3 kg, or greater than 5% of body weight of the previous year Exhaustion Based on the Center for Epidemiologic Studies Depression Scale (CES-D). Self-report of either of: “I felt that everything I did was an effort” and “I could not get going.” were at least occasionally or more frequent Low activity level Based on the Taiwan International Physical Activity Questionnaire Short Form (IPAQ-SF). Weekly energy expenditure for activities ≧ 2 metabolic equivalent tasks (METs) of fewer than 383 kcal for men and 270 kcal for women Slowness Five-meter walking time, by gender and height: Men: time ≧7 s for height ≦ 173 cm or time ≧ 6 s for height > 173 cm Women: time ≧ 7 s for height ≦ 159 cm or time ≧ 6 s for height > 159 cm Weakness Grip strength (kg), 3 measurements of the dominant hand from a dynamometer (North Coast Medical Precision Instrument, NC70142), stratified by gender and body mass index (BMI) quartiles: Men: ≦ 29 kg for BMI ≦ 24 kg/m 2 , ≦30 kg for BMI 24.1-26 kg/m 2 , ≦30 kg for BMI 26.1-28 kg/m 2 , ≦32 kg for BMI > 28 kg/m 2 Women: ≦ 17 kg for BMI ≦ 23 kg/m 2 , ≦ 17.3 kg for BMI 23.1-26 kg/m 2 , ≦18 kg for BMI 26.1-29 kg/m 2 , ≦21 kg for BMI > 29 kg/m 2 Overall frailty status Robust: 0 indicator was present. Pre-frail: 1 or 2 indicators were present. Frail: ≧ 3 indicators were present",candidate_table_found,Requires author extraction of arm-level n/mean/SD or events/denominators.,23009149.0,10.1186/1471-2318-12-58,A pilot randomized controlled trial to improve geriatric frailty.,nutrition_only
PMC3490887,2,Table 2,frailty_status_or_score,no,88,"Table 2. Baseline Characteristics of the Participants, Total Patient Number = 117. Table 2 Baseline Characteristics of the Participants, Total Patient Number = 117 Characteristics EN (N = 55) Non-EN (N = 62) P-value ‡ PST (N = 57) Non-PST (N = 60) P-value ‡ n (%) mean ± sd † n (%) mean ± sd † n (%) mean ± sd † n (%) mean ± sd † Frailty-Related Characteristics CCSHA_CFS TV well, with treated co-morbid diseases (3) 24 (44) 23 (37 ) 0.719 24 (42) 23 (38) 0.755 apparently vulnerable (4) 25 (45) 30 (48) 27 (47) 28 (7) mildly frail (5) + moderately frail (6) 6 (11) 9 (15) 6 (11) 9 (15) CHS_PCF categorization pre-frail (1–2) 46 (84) 56 (90) 0.280 48 (84) 54 (90) 0.349 frail (3–5) 9 (16) 6 (10) 9 (16 ) 6 (10 ) CHS_PCF characteristics Weight loss (yes) 18 (33) 12 (19) 0.098 12 (21 ) 18 (3) 0.268 Exhaustion (yes) 25 (45 ) 23 (37) 0.359 22 (39) 26(43) 0.603 Low activity level (yes) 3 (5) 6 (10) 0.498 5(9) 4(7) 0.739 Slowness (yes) 10(18) 12(9) 0.871 15 (26) 7 (12) 0.043 Weakness (yes) 33 (60) 50 (81) 0.014 42 (74) 41 (68) 0.524 Demographics Age (y/o) 70.9 ± 3.7 71.9 ± 3.7 0.158 71.5 ±3.7 71.3 ± 3.9 0.673 Female sex 33(60) 36(58) 0.832 33(58) 36 (60) 0.817 Health-Related Characteristics Number of chronic conditions § (N = 114) 4.",candidate_table_found,Requires author extraction of arm-level n/mean/SD or events/denominators.,23009149.0,10.1186/1471-2318-12-58,A pilot randomized controlled trial to improve geriatric frailty.,nutrition_only
PMC3490887,2,Table 2,adl_iadl,no,204,"7) 28 (7) mildly frail (5) + moderately frail (6) 6 (11) 9 (15) 6 (11) 9 (15) CHS_PCF categorization pre-frail (1–2) 46 (84) 56 (90) 0.280 48 (84) 54 (90) 0.349 frail (3–5) 9 (16) 6 (10) 9 (16 ) 6 (10 ) CHS_PCF characteristics Weight loss (yes) 18 (33) 12 (19) 0.098 12 (21 ) 18 (3) 0.268 Exhaustion (yes) 25 (45 ) 23 (37) 0.359 22 (39) 26(43) 0.603 Low activity level (yes) 3 (5) 6 (10) 0.498 5(9) 4(7) 0.739 Slowness (yes) 10(18) 12(9) 0.871 15 (26) 7 (12) 0.043 Weakness (yes) 33 (60) 50 (81) 0.014 42 (74) 41 (68) 0.524 Demographics Age (y/o) 70.9 ± 3.7 71.9 ± 3.7 0.158 71.5 ±3.7 71.3 ± 3.9 0.673 Female sex 33(60) 36(58) 0.832 33(58) 36 (60) 0.817 Health-Related Characteristics Number of chronic conditions § (N = 114) 4.0 ± 2.1 3.1 ± 2.2 0.022 3.8 ± 2.4 3.2 ± 1.9 0.184 MMSE 24.8 ± 3.9 24.1 ± 3.9 0.358 24.7 ± 3.8 24.2 ± 4.0 0.552 PRIME-MD 2.1 ± 3.2 2.8 ± 3.5 0.229 2.7 ± 3.3 2.3 ± 3.4 0.469 Barthel Index 98.8 ± 3.7 97.9 ± 5.4 0.284 98.2 ± 5.4 98.4 ± 4.0 0.846 EQ-5D 0.94 ± 0.08 0.94 ± 0.08 0.969 0.95 ± 0.08 0.93 ± 0.08 0.246 Healthcare-resource utilization 1.5 ± 1.7 1.7 ± 2.2 0.517 1.6 ± 1.7 1.7 ± 2.2 0.846 Body Composition, and Musculoskeletal System Characteristics BMI (kg/m 2 ) 25.0 ± 3.3 25.8 ± 3.9 0.229 25.0 ± 3.8 25.8 ± 3.5 0.251 FFM (kg) 42.3 ± 7.0 43.6 ± 7. 9 0.345 42.2 ± 7.3 43.7 ± 7.6 0.275 Compres sion Fracture form Spine XRAY 53 (96) 58 (94) 0.683 54 (95) 57 (95) 1.000 BMD (T-score) ∥ (N = 115) > −1 13 (25) 10(16) 0.262 13 (23) 10(17) 0.401 ≦ −1 40 (75) 52 (84) 43 (77) 49 (83) Left one leg stand time (sec) (N = 111) 5.7 ± 6.9 5.8 ± 5.9 0.949 5.3 ± 6.7 6.2 ± 6.0 0.483 Dominant leg extension power (kg) 26.3 ± 5.1 25.2 ± 6.8 0.295 23.9 ± 6.5 27.4 ± 5.1 0.002 Blood Examination 25(OH) Vitamin D (ng/mL) (N = 109) 17.8 ± 5.3 17.2 ± 6.2 0.558 17.9 ± 5.5 17.2 ± 6.0 0.514 †:Categ",candidate_table_found,Requires author extraction of arm-level n/mean/SD or events/denominators.,23009149.0,10.1186/1471-2318-12-58,A pilot randomized controlled trial to improve geriatric frailty.,nutrition_only
PMC3490887,2,Table 2,quality_of_life,no,197," 9 (15) CHS_PCF categorization pre-frail (1–2) 46 (84) 56 (90) 0.280 48 (84) 54 (90) 0.349 frail (3–5) 9 (16) 6 (10) 9 (16 ) 6 (10 ) CHS_PCF characteristics Weight loss (yes) 18 (33) 12 (19) 0.098 12 (21 ) 18 (3) 0.268 Exhaustion (yes) 25 (45 ) 23 (37) 0.359 22 (39) 26(43) 0.603 Low activity level (yes) 3 (5) 6 (10) 0.498 5(9) 4(7) 0.739 Slowness (yes) 10(18) 12(9) 0.871 15 (26) 7 (12) 0.043 Weakness (yes) 33 (60) 50 (81) 0.014 42 (74) 41 (68) 0.524 Demographics Age (y/o) 70.9 ± 3.7 71.9 ± 3.7 0.158 71.5 ±3.7 71.3 ± 3.9 0.673 Female sex 33(60) 36(58) 0.832 33(58) 36 (60) 0.817 Health-Related Characteristics Number of chronic conditions § (N = 114) 4.0 ± 2.1 3.1 ± 2.2 0.022 3.8 ± 2.4 3.2 ± 1.9 0.184 MMSE 24.8 ± 3.9 24.1 ± 3.9 0.358 24.7 ± 3.8 24.2 ± 4.0 0.552 PRIME-MD 2.1 ± 3.2 2.8 ± 3.5 0.229 2.7 ± 3.3 2.3 ± 3.4 0.469 Barthel Index 98.8 ± 3.7 97.9 ± 5.4 0.284 98.2 ± 5.4 98.4 ± 4.0 0.846 EQ-5D 0.94 ± 0.08 0.94 ± 0.08 0.969 0.95 ± 0.08 0.93 ± 0.08 0.246 Healthcare-resource utilization 1.5 ± 1.7 1.7 ± 2.2 0.517 1.6 ± 1.7 1.7 ± 2.2 0.846 Body Composition, and Musculoskeletal System Characteristics BMI (kg/m 2 ) 25.0 ± 3.3 25.8 ± 3.9 0.229 25.0 ± 3.8 25.8 ± 3.5 0.251 FFM (kg) 42.3 ± 7.0 43.6 ± 7. 9 0.345 42.2 ± 7.3 43.7 ± 7.6 0.275 Compres sion Fracture form Spine XRAY 53 (96) 58 (94) 0.683 54 (95) 57 (95) 1.000 BMD (T-score) ∥ (N = 115) > −1 13 (25) 10(16) 0.262 13 (23) 10(17) 0.401 ≦ −1 40 (75) 52 (84) 43 (77) 49 (83) Left one leg stand time (sec) (N = 111) 5.7 ± 6.9 5.8 ± 5.9 0.949 5.3 ± 6.7 6.2 ± 6.0 0.483 Dominant leg extension power (kg) 26.3 ± 5.1 25.2 ± 6.8 0.295 23.9 ± 6.5 27.4 ± 5.1 0.002 Blood Examination 25(OH) Vitamin D (ng/mL) (N = 109) 17.8 ± 5.3 17.2 ± 6.2 0.558 17.9 ± 5.5 17.2 ± 6.0 0.514 †:Categorical data:n (%);Continuous variables:mean ± sd. ‡:Categorical data",candidate_table_found,Requires author extraction of arm-level n/mean/SD or events/denominators.,23009149.0,10.1186/1471-2318-12-58,A pilot randomized controlled trial to improve geriatric frailty.,nutrition_only
PMC3490887,3,Table 3,frailty_status_or_score,no,63,"Table 3. Transitions among frailty states at different time points. Table 3 Transitions among frailty states at different time points Baseline to 3 months 3 to 6 months 6 to 12 months Transition No. Rate,% No. Rate,% No. Rate,% Robust to - - N = 36 N = 34 Robust - - 22 61.1 25 73.5 Pre-frail - - 13 36.1 9 26.5 Frail - - 1 2.8 0 0.0 Pre-frail to N = 102 N = 72 N = 69 Robust 33 32.4 12 16.7 10 14.5 Pre-frail 66 64.7 54 75.0 58 84.1 Frail 3 2.9 6 8.3 1 1.4 Frail to N = 15 N = 9 N = 14 Robust 3 20.0 0 0.0 0 0.0 Pre-frail 6 40.0 2 22.2 3 21.4 Frail 6 40.0 7 77.8 11 78.6",candidate_table_found,Requires author extraction of arm-level n/mean/SD or events/denominators.,23009149.0,10.1186/1471-2318-12-58,A pilot randomized controlled trial to improve geriatric frailty.,nutrition_only
PMC3490887,4,Table 4,frailty_status_or_score,no,92,"Table 4. Follow-up analysis (Intent to treat), Total Patient Number = 117. Table 4 Follow-up analysis (Intent to treat), Total Patient Number = 117 Characteristics EN (N = 55) Non-EN (N = 62) p-value ‡ PST (N = 57) Non-PST (N = 60) p-value ‡ n (%).mean ± sd† n (%) mean ± sd† n (%)mean ± sd† n (%) mean ± sd† Frailty-related Characteristics Improvement of CHS_PCF characteristics § Weight loss (yes) Improvement at 3-month 9 (16) 6 (10) 0.277 7 (12) 8 (13) 0.838 Improvement at 6-month 8 (15) 8 (13) 0.761 6 (11) 10 (17) 0.329 Improvement at 12-month 11 (20) 9 (15) 0.400 8 (14) 12 (20) 0.372 Exhaustion (yes) Improvement at 3-month 16 (29) 17 (27) 0.824 16 (28) 17(28) 0.968 Improvement at 6-month 17 (31) 18(29) 0.806 16 (28) 19 (42) 0.666 Improvement at 12-month 19 (35) 20 (32) 0.769 16 (28) 23 (38) 0.328 Low activity level (yes) Improvement at 3-month 2(4) 4 (6) 0.495 3(5) 3(5) 0.926 Improvement at 6-month 2 (4) 4 (6) 0.495 3 (5) 3 (5) 0.926 Improvement at 12-month 2(4) 4 (6) 0.495 3(5) 3 (5) 0.926 Slowness (yes) Improvement at 3-month 6 (11) 2 (3) 0.126 5 (9) 3 (5) 0.423 Improvement at 6-month 4 (7) 3 (5) 0.585 6 (11) 1 (2) 0.085 Improvement at 12-month 6 (11) 3 (5) 0.232 7 (12) 2 (3) 0.090 Weakness (y",candidate_table_found,Requires author extraction of arm-level n/mean/SD or events/denominators.,23009149.0,10.1186/1471-2318-12-58,A pilot randomized controlled trial to improve geriatric frailty.,nutrition_only
PMC3490887,4,Table 4,adl_iadl,no,208,"vement at 6-month 2 (4) 4 (6) 0.495 3 (5) 3 (5) 0.926 Improvement at 12-month 2(4) 4 (6) 0.495 3(5) 3 (5) 0.926 Slowness (yes) Improvement at 3-month 6 (11) 2 (3) 0.126 5 (9) 3 (5) 0.423 Improvement at 6-month 4 (7) 3 (5) 0.585 6 (11) 1 (2) 0.085 Improvement at 12-month 6 (11) 3 (5) 0.232 7 (12) 2 (3) 0.090 Weakness (yes) Improvement at 3-month 11 (20) 17 (27) 0.346 17 (30) 11 (18) 0.135 Improvement at 6-month 9 (16) 16 (26) 0.218 9 (16) 16 (27) 0.170 Improvement at 12-month 7 (13) 17 (27) 0.055 12 (21) 12 (20) 0.837 Health-Related Characteristics MMSE Change at 12-month −0.15 ± 2.53 0.06 ± 2.52 0.658 −0.05 ± 2.35 −0.02 ± 2.69 0.954 PRIME-MD Change at 3-month −0.96 ± 2.92 −1.29 ± 4.50** 0.631 −1.32 ± 3.64* −0.97 ± 4.03 0.603 Change at 6-month −0.05 ± 2.84 −0.65 ± 4.03 0.356 −0.42 ± 2.96 −0.32 ± 4.00 0.846 Change at 12-month −0.16 ± 3.17 −0.77 ± 3.65 0.327 −0.77 ± 3.27 −0.22 ± 3.58 0.365 Barthel Index Change at 3-month 1.09 ± 3.81* 1.53 ± 4.11** 0.520 1.05 ± 3.98* 1.58 ± 3.96** 0.458 Change at 6-month 0.36 ± 2.33 0.73 ± 4.78 0.597 0.88 ± 4.13 0.25 ± 3.50 0.354 Change at 12-month 0.55 ± 2.99 0.89 ± 3.68 0.617 0.88 ± 3.29 0.58 ± 3.46 0.655 EQ-5D Change at 3-month 0.02 ± 0.08 0.03 ± 0.08* 0.632 0.01 ± 0.09 0.03 ± 0.08** 0.162 Change at 6-month −0.004 ± 0.12 0.004 ± 0.12 0.738 0.0001 ± 0.09 0.001 ± 0.14 0.980 Change at 12-month 0.01 ± 0.09 0.02 ± 0.10 0.455 0.01 ± 0.07 0.02 ± 0.11 0.534 Healthcare-resource utilization Change at 3-month 0.04 ± 1.36 −0.35 ± 2.70 0.353 −0.07 ± 1.67 −0.27 ± 2.58 0.650 Change at 6-month 0.60 ± 1.81 0.03 ± 2.55 0.186 0.42 ± 1.74 0.18 ± 2.65 0.589 Change at 12-month 0.05 ± 1.8 0.03 ± 2.44 0.984 0.39 ± 2.05 −0.28 ± 2.25 0.104 Body Composition, and Musculoskeletal System Characteristics BMI (kg/m 2 ) Change at 12-month −0.31 ± 1.19* −0.18 ± 1.05 0.572 −0.36",candidate_table_found,Requires author extraction of arm-level n/mean/SD or events/denominators.,23009149.0,10.1186/1471-2318-12-58,A pilot randomized controlled trial to improve geriatric frailty.,nutrition_only
PMC3490887,4,Table 4,quality_of_life,no,204,"ent at 12-month 6 (11) 3 (5) 0.232 7 (12) 2 (3) 0.090 Weakness (yes) Improvement at 3-month 11 (20) 17 (27) 0.346 17 (30) 11 (18) 0.135 Improvement at 6-month 9 (16) 16 (26) 0.218 9 (16) 16 (27) 0.170 Improvement at 12-month 7 (13) 17 (27) 0.055 12 (21) 12 (20) 0.837 Health-Related Characteristics MMSE Change at 12-month −0.15 ± 2.53 0.06 ± 2.52 0.658 −0.05 ± 2.35 −0.02 ± 2.69 0.954 PRIME-MD Change at 3-month −0.96 ± 2.92 −1.29 ± 4.50** 0.631 −1.32 ± 3.64* −0.97 ± 4.03 0.603 Change at 6-month −0.05 ± 2.84 −0.65 ± 4.03 0.356 −0.42 ± 2.96 −0.32 ± 4.00 0.846 Change at 12-month −0.16 ± 3.17 −0.77 ± 3.65 0.327 −0.77 ± 3.27 −0.22 ± 3.58 0.365 Barthel Index Change at 3-month 1.09 ± 3.81* 1.53 ± 4.11** 0.520 1.05 ± 3.98* 1.58 ± 3.96** 0.458 Change at 6-month 0.36 ± 2.33 0.73 ± 4.78 0.597 0.88 ± 4.13 0.25 ± 3.50 0.354 Change at 12-month 0.55 ± 2.99 0.89 ± 3.68 0.617 0.88 ± 3.29 0.58 ± 3.46 0.655 EQ-5D Change at 3-month 0.02 ± 0.08 0.03 ± 0.08* 0.632 0.01 ± 0.09 0.03 ± 0.08** 0.162 Change at 6-month −0.004 ± 0.12 0.004 ± 0.12 0.738 0.0001 ± 0.09 0.001 ± 0.14 0.980 Change at 12-month 0.01 ± 0.09 0.02 ± 0.10 0.455 0.01 ± 0.07 0.02 ± 0.11 0.534 Healthcare-resource utilization Change at 3-month 0.04 ± 1.36 −0.35 ± 2.70 0.353 −0.07 ± 1.67 −0.27 ± 2.58 0.650 Change at 6-month 0.60 ± 1.81 0.03 ± 2.55 0.186 0.42 ± 1.74 0.18 ± 2.65 0.589 Change at 12-month 0.05 ± 1.8 0.03 ± 2.44 0.984 0.39 ± 2.05 −0.28 ± 2.25 0.104 Body Composition, and Musculoskeletal System Characteristics BMI (kg/m 2 ) Change at 12-month −0.31 ± 1.19* −0.18 ± 1.05 0.572 −0.36 ± 1.15* −0.13 ± 1.08 0.280 FFM (kg) Change at 12-month −0.46 ± 1.36* −0.62 ± 1.84** 0.587 −0.59 ± 1.30** −0.50 ± 1.90* 0.726 Compression Fracture form Spine X-ray 12-month 55(100) 58(94) 0.137 54 (95) 59(98) 0.518 BMD (T-score) ∥ (N = 115) 12-month > −",candidate_table_found,Requires author extraction of arm-level n/mean/SD or events/denominators.,23009149.0,10.1186/1471-2318-12-58,A pilot randomized controlled trial to improve geriatric frailty.,nutrition_only
PMC4511529,1,Table 1,falls,yes,32,Table 1. Baseline characteristics of women aged 75-85 who took part in two year balance training programme for prevention of fall induced injuries (intervention) or no such programme (control). Figures are means (SD) unless stated otherwise. Table 1 Baseline characteristics of women aged 75-85 who took part in two year balance training programme for prevention of fall induced injuries (intervention) or no such programme (control). Figures are means (SD) unless stated otherwise Control (n=354) Intervention (n=352) Age (years) 79.6 (2.8) 79.8 (2. 8) BMI (kg/m 2 ) 27.0 (4.6) 27.1 (4.6) No (%) who fell at least once in past year 159 (45) 137 (39) No (%) who used psychotropic drugs 140 (40) 149 (42) No (%) who lived alone 230 (65) 248 (71) No (%) who finished high school (baccalaureate) 131 (38) 151 (44) Visual acuity* 6.9 (2.2) 6.9 (2.1) Timed get up and go (s) 12.4 (3.1) 12.4 (2.7) Time to walk 6 m (s) 7.5 (1.7) 7.4 (1.7) No (%) unable to do four tandem steps 83 (24) 79 (22) Time for the five chair stands (s) 15.5 (4,candidate_table_found,Requires author extraction of arm-level n/mean/SD or events/denominators.,26201510.0,10.1136/bmj.h3830,Effectiveness of two year balance training programme on prevention of fall induced injuries in at risk women aged 75-85 living in community: Ossébo randomised controlled trial.,exercise_plus_nutrition
PMC4511529,1,Table 1,quality_of_life,yes,26,"for the five chair stands (s) 15.5 (4.6) 15.5 (4.4) Time spent walking for casual activities† (h/week) 3.1 (2.4) 2.8 (2.3) Median time (h/week) spent walking for exercise (IQR) 0.75 (0-3.3) 0 (0-3.4) Median time (h/week) spent doing physical leisure activities‡ (IQR) 1.5 (0-3.5) 1.0 (0-3.4) Fear of falling score§ 26.0 (7.0) 25.5 (7.1) Physical functioning score 57.5 (20.7) 59.4 (21.6) General health score¶ 54.7 (16.0) 57.0 (15.8) Psychological health score¶ 60.7 (18.2) 61.3 (18.1) Vitality score¶ 46.6 (16.1) 48.44 (16.3) IQR=interquartile range. *Measured at distance of 3 m with Snellen letter test chart (decimal scale). †Such as walking to general practitioner, pharmacy or store ‡Walking, swimming, dancing, gym classes, gardening, biking, and yoga. §Based on the fall efficacy scale (FES-I). Score range16-64; higher score corresponds to more important concern about falling. 21 ¶Based on SF-36 questionnaire. Score range 0-100; higher scores corresponds to less disability and better health. 17",candidate_table_found,Requires author extraction of arm-level n/mean/SD or events/denominators.,26201510.0,10.1136/bmj.h3830,Effectiveness of two year balance training programme on prevention of fall induced injuries in at risk women aged 75-85 living in community: Ossébo randomised controlled trial.,exercise_plus_nutrition
PMC4511529,1,Table 1,adverse_events,yes,32,Table 1. Baseline characteristics of women aged 75-85 who took part in two year balance training programme for prevention of fall induced injuries (intervention) or no such programme (control). Figures are means (SD) unless stated otherwise. Table 1 Baseline characteristics of women aged 75-85 who took part in two year balance training programme for prevention of fall induced injuries (intervention) or no such programme (control). Figures are means (SD) unless stated otherwise Control (n=354) Intervention (n=352) Age (years) 79.6 (2.8) 79.8 (2. 8) BMI (kg/m 2 ) 27.0 (4.6) 27.1 (4.6) No (%) who fell at least once in past year 159 (45) 137 (39) No (%) who used psychotropic drugs 140 (40) 149 (42) No (%) who lived alone 230 (65) 248 (71) No (%) who finished high school (baccalaureate) 131 (38) 151 (44) Visual acuity* 6.9 (2.2) 6.9 (2.1) Timed get up and go (s) 12.4 (3.1) 12.4 (2.7) Time to walk 6 m (s) 7.5 (1.7) 7.4 (1.7) No (%) unable to do four tandem steps 83 (24) 79 (22) Time for the five chair stands (s) 15.5 (4.6) 15.5 (4.4),candidate_table_found,Requires author extraction of arm-level n/mean/SD or events/denominators.,26201510.0,10.1136/bmj.h3830,Effectiveness of two year balance training programme on prevention of fall induced injuries in at risk women aged 75-85 living in community: Ossébo randomised controlled trial.,exercise_plus_nutrition
PMC4511529,2,Table 2,frailty_status_or_score,yes,29,Table 2. Consequences of falls and estimates of effect intervention (two year balance training programme for prevention of fall induced injuries) in women aged 75-85. Table 2 Consequences of falls and estimates of effect intervention (two year balance training programme for prevention of fall induced injuries) in women aged 75-85 Consequences Control (n=354) Exercise (n=352) HR* (95% CI) Total No of falls (rate†) 640 (0.92) 533 (0.79) 0.88 (0.77 to 1.00) No of participants who had at least one fall 222 189 — No of injurious falls (rate†): Total 397 (0.56) 305 (0.45) 0.81 (0.67 to 0.99) Moderate 310 (0.44) 237 (0.35) 0.81 (0.65 to 1.00) Serious 87 (0.12) 68 (0.10) 0.83 (0.60 to 1.16) No of participants who had at least one injurious fall 189 170 — * Hazard ratio (adjusted for centre) computed with a “shared frailty” model. All women were included in analysis until their last time point. Covariance for random effect: 0.17 (SE 0.04; P<0.001) for all falls; 0.53 (SE 0.09; P<0.001) for injurious falls; 0.57 (SE 0.10; P<0.001) for moderate injurious falls; 0.35 (SE 0.25; P=0.30) for severe injurious falls. †Rate per woman year=total number of events (fall related outcomes) divided by total number of woman years of follow-up in each group.,candidate_table_found,Requires author extraction of arm-level n/mean/SD or events/denominators.,26201510.0,10.1136/bmj.h3830,Effectiveness of two year balance training programme on prevention of fall induced injuries in at risk women aged 75-85 living in community: Ossébo randomised controlled trial.,exercise_plus_nutrition
PMC4511529,2,Table 2,falls,yes,26,Table 2. Consequences of falls and estimates of effect intervention (two year balance training programme for prevention of fall induced injuries) in women aged 75-85. Table 2 Consequences of falls and estimates of effect intervention (two year balance training programme for prevention of fall induced injuries) in women aged 75-85 Consequences Control (n=354) Exercise (n=352) HR* (95% CI) Total No of falls (rate†) 640 (0.92) 533 (0.79) 0.88 (0.77 to 1.00) No of participants who had at least one fall 222 189 — No of injurious falls (rate†): Total 397 (0.56) 305 (0.45) 0.81 (0.67 to 0.99) Moderate 310 (0.44) 237 (0.35) 0.81 (0.65 to 1.00) Serious 87 (0.12) 68 (0.10) 0.83 (0.60 to 1.16) No of participants who had at least one injurious fall 189 170 — * Hazard ratio (adjusted for centre) computed with a “shared frailty” model. All women were included in analysis until their last time point. Covariance for random effect: 0,candidate_table_found,Requires author extraction of arm-level n/mean/SD or events/denominators.,26201510.0,10.1136/bmj.h3830,Effectiveness of two year balance training programme on prevention of fall induced injuries in at risk women aged 75-85 living in community: Ossébo randomised controlled trial.,exercise_plus_nutrition
PMC4511529,2,Table 2,adverse_events,yes,28,Table 2. Consequences of falls and estimates of effect intervention (two year balance training programme for prevention of fall induced injuries) in women aged 75-85. Table 2 Consequences of falls and estimates of effect intervention (two year balance training programme for prevention of fall induced injuries) in women aged 75-85 Consequences Control (n=354) Exercise (n=352) HR* (95% CI) Total No of falls (rate†) 640 (0.92) 533 (0.79) 0.88 (0.77 to 1.00) No of participants who had at least one fall 222 189 — No of injurious falls (rate†): Total 397 (0.56) 305 (0.45) 0.81 (0.67 to 0.99) Moderate 310 (0.44) 237 (0.35) 0.81 (0.65 to 1.00) Serious 87 (0.12) 68 (0.10) 0.83 (0.60 to 1.16) No of participants who had at least one injurious fall 189 170 — * Hazard ratio (adjusted for centre) computed with a “shared frailty” model. All women were included in analysis until their last time point. Covariance for random effect: 0.17 (SE 0.04; P<0.001) for all falls; 0.53 (SE 0.09; P<0.001) for injurious falls; 0.57 (SE 0.10; P<0.001) for ,candidate_table_found,Requires author extraction of arm-level n/mean/SD or events/denominators.,26201510.0,10.1136/bmj.h3830,Effectiveness of two year balance training programme on prevention of fall induced injuries in at risk women aged 75-85 living in community: Ossébo randomised controlled trial.,exercise_plus_nutrition
PMC4511529,3,Table 3,falls,yes,32,Table 3. Physical and psychological outcomes in women aged 75-85 who took part in two year balance training programme for prevention of fall induced injuries (intervention) or no such programme (control). Mean changes are shown with 95% confidence intervals. Table 3 Physical and psychological outcomes in women aged 75-85 who took part in two year balance training programme for prevention of fall induced injuries (intervention) or no such programme (control). Mean changes are shown with 95% confidence intervals Control group Intervention group Estimated mean difference between groups (95% CI)* P value Data No in group Data No in group Timed get up and go (s)† Mean (SD) time taken at baseline 12.39 (3.09) 354 12.38 (2.76) 352 — — Mean change from baseline to 12 mo 0.04 (−0.25 to 0.34) 270 0.66 (0.36 to 0.96) 268 0.53 (0.06 to 1.01) 0.03 Mean change from baseline to 24 mo −0.30 (−0.68 to 0.08) 277 0.45 (0.07 to 0.84) 271 0.68 (0.10 to 1.27) 0.02 Time to walk 6 m (s)† Mean (SD) at baseline 7.46 (1.68) 354 7.44 (1.65) 352 — — Mea,candidate_table_found,Requires author extraction of arm-level n/mean/SD or events/denominators.,26201510.0,10.1136/bmj.h3830,Effectiveness of two year balance training programme on prevention of fall induced injuries in at risk women aged 75-85 living in community: Ossébo randomised controlled trial.,exercise_plus_nutrition
PMC4511529,3,Table 3,adverse_events,yes,32,Table 3. Physical and psychological outcomes in women aged 75-85 who took part in two year balance training programme for prevention of fall induced injuries (intervention) or no such programme (control). Mean changes are shown with 95% confidence intervals. Table 3 Physical and psychological outcomes in women aged 75-85 who took part in two year balance training programme for prevention of fall induced injuries (intervention) or no such programme (control). Mean changes are shown with 95% confidence intervals Control group Intervention group Estimated mean difference between groups (95% CI)* P value Data No in group Data No in group Timed get up and go (s)† Mean (SD) time taken at baseline 12.39 (3.09) 354 12.38 (2.76) 352 — — Mean change from baseline to 12 mo 0.04 (−0.25 to 0.34) 270 0.66 (0.36 to 0.96) 268 0.53 (0.06 to 1.01) 0.03 Mean change from baseline to 24 mo −0.30 (−0.68 to 0.08) 277 0.45 (0.07 to 0.84) 271 0.68 (0.10 to 1.27) 0.02 Time to walk 6 m (s)† Mean (SD) at baseline 7.46 (1.68) 354 7.44 (1.65) 352 — — Mean change from ,candidate_table_found,Requires author extraction of arm-level n/mean/SD or events/denominators.,26201510.0,10.1136/bmj.h3830,Effectiveness of two year balance training programme on prevention of fall induced injuries in at risk women aged 75-85 living in community: Ossébo randomised controlled trial.,exercise_plus_nutrition
PMC4511529,4,Table 4,falls,yes,31,Table 4. Physical activity outcomes in women aged 75-85 who took part in two year balance training programme for prevention of fall induced injuries (intervention) or no such programme (control). Mean changes are shown with 95% confidence intervals. Table 4 Physical activity outcomes in women aged 75-85 who took part in two year balance training programme for prevention of fall induced injuries (intervention) or no such programme (control). Mean changes are shown with 95% confidence intervals Control group Intervention group Estimated mean difference* between groups (95% CI)† P value Data No in group Data No in group Walking for casual activities‡ (No/week) Mean at baseline (SD) 4.77 (2.17) 354 4.33 (2.24) 352 — — Mean change from baseline to 12 mo 0.33 (0.08 to 0.57) 309 0.23 (−0.02 to 0.48) 295 0.31 (−0.05 to 0.67) 0.09 Mean change from baseline to 24 mo 0.48 (0.21 to 0.75) 287 0.16 (−0.10 to 0.44) 281 0.10 (−0.29 to 0.48) 0.64 Walking for casual activities‡ (h/week) Mean at baseline (SD) 3.06 (2.44) 354 2.78 (2.3,candidate_table_found,Requires author extraction of arm-level n/mean/SD or events/denominators.,26201510.0,10.1136/bmj.h3830,Effectiveness of two year balance training programme on prevention of fall induced injuries in at risk women aged 75-85 living in community: Ossébo randomised controlled trial.,exercise_plus_nutrition
PMC4511529,4,Table 4,adverse_events,yes,31,Table 4. Physical activity outcomes in women aged 75-85 who took part in two year balance training programme for prevention of fall induced injuries (intervention) or no such programme (control). Mean changes are shown with 95% confidence intervals. Table 4 Physical activity outcomes in women aged 75-85 who took part in two year balance training programme for prevention of fall induced injuries (intervention) or no such programme (control). Mean changes are shown with 95% confidence intervals Control group Intervention group Estimated mean difference* between groups (95% CI)† P value Data No in group Data No in group Walking for casual activities‡ (No/week) Mean at baseline (SD) 4.77 (2.17) 354 4.33 (2.24) 352 — — Mean change from baseline to 12 mo 0.33 (0.08 to 0.57) 309 0.23 (−0.02 to 0.48) 295 0.31 (−0.05 to 0.67) 0.09 Mean change from baseline to 24 mo 0.48 (0.21 to 0.75) 287 0.16 (−0.10 to 0.44) 281 0.10 (−0.29 to 0.48) 0.64 Walking for casual activities‡ (h/week) Mean at baseline (SD) 3.06 (2.44) 354 2.78 (2.32) 352 — — Mea,candidate_table_found,Requires author extraction of arm-level n/mean/SD or events/denominators.,26201510.0,10.1136/bmj.h3830,Effectiveness of two year balance training programme on prevention of fall induced injuries in at risk women aged 75-85 living in community: Ossébo randomised controlled trial.,exercise_plus_nutrition
PMC4511529,5,Table 5,falls,yes,32,Table 5. Health related outcomes in women aged 75-85 who took part in two year balance training programme for prevention of fall induced injuries (intervention) or no such programme (control). Mean changes are shown with 95% confidence intervals. Table 5 Health related outcomes in women aged 75-85 who took part in two year balance training programme for prevention of fall induced injuries (intervention) or no such programme (control). Mean changes are shown with 95% confidence intervals SF-36 score Control group Intervention group Estimated mean difference* between groups (95% CI)† P value Data No in group Data No in group Physical function Mean at baseline (SD) 57.47 (20.72) 353 59.40 (21.06) 351 — — Mean change from baseline to 12 mo 2.97 (1.02 to 4.92) 305 1.62 (−0.36 to 3.61) 294 −5.27 (−9.06 to −1.48) 0.01 Mean change from baseline to 24 mo 5.68 (3.81 to 7.56) 287 2.97 (1.06 to 4.87) 281 −3.90 (−7.51 to −0.30) 0.03 Mental health Mean at baseline (SD) 60.70 (18.24) 354 61.33 (18.1) 350 — — Mean change from ba,candidate_table_found,Requires author extraction of arm-level n/mean/SD or events/denominators.,26201510.0,10.1136/bmj.h3830,Effectiveness of two year balance training programme on prevention of fall induced injuries in at risk women aged 75-85 living in community: Ossébo randomised controlled trial.,exercise_plus_nutrition
PMC4511529,5,Table 5,quality_of_life,yes,55,Table 5. Health related outcomes in women aged 75-85 who took part in two year balance training programme for prevention of fall induced injuries (intervention) or no such programme (control). Mean changes are shown with 95% confidence intervals. Table 5 Health related outcomes in women aged 75-85 who took part in two year balance training programme for prevention of fall induced injuries (intervention) or no such programme (control). Mean changes are shown with 95% confidence intervals SF-36 score Control group Intervention group Estimated mean difference* between groups (95% CI)† P value Data No in group Data No in group Physical function Mean at baseline (SD) 57.47 (20.72) 353 59.40 (21.06) 351 — — Mean change from baseline to 12 mo 2.97 (1.02 to 4.92) 305 1.62 (−0.36 to 3.61) 294 −5.27 (−9.06 to −1.48) 0.01 Mean change from baseline to 24 mo 5.68 (3.81 to 7.56) 287 2.97 (1.06 to 4.87) 281 −3.90 (−7.51 to −0.30) 0.03 Mental health Mean at baseline (SD) 60.70 (18.24) 354 61.33 (18.1) 350 — — Mean change from baseline to 12 mo 0.78 (−0.81 to 2.38) 304 −1.19 (−2.83 to 0.44) 291 −2.55 (−5.33 to 0.25) 0.07 Mean change from baseline to 24 mo 0.13 (−1.44 to 1.72) 284 −0.87 (−2.48 to 0.73) 281 −1.58 (−4.26 to 1.11) 0.25 General health Mean at baseline (SD) 54.72 (16.05) 353 57.05 (15.80) 349 — — Mean change from baseline to 12 mo −0.25 (−1.71 to 1.21) 301 −0.69 (−2.19 to 0.80) 28,candidate_table_found,Requires author extraction of arm-level n/mean/SD or events/denominators.,26201510.0,10.1136/bmj.h3830,Effectiveness of two year balance training programme on prevention of fall induced injuries in at risk women aged 75-85 living in community: Ossébo randomised controlled trial.,exercise_plus_nutrition
PMC4511529,5,Table 5,adverse_events,yes,33,Table 5. Health related outcomes in women aged 75-85 who took part in two year balance training programme for prevention of fall induced injuries (intervention) or no such programme (control). Mean changes are shown with 95% confidence intervals. Table 5 Health related outcomes in women aged 75-85 who took part in two year balance training programme for prevention of fall induced injuries (intervention) or no such programme (control). Mean changes are shown with 95% confidence intervals SF-36 score Control group Intervention group Estimated mean difference* between groups (95% CI)† P value Data No in group Data No in group Physical function Mean at baseline (SD) 57.47 (20.72) 353 59.40 (21.06) 351 — — Mean change from baseline to 12 mo 2.97 (1.02 to 4.92) 305 1.62 (−0.36 to 3.61) 294 −5.27 (−9.06 to −1.48) 0.01 Mean change from baseline to 24 mo 5.68 (3.81 to 7.56) 287 2.97 (1.06 to 4.87) 281 −3.90 (−7.51 to −0.30) 0.03 Mental health Mean at baseline (SD) 60.70 (18.24) 354 61.33 (18.1) 350 — — Mean change from baseline to 12 m,candidate_table_found,Requires author extraction of arm-level n/mean/SD or events/denominators.,26201510.0,10.1136/bmj.h3830,Effectiveness of two year balance training programme on prevention of fall induced injuries in at risk women aged 75-85 living in community: Ossébo randomised controlled trial.,exercise_plus_nutrition
PMC5042153,1,Table 1,gait_speed,yes,85,Table 1. Client Baseline Demographics by Group. Table 1 Client Baseline Demographics by Group Total n=42 % or mean (SD) Control Group n = 18 % or mean (SD) Intervention Group n= 24 % or mean (SD) p- value* % Female 83 83 83 .99 Age in years 74.8 75.6 74.1 .60 Weekly Hours of Care 13.5 12.0 14.2 .27 Race .39 African American 50 50 50 White 43 39 46 Hispanic 5 6 4 Other 2 5 0 Highest Education Achieved .50 Some Grade School 2 0 4 Grade School 17 22 13 Some High School 21 11 29 High School 26 28 25 Some College 26 28 25 College 7 11 4 Grip Strength (kg) 17.3 (6.5) 17.3 (6.4) 17.3 (5.7) .99 Quadriceps Strength (N) 23.7 (10.2) 22.0 (11.8) 24.9 (7.5) .39 Gait Speed (m/sec) 0.5 (0.3) 0.5 (0.3) 0.5 (0.3) .70 Timed Up and Go (sec) 22.5 (23.7) 21.8 (32.4) 24.4 (14.8) .76 Pain 5.0 (3.0) 5.4 (2.9) 4.7 (3.2) .31 SEE 6.9 (2.4) 7.0 (1.9) 6.8 (2.1) .69 PROMIS-Global Health 29.7 (7.9) 28.7 (6.5) 30.4 (5.2) .39 PROMIS-physical subscale 11.5 (3.1) 11.3 (2.2) 11.9 (3.0) .51 PROMIS-mental subscale 12.7 (3.3) 11.7 (3.4) 13.4 (2.6) .08 Note. SEE = Self-efficacy for Exercise Scale,candidate_table_found,Requires author extraction of arm-level n/mean/SD or events/denominators.,27695646.0,10.18848/2160-1909/CGP/v07i02/1-10,The Impact of Strong for Life on the Physical Functioning and Health of Older Adults Receiving Home and Community-Based Services.,exercise_only
PMC5042153,1,Table 1,grip_strength,yes,85,Table 1. Client Baseline Demographics by Group. Table 1 Client Baseline Demographics by Group Total n=42 % or mean (SD) Control Group n = 18 % or mean (SD) Intervention Group n= 24 % or mean (SD) p- value* % Female 83 83 83 .99 Age in years 74.8 75.6 74.1 .60 Weekly Hours of Care 13.5 12.0 14.2 .27 Race .39 African American 50 50 50 White 43 39 46 Hispanic 5 6 4 Other 2 5 0 Highest Education Achieved .50 Some Grade School 2 0 4 Grade School 17 22 13 Some High School 21 11 29 High School 26 28 25 Some College 26 28 25 College 7 11 4 Grip Strength (kg) 17.3 (6.5) 17.3 (6.4) 17.3 (5.7) .99 Quadriceps Strength (N) 23.7 (10.2) 22.0 (11.8) 24.9 (7.5) .39 Gait Speed (m/sec) 0.5 (0.3) 0.5 (0.3) 0.5 (0.3) .70 Timed Up and Go (sec) 22.5 (23.7) 21.8 (32.4) 24.4 (14.8) .76 Pain 5.0 (3.0) 5.4 (2.9) 4.7 (3.2) .31 SEE 6.9 (2.4) 7.0 (1.9) 6.8 (2.1) .69 PROMIS-Global Health 29.7 (7.9) 28.7 (6.5) 30.4 (5.2) .39 PROMIS-physical subscale 11.5 (3.1) 11.3 (2.2) 11.9 (3.0) .51 PROMIS-mental subscale 12.7 (3.3) 11.7 (3.4) 13.4 (2.6) .08 Note. SEE = Self-efficacy for Exercise Scale,candidate_table_found,Requires author extraction of arm-level n/mean/SD or events/denominators.,27695646.0,10.18848/2160-1909/CGP/v07i02/1-10,The Impact of Strong for Life on the Physical Functioning and Health of Older Adults Receiving Home and Community-Based Services.,exercise_only
PMC5042153,2,Table 2,gait_speed,yes,74,"Table 2. Client Physical Performance and Self-Report Change Scores Between Baseline and Post-test. Table 2 Client Physical Performance and Self-Report Change Scores Between Baseline and Post-test Control Group Median [IQR] Intervention Group Median [IQR] P value Cohen's d Quadriceps strength 0.15 [-1.15, 8.20] 4.55 [-0.35, 6.81] 0.83 0.11 Grip strength -0.25 [-2.38, 0.88] 0.00 [-1.50, 3.50] 0.24 0.38 Gait speed -0.01 [-0.16, 0.02] -0.02 [-0.15, 0.02] 0.80 -0.10 TUG 0.51 [-1.44, 2.37] -0.19 [-2.05, 5.33] 1.00 -0.20 Pain 0.00 [-1.75, 1.00] 0.00 [-2.00, 1.00] 0.69 0.34 Self-Efficacy for Exercise -0.46 [-2.32, 0.98] -1.09 [-2.64, 0.09] 0.56 0.22 PROMIS-global health 0.50 [-3.75, 2.75] 1.00 [-2.00, 4.50] 0.43 0.27 PROMIS-physical 0.00 [-1.00, 1.00] 0.00 [-1.00, 2.00] 0.54 0.15 PROMIS-mental -1.00 [-1.75, 0.00] 1.00 [-1.00, 1.00] 0.22 0.20",candidate_table_found,Requires author extraction of arm-level n/mean/SD or events/denominators.,27695646.0,10.18848/2160-1909/CGP/v07i02/1-10,The Impact of Strong for Life on the Physical Functioning and Health of Older Adults Receiving Home and Community-Based Services.,exercise_only
PMC5042153,2,Table 2,grip_strength,yes,74,"Table 2. Client Physical Performance and Self-Report Change Scores Between Baseline and Post-test. Table 2 Client Physical Performance and Self-Report Change Scores Between Baseline and Post-test Control Group Median [IQR] Intervention Group Median [IQR] P value Cohen's d Quadriceps strength 0.15 [-1.15, 8.20] 4.55 [-0.35, 6.81] 0.83 0.11 Grip strength -0.25 [-2.38, 0.88] 0.00 [-1.50, 3.50] 0.24 0.38 Gait speed -0.01 [-0.16, 0.02] -0.02 [-0.15, 0.02] 0.80 -0.10 TUG 0.51 [-1.44, 2.37] -0.19 [-2.05, 5.33] 1.00 -0.20 Pain 0.00 [-1.75, 1.00] 0.00 [-2.00, 1.00] 0.69 0.34 Self-Efficacy for Exercise -0.46 [-2.32, 0.98] -1.09 [-2.64, 0.09] 0.56 0.22 PROMIS-global health 0.50 [-3.75, 2.75] 1.00 [-2.00, 4.50] 0.43 0.27 PROMIS-physical 0.00 [-1.00, 1.00] 0.00 [-1.00, 2.00] 0.54 0.15 PROMIS-mental -1.00 [-1.75, 0.00] 1.00 [-1.00, 1.00] 0.22 0.20",candidate_table_found,Requires author extraction of arm-level n/mean/SD or events/denominators.,27695646.0,10.18848/2160-1909/CGP/v07i02/1-10,The Impact of Strong for Life on the Physical Functioning and Health of Older Adults Receiving Home and Community-Based Services.,exercise_only
PMC5326822,1,Table 1,adl_iadl,no,80,"Table 1. Baseline characteristics, total patient number = 289. Table 1 Baseline characteristics, total patient number = 289 Total ( n = 289) HLC ( n = 143) LLC ( n = 146) n (%) mean ± sd a n (%) mean ± sd a n (%) mean ± sd a p ‐value Demographics Age (y/o) 71.6 ± 4.28 71.3 ± 4.54 71.8 ± 4.02 0.272 b Female sex 152 (53) 75 (52) 77 (53) 0.960 c Weight (kg) 62.4 ± 9.92 61.7 ± 10.00 63.0 ± 9.84 0.270 b Height (cm) 157.3 ± 7.94 156.8 ± 7.86 157.8 ± 8.02 0.299 b BMI (kg/m 2 ) 25.2 ± 3.52 25.1 ± 3.53 25.3 ± 3.53 0.582 b Health and healthcare‐related characteristics Number of chronic conditions d ( n = 287) 4.0 ± 2.01 3.9 ± 2.11 4.0 ± 1.90 0.537 b MMSE 26.6 ± 3.80 26.5 ± 3.84 26.7 ± 3.76 0.663 b Barthel Index 99.2 ± 3.60 99.1 ± 3.53 99.2 ± 3.68 0.776 b Healthcare‐resources utilization e 1.8 ± 1.81 1.7 ± 1.54 1.9 ± 2.04 0.246 b EQ‐5D 0.9 ± 0.09 0.9 ± 0.10 0.9 ± 0.08 0.725 b a Categorical data: n (%); Continuous variables: mean ± standard deviation. b Performed by t ‐test. c Performed by χ 2 test. d From 27 diseases. e Emergency room, hospitalization, or clinic visits in the screen stage. EQ‐5D, EuroQol Quality of Life Scale; HLC, High‐Level Care; LLC, Low‐Level Care; MMSE, Mini‐Mental State Examination.",candidate_table_found,Requires author extraction of arm-level n/mean/SD or events/denominators.,27897406.0,10.1002/jcsm.12132,Integrated care for geriatric frailty and sarcopenia: a randomized control trial.,exercise_plus_nutrition
PMC5326822,1,Table 1,quality_of_life,no,73,"n (%) mean ± sd a p ‐value Demographics Age (y/o) 71.6 ± 4.28 71.3 ± 4.54 71.8 ± 4.02 0.272 b Female sex 152 (53) 75 (52) 77 (53) 0.960 c Weight (kg) 62.4 ± 9.92 61.7 ± 10.00 63.0 ± 9.84 0.270 b Height (cm) 157.3 ± 7.94 156.8 ± 7.86 157.8 ± 8.02 0.299 b BMI (kg/m 2 ) 25.2 ± 3.52 25.1 ± 3.53 25.3 ± 3.53 0.582 b Health and healthcare‐related characteristics Number of chronic conditions d ( n = 287) 4.0 ± 2.01 3.9 ± 2.11 4.0 ± 1.90 0.537 b MMSE 26.6 ± 3.80 26.5 ± 3.84 26.7 ± 3.76 0.663 b Barthel Index 99.2 ± 3.60 99.1 ± 3.53 99.2 ± 3.68 0.776 b Healthcare‐resources utilization e 1.8 ± 1.81 1.7 ± 1.54 1.9 ± 2.04 0.246 b EQ‐5D 0.9 ± 0.09 0.9 ± 0.10 0.9 ± 0.08 0.725 b a Categorical data: n (%); Continuous variables: mean ± standard deviation. b Performed by t ‐test. c Performed by χ 2 test. d From 27 diseases. e Emergency room, hospitalization, or clinic visits in the screen stage. EQ‐5D, EuroQol Quality of Life Scale; HLC, High‐Level Care; LLC, Low‐Level Care; MMSE, Mini‐Mental State Examination.",candidate_table_found,Requires author extraction of arm-level n/mean/SD or events/denominators.,27897406.0,10.1002/jcsm.12132,Integrated care for geriatric frailty and sarcopenia: a randomized control trial.,exercise_plus_nutrition
PMC5326822,2,Table 2,frailty_status_or_score,no,42,"Table 2. Baseline frailty and sarcopenia‐related characteristics, total patient number = 289. Table 2 Baseline frailty and sarcopenia‐related characteristics, total patient number = 289 Total ( n = 289) HLC ( n = 143) LLC ( n = 146) n (%) mean ± sd median (IQR) a n (%) mean ± sd median (IQR) a n (%) mean ± sd median (IQR) a p ‐value Frailty and sarcopenia‐related characteristics CHS_PCF categorization Pre‐frail (1–2) 229 (79) 115 (80) 114 (78) 0.624 b Frail (3–5) 60 (21) 28 (20) 32 (22) Original frailty indicators Weight loss (yes) 63 (22) 30 (21) 33 (23) 0.738 b Exhaustion (yes) 54 (19) 27 (19) 27 (18) 0.933 b Low level physical activity (yes) 27 (9) 13 (9) 14 (10) 0.884 b Slow walking speed (yes) 112 (39) 59 (41) 53 (36) 0.387 b Weak grip strength (yes) 251 (87) 126 (88) 125 (86) 0.530 b Modified frailty and sarcopenia indicators Exhaustion score c 0 (0–2) 0 (0–2) 0 (0–2) 0.948 d Energy expenditure of walking ",candidate_table_found,Requires author extraction of arm-level n/mean/SD or events/denominators.,27897406.0,10.1002/jcsm.12132,Integrated care for geriatric frailty and sarcopenia: a randomized control trial.,exercise_plus_nutrition
PMC5326822,2,Table 2,gait_speed,no,87,"Table 2. Baseline frailty and sarcopenia‐related characteristics, total patient number = 289. Table 2 Baseline frailty and sarcopenia‐related characteristics, total patient number = 289 Total ( n = 289) HLC ( n = 143) LLC ( n = 146) n (%) mean ± sd median (IQR) a n (%) mean ± sd median (IQR) a n (%) mean ± sd median (IQR) a p ‐value Frailty and sarcopenia‐related characteristics CHS_PCF categorization Pre‐frail (1–2) 229 (79) 115 (80) 114 (78) 0.624 b Frail (3–5) 60 (21) 28 (20) 32 (22) Original frailty indicators Weight loss (yes) 63 (22) 30 (21) 33 (23) 0.738 b Exhaustion (yes) 54 (19) 27 (19) 27 (18) 0.933 b Low level physical activity (yes) 27 (9) 13 (9) 14 (10) 0.884 b Slow walking speed (yes) 112 (39) 59 (41) 53 (36) 0.387 b Weak grip strength (yes) 251 (87) 126 (88) 125 (86) 0.530 b Modified frailty and sarcopenia indicators Exhaustion score c 0 (0–2) 0 (0–2) 0 (0–2) 0.948 d Energy expenditure of walking (MET‐min/week) 693 (297–1386) 693 (297–1386) 693 (297–1386) 0.662 d 5 m walking time (s) 6.6 ± 2.07 6.7 ± 2.10 6.5 ± 2.05 0.585 e Dominant hand grip strength (kg) 19.4 ± 7.40 19.2 ± 7.20 19.5 ± 7.61 0.788 e Other sarcopenia indicators FFMI (kg/m 2 ) ( n = 287) 17.4 ± 1.60 17.5 ± 1.55 17.4 ± 1.65 0.782 e Timed‐up‐and‐go‐test (s) 12.0 ± 4.36 12.1 ± 4.05 12.0 ± 4.65 0.717 e One‐leg‐stand time (s) ( n = 286) 15.9 ± 19.31 14.6 ± 15.81 17.1 ± 22.21 0.264 e a Categorical data: n (%); continuous variables: mean ± standard deviation or median (interquartile range). b Performed by χ 2 test. c Summation of levels of exhaustions from two questions (maximum 6). d Performed by Wilc",candidate_table_found,Requires author extraction of arm-level n/mean/SD or events/denominators.,27897406.0,10.1002/jcsm.12132,Integrated care for geriatric frailty and sarcopenia: a randomized control trial.,exercise_plus_nutrition
PMC5326822,2,Table 2,grip_strength,no,87,"Table 2. Baseline frailty and sarcopenia‐related characteristics, total patient number = 289. Table 2 Baseline frailty and sarcopenia‐related characteristics, total patient number = 289 Total ( n = 289) HLC ( n = 143) LLC ( n = 146) n (%) mean ± sd median (IQR) a n (%) mean ± sd median (IQR) a n (%) mean ± sd median (IQR) a p ‐value Frailty and sarcopenia‐related characteristics CHS_PCF categorization Pre‐frail (1–2) 229 (79) 115 (80) 114 (78) 0.624 b Frail (3–5) 60 (21) 28 (20) 32 (22) Original frailty indicators Weight loss (yes) 63 (22) 30 (21) 33 (23) 0.738 b Exhaustion (yes) 54 (19) 27 (19) 27 (18) 0.933 b Low level physical activity (yes) 27 (9) 13 (9) 14 (10) 0.884 b Slow walking speed (yes) 112 (39) 59 (41) 53 (36) 0.387 b Weak grip strength (yes) 251 (87) 126 (88) 125 (86) 0.530 b Modified frailty and sarcopenia indicators Exhaustion score c 0 (0–2) 0 (0–2) 0 (0–2) 0.948 d Energy expenditure of walking (MET‐min/week) 693 (297–1386) 693 (297–1386) 693 (297–1386) 0.662 d 5 m walking time (s) 6.6 ± 2.07 6.7 ± 2.10 6.5 ± 2.05 0.585 e Dominant hand grip strength (kg) 19.4 ± 7.40 19.2 ± 7.20 19.5 ± 7.61 0.788 e Other sarcopenia indicators FFMI (kg/m 2 ) ( n = 287) 17.4 ± 1.60 17.5 ± 1.55 17.4 ± 1.65 0.782 e Timed‐up‐and‐go‐test (s) 12.0 ± 4.36 12.1 ± 4.05 12.0 ± 4.65 0.717 e One‐leg‐stand time (s) ( n = 286) 15.9 ± 19.31 14.6 ± 15.81 17.1 ± 22.21 0.264 e a Categorical data: n (%); continuous variables: mean ± standard deviation or median (interquartile range). b Performed by χ 2 test. c Summation of levels of exhaustions from two questions (maximum 6). d Performed by Wilcoxon rank sum test. e Performed by t ‐test. CHS_PCF, Cardi",candidate_table_found,Requires author extraction of arm-level n/mean/SD or events/denominators.,27897406.0,10.1002/jcsm.12132,Integrated care for geriatric frailty and sarcopenia: a randomized control trial.,exercise_plus_nutrition
PMC5326822,3,Table 3,frailty_status_or_score,no,57,"Table 3. Secondary outcomes‐original frailty indicators, total patient number = 289. Table 3 Secondary outcomes‐original frailty indicators, total patient number = 289 Total ( n = 289) HLC ( n = 143) LLC ( n = 146) n (%) n (%) n (%) p ‐value a Original frailty indicators Weight loss (yes) Improvement b at 3 months 46 (16) 22 (15) 24 (16) 0.828 Improvement b at 6 months 52 (18) 24 (17) 28 (19) † 0.610 Improvement b at 12 months 56 (19) 28 (20) † 28 (19) 0.909 Exhaustion (yes) Improvement b at 3 months 28 (10) 10 (7) 18 (12) 0.128 Improvement b at 6 months 40 (14) †† 22 (15) ††† 18 (12) 0.438 Improvement b at 12 months 44 (15) 22 (15) 22 (15) † 0.941 Low level physical activity (yes) Improvement b at 3 months 18 (6) 11 (8) 7 (5) 0.313 Improvement b at 6 months 20 (7) 13 (9) 7 (5) 0.157 Improvement b at 12 months 17 (6) 10 (7) 7 (5) 0.431 Slow walking speed (yes) Improvement b at 3 months 82 (28) 44 (31) 38 (26) 0.371 Improvement b a",candidate_table_found,Requires author extraction of arm-level n/mean/SD or events/denominators.,27897406.0,10.1002/jcsm.12132,Integrated care for geriatric frailty and sarcopenia: a randomized control trial.,exercise_plus_nutrition
PMC5326822,3,Table 3,gait_speed,yes,92,"Table 3. Secondary outcomes‐original frailty indicators, total patient number = 289. Table 3 Secondary outcomes‐original frailty indicators, total patient number = 289 Total ( n = 289) HLC ( n = 143) LLC ( n = 146) n (%) n (%) n (%) p ‐value a Original frailty indicators Weight loss (yes) Improvement b at 3 months 46 (16) 22 (15) 24 (16) 0.828 Improvement b at 6 months 52 (18) 24 (17) 28 (19) † 0.610 Improvement b at 12 months 56 (19) 28 (20) † 28 (19) 0.909 Exhaustion (yes) Improvement b at 3 months 28 (10) 10 (7) 18 (12) 0.128 Improvement b at 6 months 40 (14) †† 22 (15) ††† 18 (12) 0.438 Improvement b at 12 months 44 (15) 22 (15) 22 (15) † 0.941 Low level physical activity (yes) Improvement b at 3 months 18 (6) 11 (8) 7 (5) 0.313 Improvement b at 6 months 20 (7) 13 (9) 7 (5) 0.157 Improvement b at 12 months 17 (6) 10 (7) 7 (5) 0.431 Slow walking speed (yes) Improvement b at 3 months 82 (28) 44 (31) 38 (26) 0.371 Improvement b at 6 months 90 (31) † 48 (34) 42 (29) 0.378 Improvement b at 12 months 82 (28) † 44 (31) 38 (26) 0.373 Weak grip strength (yes) Improvement b at 3 months 51 (18) 30 (21) 21 (14) 0.142 Improvement b at 6 months 55 (19) 33 (23) 22 (15) 0.084 Improvement b at 12 months 55 (19) 34 (24) 21 (14) 0.042 † p < 0.05, †† p < 0.01, ††† p < 0.001 for the comparison of improvement at 6 months vs 3 months, and 12 months vs 6 months within the group, using generalized estimating equations (GEE) model. a Intervention effect, after adjusting for site, time, and treatment‐by‐time interactions, by GEE model. b After intervention 3, 6, and 12 months ‘Dr. Fried frailty characteristics’ has progressed from ‘yes’ to ‘no’. HLC, High‐Level Care; LLC, Low‐Level Care.",candidate_table_found,Requires author extraction of arm-level n/mean/SD or events/denominators.,27897406.0,10.1002/jcsm.12132,Integrated care for geriatric frailty and sarcopenia: a randomized control trial.,exercise_plus_nutrition
PMC5326822,3,Table 3,grip_strength,yes,89,"ent number = 289 Total ( n = 289) HLC ( n = 143) LLC ( n = 146) n (%) n (%) n (%) p ‐value a Original frailty indicators Weight loss (yes) Improvement b at 3 months 46 (16) 22 (15) 24 (16) 0.828 Improvement b at 6 months 52 (18) 24 (17) 28 (19) † 0.610 Improvement b at 12 months 56 (19) 28 (20) † 28 (19) 0.909 Exhaustion (yes) Improvement b at 3 months 28 (10) 10 (7) 18 (12) 0.128 Improvement b at 6 months 40 (14) †† 22 (15) ††† 18 (12) 0.438 Improvement b at 12 months 44 (15) 22 (15) 22 (15) † 0.941 Low level physical activity (yes) Improvement b at 3 months 18 (6) 11 (8) 7 (5) 0.313 Improvement b at 6 months 20 (7) 13 (9) 7 (5) 0.157 Improvement b at 12 months 17 (6) 10 (7) 7 (5) 0.431 Slow walking speed (yes) Improvement b at 3 months 82 (28) 44 (31) 38 (26) 0.371 Improvement b at 6 months 90 (31) † 48 (34) 42 (29) 0.378 Improvement b at 12 months 82 (28) † 44 (31) 38 (26) 0.373 Weak grip strength (yes) Improvement b at 3 months 51 (18) 30 (21) 21 (14) 0.142 Improvement b at 6 months 55 (19) 33 (23) 22 (15) 0.084 Improvement b at 12 months 55 (19) 34 (24) 21 (14) 0.042 † p < 0.05, †† p < 0.01, ††† p < 0.001 for the comparison of improvement at 6 months vs 3 months, and 12 months vs 6 months within the group, using generalized estimating equations (GEE) model. a Intervention effect, after adjusting for site, time, and treatment‐by‐time interactions, by GEE model. b After intervention 3, 6, and 12 months ‘Dr. Fried frailty characteristics’ has progressed from ‘yes’ to ‘no’. HLC, High‐Level Care; LLC, Low‐Level Care.",candidate_table_found,Requires author extraction of arm-level n/mean/SD or events/denominators.,27897406.0,10.1002/jcsm.12132,Integrated care for geriatric frailty and sarcopenia: a randomized control trial.,exercise_plus_nutrition
PMC5326822,4,Table 4,frailty_status_or_score,no,35,"Table 4. Secondary outcomes‐modified frailty and sarcopenia indicators, total patient number = 289. Table 4 Secondary outcomes‐modified frailty and sarcopenia indicators, total patient number = 289 Total ( n = 289) HLC ( n = 143) LLC ( n = 146) mean ± sd median (IQR) a mean ± sd median (IQR) a mean ± sd median (IQR) a p ‐value b Modified frailty and sarcopenia indicators Exhaustion score c Change at 3 months 0 (−1–0) * , d 0 (−1–0) d 0 (−1–0) d 0.805 e Change at 6 months 0 (−1–0) *** , ††† , d 0 (−2–0) *** , ††† , d 0 (−1–0) * , d 0.090 e Change at 12 months 0 (−1–0) *** , d 0 (−1–0) ** , †† , d 0 (−1–0) ** , d 0.604 e Energy expenditure of walking (MET‐min/week) Change at 3 months 0.0 (−462.0–346.5) d 0.0 (−396.0–247.5) d 0.0 (−462.0–363.0) d 0.604 e Change at 6 months 0.0 (−231.0–462.0) ** , †† , d 165.0 (−33.0–693.0) *** , ††† , d 0.0 (−462.0–346.5) d <0.001 e Change at 12 months 0.0 (−346.5–495.0) * , d 115.5 (−198.0–693.0) **",candidate_table_found,Requires author extraction of arm-level n/mean/SD or events/denominators.,27897406.0,10.1002/jcsm.12132,Integrated care for geriatric frailty and sarcopenia: a randomized control trial.,exercise_plus_nutrition
PMC5326822,4,Table 4,grip_strength,yes,90,"e c Change at 3 months 0 (−1–0) * , d 0 (−1–0) d 0 (−1–0) d 0.805 e Change at 6 months 0 (−1–0) *** , ††† , d 0 (−2–0) *** , ††† , d 0 (−1–0) * , d 0.090 e Change at 12 months 0 (−1–0) *** , d 0 (−1–0) ** , †† , d 0 (−1–0) ** , d 0.604 e Energy expenditure of walking (MET‐min/week) Change at 3 months 0.0 (−462.0–346.5) d 0.0 (−396.0–247.5) d 0.0 (−462.0–363.0) d 0.604 e Change at 6 months 0.0 (−231.0–462.0) ** , †† , d 165.0 (−33.0–693.0) *** , ††† , d 0.0 (−462.0–346.5) d <0.001 e Change at 12 months 0.0 (−346.5–495.0) * , d 115.5 (−198.0–693.0) ** , d 0.0 (−462.0–462.0) d 0.032 e 5 m walking time (s) Change at 3 months −1.29 ± 1.91 *** , f −1.50 ± 1.81 *** , f −1.09 ± 1.99 *** , f 0.067 f Change at 6 months −1.55 ± 2.32 *** , † , f −2.03 ± 1.79 *** , †† , f −1.08 ± 2.66 *** , f <0.001 f Change at 12 months −1.32 ± 3.05 *** , f −1.71 ± 1.54 *** , f −0.94 ± 3.98 *** , f 0.033 f Dominant hand grip strength (kg) Change at 3 months 1.48 ± 4.77 *** , f 1.87 ± 4.90 *** , f 1.09 ± 4.62 ** , f 0.160 f Change at 6 months 1.70 ± 4.63 *** , f 2.51 ± 4.56 *** , † , f 0.89 ± 4.58 * , f 0.004 f Change at 12 months 1.58 ± 5.05 *** , f 2.08 ± 5.04 *** , f 1.09 ± 5.03 ** , f 0.075 f † p < 0.05. †† p < 0.01. ††† p < 0.001 for the comparison of change at 6 months vs 3 months, and 12 months vs 6 months within the group. * p < 0.05. ** p < 0.01. *** p < 0.001 for the comparison of the value at the follow‐ups with the baseline value within the group. a Mean ± standard deviation if data have normal distribution. Median (interquartile range) if data do not have normal distribution. b Intervention effect, after adjusting for site, time, and treatment‐by‐time interactions. c Summation of levels of exhaustions from two questions (maximum 6). d Performed by Wilcoxon signed rank test. e Performed by Wilcox",candidate_table_found,Requires author extraction of arm-level n/mean/SD or events/denominators.,27897406.0,10.1002/jcsm.12132,Integrated care for geriatric frailty and sarcopenia: a randomized control trial.,exercise_plus_nutrition
PMC5351552,1,Table 1,gait_speed,yes,4,"Table 1. List of functional outcome measures All measures will be performed, if possible, in each of the five groups at the indicated time points.. Table 1 List of functional outcome measures All measures will be performed, if possible, in each of the five groups at the indicated time points. Functional Outcome Measures Baseline testing 1 week testing 4 week testing Physical Function Tests * Short Physical Performance Battery X X X Fast Gait Speed X X X Hand Grip Strength X X X Knee Extension Strength X X X Timed Up and Go X X X Stair Climb X X Body Composition Assessments DEXA Scan X X Bioimpedance X X X Questionnaires Activities of Daily Living X X X Instrumental Activities of Daily Living X X X Geriatric Depression Scale X X X Iowa Fatigue Scale X X X Falling and Balance X X X Physical Activity Levels StepWatch Activity Monitor continuous monitoring throughout study period * primary outcome; DEXA, dual-energy X-ray absorptiometry",candidate_table_found,Requires author extraction of arm-level n/mean/SD or events/denominators.,27178766.0,10.1016/j.cct.2016.05.001,Identifying effective and feasible interventions to accelerate functional recovery from hospitalization in older adults: A randomized controlled pilot trial.,exercise_plus_nutrition
PMC5351552,1,Table 1,sppb,yes,4,"Table 1. List of functional outcome measures All measures will be performed, if possible, in each of the five groups at the indicated time points.. Table 1 List of functional outcome measures All measures will be performed, if possible, in each of the five groups at the indicated time points. Functional Outcome Measures Baseline testing 1 week testing 4 week testing Physical Function Tests * Short Physical Performance Battery X X X Fast Gait Speed X X X Hand Grip Strength X X X Knee Extension Strength X X X Timed Up and Go X X X Stair Climb X X Body Composition Assessments DEXA Scan X X Bioimpedance X X X Questionnaires Activities of Daily Living X X X Instrumental Activities of Daily Living X X X Geriatric Depression Scale X X X Iowa Fatigue Scale X X X Falling and Balance X X X Physical Activity Levels StepWatch Activity Monitor continuous monitoring throughout study period * primary outcome; DEXA, dual-energy X-ray absorptiometry",candidate_table_found,Requires author extraction of arm-level n/mean/SD or events/denominators.,27178766.0,10.1016/j.cct.2016.05.001,Identifying effective and feasible interventions to accelerate functional recovery from hospitalization in older adults: A randomized controlled pilot trial.,exercise_plus_nutrition
PMC5351552,1,Table 1,grip_strength,yes,4,"Table 1. List of functional outcome measures All measures will be performed, if possible, in each of the five groups at the indicated time points.. Table 1 List of functional outcome measures All measures will be performed, if possible, in each of the five groups at the indicated time points. Functional Outcome Measures Baseline testing 1 week testing 4 week testing Physical Function Tests * Short Physical Performance Battery X X X Fast Gait Speed X X X Hand Grip Strength X X X Knee Extension Strength X X X Timed Up and Go X X X Stair Climb X X Body Composition Assessments DEXA Scan X X Bioimpedance X X X Questionnaires Activities of Daily Living X X X Instrumental Activities of Daily Living X X X Geriatric Depression Scale X X X Iowa Fatigue Scale X X X Falling and Balance X X X Physical Activity Levels StepWatch Activity Monitor continuous monitoring throughout study period * primary outcome; DEXA, dual-energy X-ray absorptiometry",candidate_table_found,Requires author extraction of arm-level n/mean/SD or events/denominators.,27178766.0,10.1016/j.cct.2016.05.001,Identifying effective and feasible interventions to accelerate functional recovery from hospitalization in older adults: A randomized controlled pilot trial.,exercise_plus_nutrition
PMC5351552,1,Table 1,adl_iadl,yes,4,"Table 1. List of functional outcome measures All measures will be performed, if possible, in each of the five groups at the indicated time points.. Table 1 List of functional outcome measures All measures will be performed, if possible, in each of the five groups at the indicated time points. Functional Outcome Measures Baseline testing 1 week testing 4 week testing Physical Function Tests * Short Physical Performance Battery X X X Fast Gait Speed X X X Hand Grip Strength X X X Knee Extension Strength X X X Timed Up and Go X X X Stair Climb X X Body Composition Assessments DEXA Scan X X Bioimpedance X X X Questionnaires Activities of Daily Living X X X Instrumental Activities of Daily Living X X X Geriatric Depression Scale X X X Iowa Fatigue Scale X X X Falling and Balance X X X Physical Activity Levels StepWatch Activity Monitor continuous monitoring throughout study period * primary outcome; DEXA, dual-energy X-ray absorptiometry",candidate_table_found,Requires author extraction of arm-level n/mean/SD or events/denominators.,27178766.0,10.1016/j.cct.2016.05.001,Identifying effective and feasible interventions to accelerate functional recovery from hospitalization in older adults: A randomized controlled pilot trial.,exercise_plus_nutrition
PMC5351552,2,Table 2,grip_strength,yes,38,Table 2. Power calculations based on a sample size of n=20/group and expected effect sizes and variability estimated from published studies of bed rest in healthy older adults and in geriatric patients.. Table 2 Power calculations based on a sample size of n=20/group and expected effect sizes and variability estimated from published studies of bed rest in healthy older adults and in geriatric patients. Intervention N=20/group Sit to stand SD= 3.2 sec 8 ft walk SD =2.5 sec Hand Grip * SD= 25% Change Power Change Power Change Power 1. Protein supplementation −3.1 sec 0.85 −2.8 sec 0.93 35% 0.99 2. In-home rehabilitation + placebo supplementation −3.1 sec 0.85 −2.8 sec 0.93 35% 0.99 3. In-home Rehabilitation + protein supplementation −3.4 sec 0.91 −3.1 sec 0.97 45% 0.99 4. Single testosterone injection −3.4 sec 0.91 −3.1 sec 0.97 45% 0.99 * Note: Percent change used due to absolute difference between sexes [ 48 ].,candidate_table_found,Requires author extraction of arm-level n/mean/SD or events/denominators.,27178766.0,10.1016/j.cct.2016.05.001,Identifying effective and feasible interventions to accelerate functional recovery from hospitalization in older adults: A randomized controlled pilot trial.,exercise_plus_nutrition
PMC6008824,2,Table 2,gait_speed,yes,34,Table 2. Pre- and posttest results of physical function for the ST and CON.. Table 2 Pre- and posttest results of physical function for the ST and CON. Tests Group Pretest Posttest Stair climbing (sec) ST 26.0 ± 6.0 19.3 ± 3.4 CON 18.3 ± 3.6 17.1 ± 3.3 Preferred walking speed (km/h) ST 2.3 ± 0.3 2.3 ± 0.2 CON 3.0 ± 0.3 2.9 ± 0.3 Maximal walking speed (km/h) ST 3.5 ± 0.3 3.8 ± 0.4 CON 4.5 ± 0.4 4.3 ± 0.4 Rising from a chair (sec) ST 27.6 ± 4.6 25.5 ± 4.1 CON 20.6 ± 2.2 19.1 ± 2.3 ST = strength-training group; CON = control group; sec = seconds; km/h =kilometres per hour; all values are presented as mean ± standard error.,candidate_table_found,Requires author extraction of arm-level n/mean/SD or events/denominators.,29988285.0,10.1155/2018/8916274,"Effects of Strength Training on Muscle Properties, Physical Function, and Physical Activity among Frail Older People: A Pilot Study.",exercise_only
PMC6248206,1,Table 1.,frailty_status_or_score,no,59," (23.9) .711 Female 131 (74.4) 134 (76.1) Age, years, mean ( SD ) 77.4 (7.7) 77.2 (6.8) .770 Living alone, n (%) 83 (47.2) 83 (47.2) 1.00 Marital Status, n (%) Single 23 (13.1) 22 (12.5) .884 Widowed 76 (43.2) 80 (45.5) Married 67 (38.1) 67 (38.1) Divorced 10 (5.7) 7 (4.0) Educational status, n (%) Unfinished studies 67 (38.1) 78 (44.3) .037 Primary school 80 (45.5) 60 (34.1) Secondary school 25 (14.2) 25 (14.2) University degree 4 (2.3) 13 (7.4) Falls, previous year, n (%) 59 (33.5) 57 (32.4) .821 Hospital admissions, previous year, n (%) 33 (18.8) 40 (22.7) .357 MEC-35 Lobo score, mean ( SD ) 30.6 (4.1) 31.2 (3.2) .135 Lawton & Brody Scale, mean ( SD ) 6.5 (1.9) 6.6 (1.76) .660 Barthel Index, mean ( SD ) 96.1 (7.5) 96.0 (6.2) .938 Number of drugs/day, mean ( SD ) 6.6 (3.8) 7.7 (3.2) .004 Charlson Index, mean ( SD ) 1.3 (1.5) 1.5 (1.6) .203 TGUGT, mean ( SD ) 14.5 (4.9) 15.0 (4.9) .368 Frailty criteria, n (%) a Prefrail 44 (25.0) 45 (25.6) .900 Frail 132 (75.0) 131 (74.4) Note : n = number of subjects; SD = Standard deviation; TGUGT = Timed get up and go test. a Adapted from ref. ( 2 ).",candidate_table_found,Requires author extraction of arm-level n/mean/SD or events/denominators.,29346524.0,10.1093/gerona/glx259,"Effects of a Primary Care-Based Multifactorial Intervention on Physical and Cognitive Function in Frail, Elderly Individuals: A Randomized Controlled Trial.",exercise_plus_nutrition
PMC6248206,1,Table 1.,adl_iadl,yes,64,"Table 1.. Baseline Characteristics by Treatment Group. Table 1. Baseline Characteristics by Treatment Group Control Group ( n = 176) Intervention Group ( n = 176) p Value Gender, n (%) Male 45 (25.6) 42 (23.9) .711 Female 131 (74.4) 134 (76.1) Age, years, mean ( SD ) 77.4 (7.7) 77.2 (6.8) .770 Living alone, n (%) 83 (47.2) 83 (47.2) 1.00 Marital Status, n (%) Single 23 (13.1) 22 (12.5) .884 Widowed 76 (43.2) 80 (45.5) Married 67 (38.1) 67 (38.1) Divorced 10 (5.7) 7 (4.0) Educational status, n (%) Unfinished studies 67 (38.1) 78 (44.3) .037 Primary school 80 (45.5) 60 (34.1) Secondary school 25 (14.2) 25 (14.2) University degree 4 (2.3) 13 (7.4) Falls, previous year, n (%) 59 (33.5) 57 (32.4) .821 Hospital admissions, previous year, n (%) 33 (18.8) 40 (22.7) .357 MEC-35 Lobo score, mean ( SD ) 30.6 (4.1) 31.2 (3.2) .135 Lawton & Brody Scale, mean ( SD ) 6.5 (1.9) 6.6 (1.76) .660 Barthel Index, mean ( SD ) 96.1 (7.5) 96.0 (6.2) .938 Number of drugs/day, mean ( SD ) 6.6 (3.8) 7.7 (3.2) .004 Charlson Index, mean ( SD ) 1.3 (1.5) 1.5 (1.6) .203 TGUGT, mean ( SD ) 14.5 (4.9) 15.0 (4.9) .368 Frailty criteria, n (%) a Prefrail 44 (25.0) 45 (25.6) .900 Frail 132 (75.0) 131 (74.4) Note : n = number of subjects; SD = Standard deviation; TGUGT = Timed get up and go test. a Adapted from ref. ( 2 ).",candidate_table_found,Requires author extraction of arm-level n/mean/SD or events/denominators.,29346524.0,10.1093/gerona/glx259,"Effects of a Primary Care-Based Multifactorial Intervention on Physical and Cognitive Function in Frail, Elderly Individuals: A Randomized Controlled Trial.",exercise_plus_nutrition
PMC6248206,1,Table 1.,falls,yes,64,"Table 1.. Baseline Characteristics by Treatment Group. Table 1. Baseline Characteristics by Treatment Group Control Group ( n = 176) Intervention Group ( n = 176) p Value Gender, n (%) Male 45 (25.6) 42 (23.9) .711 Female 131 (74.4) 134 (76.1) Age, years, mean ( SD ) 77.4 (7.7) 77.2 (6.8) .770 Living alone, n (%) 83 (47.2) 83 (47.2) 1.00 Marital Status, n (%) Single 23 (13.1) 22 (12.5) .884 Widowed 76 (43.2) 80 (45.5) Married 67 (38.1) 67 (38.1) Divorced 10 (5.7) 7 (4.0) Educational status, n (%) Unfinished studies 67 (38.1) 78 (44.3) .037 Primary school 80 (45.5) 60 (34.1) Secondary school 25 (14.2) 25 (14.2) University degree 4 (2.3) 13 (7.4) Falls, previous year, n (%) 59 (33.5) 57 (32.4) .821 Hospital admissions, previous year, n (%) 33 (18.8) 40 (22.7) .357 MEC-35 Lobo score, mean ( SD ) 30.6 (4.1) 31.2 (3.2) .135 Lawton & Brody Scale, mean ( SD ) 6.5 (1.9) 6.6 (1.76) .660 Barthel Index, mean ( SD ) 96.1 (7.5) 96.0 (6.2) .938 Number of drugs/day, mean ( SD ) 6.6 (3.8) 7.7 (3.2) .004 Charlson Index, mean ( SD ) 1.3 (1.5) 1.5 (1.6) .203 TGUGT, mean ( SD ) 14.5 (4.9) 15.0 (4.9) .368 Frailty criteria, n (%) a Prefrail 44 (25.0) 45 (25.6) .900 Frail 132 (75.0) 131 (74.4) Note : n = number of subjects; SD = Standard deviation; TGUGT = Timed get up and go test. a Adapted from ref. ( 2 ).",candidate_table_found,Requires author extraction of arm-level n/mean/SD or events/denominators.,29346524.0,10.1093/gerona/glx259,"Effects of a Primary Care-Based Multifactorial Intervention on Physical and Cognitive Function in Frail, Elderly Individuals: A Randomized Controlled Trial.",exercise_plus_nutrition
PMC6248206,2,Table 2.,sppb,yes,81,"Table 2.. Change in Physical Performance Measures and Prescriptions Between Intervention and Control Groups at 3 and 18 mo. Table 2. Change in Physical Performance Measures and Prescriptions Between Intervention and Control Groups at 3 and 18 mo Control Group N = 176 Intervention Group N = 176 Adjusted Mean Difference (95% CI) Between Groups (IG-CG) a,b Mean (SD) a Mean (SD) a p Value SES c Physical tests SPPB (range 0–12) Pre-I 7.3 (2.4) 7.1 (2.3) <.001 1.18 Post-3 mo 6.8 (2.3) 8.1 (2.2) 1.58 (1.29–1.86) Post-18 mo 7.0 (2.6) 8.1 (2.3) 1.36 (0.89–1.83) <.001 0.69 Handgrip (kg) Pre-I 16.5 (7.4) 16.5 (7.7) <.001 1.12 Post-3 mo 15.8 (6.9) 18.6 (7.7) 2.86 (2.32–3.41) Post-18 mo 15.7 (7.8) 18.2 (7.9) 2.49 (1.09–3.89) .001 0.41 Functional reach (cm) Pre-I 82.2 (9.3) 80.7 (10.1) <.001 0.96 Post-3 mo 80.7 (8.8) 83.5 (9.3) 4.34 (3.35–5.32) Post-18 mo 79.7 (10.5) 82.7 (10.7) 4.52 (2.32–6.72) <.001 0.47 Unipodal station (seconds) Pre-I 8.2 (9.7) 6.9 (8.0) <.001 0.75 Post-3 mo 7.3 (9.2) 9.6 (9.1) 3.58 (2.57–4.59) Post-18 mo 7.7 (9.0) 9.3 (8.7) 2.98 (1.11–4.84) .002 0.37 Number of drugs/day Pre-I 6.6 (3.8) 7.7 (3.2) <.001 0.99 Post-3 mo 7.2 (4.0) 6.9 (3.2) −1.39 (−1.69–−1.10) Post-18 mo 7.5 (4.1) 7.5 (3.4) −1.09 (−1.71–−0.47) .001 0.37 Note : CG = Control group; CI = Confidence interval; I = Intervention;",candidate_table_found,Requires author extraction of arm-level n/mean/SD or events/denominators.,29346524.0,10.1093/gerona/glx259,"Effects of a Primary Care-Based Multifactorial Intervention on Physical and Cognitive Function in Frail, Elderly Individuals: A Randomized Controlled Trial.",exercise_plus_nutrition
PMC6248206,2,Table 2.,grip_strength,yes,81,"Table 2.. Change in Physical Performance Measures and Prescriptions Between Intervention and Control Groups at 3 and 18 mo. Table 2. Change in Physical Performance Measures and Prescriptions Between Intervention and Control Groups at 3 and 18 mo Control Group N = 176 Intervention Group N = 176 Adjusted Mean Difference (95% CI) Between Groups (IG-CG) a,b Mean (SD) a Mean (SD) a p Value SES c Physical tests SPPB (range 0–12) Pre-I 7.3 (2.4) 7.1 (2.3) <.001 1.18 Post-3 mo 6.8 (2.3) 8.1 (2.2) 1.58 (1.29–1.86) Post-18 mo 7.0 (2.6) 8.1 (2.3) 1.36 (0.89–1.83) <.001 0.69 Handgrip (kg) Pre-I 16.5 (7.4) 16.5 (7.7) <.001 1.12 Post-3 mo 15.8 (6.9) 18.6 (7.7) 2.86 (2.32–3.41) Post-18 mo 15.7 (7.8) 18.2 (7.9) 2.49 (1.09–3.89) .001 0.41 Functional reach (cm) Pre-I 82.2 (9.3) 80.7 (10.1) <.001 0.96 Post-3 mo 80.7 (8.8) 83.5 (9.3) 4.34 (3.35–5.32) Post-18 mo 79.7 (10.5) 82.7 (10.7) 4.52 (2.32–6.72) <.001 0.47 Unipodal station (seconds) Pre-I 8.2 (9.7) 6.9 (8.0) <.001 0.75 Post-3 mo 7.3 (9.2) 9.6 (9.1) 3.58 (2.57–4.59) Post-18 mo 7.7 (9.0) 9.3 (8.7) 2.98 (1.11–4.84) .002 0.37 Number of drugs/day Pre-I 6.6 (3.8) 7.7 (3.2) <.001 0.99 Post-3 mo 7.2 (4.0) 6.9 (3.2) −1.39 (−1.69–−1.10) Post-18 mo 7.5 (4.1) 7.5 (3.4) −1.09 (−1.71–−0.47) .001 0.37 Note : CG = Control group; CI = Confidence interval; I = Intervention; IG = Intervention group; N = Number; SD = Standard deviation; SES = Standardized effect size; SPPB = Short physical performance battery. a Intention to treat analys",candidate_table_found,Requires author extraction of arm-level n/mean/SD or events/denominators.,29346524.0,10.1093/gerona/glx259,"Effects of a Primary Care-Based Multifactorial Intervention on Physical and Cognitive Function in Frail, Elderly Individuals: A Randomized Controlled Trial.",exercise_plus_nutrition
PMC6248206,3,Table 3.,sppb,yes,60,"6 0.26 Evocation of words Pre-I 19.1 (7.9) 19.4 (8.5) <.001 0.93 Post-3 mo 17.8 (7.1) 21.9 (8.8) 3.64 (2.81–4.47) Post-18 mo 18.3 (7.9) 20.8 (8.0) 2.10 (0.50–3.71) .010 0.32 Designation of famous people’s names Pre-I 19.8 (6.1) 20.8 (6.2) <.001 0.67 Post-3 mo 19.1 (5.8) 22.1 (6.1) 1.92 (1.31–2.53) Post-18 mo 20.7 (6.3) 22.4 (6.2) 0.71 (−0.41–1.83) .212 0.15 Verbal designation of images (number in ≤3 seconds) Pre-I 13.1 (1.2) 13.1 (1.4) <.001 0.59 Post-3 mo 12.8 (1.6) 13.5 (1.1) 0.71 (0.46–0.97) Post-18 mo 12.9 (1.6) 13.4 (1.2) 0.53 (0.20–0.86) .002 0.36 Verbal abstraction of word pairs Pre-I 3.5 (1.4) 3.5 (1.5) <.001 0.35 Post-3 mo 3.2 (1.3) 3.6 (1.5) 0.40 (0.16–0.65) Post-18 mo 2.7 (1.5) 3.1 (1.6) 0.46 (0.40–0.89) .032 0.25 Note : CG = Control group; CI = Confidence interval; I = Intervention; IG = Intervention group; N = Number; SD = Standard deviation; SES = Standardized effect size; SPPB = Short physical performance battery. a Intention to treat analyses using missing value imputation. b Multilevel mixed-effects linear regression adjusted by age, gender, marital status, educational status, income, MEC-35 Lobo, TGUGT. c Cohen’s d .",candidate_table_found,Requires author extraction of arm-level n/mean/SD or events/denominators.,29346524.0,10.1093/gerona/glx259,"Effects of a Primary Care-Based Multifactorial Intervention on Physical and Cognitive Function in Frail, Elderly Individuals: A Randomized Controlled Trial.",exercise_plus_nutrition
PMC7312630,2,Table 2,frailty_status_or_score,yes,61,"Table 2. Baseline characteristics of participants.. ijerph-17-03760-t002_Table 2 Table 2 Baseline characteristics of participants. Characteristics Control Group ( n = 32) MCEP Group ( n = 32) p -Value Age (y), mean ± SD 78.87 ± 1.32 76.68 ± 1.14 0.64 Sex, n (%) Female 16 (50.0) 23 (71.9) 0.06 Male 16 (50.0) 9 (28.1) Number of Comorbidities, mean ± SD 1.25 ± 0.76 1.09 ± 0.96 0.35 Number of Types of Medication, mean ± SD 2.62 (1.91) 2.28 ± 1.97 0.67 Self-health Rating, n (%) Excellent 4 (12.5) 6 (18.8) 0.61 Good 19 (59.4) 16 (50.0) Fair / poor 9 (28.1) 10 (31.2) BMI, mean ± SD 21.28 (0.69) 21.37 (0.68) 0.84 HRQOL Score (range, 0−100), mean ± SD 60.77 (16.84) 61.45 (13.3) 0.27 Frailty Score, mean ± SD 3.25 (0.50) 3.18 (0.39) 0.58 Frailty Criteria, n (%) Weight Loss 8 (25.0) 6 (18.8) 0.76 Low Grip Strength 31 (96.9) 29 (90.6) 0.61 Low Walking Speed 25 (78.1) 24 (75) 1.00 Exhaustion 15 (46.9) 17 (53.1) 0.84 Low Physical Activity 29 (90.6) 32 (100.0) 0.27 MCEP = Multicomponent exercise program, BMI = Body Mass Index, HRQOL = Health-related quality of life. Statistical significance at p < 0.05 using Independent Sample t-test for continuous data, and Chi-square test for categorical data.",candidate_table_found,Requires author extraction of arm-level n/mean/SD or events/denominators.,32466446.0,10.3390/ijerph17113760,Multicomponent Exercise Program Reduces Frailty and Inflammatory Biomarkers and Improves Physical Performance in Community-Dwelling Older Adults: A Randomized Controlled Trial.,exercise_plus_nutrition
PMC7312630,2,Table 2,gait_speed,yes,61,"Table 2. Baseline characteristics of participants.. ijerph-17-03760-t002_Table 2 Table 2 Baseline characteristics of participants. Characteristics Control Group ( n = 32) MCEP Group ( n = 32) p -Value Age (y), mean ± SD 78.87 ± 1.32 76.68 ± 1.14 0.64 Sex, n (%) Female 16 (50.0) 23 (71.9) 0.06 Male 16 (50.0) 9 (28.1) Number of Comorbidities, mean ± SD 1.25 ± 0.76 1.09 ± 0.96 0.35 Number of Types of Medication, mean ± SD 2.62 (1.91) 2.28 ± 1.97 0.67 Self-health Rating, n (%) Excellent 4 (12.5) 6 (18.8) 0.61 Good 19 (59.4) 16 (50.0) Fair / poor 9 (28.1) 10 (31.2) BMI, mean ± SD 21.28 (0.69) 21.37 (0.68) 0.84 HRQOL Score (range, 0−100), mean ± SD 60.77 (16.84) 61.45 (13.3) 0.27 Frailty Score, mean ± SD 3.25 (0.50) 3.18 (0.39) 0.58 Frailty Criteria, n (%) Weight Loss 8 (25.0) 6 (18.8) 0.76 Low Grip Strength 31 (96.9) 29 (90.6) 0.61 Low Walking Speed 25 (78.1) 24 (75) 1.00 Exhaustion 15 (46.9) 17 (53.1) 0.84 Low Physical Activity 29 (90.6) 32 (100.0) 0.27 MCEP = Multicomponent exercise program, BMI = Body Mass Index, HRQOL = Health-related quality of life. Statistical significance at p < 0.05 using Independent Sample t-test for continuous data, and Chi-square test for categorical data.",candidate_table_found,Requires author extraction of arm-level n/mean/SD or events/denominators.,32466446.0,10.3390/ijerph17113760,Multicomponent Exercise Program Reduces Frailty and Inflammatory Biomarkers and Improves Physical Performance in Community-Dwelling Older Adults: A Randomized Controlled Trial.,exercise_plus_nutrition
PMC7312630,2,Table 2,grip_strength,yes,61,"Table 2. Baseline characteristics of participants.. ijerph-17-03760-t002_Table 2 Table 2 Baseline characteristics of participants. Characteristics Control Group ( n = 32) MCEP Group ( n = 32) p -Value Age (y), mean ± SD 78.87 ± 1.32 76.68 ± 1.14 0.64 Sex, n (%) Female 16 (50.0) 23 (71.9) 0.06 Male 16 (50.0) 9 (28.1) Number of Comorbidities, mean ± SD 1.25 ± 0.76 1.09 ± 0.96 0.35 Number of Types of Medication, mean ± SD 2.62 (1.91) 2.28 ± 1.97 0.67 Self-health Rating, n (%) Excellent 4 (12.5) 6 (18.8) 0.61 Good 19 (59.4) 16 (50.0) Fair / poor 9 (28.1) 10 (31.2) BMI, mean ± SD 21.28 (0.69) 21.37 (0.68) 0.84 HRQOL Score (range, 0−100), mean ± SD 60.77 (16.84) 61.45 (13.3) 0.27 Frailty Score, mean ± SD 3.25 (0.50) 3.18 (0.39) 0.58 Frailty Criteria, n (%) Weight Loss 8 (25.0) 6 (18.8) 0.76 Low Grip Strength 31 (96.9) 29 (90.6) 0.61 Low Walking Speed 25 (78.1) 24 (75) 1.00 Exhaustion 15 (46.9) 17 (53.1) 0.84 Low Physical Activity 29 (90.6) 32 (100.0) 0.27 MCEP = Multicomponent exercise program, BMI = Body Mass Index, HRQOL = Health-related quality of life. Statistical significance at p < 0.05 using Independent Sample t-test for continuous data, and Chi-square test for categorical data.",candidate_table_found,Requires author extraction of arm-level n/mean/SD or events/denominators.,32466446.0,10.3390/ijerph17113760,Multicomponent Exercise Program Reduces Frailty and Inflammatory Biomarkers and Improves Physical Performance in Community-Dwelling Older Adults: A Randomized Controlled Trial.,exercise_plus_nutrition
PMC7312630,2,Table 2,quality_of_life,yes,61,"Table 2. Baseline characteristics of participants.. ijerph-17-03760-t002_Table 2 Table 2 Baseline characteristics of participants. Characteristics Control Group ( n = 32) MCEP Group ( n = 32) p -Value Age (y), mean ± SD 78.87 ± 1.32 76.68 ± 1.14 0.64 Sex, n (%) Female 16 (50.0) 23 (71.9) 0.06 Male 16 (50.0) 9 (28.1) Number of Comorbidities, mean ± SD 1.25 ± 0.76 1.09 ± 0.96 0.35 Number of Types of Medication, mean ± SD 2.62 (1.91) 2.28 ± 1.97 0.67 Self-health Rating, n (%) Excellent 4 (12.5) 6 (18.8) 0.61 Good 19 (59.4) 16 (50.0) Fair / poor 9 (28.1) 10 (31.2) BMI, mean ± SD 21.28 (0.69) 21.37 (0.68) 0.84 HRQOL Score (range, 0−100), mean ± SD 60.77 (16.84) 61.45 (13.3) 0.27 Frailty Score, mean ± SD 3.25 (0.50) 3.18 (0.39) 0.58 Frailty Criteria, n (%) Weight Loss 8 (25.0) 6 (18.8) 0.76 Low Grip Strength 31 (96.9) 29 (90.6) 0.61 Low Walking Speed 25 (78.1) 24 (75) 1.00 Exhaustion 15 (46.9) 17 (53.1) 0.84 Low Physical Activity 29 (90.6) 32 (100.0) 0.27 MCEP = Multicomponent exercise program, BMI = Body Mass Index, HRQOL = Health-related quality of life. Statistical significance at p < 0.05 using Independent Sample t-test for continuous data, and Chi-square test for categorical data.",candidate_table_found,Requires author extraction of arm-level n/mean/SD or events/denominators.,32466446.0,10.3390/ijerph17113760,Multicomponent Exercise Program Reduces Frailty and Inflammatory Biomarkers and Improves Physical Performance in Community-Dwelling Older Adults: A Randomized Controlled Trial.,exercise_plus_nutrition
PMC7312630,3,Table 3,frailty_status_or_score,yes,83,"Table 3. Comparisons of outcome between groups in physical performance, frailty score and HRQOL at baseline, 12 and 24 weeks.. ijerph-17-03760-t003_Table 3 Table 3 Comparisons of outcome between groups in physical performance, frailty score and HRQOL at baseline, 12 and 24 weeks. Parameters Control Group ( n = 32) MCEP Group ( n = 32) Group × Time # Baseline 12-Weeks 24-Weeks Baseline 12-Weeks 24-Weeks p Physical Performance Strength (Handgrip (kg)) 15.50 ± 6.47 16.28 ± 7.00 16.70 ± 8.05 15.71 ± 6.21 19.56 ± 5.27 * ,† 18.84 ± 5.01 † 0.08 Berg Balance Score 49.96 ± 4.40 45.34 ± 8.65 44.46 ± 9.52 † 49.12 ± 3.58 53.12 ± 3.16 * ,† 52.68 ± 3.49 * ,† <0.01 TUG (sec) 12.43 ± 5.04 15.57 ± 7.65 † 15.75 ± 6.96 † 12.21 ± 2.26 10.48 ± 2.16 * ,† 10.33 ± 2.91 * ,† <0.01 VO 2 Max 26.85 ± 4.57 26.12 ± 4.60 25.92 ± 4.07 26.53 ± 3.14 28.69 ± 4.39 * 27.59 ± 4.14 0.07 Frailty Score 3.25 ± 0.50 3.03 ± 1.20 3.09 ± 0.92 3.18 ± 0.39 1.59 ± 0.83 * ,† 1.65 ± 0.86 * ,† <0.01 HRQOL; SF-36 Ove",candidate_table_found,Requires author extraction of arm-level n/mean/SD or events/denominators.,32466446.0,10.3390/ijerph17113760,Multicomponent Exercise Program Reduces Frailty and Inflammatory Biomarkers and Improves Physical Performance in Community-Dwelling Older Adults: A Randomized Controlled Trial.,exercise_plus_nutrition
PMC7312630,3,Table 3,grip_strength,yes,122,"Table 3. Comparisons of outcome between groups in physical performance, frailty score and HRQOL at baseline, 12 and 24 weeks.. ijerph-17-03760-t003_Table 3 Table 3 Comparisons of outcome between groups in physical performance, frailty score and HRQOL at baseline, 12 and 24 weeks. Parameters Control Group ( n = 32) MCEP Group ( n = 32) Group × Time # Baseline 12-Weeks 24-Weeks Baseline 12-Weeks 24-Weeks p Physical Performance Strength (Handgrip (kg)) 15.50 ± 6.47 16.28 ± 7.00 16.70 ± 8.05 15.71 ± 6.21 19.56 ± 5.27 * ,† 18.84 ± 5.01 † 0.08 Berg Balance Score 49.96 ± 4.40 45.34 ± 8.65 44.46 ± 9.52 † 49.12 ± 3.58 53.12 ± 3.16 * ,† 52.68 ± 3.49 * ,† <0.01 TUG (sec) 12.43 ± 5.04 15.57 ± 7.65 † 15.75 ± 6.96 † 12.21 ± 2.26 10.48 ± 2.16 * ,† 10.33 ± 2.91 * ,† <0.01 VO 2 Max 26.85 ± 4.57 26.12 ± 4.60 25.92 ± 4.07 26.53 ± 3.14 28.69 ± 4.39 * 27.59 ± 4.14 0.07 Frailty Score 3.25 ± 0.50 3.03 ± 1.20 3.09 ± 0.92 3.18 ± 0.39 1.59 ± 0.83 * ,† 1.65 ± 0.86 * ,† <0.01 HRQOL; SF-36 Overall 61.28 ± 16.17 60.49 ± 21.63 56.69± 13.34 61.90 ± 13.23 61.79 ± 20.92 59.56 ± 14.00 0.58 PCS 53.56 ± 17.83 52.53 ± 20.43 52.82 ± 20.98 53.38 ± 14.28 64.88 ± 22.96 † 60.78 ± 22.5 0.17 MCS 73.88 ± 17.41 70.68 ± 21.94 69.36 ± 20.28 71.11 ± 15.87 74.14 ± 21.79 72.81 ± 21.71 0.25 All data are expressed as means ± SD; # Analysis of two-way repeated-measures ANOVA; * =",candidate_table_found,Requires author extraction of arm-level n/mean/SD or events/denominators.,32466446.0,10.3390/ijerph17113760,Multicomponent Exercise Program Reduces Frailty and Inflammatory Biomarkers and Improves Physical Performance in Community-Dwelling Older Adults: A Randomized Controlled Trial.,exercise_plus_nutrition
PMC7312630,3,Table 3,quality_of_life,yes,85,"Table 3. Comparisons of outcome between groups in physical performance, frailty score and HRQOL at baseline, 12 and 24 weeks.. ijerph-17-03760-t003_Table 3 Table 3 Comparisons of outcome between groups in physical performance, frailty score and HRQOL at baseline, 12 and 24 weeks. Parameters Control Group ( n = 32) MCEP Group ( n = 32) Group × Time # Baseline 12-Weeks 24-Weeks Baseline 12-Weeks 24-Weeks p Physical Performance Strength (Handgrip (kg)) 15.50 ± 6.47 16.28 ± 7.00 16.70 ± 8.05 15.71 ± 6.21 19.56 ± 5.27 * ,† 18.84 ± 5.01 † 0.08 Berg Balance Score 49.96 ± 4.40 45.34 ± 8.65 44.46 ± 9.52 † 49.12 ± 3.58 53.12 ± 3.16 * ,† 52.68 ± 3.49 * ,† <0.01 TUG (sec) 12.43 ± 5.04 15.57 ± 7.65 † 15.75 ± 6.96 † 12.21 ± 2.26 10.48 ± 2.16 * ,† 10.33 ± 2.91 * ,† <0.01 VO 2 Max 26.85 ± 4.57 26.12 ± 4.60 25.92 ± 4.07 26.53 ± 3.14 28.69 ± 4.39 * 27.59 ± 4.14 0.07 Frailty Score 3.25 ± 0.50 3.03 ± 1.20 3.09 ± 0.92 3.18 ± 0.39 1.59 ± 0.83 * ,† 1.65 ± 0.86 * ,† <0.01 HRQOL; SF-36 Overall 61.28 ± 16.",candidate_table_found,Requires author extraction of arm-level n/mean/SD or events/denominators.,32466446.0,10.3390/ijerph17113760,Multicomponent Exercise Program Reduces Frailty and Inflammatory Biomarkers and Improves Physical Performance in Community-Dwelling Older Adults: A Randomized Controlled Trial.,exercise_plus_nutrition
PMC7373606,5,Table 5,frailty_status_or_score,yes,2,Table 5. Frailty criteria met among participants in both groups.. Table 5 Frailty criteria met among participants in both groups.,candidate_table_found,Requires author extraction of arm-level n/mean/SD or events/denominators.,32702879.0,10.1097/MD.0000000000021187,Effects of concurrent aerobic and resistance exercise in frail and pre-frail older adults: A randomized trial of supervised versus home-based programs.,exercise_only
PMC7545899,1,Table 1,sppb,yes,84,"Table 1. Baseline demographic and clinical characteristics by group. Table 1 Baseline demographic and clinical characteristics by group Total Intervention Control p ( n = 32) ( n = 17) ( n = 15) Sex n (%) Male 7 (21.9%) 5 (29.4%) 2 (13.3%) .27 Female 25 (78.1%) 12 (70.6%) 13 (86.7%) Age Mean (SD) 77.2 (5.9) 79.5 (4.2) 74.6 (6.5) .02 Pain VAS Mean (SD) 48.1 (24.4) 41.9 (18.3) 55.2 (28.9) .13 Median (IQR) 50.5 (35–69.75) 40 (29.5–57.5) 68 (39–73) SPPB Mean (SD) 7.1 (1.9) 6.6 (1.7) 7.7 (1.9) .11 Quality of life EQ-5D VAS Mean (SD) 60.9 (18.7) 60.5 (17.7) 61.3 (20.4) .91 Median (IQR) 60 (50–73.5) 60 (50–65) 60 (50–80) Index value Mean (SD) .61 (.22) .67 (.13) .55 (.28) .12 Median (IQR) 0.69 (0.51–0.75) 0.7 (0.56–0.76) 0.69 (0.46–0.74) Mobility n (%) 11 (34.4%) 4 (23.5%) 7 (46.7%) .11 Self-care n (%) 4 (12.5%) 1 (5.9%) 3 (20%) .86 Usual activ. n (%) 12 (37.5%) 6 (35.3%) 6 (40%) .45 Pain n (%) 22 (68.8%) 12 (70.6%) 10 (66.7%) .88 Anxiety n (%) 12 (37.5%) 6 (35.3%) 6 (40%) .31 Yesavage Mean (SD) 1.5 (1.2) 1.4 (1.2) 1.8 (1.2) .39 Barthel Mean (SD) 97.6 (3.1) 97.6 (3.1) 97.6 (3.2) .99 Number of medications Mean (SD) 9.2 (3.8) 9.3 (4.4) 9.2 (3.1) .92 Live with n (%) Family 4 (12.5%) 3 (17.6%) 1 (6.7%) Partner 17 (53.1%) 8 (47.1%) 9 (60.0%) .60 Alone 11 (34.4%) 6 (35.3%) 5 (33.3%) VAS Visual Analogue Scale, SD Standard Deviation, IQR Inter-qu",candidate_table_found,Requires author extraction of arm-level n/mean/SD or events/denominators.,33032532.0,10.1186/s12877-020-01805-3,A physical activity program versus usual care in the management of quality of life for pre-frail older adults with chronic pain: randomized controlled trial.,multicomponent_exercise
PMC7545899,1,Table 1,adl_iadl,yes,82,"tal Intervention Control p ( n = 32) ( n = 17) ( n = 15) Sex n (%) Male 7 (21.9%) 5 (29.4%) 2 (13.3%) .27 Female 25 (78.1%) 12 (70.6%) 13 (86.7%) Age Mean (SD) 77.2 (5.9) 79.5 (4.2) 74.6 (6.5) .02 Pain VAS Mean (SD) 48.1 (24.4) 41.9 (18.3) 55.2 (28.9) .13 Median (IQR) 50.5 (35–69.75) 40 (29.5–57.5) 68 (39–73) SPPB Mean (SD) 7.1 (1.9) 6.6 (1.7) 7.7 (1.9) .11 Quality of life EQ-5D VAS Mean (SD) 60.9 (18.7) 60.5 (17.7) 61.3 (20.4) .91 Median (IQR) 60 (50–73.5) 60 (50–65) 60 (50–80) Index value Mean (SD) .61 (.22) .67 (.13) .55 (.28) .12 Median (IQR) 0.69 (0.51–0.75) 0.7 (0.56–0.76) 0.69 (0.46–0.74) Mobility n (%) 11 (34.4%) 4 (23.5%) 7 (46.7%) .11 Self-care n (%) 4 (12.5%) 1 (5.9%) 3 (20%) .86 Usual activ. n (%) 12 (37.5%) 6 (35.3%) 6 (40%) .45 Pain n (%) 22 (68.8%) 12 (70.6%) 10 (66.7%) .88 Anxiety n (%) 12 (37.5%) 6 (35.3%) 6 (40%) .31 Yesavage Mean (SD) 1.5 (1.2) 1.4 (1.2) 1.8 (1.2) .39 Barthel Mean (SD) 97.6 (3.1) 97.6 (3.1) 97.6 (3.2) .99 Number of medications Mean (SD) 9.2 (3.8) 9.3 (4.4) 9.2 (3.1) .92 Live with n (%) Family 4 (12.5%) 3 (17.6%) 1 (6.7%) Partner 17 (53.1%) 8 (47.1%) 9 (60.0%) .60 Alone 11 (34.4%) 6 (35.3%) 5 (33.3%) VAS Visual Analogue Scale, SD Standard Deviation, IQR Inter-quartile range, SPPB Short Physical performance battery",candidate_table_found,Requires author extraction of arm-level n/mean/SD or events/denominators.,33032532.0,10.1186/s12877-020-01805-3,A physical activity program versus usual care in the management of quality of life for pre-frail older adults with chronic pain: randomized controlled trial.,multicomponent_exercise
PMC7545899,1,Table 1,quality_of_life,yes,84,"Table 1. Baseline demographic and clinical characteristics by group. Table 1 Baseline demographic and clinical characteristics by group Total Intervention Control p ( n = 32) ( n = 17) ( n = 15) Sex n (%) Male 7 (21.9%) 5 (29.4%) 2 (13.3%) .27 Female 25 (78.1%) 12 (70.6%) 13 (86.7%) Age Mean (SD) 77.2 (5.9) 79.5 (4.2) 74.6 (6.5) .02 Pain VAS Mean (SD) 48.1 (24.4) 41.9 (18.3) 55.2 (28.9) .13 Median (IQR) 50.5 (35–69.75) 40 (29.5–57.5) 68 (39–73) SPPB Mean (SD) 7.1 (1.9) 6.6 (1.7) 7.7 (1.9) .11 Quality of life EQ-5D VAS Mean (SD) 60.9 (18.7) 60.5 (17.7) 61.3 (20.4) .91 Median (IQR) 60 (50–73.5) 60 (50–65) 60 (50–80) Index value Mean (SD) .61 (.22) .67 (.13) .55 (.28) .12 Median (IQR) 0.69 (0.51–0.75) 0.7 (0.56–0.76) 0.69 (0.46–0.74) Mobility n (%) 11 (34.4%) 4 (23.5%) 7 (46.7%) .11 Self-care n (%) 4 (12.5%) 1 (5.9%) 3 (20%) .86 Usual activ. n (%) 12 (37.5%) 6 (35.3%) 6 (40%) .45 Pain n (%) 22 (68.8%) 12 (70.6%) 10 (66.7%) .88 Anxiety n (%) 12 (37.5%) 6 (35.3%) 6 (40%) .31 Yesavage Mean (SD) 1.5 (1.2) 1.4 (1.2) 1.8 (1.2) .39 Barthel Mean (SD) 97.6 (3.1) 97.6 (3.1) 97.6 (3.2) .99 Number of medications Mean (SD) 9.2 (3.8) 9.3 (4.4) 9.2 (3.1) .92 Live with n (%) Family 4 (12.5%) 3 (17.6%) 1 (6.7%) Partner 17 (53.1%) 8 (47.1%) 9 (60.0%) .60 Alone 11 (34.4%) 6 (35.3%) 5 (33.3%) VAS Visual Analogue Scale, SD Standard Deviation, IQR Inter-quartile range, SPPB Short Physical performance battery",candidate_table_found,Requires author extraction of arm-level n/mean/SD or events/denominators.,33032532.0,10.1186/s12877-020-01805-3,A physical activity program versus usual care in the management of quality of life for pre-frail older adults with chronic pain: randomized controlled trial.,multicomponent_exercise
PMC7545899,2,Table 2,frailty_status_or_score,yes,40,"Table 2. Mean differences between intervention and control groups. Table 2 Mean differences between intervention and control groups Post-intervention (T1) 3 months follow-up (T2) Mean differences 95% CI p Mean differences 95% CI p Quality of life Index value −0.19 (−0.33- -0.04) .02 −0.21 (−0.37- -0.05) .01 EQ-5D VAS −9.1 (−23.58–5.39) .21 −4.3 (−15.22–6.63) .43 Frailty DFS Men −1.19 (−3.46–1.09) .24 0.1 (−2.16–2.36) .91 DFS Women −1.22 (−1.96- -0.48) .00 −0.82 (−1.54- -0.10) .03 VAS pain 22.12 (4.18–40.06) .02 13.49 (−4.09–31.07) .13 SPPB 0.29 (−1.17–1.15) .69 0.39 (−1.23–2.00) .62 Yesavage −0.12 (−1.18–0.93) .82 −0.28 (−1.13–0.58) .51 Barthel −0.27 (−2.55–2.00) .81 −1.65 (−5.06–1.76) .33 VAS Visual Analogue Scale, CI Confidence Interval, SPPB Short Physical performance battery, DFS Discreet factor score",candidate_table_found,Requires author extraction of arm-level n/mean/SD or events/denominators.,33032532.0,10.1186/s12877-020-01805-3,A physical activity program versus usual care in the management of quality of life for pre-frail older adults with chronic pain: randomized controlled trial.,multicomponent_exercise
PMC7545899,2,Table 2,sppb,yes,40,"Table 2. Mean differences between intervention and control groups. Table 2 Mean differences between intervention and control groups Post-intervention (T1) 3 months follow-up (T2) Mean differences 95% CI p Mean differences 95% CI p Quality of life Index value −0.19 (−0.33- -0.04) .02 −0.21 (−0.37- -0.05) .01 EQ-5D VAS −9.1 (−23.58–5.39) .21 −4.3 (−15.22–6.63) .43 Frailty DFS Men −1.19 (−3.46–1.09) .24 0.1 (−2.16–2.36) .91 DFS Women −1.22 (−1.96- -0.48) .00 −0.82 (−1.54- -0.10) .03 VAS pain 22.12 (4.18–40.06) .02 13.49 (−4.09–31.07) .13 SPPB 0.29 (−1.17–1.15) .69 0.39 (−1.23–2.00) .62 Yesavage −0.12 (−1.18–0.93) .82 −0.28 (−1.13–0.58) .51 Barthel −0.27 (−2.55–2.00) .81 −1.65 (−5.06–1.76) .33 VAS Visual Analogue Scale, CI Confidence Interval, SPPB Short Physical performance battery, DFS Discreet factor score",candidate_table_found,Requires author extraction of arm-level n/mean/SD or events/denominators.,33032532.0,10.1186/s12877-020-01805-3,A physical activity program versus usual care in the management of quality of life for pre-frail older adults with chronic pain: randomized controlled trial.,multicomponent_exercise
PMC7545899,2,Table 2,adl_iadl,yes,40,"Table 2. Mean differences between intervention and control groups. Table 2 Mean differences between intervention and control groups Post-intervention (T1) 3 months follow-up (T2) Mean differences 95% CI p Mean differences 95% CI p Quality of life Index value −0.19 (−0.33- -0.04) .02 −0.21 (−0.37- -0.05) .01 EQ-5D VAS −9.1 (−23.58–5.39) .21 −4.3 (−15.22–6.63) .43 Frailty DFS Men −1.19 (−3.46–1.09) .24 0.1 (−2.16–2.36) .91 DFS Women −1.22 (−1.96- -0.48) .00 −0.82 (−1.54- -0.10) .03 VAS pain 22.12 (4.18–40.06) .02 13.49 (−4.09–31.07) .13 SPPB 0.29 (−1.17–1.15) .69 0.39 (−1.23–2.00) .62 Yesavage −0.12 (−1.18–0.93) .82 −0.28 (−1.13–0.58) .51 Barthel −0.27 (−2.55–2.00) .81 −1.65 (−5.06–1.76) .33 VAS Visual Analogue Scale, CI Confidence Interval, SPPB Short Physical performance battery, DFS Discreet factor score",candidate_table_found,Requires author extraction of arm-level n/mean/SD or events/denominators.,33032532.0,10.1186/s12877-020-01805-3,A physical activity program versus usual care in the management of quality of life for pre-frail older adults with chronic pain: randomized controlled trial.,multicomponent_exercise
PMC7545899,2,Table 2,quality_of_life,yes,40,"Table 2. Mean differences between intervention and control groups. Table 2 Mean differences between intervention and control groups Post-intervention (T1) 3 months follow-up (T2) Mean differences 95% CI p Mean differences 95% CI p Quality of life Index value −0.19 (−0.33- -0.04) .02 −0.21 (−0.37- -0.05) .01 EQ-5D VAS −9.1 (−23.58–5.39) .21 −4.3 (−15.22–6.63) .43 Frailty DFS Men −1.19 (−3.46–1.09) .24 0.1 (−2.16–2.36) .91 DFS Women −1.22 (−1.96- -0.48) .00 −0.82 (−1.54- -0.10) .03 VAS pain 22.12 (4.18–40.06) .02 13.49 (−4.09–31.07) .13 SPPB 0.29 (−1.17–1.15) .69 0.39 (−1.23–2.00) .62 Yesavage −0.12 (−1.18–0.93) .82 −0.28 (−1.13–0.58) .51 Barthel −0.27 (−2.55–2.00) .81 −1.65 (−5.06–1.76) .33 VAS Visual Analogue Scale, CI Confidence Interval, SPPB Short Physical performance battery, DFS Discreet factor score",candidate_table_found,Requires author extraction of arm-level n/mean/SD or events/denominators.,33032532.0,10.1186/s12877-020-01805-3,A physical activity program versus usual care in the management of quality of life for pre-frail older adults with chronic pain: randomized controlled trial.,multicomponent_exercise
PMC7913348,2,Table 2,frailty_status_or_score,yes,103,"e study population ( n = 347).. ijerph-18-01396-t002_Table 2 Table 2 Baseline characteristics of the study population ( n = 347). Mean ± SD/ n (%) Cognitive Intervention Group Variables Total ( n = 347) Multi-Domain CCT + PE ( n = 117) Two-Domain CCT + PE ( n = 116) Video Watching + PE (Control) ( n = 114) p 1 Socio-demographics Age, years 64.2 ± 6.4 64.7 ± 7.3 64.0 ± 6.3 64.0 ± 5.3 0.659 Sex 0.056 Men 50 (14.4) 12 (10.3) 24 (20.7) 14 (12.3) Women 297 (85.6) 105 (89.7) 92 (79.3) 100 (87.7) Marital 0.977 Not married 114 (32.9) 38 (32.5) 39 (33.6) 37 (32.5) Married 233 (67.1) 79 (67.5) 77 (66.4) 77 (67.5) Educational level 0.103 Secondary or below 232 (66.9) 74 (63.2) 73 (62.9) 85 (74.6) Post-secondary or above 115 (33.1) 43 (36.8) 43 (37.1) 29 (25.4) Living arrangement 0.586 Living with others 298 (85.9) 103 (88.0) 100 (86.2) 95 (83.3) Living alone 49 (14.1) 14 (12.0) 16 (13.8) 19 (16.7) Frailty FRAIL, score 0.9 ± 0.7 0.9 ± 0.7 0.9 ± 0.7 0.7 ± 0.7 0.056 Cognitive function RCS, score 7.1 ± 1.6 7.0 ± 1.7 7.2 ± 1.4 7.2 ± 1.6 0.472 HKLLT-TL, score 27.7 ± 7.0 27.2 ± 6.9 27.5 ± 7.3 28.6 ± 6.5 0.237 HKLLT-DRT, score 9.4 ± 3.5 9.2 ± 3.1 9.1 ± 3.6 9.9 ± 3.6 0.155 FAB, score 14.9 ± 2.4 14.5 ± 2.4 15.6 ± 2.1 14.7 ± 2.6 0.001 CCT = computerized cognitive training; FAB = Frontal Assessment Battery; FRAIL = simple frailty questionnaire; HKLLT-TL/DRT = Hong Kong List Learning Test-Total Learning/Delay Recall Trial; PE = physical exercise; RCS = Rapid Cognitive Screen. Data are presented as mean ± standard deviation, or number (percentage) of each of the variables. 1 p -value of difference between the multi-domain CCT + PE, the two-domain CCT + PE and the video watching + PE (control) groups.",candidate_table_found,Requires author extraction of arm-level n/mean/SD or events/denominators.,33546255.0,10.3390/ijerph18041396,Randomized Controlled Trial on the Effects of a Combined Intervention of Computerized Cognitive Training Preceded by Physical Exercise for Improving Frailty Status and Cognitive Function in Older Adults.,multidomain
PMC7913348,3,Table 3,frailty_status_or_score,yes,137,Table 3. Changes in outcome measures by intervention group ( n = 347).. ijerph-18-01396-t003_Table 3 Table 3 Changes in outcome measures by intervention group ( n = 347). Mean ± SD Mean ± SD Mean ± SD Multi-Domain CCT + PE ( n = 117) Two-Domain CCT + PE ( n = 116) Video Watching + PE (Control) ( n = 114) Variables Pre Post Diff p 1 Pre Post Diff p 1 p 2 Pre Post Diff p 1 p 3 p 4 FRAIL 0.9 ± 0.7 0.5 ± 0.7 −0.4 ± 1.0 <0.001 0.9 ± 0.7 0.5 ± 0.6 −0.4 ± 0.8 <0.001 0.794 0.7 ± 0.7 0.7 ± 0.8 −0.1 ± 0.9 0.319 0.011 0.012 RCS 7.0 ± 1.7 7.6 ± 1.5 0.6 ± 2.0 0.002 7.2 ± 1.4 7.7 ± 1.7 0.5 ± 1.8 0.004 0.700 7.2 ± 1.6 7.5 ± 1.4 0.3 ± 2.0 0.124 0.455 0.390 HKLLT-TL 27.2 ± 6.9 32.4 ± 6.6 5.2 ± 6.8 <0.001 27.5 ± 7.3 33.4 ± 7.1 6.0 ± 5.9 <0.001 0.375 28.6 ± 6.5 32.0 ± 7.3 3.4 ± 8.0 <0.001 0.014 0.015 HKLLT-DRT 9.2 ± 3.1 10.9 ± 3.4 1.7 ± 3.4 <0.001 9.1 ± 3.6 11.5 ± 3.4 2.4 ± 3.4 <0.001 0.133 9.9 ± 3.6 11.1 ± 3.5 1.2 ± 3.8 0.001 0.038 0.027 FAB ^ 14.5 ± 2.4 15.9 ± 2.3 1.4 ± 2.7 <0.001 15.6 ± 2.1 16.5 ± 1.8 0.9 ± 2.2 <0.001 0.162 14.7 ± 2.6 16.0 ± 2.1 1.3 ± 3.0 <0.001 0.345 0.371 CCT = computerized cognitive training; FAB = Frontal Assessment Battery; FRAIL = simple frailty questionnaire; HKLLT-TL/DRT = Hong Kong List Learning Test-Total Learning/Delay Recall Trial; PE = physical exercise,candidate_table_found,Requires author extraction of arm-level n/mean/SD or events/denominators.,33546255.0,10.3390/ijerph18041396,Randomized Controlled Trial on the Effects of a Combined Intervention of Computerized Cognitive Training Preceded by Physical Exercise for Improving Frailty Status and Cognitive Function in Older Adults.,multidomain
PMC7913348,4,Table 4,frailty_status_or_score,yes,173,"Table 4. Changes in outcome measures by intervention group and baseline cognition, RCS ≥ 8 ( n = 135) and RCS < 8 ( n = 212).. ijerph-18-01396-t004_Table 4 Table 4 Changes in outcome measures by intervention group and baseline cognition, RCS ≥ 8 ( n = 135) and RCS < 8 ( n = 212). Mean ± SD Mean ± SD Mean ± SD Multi-Domain CCT + PE ( n = 41) Two-Domain CCT + PE ( n = 47) Video Watching + PE (Control) ( n = 47) Variables Pre Post Diff p 1 Pre Post Diff p 1 p 2 Pre Post Diff p 1 p 3 p 4 RCS ≥ 8 ( n = 135) FRAIL 0.9 ± 0.8 0.4 ± 0.7 −0.4 ± 1.0 0.015 0.9 ± 0.6 0.5 ± 0.7 −0.4 ± 0.8 0.005 0.794 0.7 ± 0.7 0.6 ± 0.7 −0.1 ± 0.8 0.390 0.230 0.228 HKLLT-TL 29.5 ± 6.6 33.9 ± 6.1 4.4 ± 6.6 <0.001 28.8 ± 7.1 35.2 ± 6.3 6.3 ± 5.9 <0.001 0.143 30.1 ± 6.0 33.7 ± 7.2 3.6 ± 7.9 0.003 0.137 0.161 HKLLT-DRT 10.4 ± 2.8 11.7 ± 3.1 1.3 ± 3.4 0.019 9.2 ± 3.7 12.4 ± 2.3 3.1 ± 3.1 <0.001 0.009 10.7 ± 3.3 11.5 ± 3.6 0.7 ± 4.0 0.206 0.004 0.004 FAB 15.2 ± 2.0 16.4 ± 1.7 1.3 ± 2.5 0.003 15.7 ± 2.1 16.5 ± 1.8 0.8 ± 2.2 0.019 0.343 15.3 ± 2.4 16.2 ± 2.1 0.9 ± 2.8 0.031 0.647 0.762 RCS < 8 ( n = 212) FRAIL 1.0 ± 0.7 0.6 ± 0.7 −0.4 ± 1.0 <0.001 0.9 ± 0.7 0.5 ± 0.6 −0.4 ± 0.8 <0.001 0.916 0.8 ± 0.7 0.7 ± 0.8 −0.1 ± 1.0 0.545 0.047 0.047 HKLLT-TL 25.9 ± 6.8 31.6 ± 6.7 5.7 ± 6.9 <0.001 26.5 ± 7.4 32.3 ± 7.3 5.7 ± 6.0 <0.001 0.979 27.6 ± 6.8 30.8 ± 7.2 3.2 ± 8.1 0.002 0.056 0.054 HKLLT-DRT 8.6 ± 3.1 10.5 ± 3.5 1.9 ± 3.5 <0.001 9.",candidate_table_found,Requires author extraction of arm-level n/mean/SD or events/denominators.,33546255.0,10.3390/ijerph18041396,Randomized Controlled Trial on the Effects of a Combined Intervention of Computerized Cognitive Training Preceded by Physical Exercise for Improving Frailty Status and Cognitive Function in Older Adults.,multidomain
PMC8385532,1,Table 1,frailty_status_or_score,yes,9,Table 1. The classification of cognitive frailty groups. Table 1 The classification of cognitive frailty groups Criteria Cognitive Frailty Frailty [ 3 ] Unintentional weight loss Frailty ≥3 Weak hand grip strength Pre-frailty ≥1-2 Slow gait speed Robust = 0 Exhaustion Low physical activity Cognitive Impairment [ 15 ] Clinical Dementia Rating (CDR) CDR = 0.5,candidate_table_found,Requires author extraction of arm-level n/mean/SD or events/denominators.,34092633.0,10.3233/jad-201607,"Multidomain Intervention for Reversal of Cognitive Frailty, Towards a Personalized Approach (AGELESS Trial): Study Design.",multidomain
PMC8385532,1,Table 1,gait_speed,yes,9,Table 1. The classification of cognitive frailty groups. Table 1 The classification of cognitive frailty groups Criteria Cognitive Frailty Frailty [ 3 ] Unintentional weight loss Frailty ≥3 Weak hand grip strength Pre-frailty ≥1-2 Slow gait speed Robust = 0 Exhaustion Low physical activity Cognitive Impairment [ 15 ] Clinical Dementia Rating (CDR) CDR = 0.5,candidate_table_found,Requires author extraction of arm-level n/mean/SD or events/denominators.,34092633.0,10.3233/jad-201607,"Multidomain Intervention for Reversal of Cognitive Frailty, Towards a Personalized Approach (AGELESS Trial): Study Design.",multidomain
PMC8385532,1,Table 1,grip_strength,yes,9,Table 1. The classification of cognitive frailty groups. Table 1 The classification of cognitive frailty groups Criteria Cognitive Frailty Frailty [ 3 ] Unintentional weight loss Frailty ≥3 Weak hand grip strength Pre-frailty ≥1-2 Slow gait speed Robust = 0 Exhaustion Low physical activity Cognitive Impairment [ 15 ] Clinical Dementia Rating (CDR) CDR = 0.5,candidate_table_found,Requires author extraction of arm-level n/mean/SD or events/denominators.,34092633.0,10.3233/jad-201607,"Multidomain Intervention for Reversal of Cognitive Frailty, Towards a Personalized Approach (AGELESS Trial): Study Design.",multidomain
PMC8385532,2,Table 2,frailty_status_or_score,yes,16,"Table 2. The parameters collected at baseline. Table 2 The parameters collected at baseline Parameters Primary Outcomes Cognitive function Modified Neuropsychological Tests Battery (mNTB) [ 53 ], Mini-Mental State Examination, Clinical Dementia Rating Physical fitness Fried’s Frailty Criteria, 2-min Step Test, Grip Strength Test, Chair Stand Test, Chair Sit-and-Reach Test, Timed Up-and-Go Test, Back Scratch Test [ 54 ], Exercise Self-Efficacy Scale (ESES) [ 55 ], maximum oxygen uptake (VO 2max ) [ 56 ]. Secondary Outcomes Body composition Weight, height, arm span, mid-upper arm circumference, waist circumference, hip circumference, calf circumference, fat mass, muscle mass Psychosocial and functional status Medical Outcome Social Support (MOSS) [ 57 ], BRIEF-Cope [ 58 ], De Jong Gierveld Loneliness Scale [ 59 ], Resilience scale [ 60 ], General Self-Efficacy Scale (GSES) [ 61 ], University of Rhode Island Change Assessment (URICA) Psychotherapy version [ 62 ] Dietary intake Diet History Questionnaire (DHQ) [ 63 ] Vascular Health 30 ml blood for biochemical analysis (metabolic profile, troponin, nitric oxide, nutriomes, albumin, amino acid and fatty acid pr",candidate_table_found,Requires author extraction of arm-level n/mean/SD or events/denominators.,34092633.0,10.3233/jad-201607,"Multidomain Intervention for Reversal of Cognitive Frailty, Towards a Personalized Approach (AGELESS Trial): Study Design.",multidomain
PMC8385532,2,Table 2,grip_strength,yes,17,"Table 2. The parameters collected at baseline. Table 2 The parameters collected at baseline Parameters Primary Outcomes Cognitive function Modified Neuropsychological Tests Battery (mNTB) [ 53 ], Mini-Mental State Examination, Clinical Dementia Rating Physical fitness Fried’s Frailty Criteria, 2-min Step Test, Grip Strength Test, Chair Stand Test, Chair Sit-and-Reach Test, Timed Up-and-Go Test, Back Scratch Test [ 54 ], Exercise Self-Efficacy Scale (ESES) [ 55 ], maximum oxygen uptake (VO 2max ) [ 56 ]. Secondary Outcomes Body composition Weight, height, arm span, mid-upper arm circumference, waist circumference, hip circumference, calf circumference, fat mass, muscle mass Psychosocial and functional status Medical Outcome Social Support (MOSS) [ 57 ], BRIEF-Cope [ 58 ], De Jong Gierveld Loneliness Scale [ 59 ], Resilience scale [ 60 ], General Self-Efficacy Scale (GSES) [ 61 ], University of Rhode Island Change Assessment (URICA) Psychotherapy version [ 62 ] Dietary intake Diet History Questionnaire (DHQ) [ 63 ] Vascular Health 30 ml blood for biochemical analysis (metabolic profile, troponin, nitric oxide, nutriomes, albumin, amino acid and fatty acid profile, vitamin D receptor, vitamin B12, folic acid,",candidate_table_found,Requires author extraction of arm-level n/mean/SD or events/denominators.,34092633.0,10.3233/jad-201607,"Multidomain Intervention for Reversal of Cognitive Frailty, Towards a Personalized Approach (AGELESS Trial): Study Design.",multidomain
PMC8499414,1,Table 1,frailty_status_or_score,yes,41,"Table 1. Mean (SD) Participant characteristics at baseline in control and intervention groups. Table 1 Mean (SD) Participant characteristics at baseline in control and intervention groups Control Intervention P value n 128 165 Sex, Female (n (%)) 92 (74%) 125 (76%) Age (years) 73 (6) 73 (7) 0.836 Height (cm) 156 (8) 156 (8) 0.693 Weight (kg) 58 (12) 57 (12) 0.619 Body Mass Index (kg/m2) 23.7 (4.1) 23.4 (4.2) 0.493 Waist Circumference (cm) 86.5 (11.3) 86.8 (11.6) 0.818 Systolic BP (mmHg) 130 (16) 129 (17) 0.668 Diastolic BP (mmHg) 76 (10) 77 (10) 0.816 Heart Rate (bpm) 73 (11) 73 (11) 0.945 Mod/Vig Physical Activity (days/wk) 1.0 (1.8) 1.5 (2.1) 0.02* Frailty Status (%) Robust 24 23 Pre-Frail 56 61 Frail 20 16 Mod Moderate intensity, Vig Vigorous intensity, * p < 0.05",candidate_table_found,Requires author extraction of arm-level n/mean/SD or events/denominators.,34620081.0,10.1186/s11556-021-00273-x,Effectiveness of a community-delivered pneumatic machine resistance training programme (Gym Tonic) for older adults at neighbourhood senior centres - a randomized controlled trial.,exercise_only
PMC8499414,2,Table 2,frailty_status_or_score,yes,76,"0.010 Knee Flexion Left (kgf) 27.3 (11.5) 28.9 (12.2) 1.5 (7.3) 27.2 (13.0) 32.4 (13.8)*** 5.2 (8.5) < 0.001 Knee Flexion Right (kgf) 26.9 (26.5) 28.2 (12.8) 1.2 (9.2) 26.5 (11.9) 33.3 (13.5)*** 6.8 (9.2) < 0.001 Hip Abduction (kgf) 43.8 (13.3) 44.3 (13.8) 0.5 (7.0) 44.7 (14.0) 49.4 (14.6)*** 4.6 (7.0) < 0.001 Hip Adduction (kgf) 47.6 (17.2) 49.4 (18.8) 1.8 (8.7) 47.9 (16.4) 54.8 (19.0)*** 6.9 (9.6) < 0.001 Physical Function 5x Sit-to-stand (s) 13.4 (7.7) 12.9 (9.0) −0.4 (4.1) 12.6 (5.7) 11.1 (5.3) −1.2 (3.9) 0.105 Habitual Gait Speed (m/s) 0.93 (0.34) 1.00 (0.33) 0.06 (0.22) 0.95 (0.29) 1.04 (0.35) 0.10 (0.22) 0.267 Fast Gait Speed (m/s) 1.35 (0.51) 1.37 (0.48) 0.02 (0.30) 1.31 (0.39) 1.40 (0.48)*** 0.11 (0.26) 0.008 Balance Score 3.46 (1.05) 3.64 (0.79) 0.17 (0.89) 3.53 (0.92) 3.54 (0.99) 0.07 (0.75) 0.252 SPPB Score 9.7 (3.0) 10.3 (2.6) 0.5 (1.6) 10.1 (2.5) 10.5 (2.7) 0.5 (1.3) 0.861 Fried Frailty Score 1.52 (1.16) 1.34 (1.08) −0.16 (0.78) 1.40 (1.07) 0.96 (1.05)*** −0.49 (0.89) 0.004 * p < 0.05, ** p < 0.01, *** p < 0.001 significant at 12-week compared to values at baseline within group; Bold type interface indicates significant interaction effect (Group×Time), p values adjusted for age, sex and physical activity levels at baseline",candidate_table_found,Requires author extraction of arm-level n/mean/SD or events/denominators.,34620081.0,10.1186/s11556-021-00273-x,Effectiveness of a community-delivered pneumatic machine resistance training programme (Gym Tonic) for older adults at neighbourhood senior centres - a randomized controlled trial.,exercise_only
PMC8499414,2,Table 2,gait_speed,yes,103," Heart rate (bpm) 73 (11) 74 (13) 1 (9) 74 (11) 76 (11) 2 (8) 0.416 Muscle Strength Hand Grip (kg) 21.3 (6.4) 21.5 (6.3) 0.2 (2.3) 21.3 (6.9) 21.4 (6.3) 0.1 (2.8) 0.616 Knee Extensor Left (kgf) 52.7 (19.8) 56.6 (22.8) 4.0 (14.1) 54.4 (22.0) 60.9 (22.9) 6.6 (14.4) 0.148 Knee Extensor Right (kgf) 53.2 (21.8) 56.7 (21.7)* 3.6 (11.7) 53.4 (20.5) 61.6 (22.2)*** 8.2 (15.9) 0.010 Knee Flexion Left (kgf) 27.3 (11.5) 28.9 (12.2) 1.5 (7.3) 27.2 (13.0) 32.4 (13.8)*** 5.2 (8.5) < 0.001 Knee Flexion Right (kgf) 26.9 (26.5) 28.2 (12.8) 1.2 (9.2) 26.5 (11.9) 33.3 (13.5)*** 6.8 (9.2) < 0.001 Hip Abduction (kgf) 43.8 (13.3) 44.3 (13.8) 0.5 (7.0) 44.7 (14.0) 49.4 (14.6)*** 4.6 (7.0) < 0.001 Hip Adduction (kgf) 47.6 (17.2) 49.4 (18.8) 1.8 (8.7) 47.9 (16.4) 54.8 (19.0)*** 6.9 (9.6) < 0.001 Physical Function 5x Sit-to-stand (s) 13.4 (7.7) 12.9 (9.0) −0.4 (4.1) 12.6 (5.7) 11.1 (5.3) −1.2 (3.9) 0.105 Habitual Gait Speed (m/s) 0.93 (0.34) 1.00 (0.33) 0.06 (0.22) 0.95 (0.29) 1.04 (0.35) 0.10 (0.22) 0.267 Fast Gait Speed (m/s) 1.35 (0.51) 1.37 (0.48) 0.02 (0.30) 1.31 (0.39) 1.40 (0.48)*** 0.11 (0.26) 0.008 Balance Score 3.46 (1.05) 3.64 (0.79) 0.17 (0.89) 3.53 (0.92) 3.54 (0.99) 0.07 (0.75) 0.252 SPPB Score 9.7 (3.0) 10.3 (2.6) 0.5 (1.6) 10.1 (2.5) 10.5 (2.7) 0.5 (1.3) 0.861 Fried Frailty Score 1.52 (1.16) 1.34 (1.08) −0.16 (0.78) 1.40 (1.07) 0.96 (1.05)*** −0.49 (0.89) 0.004 * p < 0.05, ** p < 0.01, *** p < 0.001 significant at 12-week compared to values at baseline within group; Bold type interface indicates significant interaction effect (Group×Time), p values adjusted for age, sex and physical activity levels at baseline",candidate_table_found,Requires author extraction of arm-level n/mean/SD or events/denominators.,34620081.0,10.1186/s11556-021-00273-x,Effectiveness of a community-delivered pneumatic machine resistance training programme (Gym Tonic) for older adults at neighbourhood senior centres - a randomized controlled trial.,exercise_only
PMC8499414,2,Table 2,sppb,yes,82,"(kgf) 53.2 (21.8) 56.7 (21.7)* 3.6 (11.7) 53.4 (20.5) 61.6 (22.2)*** 8.2 (15.9) 0.010 Knee Flexion Left (kgf) 27.3 (11.5) 28.9 (12.2) 1.5 (7.3) 27.2 (13.0) 32.4 (13.8)*** 5.2 (8.5) < 0.001 Knee Flexion Right (kgf) 26.9 (26.5) 28.2 (12.8) 1.2 (9.2) 26.5 (11.9) 33.3 (13.5)*** 6.8 (9.2) < 0.001 Hip Abduction (kgf) 43.8 (13.3) 44.3 (13.8) 0.5 (7.0) 44.7 (14.0) 49.4 (14.6)*** 4.6 (7.0) < 0.001 Hip Adduction (kgf) 47.6 (17.2) 49.4 (18.8) 1.8 (8.7) 47.9 (16.4) 54.8 (19.0)*** 6.9 (9.6) < 0.001 Physical Function 5x Sit-to-stand (s) 13.4 (7.7) 12.9 (9.0) −0.4 (4.1) 12.6 (5.7) 11.1 (5.3) −1.2 (3.9) 0.105 Habitual Gait Speed (m/s) 0.93 (0.34) 1.00 (0.33) 0.06 (0.22) 0.95 (0.29) 1.04 (0.35) 0.10 (0.22) 0.267 Fast Gait Speed (m/s) 1.35 (0.51) 1.37 (0.48) 0.02 (0.30) 1.31 (0.39) 1.40 (0.48)*** 0.11 (0.26) 0.008 Balance Score 3.46 (1.05) 3.64 (0.79) 0.17 (0.89) 3.53 (0.92) 3.54 (0.99) 0.07 (0.75) 0.252 SPPB Score 9.7 (3.0) 10.3 (2.6) 0.5 (1.6) 10.1 (2.5) 10.5 (2.7) 0.5 (1.3) 0.861 Fried Frailty Score 1.52 (1.16) 1.34 (1.08) −0.16 (0.78) 1.40 (1.07) 0.96 (1.05)*** −0.49 (0.89) 0.004 * p < 0.05, ** p < 0.01, *** p < 0.001 significant at 12-week compared to values at baseline within group; Bold type interface indicates significant interaction effect (Group×Time), p values adjusted for age, sex and physical activity levels at baseline",candidate_table_found,Requires author extraction of arm-level n/mean/SD or events/denominators.,34620081.0,10.1186/s11556-021-00273-x,Effectiveness of a community-delivered pneumatic machine resistance training programme (Gym Tonic) for older adults at neighbourhood senior centres - a randomized controlled trial.,exercise_only
PMC8499414,2,Table 2,grip_strength,yes,115,Table 2. Mean (SD) Study outcomes at 12 weeks in GT-intervention and control groups. Table 2 Mean (SD) Study outcomes at 12 weeks in GT-intervention and control groups Control ( n = 118) Intervention ( n = 132) P value Baseline 12-week Change Baseline 12-week Change Group× Time Anthropometric Weight (kg) 57.9 (11.8) 57.8 (11.8) −0.1 (1.1) 56.7 (11.8) 57.0 (11.8) 0.3 (1.4) 0.054 Body Mass Index (kg/m2) 23.6 (3.8) 23.6 (3.9) 0.0 (0.5) 23.1 (4.3) 23.2 (4.4) 0.1 (0.6) 0.034 Waist Circumference (cm) 86.3 (11.5) 86.4 (10.7) 0.1 (5.0) 86.1 (11.9) 84.5 (12.0)** −1.6 (5.7) 0.015 Cardiovascular Systolic BP (mmHg) 130 (16) 129 (16) −2 (15) 130 (17) 128 (13) −1 (14) 0.842 Diastolic BP (mmHg) 76 (10) 75 (9) −1 (8) 76 (10) 75 (9) −2 (8) 0.275 Heart rate (bpm) 73 (11) 74 (13) 1 (9) 74 (11) 76 (11) 2 (8) 0.416 Muscle Strength Hand Grip (kg) 21.3 (6.4) 21.5 (6.3) 0.2 (2.3) 21.3 (6.9) 21.4 (6.3) 0.1 (2.8) 0.616 Knee Extensor Left (kgf) 52.7 (19.8) 56.6 (22.8) 4.0 (14.1) 54.4 (22.0) 60.9 (22.9) 6.6 (14.4) 0.148 Knee Extensor Right (kgf) 53.2 (21.8) 56.7 (21.7)* 3.6 (11.7) 53.4 (20.5) 61.6 (22.2)*** 8.2 (15.9) 0.010 Knee Flexion Left (kgf) 27.3 (11.5) 28.9 (12.2) 1.5 (7.3) 27.2 (13.0) 32.4 (13.8)*** 5.2 (8.5) < 0.001 Knee Flexion Right (kgf) 26.9 (26.5) 28.2 (12.8) 1.2 (9.2) 26.5 (11.9) 33.3 (13.5)*** 6.8 (9.2) < 0.001 Hip Abduction (kgf) 43.8 (13.3) 44.3 (13.8) 0.5 (7.0) 44.7 (14.0) 49.4 (14.6)*** 4.6 (7.0) < 0.001 Hip Adduction (kgf) 47.6 (17.2) 49.4 (18.8) 1.8 (8.7) 47.9 (16.4) 54.8 (19.0)*** 6.9 (9.6) < 0.001 Physical Function 5x Sit-to-stand (s) 13.4 (7.7) 12.9 (9.0) −0.4 (4.1) 12.6 (5.7) 11.1 (5.3) −1.2 (3.9) 0.105 Habitual Gait Speed (m/s) 0.93 (0.34) 1.00 (0.33) 0.06 (0.22) 0.95 (0.29) 1.04 (0.35) 0.10 (0.22) 0.26,candidate_table_found,Requires author extraction of arm-level n/mean/SD or events/denominators.,34620081.0,10.1186/s11556-021-00273-x,Effectiveness of a community-delivered pneumatic machine resistance training programme (Gym Tonic) for older adults at neighbourhood senior centres - a randomized controlled trial.,exercise_only
PMC8994906,1,Table 1,frailty_status_or_score,yes,110,".8) 56 (83.6) Black 124 (18.2) 55 (16.4) 69 (20.0) 32 (15.6) 13 (19.7) 15 (22.7) 10 (14.9) Other 23 (3.4) 7 (2.1) 16 (4.6) 4 (2.0) 5 (7.6) 2 (3.0) 1 (1.5) BMI (kg/m 2 ), mean ± SD 30.5 ± 6.0 30.4 ± 6.3 30.6 ± 5.6 30.2 ± 6.3 31.5 ± 5.7 30.7 ± 6.4 30.3 ± 6.2 Serum vitamin D (ng/mL) d 10 to 19, no. (%) 200 (29.1) 100 (29.5) 100 (28.7) 69 (33.7) 15 (22.7) 25 (37.3) 22 (32.8) 20 to 29, no. (%) 487 (70.9) 239 (70.5) 248 (71.3) 136 (66.3) 51 (77.3) 42 (62.7) 45 (67.2) Taking a personal vitamin D supplement No. (%) 255 (37.1) 124 (36.6) 131 (37.6) 76 (37.1) 26 (39.4) 26 (38.8) 21 (31.3) Median (IQR), IU/d 700 (600) 800 (586) 700 (600) 800 (586) 750 (500) 800 (500) 571 (400) Fell ≥ 1 time in prior year , no. (%) 449 (65.4) 221 (65.2) 228 (65.5) 135 (65.9) 42 (63.6) 43 (64.2) 45 (67.2) Number of chronic conditions e , mean ± SD 2.0 ± 1.2 1.9 ± 1.2 2.1 ± 1.2 2.0 ± 1.2 2.2 ± 1.3 2.1 ± 1.3 1.9 ± 1.2 Frailty status f , no. (%) Robust 208 (30.3) 105 (31.0) 103 (29.6) 60 (29.3) 19 (28.8) 25 (37.3) 23 (34.3) Pre-frail 402 (58.5) 206 (60.8) 196 (56.3) 123 (60.0) 40 (60.6) 36 (53.7) 33 (49.3) Frail 77 (11.2) 28 (8.2) 49 (14.1) 22 (10.7) 7 (10.6) 6 (9.0) 11 (16.4) a Pooled Higher Doses denotes the combined 1000, 2000, and 4000 IU/d groups b The four vitamin D groups were compared among participants in the burn-in cohort. The burn-in cohort from the dose-finding phase is an unbiased population for comparison of each higher dose versus control because these participants were randomized prior to the first adaptation of the randomization probabilities c Race was self-reported by the participant from a list of 5 categories (American Indian or Alaska Native, Asian, Black or African American, Native Hawaiian or other Pacific Islander, White); more than one race could be reported by a participant d The r",candidate_table_found,Requires author extraction of arm-level n/mean/SD or events/denominators.,35399053.0,10.1186/s12877-022-02888-w,The effects of vitamin D supplementation on frailty in older adults at risk for falls.,exercise_plus_nutrition
PMC9245897,,,,no,0,,no_candidate_table_found,No relevant outcome table was identified by text mining; author must inspect full text manually.,35771806.0,10.1002/14651858.cd010494.pub2,Mobility training for increasing mobility and functioning in older people with frailty.,exercise_only
PMC9320394,1,Table 1,frailty_status_or_score,yes,96,"Table 1. Baseline characteristics of the study sample.. jcm-11-04077-t001_Table 1 Table 1 Baseline characteristics of the study sample. TotalMean (SD) IGMean (SD) CGMean (SD) p -Value Age, years 77.56 (7.51) 78.15 (7.092) 77.00 (7.92) 0.484 Female gender, % 84 79.5 88.1 0.292 CCI, score (0–37) 5.11 (1.71) 5.51 (1.95) 4.73 (1.36) 0.206 Height, cm 1.55 (0.08) 1.55 (0.08) 1.55 (0.07) 0.772 BW, kg 67.96 (12.03) 65.71 (11.07) 70.47 (12.72) 0.094 MM, kg 40.85 (6.93) 40.36 (7.64) 41.40 (6.11) 0.527 FM, kg 25.20 (7.73) 23.28 (6.80) 27.35 (8.23) 0.025 * SMMI, kg 6.56 (1.31) 6.53 (1.48) 6.59 (1.10) 0.844 Frailty status, % 100 46.9 53.1 0.818 Pre-frail, % 52.1 53.3 51.0 Frail, % 47.9 46.7 49.0 KE, kg 4.98 (4.18) 5.22 (4.38) 4.69 (3.96) 0.601 LP, kg 68.24 (22.22) 66.65 (23.71) 70.06 (20.57) 0.523 IKE, kg 19.98 (6.78) 20.75 (7.12) 19.06 (6.34) 0.317 HG, kg 22.11 (6.85) 21.72 (6.77) 22.54 (7.02) 0.616 Hip joint HFBK, ° 98.01 (20.48) 97.64 (17.07) 98.48 (24.47) 0.871 HFSK, ° 68.74 (17.28) 68.20 (15.85) 69.42 (19.20) 0.782 HE, ° 16.51 (12.60) 15.13 (12.01) 18.27 (13.33) 0.319 Knee joint Knee Flex, ° 113.81 (17.92) 114.18 (16.22) 113.34 (20.18) 0.851 Knee Ext, ° 173.00 (6.33) 171.25 (6.42) 175.17 (5.60) 0.012 * SMNA, score (0–14) 12.64 (1.83) 12.43 (2.08) 12.83 (1.56) 0.333 PA level, METs 1011.59 (887.09) 1122.35 (1037.04) 908.73 (718.47) 0.335 Notes: The descriptive analysis values are shown as the mean (standard deviation). IG: Intervention Group; CG: Control Group; CCI: Charlson Comorbidity Index; ",candidate_table_found,Requires author extraction of arm-level n/mean/SD or events/denominators.,35887850.0,10.3390/jcm11144077,Frailty Status Improvement after 5-Month Multicomponent Program PROMUFRA in Community-Dwelling Older People: A Randomized Controlled Trial.,digital_home_unclear_intervention
PMC9320394,1,Table 1,grip_strength,yes,41," 19.06 (6.34) 0.317 HG, kg 22.11 (6.85) 21.72 (6.77) 22.54 (7.02) 0.616 Hip joint HFBK, ° 98.01 (20.48) 97.64 (17.07) 98.48 (24.47) 0.871 HFSK, ° 68.74 (17.28) 68.20 (15.85) 69.42 (19.20) 0.782 HE, ° 16.51 (12.60) 15.13 (12.01) 18.27 (13.33) 0.319 Knee joint Knee Flex, ° 113.81 (17.92) 114.18 (16.22) 113.34 (20.18) 0.851 Knee Ext, ° 173.00 (6.33) 171.25 (6.42) 175.17 (5.60) 0.012 * SMNA, score (0–14) 12.64 (1.83) 12.43 (2.08) 12.83 (1.56) 0.333 PA level, METs 1011.59 (887.09) 1122.35 (1037.04) 908.73 (718.47) 0.335 Notes: The descriptive analysis values are shown as the mean (standard deviation). IG: Intervention Group; CG: Control Group; CCI: Charlson Comorbidity Index; BW: Body Weight; MM: Muscle Mass; Fat Mass: FM; SMMI: Skeletal Muscle Mass Index; IKE: Maximum Isometric Knee Extension; KE: Maximum Isotonic Strength Knee Extension; LP: Maximum Isotonic Strength Leg Press; HG: Maximum Hand Grip Strength; °: Degree; ROM: Range of Motion; HFBK: Hip Flexion with Bended Knee ROM; HFSK: Hip Flexion with Straight Knee ROM; HE: Hip Extension ROM; Flex: Flexion; Ext: Extension. Frailty status: fulfills 0 frailty criteria = Robustness; fulfills 1 or 2 frailty criteria = Pre-frailty; fulfills + 2 frailty criteria = frailty. SMNA: Short Mini Nutritional Assessment; PA: Physical Activity. Statistical significance: * p < 0.05.",candidate_table_found,Requires author extraction of arm-level n/mean/SD or events/denominators.,35887850.0,10.3390/jcm11144077,Frailty Status Improvement after 5-Month Multicomponent Program PROMUFRA in Community-Dwelling Older People: A Randomized Controlled Trial.,digital_home_unclear_intervention
PMC9320394,3,Table 3,frailty_status_or_score,yes,22,"Table 3. Frailty status and adherence to PROMUFRA.. jcm-11-04077-t003_Table 3 Table 3 Frailty status and adherence to PROMUFRA. Frailty Status IG CG Pre Post Pre Post Robust, % 0 26.3 0 5.9 Pre-frail, % 53.8 55.3 54.8 58.8 Frail, % 46.2 18.4 45.2 35.3 Mean adherence Robust, % HA 76.18 Pre-frail, % HA 71.77 Frail, % HA 62.45 Note: IG: Intervention Group; CG: Control Group. HA: High adherence = sessions attendance ≥70%.",candidate_table_found,Requires author extraction of arm-level n/mean/SD or events/denominators.,35887850.0,10.3390/jcm11144077,Frailty Status Improvement after 5-Month Multicomponent Program PROMUFRA in Community-Dwelling Older People: A Randomized Controlled Trial.,digital_home_unclear_intervention
PMC9320394,3,Table 3,adherence,yes,22,"Table 3. Frailty status and adherence to PROMUFRA.. jcm-11-04077-t003_Table 3 Table 3 Frailty status and adherence to PROMUFRA. Frailty Status IG CG Pre Post Pre Post Robust, % 0 26.3 0 5.9 Pre-frail, % 53.8 55.3 54.8 58.8 Frail, % 46.2 18.4 45.2 35.3 Mean adherence Robust, % HA 76.18 Pre-frail, % HA 71.77 Frail, % HA 62.45 Note: IG: Intervention Group; CG: Control Group. HA: High adherence = sessions attendance ≥70%.",candidate_table_found,Requires author extraction of arm-level n/mean/SD or events/denominators.,35887850.0,10.3390/jcm11144077,Frailty Status Improvement after 5-Month Multicomponent Program PROMUFRA in Community-Dwelling Older People: A Randomized Controlled Trial.,digital_home_unclear_intervention
PMC9320394,4,Table 4,grip_strength,yes,56,"-04077-t004_Table 4 Table 4 Pre and post intervention values and time × group comparative analysis of muscle function. Post-Intervention Pre-Post Pre-Post Inter-Group Difference Outcome Group Mean (SD) Mean Difference 95% CI F p -Value η 2 p KE, kg CG 4.72 (4.38) −0.02 −1.51/1.465 64.089 <0.001 *** 0.482 IG 13.32 (7.59) −8.10 −9.454/−6.75 LP, kg CG 65.25 (24.61) 4.81 −2.78/12.41 38.54 <0.001 *** 0.358 IG 94.18 (24.44) −27.52 −34.61/−20.44 IKE, kg CG 20.33 (7.86) −1.27 −3.81/1.28 11.466 0.001 ** 0.152 IG 27.87 (10.04) −7.11 −9.44/−4.78 HG, kg CG 21.47 (7.08) 1.07 −0.15/2.30 10.90 0.002 ** 0.135 IG 23.44 (7.08) −1.72 −2.88/−0.563 Notes: The descriptive analysis values are shown as the mean (standard deviation). IG: Intervention Group; CG: Control Group; KE: Maximum Isotonic Strength Knee Extension; LP: Maximum Isotonic Strength Leg Press; IKE: Maximum Isometric Knee Extension; HG: Maximum Hand Grip Strength; Statistical significance: ** p < 0.01; *** p < 0.001. η 2 p = effect size, eta squared partial. Thresholds of >0.01 considered as small, >0.06 considered as moderate and >0.15 considered as large.",candidate_table_found,Requires author extraction of arm-level n/mean/SD or events/denominators.,35887850.0,10.3390/jcm11144077,Frailty Status Improvement after 5-Month Multicomponent Program PROMUFRA in Community-Dwelling Older People: A Randomized Controlled Trial.,digital_home_unclear_intervention
PMC9634412,1,Table 1,frailty_status_or_score,no,91," 5 (17.2%) 0.421 BMI (kg/m 2 ) 24.7 (4.5) 23.2 (3.3) 0.117 Any fall past 1-year 15 (28.5%) 6 (20.7%) 0.422 Functional performance Barthel index 20 (20–20) 20 (20–20) 0.598 Lawton's IADL 23 (22–23) 23 (20–23) 0.863 Life space assessment 77.6 (25.0) 85.5 (17.7) 0.143 Physical activity (hours/week) 19.3 (17.6) 20.9 (18.0) 0.738 Locomotion domain score 0.758 0 13 (25.0%) 8 (27.6%) 1 8 (15.4%) 6 (20.7%) 2 31 (59.6%) 15 (51.7%) Cognition domain score 0.038 0 9 (17.3%) 0 1 16 (30.8%) 14 (48.3%) 2 27 (51.9%) 15 (51.7%) Psychological domain score 0.329 0 12 (23.1%) 5 (17.2%) 1 4 (7.7%) 0 2 36 (69.2%) 24 (82.8%) Sensory domain score 0.032 0 5 (9.6%) 0 1 11 (21.2%) 13 (44.8%) 2 36 (69.2%) 16 (55.2%) Vitality domain score 0.780 0 9 (17.3%) 4 (13.8%) 1 11 (21.2%) 8 (27.6%) 2 32 (61.5%) 17 (58.6%) Composite IC 7 (6–9) 8 (6–9) 0.719 Number domains impaired 2 (1–3) 2 (1–3) 0.600 Enrolment criteria 0.24 FRAIL –, weak and/or slow 23 (44.2%) 18 (62.1%) FRAIL +, unimpaired grip/ gait 12 (23.1%) 6 (20.7%) FRAIL +, weak and/or slow 17 (32.7%) 5 (17.2%) Slow gait speed 9 (17.3%) 3 (10.3%) 0.398 Weak grip strength 37 (71.2%) 23 (79.3%) 0.422 CMMSE, modified Chinese Mini Mental State Examination; IADL, instrumental activities of daily living.",candidate_table_found,Requires author extraction of arm-level n/mean/SD or events/denominators.,36341237.0,10.3389/fmed.2022.971497,Intrinsic capacity rather than intervention exposure influences reversal to robustness among prefrail community-dwelling older adults: A non-randomized controlled study of a multidomain exercise and nutrition intervention.,multidomain_exercise_nutrition
PMC9634412,1,Table 1,gait_speed,no,81,"0) 20 (20–20) 0.598 Lawton's IADL 23 (22–23) 23 (20–23) 0.863 Life space assessment 77.6 (25.0) 85.5 (17.7) 0.143 Physical activity (hours/week) 19.3 (17.6) 20.9 (18.0) 0.738 Locomotion domain score 0.758 0 13 (25.0%) 8 (27.6%) 1 8 (15.4%) 6 (20.7%) 2 31 (59.6%) 15 (51.7%) Cognition domain score 0.038 0 9 (17.3%) 0 1 16 (30.8%) 14 (48.3%) 2 27 (51.9%) 15 (51.7%) Psychological domain score 0.329 0 12 (23.1%) 5 (17.2%) 1 4 (7.7%) 0 2 36 (69.2%) 24 (82.8%) Sensory domain score 0.032 0 5 (9.6%) 0 1 11 (21.2%) 13 (44.8%) 2 36 (69.2%) 16 (55.2%) Vitality domain score 0.780 0 9 (17.3%) 4 (13.8%) 1 11 (21.2%) 8 (27.6%) 2 32 (61.5%) 17 (58.6%) Composite IC 7 (6–9) 8 (6–9) 0.719 Number domains impaired 2 (1–3) 2 (1–3) 0.600 Enrolment criteria 0.24 FRAIL –, weak and/or slow 23 (44.2%) 18 (62.1%) FRAIL +, unimpaired grip/ gait 12 (23.1%) 6 (20.7%) FRAIL +, weak and/or slow 17 (32.7%) 5 (17.2%) Slow gait speed 9 (17.3%) 3 (10.3%) 0.398 Weak grip strength 37 (71.2%) 23 (79.3%) 0.422 CMMSE, modified Chinese Mini Mental State Examination; IADL, instrumental activities of daily living.",candidate_table_found,Requires author extraction of arm-level n/mean/SD or events/denominators.,36341237.0,10.3389/fmed.2022.971497,Intrinsic capacity rather than intervention exposure influences reversal to robustness among prefrail community-dwelling older adults: A non-randomized controlled study of a multidomain exercise and nutrition intervention.,multidomain_exercise_nutrition
PMC9634412,1,Table 1,grip_strength,no,78,"3) 23 (20–23) 0.863 Life space assessment 77.6 (25.0) 85.5 (17.7) 0.143 Physical activity (hours/week) 19.3 (17.6) 20.9 (18.0) 0.738 Locomotion domain score 0.758 0 13 (25.0%) 8 (27.6%) 1 8 (15.4%) 6 (20.7%) 2 31 (59.6%) 15 (51.7%) Cognition domain score 0.038 0 9 (17.3%) 0 1 16 (30.8%) 14 (48.3%) 2 27 (51.9%) 15 (51.7%) Psychological domain score 0.329 0 12 (23.1%) 5 (17.2%) 1 4 (7.7%) 0 2 36 (69.2%) 24 (82.8%) Sensory domain score 0.032 0 5 (9.6%) 0 1 11 (21.2%) 13 (44.8%) 2 36 (69.2%) 16 (55.2%) Vitality domain score 0.780 0 9 (17.3%) 4 (13.8%) 1 11 (21.2%) 8 (27.6%) 2 32 (61.5%) 17 (58.6%) Composite IC 7 (6–9) 8 (6–9) 0.719 Number domains impaired 2 (1–3) 2 (1–3) 0.600 Enrolment criteria 0.24 FRAIL –, weak and/or slow 23 (44.2%) 18 (62.1%) FRAIL +, unimpaired grip/ gait 12 (23.1%) 6 (20.7%) FRAIL +, weak and/or slow 17 (32.7%) 5 (17.2%) Slow gait speed 9 (17.3%) 3 (10.3%) 0.398 Weak grip strength 37 (71.2%) 23 (79.3%) 0.422 CMMSE, modified Chinese Mini Mental State Examination; IADL, instrumental activities of daily living.",candidate_table_found,Requires author extraction of arm-level n/mean/SD or events/denominators.,36341237.0,10.3389/fmed.2022.971497,Intrinsic capacity rather than intervention exposure influences reversal to robustness among prefrail community-dwelling older adults: A non-randomized controlled study of a multidomain exercise and nutrition intervention.,multidomain_exercise_nutrition
PMC9634412,1,Table 1,adl_iadl,yes,133,"e characteristics. Intervention ( N = 52) No intervention ( N = 29) p -value Demographics Age 69.8 (6.2) 69.8 (7.0) 0.954 Gender (Female) 40 (76.9%) 24 (82.8%) 0.536 Education (≤6 years) 25 (49.0%) 17 (58.6%) 0.408 Social Lives alone 9 (17.3%) 5 (17.2%) 0.994 Lack confidant 8 (15.4%) 9 (31.0%) 0.097 No social contact 1 (7.7%) 0 0.291 No community activities 3 (10.3%) 5 (9.8%) 1.00 Inadequate expenses 20 (38.5%) 5 (17.2%) 0.047 Help others 13 (25.0%) 7 (24.1%) 0.931 Active employment 6 (11.5%) 10 (34.5%) 0.013 Number of comorbidities 2 (1–2.5) 1 (0–2) 0.101 Smoking (ex/current) 4 (7.7%) 5 (17.2%) 0.403 Alcohol 8 (15.4%) 3 (10.3%) 0.738 Clinical characteristics CMMSE impaired 9 (17.3%) 0 0.017 Depression 12 (23.1%) 5 (17.2%) 0.536 At-risk/malnourished 13 (25.0%) 5 (17.2%) 0.421 BMI (kg/m 2 ) 24.7 (4.5) 23.2 (3.3) 0.117 Any fall past 1-year 15 (28.5%) 6 (20.7%) 0.422 Functional performance Barthel index 20 (20–20) 20 (20–20) 0.598 Lawton's IADL 23 (22–23) 23 (20–23) 0.863 Life space assessment 77.6 (25.0) 85.5 (17.7) 0.143 Physical activity (hours/week) 19.3 (17.6) 20.9 (18.0) 0.738 Locomotion domain score 0.758 0 13 (25.0%) 8 (27.6%) 1 8 (15.4%) 6 (20.7%) 2 31 (59.6%) 15 (51.7%) Cognition domain score 0.038 0 9 (17.3%) 0 1 16 (30.8%) 14 (48.3%) 2 27 (51.9%) 15 (51.7%) Psychological domain score 0.329 0 12 (23.1%) 5 (17.2%) 1 4 (7.7%) 0 2 36 (69.2%) 24 (82.8%) Sensory domain score 0.032 0 5 (9.6%) 0 1 11 (21.2%) 13 (44.8%) 2 36 (69.2%) 16 (55.2%) Vitality domain score 0.780 0 9 (17.3%) 4 (13.8%) 1 11 (21.2%) 8 (27.6%) 2 32 (61.5%) 17 (58.6%) Composite IC 7 (6–9) 8 (6–9) 0.719 Number domains impaired 2 (1–3) 2 (1–3) 0.600 Enrolment criteria 0.24 FRAIL –, weak and/or slow 23 (44.2%) 18 (62.1%) FRAIL +, unimpaired grip/ gait 12 (23.1%) 6 (20.7%) FRAIL +, weak and/or slow 17 (32.7%) ",candidate_table_found,Requires author extraction of arm-level n/mean/SD or events/denominators.,36341237.0,10.3389/fmed.2022.971497,Intrinsic capacity rather than intervention exposure influences reversal to robustness among prefrail community-dwelling older adults: A non-randomized controlled study of a multidomain exercise and nutrition intervention.,multidomain_exercise_nutrition
PMC9634412,1,Table 1,falls,yes,132,"Table 1. Baseline characteristics.. Table 1 Baseline characteristics. Intervention ( N = 52) No intervention ( N = 29) p -value Demographics Age 69.8 (6.2) 69.8 (7.0) 0.954 Gender (Female) 40 (76.9%) 24 (82.8%) 0.536 Education (≤6 years) 25 (49.0%) 17 (58.6%) 0.408 Social Lives alone 9 (17.3%) 5 (17.2%) 0.994 Lack confidant 8 (15.4%) 9 (31.0%) 0.097 No social contact 1 (7.7%) 0 0.291 No community activities 3 (10.3%) 5 (9.8%) 1.00 Inadequate expenses 20 (38.5%) 5 (17.2%) 0.047 Help others 13 (25.0%) 7 (24.1%) 0.931 Active employment 6 (11.5%) 10 (34.5%) 0.013 Number of comorbidities 2 (1–2.5) 1 (0–2) 0.101 Smoking (ex/current) 4 (7.7%) 5 (17.2%) 0.403 Alcohol 8 (15.4%) 3 (10.3%) 0.738 Clinical characteristics CMMSE impaired 9 (17.3%) 0 0.017 Depression 12 (23.1%) 5 (17.2%) 0.536 At-risk/malnourished 13 (25.0%) 5 (17.2%) 0.421 BMI (kg/m 2 ) 24.7 (4.5) 23.2 (3.3) 0.117 Any fall past 1-year 15 (28.5%) 6 (20.7%) 0.422 Functional performance Barthel index 20 (20–20) 20 (20–20) 0.598 Lawton's IADL 23 (22–23) 23 (20–23) 0.863 Life space assessment 77.6 (25.0) 85.5 (17.7) 0.143 Physical activity (hours/week) 19.3 (17.6) 20.9 (18.0) 0.738 Locomotion domain score 0.758 0 13 (25.0%) 8 (27.6%) 1 8 (15.4%) 6 (20.7%) 2 31 (59.6%) 15 (51.7%) Cognition domain score 0.038 0 9 (17.3%) 0 1 16 (30.8%) 14 (48.3%) 2 27 (51.9%) 15 (51.7%) Psychological domain score 0.329 0 12 (23.1%) 5 (17.2%) 1 4 (7.7%) 0 2 36 (69.2%) 24 (82.8%) Sensory domain score 0.032 0 5 (9.6%) 0 1 11 (21.2%) 13 (44.8%) 2 36 (69.2%) 16 (55.2%) Vitality domain score 0.780 0 9 (17.3%) 4 (13.8%) 1 11 (21.2%) 8 (27.6%) 2 32 (61.5%) 17 (58.6%) Composite IC 7 (6–9) 8 (6–9) 0.719 Number domains impaired 2 (1–3) 2 (1–3) 0.600 Enrolment criteria 0.24 FRAIL –, weak and/or slow 23 (44.2%) 18 (62.1%) FRAIL +, unimpaired",candidate_table_found,Requires author extraction of arm-level n/mean/SD or events/denominators.,36341237.0,10.3389/fmed.2022.971497,Intrinsic capacity rather than intervention exposure influences reversal to robustness among prefrail community-dwelling older adults: A non-randomized controlled study of a multidomain exercise and nutrition intervention.,multidomain_exercise_nutrition
PMC9634412,2,Table 2,frailty_status_or_score,yes,56,"Table 2. Frailty and clinical outcomes at 1-year.. Table 2 Frailty and clinical outcomes at 1-year. Intervention ( N = 52) No intervention ( N = 29) p -value Reversal to robustness 16 (30.8%) 13 (44.8%) 0.206 Prefrailty characteristics 0.603 FRAIL –, weak and/or slow 18 (34.6%) 7 (24.1%) FRAIL +, unimpaired grip/ gait 5 (9.6%) 2 (6.9%) FRAIL +, weak and/or slow 13 (25.0%) 7 (24.1%) Slow gait speed 7 (13.5%) 0 0.039 Weak grip strength 27 (51.9%)* 14 (48.3%)* 0.753 FRAIL item responses Fatigue baseline 5 (9.6%) 3 (10.3%) 0.916 Fatigue 12 − mth 3 (5.8%) 1 (3.5%) 0.644 Resistance baseline 20 (38.5%) 6 (20.7%) 0.100 Resistance 12 − mth 18 (34.6%) 7 (24.1%) 0.328 Ambulation baseline 7 (13.5%) 3 (10.3%) 0.683 Ambulation 12 − mth 10 (19.2%) 2 (6.9%) 0.134 Loss of weight baseline 4 (8.0%) 4 (13.8%) 0.411 Loss of weight 12 − mth 1 (1.9%) 1 (3.5%) 0.693 Illnesses baseline 0 1 (3.5%) 0.178 Illnesses 12 − mth 0 0 – ",candidate_table_found,Requires author extraction of arm-level n/mean/SD or events/denominators.,36341237.0,10.3389/fmed.2022.971497,Intrinsic capacity rather than intervention exposure influences reversal to robustness among prefrail community-dwelling older adults: A non-randomized controlled study of a multidomain exercise and nutrition intervention.,multidomain_exercise_nutrition
PMC9634412,2,Table 2,gait_speed,yes,81,"Table 2. Frailty and clinical outcomes at 1-year.. Table 2 Frailty and clinical outcomes at 1-year. Intervention ( N = 52) No intervention ( N = 29) p -value Reversal to robustness 16 (30.8%) 13 (44.8%) 0.206 Prefrailty characteristics 0.603 FRAIL –, weak and/or slow 18 (34.6%) 7 (24.1%) FRAIL +, unimpaired grip/ gait 5 (9.6%) 2 (6.9%) FRAIL +, weak and/or slow 13 (25.0%) 7 (24.1%) Slow gait speed 7 (13.5%) 0 0.039 Weak grip strength 27 (51.9%)* 14 (48.3%)* 0.753 FRAIL item responses Fatigue baseline 5 (9.6%) 3 (10.3%) 0.916 Fatigue 12 − mth 3 (5.8%) 1 (3.5%) 0.644 Resistance baseline 20 (38.5%) 6 (20.7%) 0.100 Resistance 12 − mth 18 (34.6%) 7 (24.1%) 0.328 Ambulation baseline 7 (13.5%) 3 (10.3%) 0.683 Ambulation 12 − mth 10 (19.2%) 2 (6.9%) 0.134 Loss of weight baseline 4 (8.0%) 4 (13.8%) 0.411 Loss of weight 12 − mth 1 (1.9%) 1 (3.5%) 0.693 Illnesses baseline 0 1 (3.5%) 0.178 Illnesses 12 − mth 0 0 – Clinical characteristics CMMSE impaired 11 (21.6%) 4 (13.8%) 0.392 CMMSE score change 0.48 (2.22) −0.28 (1.79) 0.120 Depression 4 (7.8%)* 3 (10.3%) 0.703 GDS score change 0.52 (1.91) 0.24 (0.31) 0.473 At-risk/malnourished 12 (23.1%) 7 (24.1%) 0.914 MNA-SF score change 0.006 (1.39) 0.03 (1.61) 0.946 BMI (kg/m 2 ) 25.0 (4.8) 23.7 (3.5)* 0.231 BMI change 0.28 (1.24) 0.57 (0.91) 0.258 ",candidate_table_found,Requires author extraction of arm-level n/mean/SD or events/denominators.,36341237.0,10.3389/fmed.2022.971497,Intrinsic capacity rather than intervention exposure influences reversal to robustness among prefrail community-dwelling older adults: A non-randomized controlled study of a multidomain exercise and nutrition intervention.,multidomain_exercise_nutrition
PMC9634412,2,Table 2,grip_strength,yes,81,"Table 2. Frailty and clinical outcomes at 1-year.. Table 2 Frailty and clinical outcomes at 1-year. Intervention ( N = 52) No intervention ( N = 29) p -value Reversal to robustness 16 (30.8%) 13 (44.8%) 0.206 Prefrailty characteristics 0.603 FRAIL –, weak and/or slow 18 (34.6%) 7 (24.1%) FRAIL +, unimpaired grip/ gait 5 (9.6%) 2 (6.9%) FRAIL +, weak and/or slow 13 (25.0%) 7 (24.1%) Slow gait speed 7 (13.5%) 0 0.039 Weak grip strength 27 (51.9%)* 14 (48.3%)* 0.753 FRAIL item responses Fatigue baseline 5 (9.6%) 3 (10.3%) 0.916 Fatigue 12 − mth 3 (5.8%) 1 (3.5%) 0.644 Resistance baseline 20 (38.5%) 6 (20.7%) 0.100 Resistance 12 − mth 18 (34.6%) 7 (24.1%) 0.328 Ambulation baseline 7 (13.5%) 3 (10.3%) 0.683 Ambulation 12 − mth 10 (19.2%) 2 (6.9%) 0.134 Loss of weight baseline 4 (8.0%) 4 (13.8%) 0.411 Loss of weight 12 − mth 1 (1.9%) 1 (3.5%) 0.693 Illnesses baseline 0 1 (3.5%) 0.178 Illnesses 12 − mth 0 0 – Clinical characteristics CMMSE impaired 11 (21.6%) 4 (13.8%) 0.392 CMMSE score change 0.48 (2.22) −0.28 (1.79) 0.120 Depression 4 (7.8%)* 3 (10.3%) 0.703 GDS score change 0.52 (1.91) 0.24 (0.31) 0.473 At-risk/malnourished 12 (23.1%) 7 (24.1%) 0.914 MNA-SF score change 0.006 (1.39) 0.03 (1.61) 0.946 BMI (kg/m 2 ) 25.0 (4.8) 23.7 (3.5)* 0.231 BMI change 0.28 (1.24) 0.57 (0.91) 0.258 Functional performance Barthel index ",candidate_table_found,Requires author extraction of arm-level n/mean/SD or events/denominators.,36341237.0,10.3389/fmed.2022.971497,Intrinsic capacity rather than intervention exposure influences reversal to robustness among prefrail community-dwelling older adults: A non-randomized controlled study of a multidomain exercise and nutrition intervention.,multidomain_exercise_nutrition
PMC9634412,2,Table 2,adl_iadl,yes,94," grip strength 27 (51.9%)* 14 (48.3%)* 0.753 FRAIL item responses Fatigue baseline 5 (9.6%) 3 (10.3%) 0.916 Fatigue 12 − mth 3 (5.8%) 1 (3.5%) 0.644 Resistance baseline 20 (38.5%) 6 (20.7%) 0.100 Resistance 12 − mth 18 (34.6%) 7 (24.1%) 0.328 Ambulation baseline 7 (13.5%) 3 (10.3%) 0.683 Ambulation 12 − mth 10 (19.2%) 2 (6.9%) 0.134 Loss of weight baseline 4 (8.0%) 4 (13.8%) 0.411 Loss of weight 12 − mth 1 (1.9%) 1 (3.5%) 0.693 Illnesses baseline 0 1 (3.5%) 0.178 Illnesses 12 − mth 0 0 – Clinical characteristics CMMSE impaired 11 (21.6%) 4 (13.8%) 0.392 CMMSE score change 0.48 (2.22) −0.28 (1.79) 0.120 Depression 4 (7.8%)* 3 (10.3%) 0.703 GDS score change 0.52 (1.91) 0.24 (0.31) 0.473 At-risk/malnourished 12 (23.1%) 7 (24.1%) 0.914 MNA-SF score change 0.006 (1.39) 0.03 (1.61) 0.946 BMI (kg/m 2 ) 25.0 (4.8) 23.7 (3.5)* 0.231 BMI change 0.28 (1.24) 0.57 (0.91) 0.258 Functional performance Barthel index 20 (20–20) 20 (20–20) 0.408 Barthel index score change 0.13 (0.60) 0.17 (0.76) 0.805 Lawton's IADL 23 (22–23) 23 (22–23) 0.588 Lawton's score change 0.37 (2.31) 0.24 (2.23) 0.815 Life Space Assessment (LSA) 75.7 (21.8) 82.9 (16.1) 0.124 LSA score change −1.82 (20.2) −2.2 (21.4) 0.933 Physical activity (hours/week) 20.9 (15.2) 25.5 (19.9) 0.280 Physical activity change 1.66 (17.27) 6.37 (24.64) 0.375 Health-related outcomes Hospitalization 9 (17.3%) 4 (13.8%) 0.680 Falls 12 (23.1%) 2 (6.9%) 0.065 CMMSE, modified Chinese Mini Mental State Examination; IADL, instrumental activities of daily living. * McNemar's p < 0.05 for within group comparison between baseline and 12-month follow-up.",candidate_table_found,Requires author extraction of arm-level n/mean/SD or events/denominators.,36341237.0,10.3389/fmed.2022.971497,Intrinsic capacity rather than intervention exposure influences reversal to robustness among prefrail community-dwelling older adults: A non-randomized controlled study of a multidomain exercise and nutrition intervention.,multidomain_exercise_nutrition
PMC9634412,2,Table 2,falls,yes,59,"mth 0 0 – Clinical characteristics CMMSE impaired 11 (21.6%) 4 (13.8%) 0.392 CMMSE score change 0.48 (2.22) −0.28 (1.79) 0.120 Depression 4 (7.8%)* 3 (10.3%) 0.703 GDS score change 0.52 (1.91) 0.24 (0.31) 0.473 At-risk/malnourished 12 (23.1%) 7 (24.1%) 0.914 MNA-SF score change 0.006 (1.39) 0.03 (1.61) 0.946 BMI (kg/m 2 ) 25.0 (4.8) 23.7 (3.5)* 0.231 BMI change 0.28 (1.24) 0.57 (0.91) 0.258 Functional performance Barthel index 20 (20–20) 20 (20–20) 0.408 Barthel index score change 0.13 (0.60) 0.17 (0.76) 0.805 Lawton's IADL 23 (22–23) 23 (22–23) 0.588 Lawton's score change 0.37 (2.31) 0.24 (2.23) 0.815 Life Space Assessment (LSA) 75.7 (21.8) 82.9 (16.1) 0.124 LSA score change −1.82 (20.2) −2.2 (21.4) 0.933 Physical activity (hours/week) 20.9 (15.2) 25.5 (19.9) 0.280 Physical activity change 1.66 (17.27) 6.37 (24.64) 0.375 Health-related outcomes Hospitalization 9 (17.3%) 4 (13.8%) 0.680 Falls 12 (23.1%) 2 (6.9%) 0.065 CMMSE, modified Chinese Mini Mental State Examination; IADL, instrumental activities of daily living. * McNemar's p < 0.05 for within group comparison between baseline and 12-month follow-up.",candidate_table_found,Requires author extraction of arm-level n/mean/SD or events/denominators.,36341237.0,10.3389/fmed.2022.971497,Intrinsic capacity rather than intervention exposure influences reversal to robustness among prefrail community-dwelling older adults: A non-randomized controlled study of a multidomain exercise and nutrition intervention.,multidomain_exercise_nutrition
PMC9634412,3,Table 3A,frailty_status_or_score,yes,18,"Table 3A. Multiple logistic regression for prefrailty at 12-month.. Table 3A Multiple logistic regression for prefrailty at 12-month. Model 1 Model 2 Intervention 2.23 (0.67–7.44), p = 0.191 1.90 (0.56–6.42), p = 0.304 Decline in cognition 0.47 (0.14–1.56), p = 0.551 Decline in sensory 2.78 (0.72–10.68), p = 0.137 Composite IC 0.67 (0.45–1.00), p = 0.049 Model 1 (R 2 = 26.5%): adjusted for age, gender, employment status, baseline prefrailty enrolment criteria. Model 2 (R 2 =27.2%): adjusted for age, gender, employment status, baseline prefrailty enrolment criteria.",candidate_table_found,Requires author extraction of arm-level n/mean/SD or events/denominators.,36341237.0,10.3389/fmed.2022.971497,Intrinsic capacity rather than intervention exposure influences reversal to robustness among prefrail community-dwelling older adults: A non-randomized controlled study of a multidomain exercise and nutrition intervention.,multidomain_exercise_nutrition
PMC9634412,4,Table 3B,falls,yes,16,"Table 3B. Multiple logistic regression for incident falls.. Table 3B Multiple logistic regression for incident falls. Model 1 Model 2 Intervention 3.86 (0.78–18.88), p = 0.097 3.59 (0.72–17.96), p = 0.120 Decline in cognition 1.44 (0.42–4.95), p = 0.562 Decline in sensory 1.11 (0.40–3.06), p = 0.841 Composite IC 0.72 (0.51–1.00), p = 0.051 Model 1 (R 2 = 8.5%): adjusted for age, gender. Model 2 (R 2 = 13.4%): adjusted for age, gender.",candidate_table_found,Requires author extraction of arm-level n/mean/SD or events/denominators.,36341237.0,10.3389/fmed.2022.971497,Intrinsic capacity rather than intervention exposure influences reversal to robustness among prefrail community-dwelling older adults: A non-randomized controlled study of a multidomain exercise and nutrition intervention.,multidomain_exercise_nutrition
PMC9799251,1,Table 1,frailty_status_or_score,yes,91,"Table 1. Characteristics of included participants according to randomisation groups. Table 1 Characteristics of included participants according to randomisation groups Characteristics Whole sample total ( n = 188) Control group ( n = 100) Vivifrail group ( n = 88) Women, No. (%) 120 (72.29) 60 (68.18) 60 (76.92) Age, y 84.06 ± 4.77 83.99 ± 4.80 84.15 ± 4.76 Weight, kg 66.66 ± 10.98 66.49 ± 11.41 66.86 ± 10.54 BMI, kg/m 2, a 27.04 ± 3.97 27.02 ± 4.31 27.06 ± 3.57 Years of schooling 8.14 ± 4.47 8.15 ± 4.31 8.13 ± 4.67 Barthel Index (0–100) 91.43 ± 9.77 91.79 ± 10.23 91.13 ± 9.27 MCI, No. (%) 99 (58.93) 33 (37.50) 35 (44.30) Dementia, No. (%) 68 (40.72) 44 (44.00) 34 (38.63) Fried Frailty phenotype Pre-frailty (1–2 items), No. (%) 121 (64.36) 64 (64.00) 57 (64.77) Frailty (>2 item), No. (%) 67 (35.64) 36 (36.00) 31 (35.23) Polypharmacy (≥5 drugs), No. (%) 138 (75.82) 79 7 (79.80) 59 (71.08) GDS Yesavage score (0–15) 3.62 ± 2.92 3.36 ± 2.91 3.92 ± 2.92 Gait speed, m/s 0.63 ± 0.19 0.64 ± 0.19 0.61 ± 0.18 5-STS, s 19.18 ± 13.39 18.38 ± 13.18 20.12 ± 13.64 SPPB score (0–12) 7.31 ± 2.59 7.73 ± 2.47 6.85 ± 2.66 Handgrip strength, kg 19.37 ",candidate_table_found,Requires author extraction of arm-level n/mean/SD or events/denominators.,36580558.0,10.1093/ageing/afac303,Effects of a 12-week Vivifrail exercise program on intrinsic capacity among frail cognitively impaired community-dwelling older adults: secondary analysis of a multicentre randomised clinical trial.,multicomponent_exercise
PMC9799251,1,Table 1,gait_speed,yes,117,"randomisation groups. Table 1 Characteristics of included participants according to randomisation groups Characteristics Whole sample total ( n = 188) Control group ( n = 100) Vivifrail group ( n = 88) Women, No. (%) 120 (72.29) 60 (68.18) 60 (76.92) Age, y 84.06 ± 4.77 83.99 ± 4.80 84.15 ± 4.76 Weight, kg 66.66 ± 10.98 66.49 ± 11.41 66.86 ± 10.54 BMI, kg/m 2, a 27.04 ± 3.97 27.02 ± 4.31 27.06 ± 3.57 Years of schooling 8.14 ± 4.47 8.15 ± 4.31 8.13 ± 4.67 Barthel Index (0–100) 91.43 ± 9.77 91.79 ± 10.23 91.13 ± 9.27 MCI, No. (%) 99 (58.93) 33 (37.50) 35 (44.30) Dementia, No. (%) 68 (40.72) 44 (44.00) 34 (38.63) Fried Frailty phenotype Pre-frailty (1–2 items), No. (%) 121 (64.36) 64 (64.00) 57 (64.77) Frailty (>2 item), No. (%) 67 (35.64) 36 (36.00) 31 (35.23) Polypharmacy (≥5 drugs), No. (%) 138 (75.82) 79 7 (79.80) 59 (71.08) GDS Yesavage score (0–15) 3.62 ± 2.92 3.36 ± 2.91 3.92 ± 2.92 Gait speed, m/s 0.63 ± 0.19 0.64 ± 0.19 0.61 ± 0.18 5-STS, s 19.18 ± 13.39 18.38 ± 13.18 20.12 ± 13.64 SPPB score (0–12) 7.31 ± 2.59 7.73 ± 2.47 6.85 ± 2.66 Handgrip strength, kg 19.37 ± 7.23 19.21 ± 7.70 19.56 ± 6.69 MoCA score (0–30) 15.55 ± 5.20 15.37 ± 5.24 15.81 ± 14.30 MNA-SF score (0–14) 12.07 ± 2.09 12.06 ± 1.98 12.08 ± 2.23 IC Composite Score 0.06 ± 0.53 0.08 ± 0.55 0.04 ± 0.48 MoCA, Montreal Cognitive Assessment; BMI, body mass index. a Body mass index calculated as weight in kilograms divided by height in meters squared.",candidate_table_found,Requires author extraction of arm-level n/mean/SD or events/denominators.,36580558.0,10.1093/ageing/afac303,Effects of a 12-week Vivifrail exercise program on intrinsic capacity among frail cognitively impaired community-dwelling older adults: secondary analysis of a multicentre randomised clinical trial.,multicomponent_exercise
PMC9799251,1,Table 1,sppb,yes,116,"s Characteristics Whole sample total ( n = 188) Control group ( n = 100) Vivifrail group ( n = 88) Women, No. (%) 120 (72.29) 60 (68.18) 60 (76.92) Age, y 84.06 ± 4.77 83.99 ± 4.80 84.15 ± 4.76 Weight, kg 66.66 ± 10.98 66.49 ± 11.41 66.86 ± 10.54 BMI, kg/m 2, a 27.04 ± 3.97 27.02 ± 4.31 27.06 ± 3.57 Years of schooling 8.14 ± 4.47 8.15 ± 4.31 8.13 ± 4.67 Barthel Index (0–100) 91.43 ± 9.77 91.79 ± 10.23 91.13 ± 9.27 MCI, No. (%) 99 (58.93) 33 (37.50) 35 (44.30) Dementia, No. (%) 68 (40.72) 44 (44.00) 34 (38.63) Fried Frailty phenotype Pre-frailty (1–2 items), No. (%) 121 (64.36) 64 (64.00) 57 (64.77) Frailty (>2 item), No. (%) 67 (35.64) 36 (36.00) 31 (35.23) Polypharmacy (≥5 drugs), No. (%) 138 (75.82) 79 7 (79.80) 59 (71.08) GDS Yesavage score (0–15) 3.62 ± 2.92 3.36 ± 2.91 3.92 ± 2.92 Gait speed, m/s 0.63 ± 0.19 0.64 ± 0.19 0.61 ± 0.18 5-STS, s 19.18 ± 13.39 18.38 ± 13.18 20.12 ± 13.64 SPPB score (0–12) 7.31 ± 2.59 7.73 ± 2.47 6.85 ± 2.66 Handgrip strength, kg 19.37 ± 7.23 19.21 ± 7.70 19.56 ± 6.69 MoCA score (0–30) 15.55 ± 5.20 15.37 ± 5.24 15.81 ± 14.30 MNA-SF score (0–14) 12.07 ± 2.09 12.06 ± 1.98 12.08 ± 2.23 IC Composite Score 0.06 ± 0.53 0.08 ± 0.55 0.04 ± 0.48 MoCA, Montreal Cognitive Assessment; BMI, body mass index. a Body mass index calculated as weight in kilograms divided by height in meters squared.",candidate_table_found,Requires author extraction of arm-level n/mean/SD or events/denominators.,36580558.0,10.1093/ageing/afac303,Effects of a 12-week Vivifrail exercise program on intrinsic capacity among frail cognitively impaired community-dwelling older adults: secondary analysis of a multicentre randomised clinical trial.,multicomponent_exercise
PMC9799251,1,Table 1,grip_strength,yes,115,"l group ( n = 100) Vivifrail group ( n = 88) Women, No. (%) 120 (72.29) 60 (68.18) 60 (76.92) Age, y 84.06 ± 4.77 83.99 ± 4.80 84.15 ± 4.76 Weight, kg 66.66 ± 10.98 66.49 ± 11.41 66.86 ± 10.54 BMI, kg/m 2, a 27.04 ± 3.97 27.02 ± 4.31 27.06 ± 3.57 Years of schooling 8.14 ± 4.47 8.15 ± 4.31 8.13 ± 4.67 Barthel Index (0–100) 91.43 ± 9.77 91.79 ± 10.23 91.13 ± 9.27 MCI, No. (%) 99 (58.93) 33 (37.50) 35 (44.30) Dementia, No. (%) 68 (40.72) 44 (44.00) 34 (38.63) Fried Frailty phenotype Pre-frailty (1–2 items), No. (%) 121 (64.36) 64 (64.00) 57 (64.77) Frailty (>2 item), No. (%) 67 (35.64) 36 (36.00) 31 (35.23) Polypharmacy (≥5 drugs), No. (%) 138 (75.82) 79 7 (79.80) 59 (71.08) GDS Yesavage score (0–15) 3.62 ± 2.92 3.36 ± 2.91 3.92 ± 2.92 Gait speed, m/s 0.63 ± 0.19 0.64 ± 0.19 0.61 ± 0.18 5-STS, s 19.18 ± 13.39 18.38 ± 13.18 20.12 ± 13.64 SPPB score (0–12) 7.31 ± 2.59 7.73 ± 2.47 6.85 ± 2.66 Handgrip strength, kg 19.37 ± 7.23 19.21 ± 7.70 19.56 ± 6.69 MoCA score (0–30) 15.55 ± 5.20 15.37 ± 5.24 15.81 ± 14.30 MNA-SF score (0–14) 12.07 ± 2.09 12.06 ± 1.98 12.08 ± 2.23 IC Composite Score 0.06 ± 0.53 0.08 ± 0.55 0.04 ± 0.48 MoCA, Montreal Cognitive Assessment; BMI, body mass index. a Body mass index calculated as weight in kilograms divided by height in meters squared.",candidate_table_found,Requires author extraction of arm-level n/mean/SD or events/denominators.,36580558.0,10.1093/ageing/afac303,Effects of a 12-week Vivifrail exercise program on intrinsic capacity among frail cognitively impaired community-dwelling older adults: secondary analysis of a multicentre randomised clinical trial.,multicomponent_exercise
PMC9799251,1,Table 1,adl_iadl,yes,118,"Table 1. Characteristics of included participants according to randomisation groups. Table 1 Characteristics of included participants according to randomisation groups Characteristics Whole sample total ( n = 188) Control group ( n = 100) Vivifrail group ( n = 88) Women, No. (%) 120 (72.29) 60 (68.18) 60 (76.92) Age, y 84.06 ± 4.77 83.99 ± 4.80 84.15 ± 4.76 Weight, kg 66.66 ± 10.98 66.49 ± 11.41 66.86 ± 10.54 BMI, kg/m 2, a 27.04 ± 3.97 27.02 ± 4.31 27.06 ± 3.57 Years of schooling 8.14 ± 4.47 8.15 ± 4.31 8.13 ± 4.67 Barthel Index (0–100) 91.43 ± 9.77 91.79 ± 10.23 91.13 ± 9.27 MCI, No. (%) 99 (58.93) 33 (37.50) 35 (44.30) Dementia, No. (%) 68 (40.72) 44 (44.00) 34 (38.63) Fried Frailty phenotype Pre-frailty (1–2 items), No. (%) 121 (64.36) 64 (64.00) 57 (64.77) Frailty (>2 item), No. (%) 67 (35.64) 36 (36.00) 31 (35.23) Polypharmacy (≥5 drugs), No. (%) 138 (75.82) 79 7 (79.80) 59 (71.08) GDS Yesavage score (0–15) 3.62 ± 2.92 3.36 ± 2.91 3.92 ± 2.92 Gait speed, m/s 0.63 ± 0.19 0.64 ± 0.19 0.61 ± 0.18 5-STS, s 19.18 ± 13.39 18.38 ± 13.18 20.12 ± 13.64 SPPB score (0–12) 7.31 ± 2.59 7.73 ± 2.47 6.85 ± 2.66 Handgrip strength, kg 19.37 ± 7.23 19.21 ± 7.70 19.56 ± 6.69 MoCA score (0–30) 15.55 ± 5.20 15.37 ± 5.24 15.81 ± 14.30 MNA-SF score (0–14) 12.07 ± 2.09 12.06 ± 1.98 12.08 ± 2.23 IC Composite Score 0.06 ± 0.53 0.08 ± 0.55 0.04 ± 0.48 MoCA, Montreal Cognitive Assessment; BMI, body mass index. a Body mass index",candidate_table_found,Requires author extraction of arm-level n/mean/SD or events/denominators.,36580558.0,10.1093/ageing/afac303,Effects of a 12-week Vivifrail exercise program on intrinsic capacity among frail cognitively impaired community-dwelling older adults: secondary analysis of a multicentre randomised clinical trial.,multicomponent_exercise
PMC9799251,2,Table 2,frailty_status_or_score,yes,59,"Table 2. Mixed-effects linear models analyses for 3-month evolution from baseline in IC domains and the IC composite score according to randomisation groups. Table 2 Mixed-effects linear models analyses for 3-month evolution from baseline in IC domains and the IC composite score according to randomisation groups Intrinsic capacity domain Time-point Vivifrail group N = 88 β (95% CI) Control group N = 100 β (95% CI) Between-group differences β (95% CI) P -value IC Locomotion domain z -score 1 month 0.25 (0.13, 0.39) −0.10 (−0.23, 0.02) 0.36 (0.21, 0.51) <0.001 3 months 0.24 (−0.01, 0.49) −0.18 (−0.40, 0.04) 0.42 (0.10, 0.74) 0.01 SPPB score 1 month 0.64 (0.29, 0.99) −0.27 (−0.58, 0.05) 0.91 (0.52, 1.30) <0.001 3 months 0.54 (−0.12, 1.21) −0.46 (−1.01, 0.09) 1.00 (0.18, 1.83) 0.02 IC Cognition domain z -score 1 month 0.43 (0.12, 0.74) 0.10 (−0.06, 0.26) 0.33 (0.01, 0.65) 0.05 3 months 0.39 (0.02, 0.77) −0.06 (−0.29, 0.17) 0.45 (0.03, 0.87) 0.03 MoCA score 1 month 2.24 (0.61, 3.87) 0.51 (−0.31, 1.33) 1.73 (0.03, 3.43) 0.05 3 months 2.04 (0.09, 3.99) −0.31 (−1.49, 0.86) 2.35 (0.17, 4.54) 0.03 IC Vitality domain z -score 1 month 0.44 (0.21, 0.68) 0.02 (−0.07, 0.12) 0.42 (0.18, 0.66) 0.001 3 months 0.40 (0.16, 0.63) −0.10 (−0.19, −0.01) 0.50 (0.25",candidate_table_found,Requires author extraction of arm-level n/mean/SD or events/denominators.,36580558.0,10.1093/ageing/afac303,Effects of a 12-week Vivifrail exercise program on intrinsic capacity among frail cognitively impaired community-dwelling older adults: secondary analysis of a multicentre randomised clinical trial.,multicomponent_exercise
PMC9799251,2,Table 2,sppb,yes,74,"Table 2. Mixed-effects linear models analyses for 3-month evolution from baseline in IC domains and the IC composite score according to randomisation groups. Table 2 Mixed-effects linear models analyses for 3-month evolution from baseline in IC domains and the IC composite score according to randomisation groups Intrinsic capacity domain Time-point Vivifrail group N = 88 β (95% CI) Control group N = 100 β (95% CI) Between-group differences β (95% CI) P -value IC Locomotion domain z -score 1 month 0.25 (0.13, 0.39) −0.10 (−0.23, 0.02) 0.36 (0.21, 0.51) <0.001 3 months 0.24 (−0.01, 0.49) −0.18 (−0.40, 0.04) 0.42 (0.10, 0.74) 0.01 SPPB score 1 month 0.64 (0.29, 0.99) −0.27 (−0.58, 0.05) 0.91 (0.52, 1.30) <0.001 3 months 0.54 (−0.12, 1.21) −0.46 (−1.01, 0.09) 1.00 (0.18, 1.83) 0.02 IC Cognition domain z -score 1 month 0.43 (0.12, 0.74) 0.10 (−0.06, 0.26) 0.33 (0.01, 0.65) 0.05 3 months 0.39 (0.02, 0.77) −0.06 (−0.29, 0.17) 0.45 (0.03, 0.87) 0.03 MoCA score 1 month 2.24 (0.61, 3.87) 0.51 (−0.31, 1.33) 1.73 (0.03, 3.43) 0.05 3 months 2.04 (0.09, 3.99) −0.31 (−1.49, 0.86) 2.35 (0.17, 4.54) 0.03 IC Vitality domain z -score 1 month 0.44 (0.21, 0.68) 0.02 (−0.07, 0.12) 0.42 (0.18, 0.66) 0.001 3 months 0.40 (0.16, 0.63) −0.10 (−0.19, −0.01) 0.50 (0.25, 0.74) <0.001 Handgrip Strength (kg) 1 month 3.22 (1.54, 4.91) 0.18 (−0.51, 0.86) 3.04 (1.33, 4.75) 0.001 3 months 2.86 (1.14, 4.59) −0.73 (−1.44, −0.01) 3.59 (1.83, 5.35) <0.001 IC Psychology domain z -score 3 months −0.04 (−0.40, 0.33) −0.28 (−0.48, −0.08) 0.24 (−0.15, 0.63) 0",candidate_table_found,Requires author extraction of arm-level n/mean/SD or events/denominators.,36580558.0,10.1093/ageing/afac303,Effects of a 12-week Vivifrail exercise program on intrinsic capacity among frail cognitively impaired community-dwelling older adults: secondary analysis of a multicentre randomised clinical trial.,multicomponent_exercise
PMC9799251,2,Table 2,grip_strength,yes,83," (95% CI) Control group N = 100 β (95% CI) Between-group differences β (95% CI) P -value IC Locomotion domain z -score 1 month 0.25 (0.13, 0.39) −0.10 (−0.23, 0.02) 0.36 (0.21, 0.51) <0.001 3 months 0.24 (−0.01, 0.49) −0.18 (−0.40, 0.04) 0.42 (0.10, 0.74) 0.01 SPPB score 1 month 0.64 (0.29, 0.99) −0.27 (−0.58, 0.05) 0.91 (0.52, 1.30) <0.001 3 months 0.54 (−0.12, 1.21) −0.46 (−1.01, 0.09) 1.00 (0.18, 1.83) 0.02 IC Cognition domain z -score 1 month 0.43 (0.12, 0.74) 0.10 (−0.06, 0.26) 0.33 (0.01, 0.65) 0.05 3 months 0.39 (0.02, 0.77) −0.06 (−0.29, 0.17) 0.45 (0.03, 0.87) 0.03 MoCA score 1 month 2.24 (0.61, 3.87) 0.51 (−0.31, 1.33) 1.73 (0.03, 3.43) 0.05 3 months 2.04 (0.09, 3.99) −0.31 (−1.49, 0.86) 2.35 (0.17, 4.54) 0.03 IC Vitality domain z -score 1 month 0.44 (0.21, 0.68) 0.02 (−0.07, 0.12) 0.42 (0.18, 0.66) 0.001 3 months 0.40 (0.16, 0.63) −0.10 (−0.19, −0.01) 0.50 (0.25, 0.74) <0.001 Handgrip Strength (kg) 1 month 3.22 (1.54, 4.91) 0.18 (−0.51, 0.86) 3.04 (1.33, 4.75) 0.001 3 months 2.86 (1.14, 4.59) −0.73 (−1.44, −0.01) 3.59 (1.83, 5.35) <0.001 IC Psychology domain z -score 3 months −0.04 (−0.40, 0.33) −0.28 (−0.48, −0.08) 0.24 (−0.15, 0.63) 0.22 GDS Yesavage 3 months 0.11 (−0.96, 1.18) 0.82 (0.23, 1.41) −0.71 (−1.86, 0.43) 0.22 IC Composite Score 3 months 0.29 (0.06, 0.52) −0.10 (−0.33, −0.06) 0.48 (0.24, 0.74) <0.001 Significant associations are in bold. Models were adjusted by age, sex, educational level and baseline IC level. β (95%CI), β-coefficients and 95% confidence interval; 5-STS, 5-times Sit-to-Stand Test; MoCA, Montreal Cognitive Assessment; BMI, body mass index.",candidate_table_found,Requires author extraction of arm-level n/mean/SD or events/denominators.,36580558.0,10.1093/ageing/afac303,Effects of a 12-week Vivifrail exercise program on intrinsic capacity among frail cognitively impaired community-dwelling older adults: secondary analysis of a multicentre randomised clinical trial.,multicomponent_exercise
PMC9799251,3,Table 3,frailty_status_or_score,yes,43,"Table 3. Within-group evolution from baseline in IC domains and the IC Composite Score by frailty status. Table 3 Within-group evolution from baseline in IC domains and the IC Composite Score by frailty status Pre-frail individuals ( n = 121) Frail individuals ( n = 67) IC domain Time-point Vivifrail group N = 57 β (95% CI) a Control group N = 64 β (95% CI) Time-point Vivifrail group N = 31 β (95% CI) a Control group N = 36 β (95% CI) IC Locomotion domain z -score 1 month 0.17 (0.01, 0.33) * −0.08 (−0.23, 0.07) 1 month 0.37 (0.15, 0.60) −0.20 (−0.39, −0.01) 3 months 0.42 (0.15, 0.69) * * −0.13 (−0.35, 0.10) 3 months 0.47 (0.07, 0.87) * −0.18 (−0.50, 0.15) IC Cognition domain z -score 1 month 0.52 (−0.03, 1.08) 0.10 (−0.10, 0.31) 1 month 0.64 (−0.07, 1.35) 0.06 (−0.20, 0.33) 3 months 0.44 (−0.17, 1.05) −0.09 (−0.40, 0.20) 3 months 0.79 (0.03, 1.55) * −0.01 (−0.33, 0.30) IC Vitality domain z -score 1 month 0.41 (0.12, 0.70) * * 0.06 (−0.05, 0.18) 1 month 0.47 (0.08, 0.86) * −0.05 (−0.",candidate_table_found,Requires author extraction of arm-level n/mean/SD or events/denominators.,36580558.0,10.1093/ageing/afac303,Effects of a 12-week Vivifrail exercise program on intrinsic capacity among frail cognitively impaired community-dwelling older adults: secondary analysis of a multicentre randomised clinical trial.,multicomponent_exercise
