biomarker,slope_per_yr,p,r2,n
logcrp,0.005119285650028278,7.243511217913631e-19,0.0013492736144394835,58288
hba1c_v,0.002637022793463729,6.980347075183342e-10,0.0006521875412263123,58289
hb_v,-0.02864053013064604,1.0489465695243883e-200,0.01555190770705972,58294
sbp,0.3785195880684279,0.0,0.04449678590560757,60373
pulse,-0.07297052119663076,8.642201930327939e-59,0.004320018494918365,60373
fev1_raw,-0.01755705822079718,0.0,0.08650713187480252,50244
grip,-0.28143128226795594,0.0,0.13010481535335006,59137
waist,-0.09569019815206545,1.2851768557675116e-80,0.006029341211464145,59789
