variable,included_mean,included_n,excluded_mean,excluded_n,abs_diff
age_years,59.48849726684329,59638,61.14007611241218,6832,-1.651578845568892
education_years,4.149384620543948,59638,4.612704918032787,6832,-0.4633202974888384
frailty_index,0.24900192763357815,59601,0.26217248464136056,5462,-0.013170557007782413
multimorbidity_ge2,0.18390958784667494,59638,0.1986241217798595,6832,-0.01471453393318456
poor_srh,0.377580972508764,59619,0.37165910237014627,5949,0.005921870138617724
adl_limitation,0.13788244766505636,59616,0.21008531383302864,6564,-0.07220286616797228
poverty,0.16984707223824536,59636,0.15895784543325528,6832,0.010889226804990076
current_smoking,0.13761837598226878,59556,0.12203604173253241,6326,0.015582334249736374
unclean_cooking_fuel,0.4665473450950311,58665,0.3948741559238797,6516,0.0716731891711514
