topic_cluster,n,hype_rate
0,149,0.15436241610738255
1,50,0.06
2,59,0.01694915254237288
3,33,0.3939393939393939
4,33,0.06060606060606061
5,54,0.037037037037037035
6,48,0.041666666666666664
7,58,0.08620689655172414
